case random-0
step 1 0ee2798335718d788fce1b25236c80885584c488d8c86b0e5891fecff6ea7550
root 0ee2798335718d788fce1b25236c80885584c488d8c86b0e5891fecff6ea7550
msg 7040bf824059ddf6bffd4f9d1dd8ba7b1335432121620adefc7a1b0fd448566a60915ec285c92053449f5eca736bc8a905383fe109d4467d573d000101
get bf824059ddf6bffd4f9d1dd8ba7b1335432121620adefc7a 570ca05e6bc168db34146d50f1f6bad9c3f66fe55f256fca0d08be10edf1ff93b63be8f27f9bf4695fd03529152b66fd7a25e7c6d49ce31325ddaac07bb3aa2fdac3f0a202a33ca7e2fa0d27eb5ef9da8b2ae0713e38a653bb6156c70b38af3f2889e924a7ffc4bd57b38b2b2bd89605b4a511680dbdc3ae3f1689974a1bda4dedd3aedc70cfa66c8286012e8dc5a9b204e11e235840e0db4597029730b0c96d83d5185a2564c8ce04fd1316774b80e40bc3248895c123640852c0c5ce54b2069db3b96142b1f0c40d766949ec63aa7c82dc388249d0f9223bfe77ac57d556ea4206cd3f92e294cf5d0a21bc2a8d8dd47f0fba02caec2b096de3635fa6489406c5
end
case random-1
step 1 217916d8209ceedb6ee79bb2589f0e758431241d55ac6b85fe249ed2f2b17297
step 2 56e81f171bcc55a6ff8345e692c0f86e5b48e01b996cadc001622fb5e363b421
step 3 44b10ed777f25b94b653f97616679561ec562d1267e888596b05e92534074604
step 4 56e81f171bcc55a6ff8345e692c0f86e5b48e01b996cadc001622fb5e363b421
step 5 d2a5804396c361c0ef93d9369ec4d44413ab3f0448b3db8f7f6bbb7142d0ad91
step 6 569a5c072e2eab47c6bd07cf59a7127d29f710549d660fc9681f60b1e13b958e
step 7 5ba3060d09e8131558b8cbe879baead9d0c402e22e173dd28f32f20770abde7b
step 8 25ddbb41143d426943e9044cd378a935232ee226c1fd3fd5a22b6db2b6eb208d
step 9 d5d08c9c48fd7e717ce51421c9025ab2900283c3f0df92c755f10ebd406e01b8
step 10 20f2830b7471aff0cdd4c8776a6a8ba3f36bc3978acd7c1c1624cf7a1a2c9d36
step 11 1804589d34531fa474d661c9264485593642a9d23ef128bc2f3924fe429dbc88
step 12 1b28ad75868ef55f3588049369c1439d962303c76b2254e720c8c8989b8ba52c
root 1b28ad75868ef55f3588049369c1439d962303c76b2254e720c8c8989b8ba52c
msg 4dd99d3f786252da5e8eb0eb4f7b625abfcc015cdb655ee4bb1155df14ff8dd2710650167aa336484a
get 10fe24aad73497a8a6aa2cf2fd355c8cd1e24d86e65c12 null
get 099205bda9022dac97651e33f62e6b7996c9f95ae127cddb19f9b2dc30af061205709097f80be672 null
get c5a1a8796510c6e005c2f64ea85340c99f30de8e9a309e52fb5a78192441872f38a51af9e4a404927b66cb04df368de6e0 null
get bd419b null
get 685dbe 6a
get 64b347 f6636be1c96dba9c06471fc0773fde70f3fbfe05
get bd519b 48
end
case random-2
step 1 9123cd7e539f04d5fa5c6697eeb40f62e6028e3430adf36c6d148f816d581994
step 2 3e117912b019f2bda87643328462f1608e23b242b862158732fdcbdb3af3648a
step 3 449a5b39da73bb00726d8ce1ee2434baa1f25c30d9dcca5f4492a75f74e0e7f5
step 4 7cd94bc8030c2b4d7064db26ff3788f6672b1d1da968aaac503f1a4d2784fd6f
step 5 01622ae95b1535f7fabeb4f9dff892b43af4f3c7770ebca170a3ebb621dc7c58
step 6 d2b47d166c1206a50f05b8e80c73ba9c7b50c355805cda8ce58b98ba99bff80b
step 7 5328518b77968fe571848988bc8bc8d3eb4364552b78c631e85775548d67e962
step 8 2ca8549fbcbcae76651fadaef23a3e05972aa06b0d004ce43a7c237edbcd4fc5
step 9 df4955f9933d0a8a46abe5f9ef38ba4b222279da9140f4e1f77064ea80a1a7dc
step 10 ec63be6f720595f0dec0c0914387acf2b6445508790ded8d9602a78c671e1071
step 11 c640ad7dde70fd09b8125607d9fdcf676cc36cfbcd6cfb88c520234b09b3a97b
step 12 d7ef4594092da5f9fe19ba01896748588e115c53acfcc5609371f2477548c1d5
step 13 97d4ca8c3a04978357959816c42aa2d77003df50af9d4bd961de8c6ce166ad37
step 14 355588c6d1bee821054774c305b9cb7992d338c66d147468a1c24c076b120314
step 15 15391cb3a6585328045435e0797334accd49cab760cee7d3770457be02a7ce60
step 16 4aa33908fb7c6c1d79b7af933cdf03571990a4f33012ab02d9cf66d1ad297b72
step 17 36cf3352a21d7d5705a6be28a0b76517d41dac39e95d0ca91ed4ba24f5f58666
step 18 4b36cc5dfc6d7201f2b43853f3cc05192a986bf1eae7f7e22cd1b4ff5f5591d6
step 19 7958e8d6484a9817b1a7341aa30eec95ff183869665117598cd79c2229b83f85
step 20 1f35101016ce84bd204f7cee4b22de6a1feeb0c97d2c5c833a931b5d2c1b301e
step 21 5e563f9ad5c29f25ac311b673e01e59017d82b62d2f5c376cfefcae5a2c52b98
step 22 d817d5f704c1dcde84f9166eee83ff8ec332a10dc2ffd931a6d51c744a15a95d
step 23 5e563f9ad5c29f25ac311b673e01e59017d82b62d2f5c376cfefcae5a2c52b98
step 24 0b8f82a656ff8daecfc924eda6a5d0b4f098b5f6d2d02a3fe4b90c91f84e88ce
root 0b8f82a656ff8daecfc924eda6a5d0b4f098b5f6d2d02a3fe4b90c91f84e88ce
msg 4cc8a3cc7d4b81d60d0f5e3bf4e3ed47a01321fd2692d9de54a047eb5e505b9acda60b79a40a79ff8383e657b06b271ac07083a476ea32b3edee88afbf589fcdd8fd7604
get a2 null
get d620d4b266 9b4fdd1706
get 223082965c3d7bb1db6c4a207967d8ad4b61f4b1 6f7fabfeae745888ca7b435d52d61da01b3c10bdb8194965e6d1e160ca463daf9b56e6a21f5e35aa
get 05 502b
get c1cfbf70b5f896a6a1f3f0215e0bb5f670e91bb23242cee108eaff965cf87146eaee3f9d7ee7b0b717d34dcf08ff57bb30 fe844a5c0104f0b4f78ae336480a5acc195517837ee21c5e86f2e55bda2aadd69da4
get 223082965c3d7bb1db6c4a207967d8ad4b61f6b1 null
get 51195a41 20d8fc532c5c6307fe21e48901b7b9993428ce491691526551a720a4efa44540f432
get 25 ea8f5d9a031cb99d162391a154746528750ac2186141a900461fb982bdde93c0
get 6eb1bb559c047d4306d11703e1948dbbfe1a2695f5d295c4542e633e0164d8e0b5acff5ce58ba178f3782758b7da6a9b2e 54b0
get ffbff92de7150f4a0574acb585b6077afc0a0ee338f7f660dceb39b22d1202826ea4053f94d0a2881ac313409e65acfe 12e9
get f526eb632804fe 063d3f336d66b58cdc31fd15ec1c89d6ccb85c2b842b796490db08f14e45e45317575e9305c9efc6
get 1d1789cfeda1 50ab89745a491f5caead77ebb9a5942f8cb93a61e880730d132b521b730f9bc20c
get b2 null
end
case random-3
step 1 7e6814071c44324085549e6929b533ae90c406ac1c679c1deb35e4e4453b51eb
step 2 a6d73de333c0364f26d8bb148196c3df2f8ad2d5b15bb552a39f37da6a84f970
step 3 fe24a00bb3a35a28e3841b5d4a1a0f71d8d4c6413927dd5fe05fbfad5880636b
step 4 a6d73de333c0364f26d8bb148196c3df2f8ad2d5b15bb552a39f37da6a84f970
step 5 49af130680b269a714b7ebf45980d8ca25b44c90e880425eccfcb5c4fdb462db
step 6 4ce2d926d50d74a808f532af1dd808b233c694ea653749184c6651a6a4876f75
step 7 4d679bfae33c0bdd5cfad630b9956f9ec750f3e93f5dc44aaa1f4065c0d137fc
step 8 7906c59f4e75fa13433a8dd87997bae879c6dec06c3896171b87c2dd1d05f2e5
step 9 092a964e169a8bdd5e951bd38928f885a551f6a37db6de32b6d0081bbb6c32e2
step 10 d87b49c06b6818060e86136fd3a658ddf42addec6a69d64cf2f552f62edbf82c
step 11 62d60fc439911f45666cba38e1e2e97cb21fced24b861c2d0a3aa180f1938bc8
root 62d60fc439911f45666cba38e1e2e97cb21fced24b861c2d0a3aa180f1938bc8
msg 5030ee963b896cc0c27bbda81505252803329f76d328ce34cedd
get 466a null
get ee963b896cc0c27bbda81505252803329f76d328ce34 cedd
get de1861262e05e7b44ecabd8b1d9feef0e97f6021c4b34d null
end
case random-4
step 1 cd82775b4e77001677068c7d2e16f37a07d93b9391b9f20ba30f8b105d460e92
step 2 56e81f171bcc55a6ff8345e692c0f86e5b48e01b996cadc001622fb5e363b421
step 3 ab0971daeee12208d0e4cc3d4111ca3f677c482f4cd6d91de1862f8fb56e0f1b
step 4 b4c87fb947d0ca46cf21f54c07d85c912209e13457a2a8cb3af2153466cbc51c
step 5 ab0971daeee12208d0e4cc3d4111ca3f677c482f4cd6d91de1862f8fb56e0f1b
step 6 27ebe8c34a6a4eeb9880f18d2f5f9ffa3f7514f8a65e82e309a4b0fc11999a82
step 7 1098dbe47d03621830e07b607777f26f2cc4de2a494065a1f47f614865fe588e
step 8 7a2c37e01c25d216f58e8d817ee2af9aa4799106f559adb4d0f935447e5d0d48
step 9 fa87baa386987bcbb90693b3bb86a74cf4700bf4531545480717c494ee23f5ec
step 10 fa87baa386987bcbb90693b3bb86a74cf4700bf4531545480717c494ee23f5ec
step 11 c9da8d2ed816b60b4cb9042facc1a1acbb56dbd48062c4d455a8613a22e4398d
step 12 4a52eecaa91f3fe2a730b6611ccdf52c387efed4dcec2d9f27465ef08dc2c521
step 13 0492275dde520367ecebc6d80f6cece9ecff4f9de856af102876738affac86a5
step 14 c6d6ffcab71e5b9dded125dcf0f583785f4c38cf6e5aee6042ec7915ed3650dd
root c6d6ffcab71e5b9dded125dcf0f583785f4c38cf6e5aee6042ec7915ed3650dd
msg 4c649a8807673edb226c1ebee94360c710a0fc9cbf42cc878901042b233fca56a60417e983ffad5f78e54e7709103ef026d0d798b5c7097a7124a14a0ecbd1b0cefd7701c18a
get de817f18aded93 null
get c108c9fb58 7b447c097a6297cdce74d5238346cc786eacaae34943fdfd17a0e02bfc49b1a2a76b24c125a1169d
get - c18a
get 2a13c554be5670c80b362f01d6a5cbb7e2d19551bdd67309bd1b39988cd74bf8f51c559366f826c0a19ababe33d24fa96a9bdf null
get 9c7fc15c06dad75334c59c867e4b2bff8d534d9aeae548 2ecc1f35a3603d9709711bc0ac08319b9bb7fe22e3064b61eebb38a445f0231e
get 2a13c554be5670c80b362f01d6a54bb7e2d19551bdd67309bd1b39988cd74bf8f51c559366f826c0a19ababe33d24fa96a9bdf 5b741842488e174a19702cfa85ab8ff8814f9af9f5d8cb413498e0d8db42273d9c9b8c29bec8c9a69ca4930d5a322baebded616710ced58d04f05d5e51eea356
get c108c9fb58005a fba2
end
case random-5
step 1 75a1d01913658cdf821f2c4b1ed94d636c21b471a6e5650a6493fe04608ecd3b
step 2 75a1d01913658cdf821f2c4b1ed94d636c21b471a6e5650a6493fe04608ecd3b
step 3 6e878b0806d46c2398d4cca685cfa9a0ee2550598d99cefa1ee9270341b9ee4b
step 4 7719cd6971b80c743f87891495887eb2310c922314213c445ade3217c2a85129
step 5 81397441f902f8b1af534b79e61caa203a0d993c13304ab74929d20044983d26
step 6 b63242de0c4b5369490e984a188c3346e60093580b4dc949febfcba6f78b6d78
step 7 4d60c6196b7f9c81379d9af3b76c8fe6d67cdad27e32004a911d2679162ccfa1
step 8 f80aa8dc734132dfd870406915fbd76bca616403dcaab8d98d39d35c358dde62
step 9 769c20f760348960f0499f24f5d733dd797f0b2da38064ced7855aeaf37bc1f6
step 10 d07dc44aa646ee5d229a3ea64aae10aa2695d48b13b23e84588bb124618294bf
step 11 836dbfd708e475a9af522eb1c01f2aea07bfeb62d18541af4de91841dc4de570
step 12 d222629a51d7726527d504b6199d3c1ef2ffccf3b367555e7885dade7bb5c20e
step 13 836dbfd708e475a9af522eb1c01f2aea07bfeb62d18541af4de91841dc4de570
step 14 91ca5031c5cfc9e261e6b52f866dc7ee1a49a1ac46896eebb3ef4d3ee164c0c9
step 15 9963790943ddb29baf3f99f748d1e6ce2885ecedd6f6912ad2d29ea3ecc8fe96
step 16 91ca5031c5cfc9e261e6b52f866dc7ee1a49a1ac46896eebb3ef4d3ee164c0c9
root 91ca5031c5cfc9e261e6b52f866dc7ee1a49a1ac46896eebb3ef4d3ee164c0c9
msg 5d0180c3b5150aecc5d723f1e5430d9fb9a30b920fe19e5030ac940fc8da1f0b1aeea72c70ff2df28765be2dd045bf56f774c87312ca0196cf65d0bc9f36ebb535e5f3e76cca3dbe6fb34bbf5e000021cf
get 7ec463a6 null
get cdbe30 null
get cdbe20 null
get be50ecb7c5ba 7ce1a6577e33fa878053855b70eb3662400d9572ef519073168bc9affc2026b2aa
get 8fcdff608be7da364c5e1538c2146e8fe600fc 5ba8cde6d7238b2dbe6c7360c26ceb571a54c4b5c61d5db6d48557024a4ae2
get 8fcdff608be7da364c5e9538c2146e8fe600fc 410d
get 2def175120 null
get 72 null
end
case random-6
step 1 b5303c3555df3b8be3e48304753ce0b2d37870a2343dbfbb60ee27af0f4fec91
step 2 1d6df79a8c79f59208972aaa0e464af6049a6e57d4339474c09ff4677cabba1f
root 1d6df79a8c79f59208972aaa0e464af6049a6e57d4339474c09ff4677cabba1f
msg 5d0080f9fcc1e37ce180e46ab3bbe3e0340cd02b22696847b44fa63dd02e9bc36c3d170e50ff2ebc9400ae441494034639036d
get 94be46dfbbf37de367430c280b971d4295c368723267df464325dab28bdb410803db7adb5538820c55dd6a53334111da6c8dd25932f480c90203 5813dbf56fd44a4827b9fd43973ad22a15f8f6e885785723531ffe314e4b1db3
get ef25002b9105 9403463903
end
case random-7
step 1 2ff25f3c3aa43aa37e378cd814d98b75012287fdb5e4e88c9b0538a23d883628
step 2 56e81f171bcc55a6ff8345e692c0f86e5b48e01b996cadc001622fb5e363b421
step 3 bb4f36849c8745c27ad55f0a303cb3a74a5140530dec9ce603cddf53bde80827
step 4 4fa328dde0007ae3290e691670ed1055f1e98babe5fe7ec86a7c5b3c3cad0526
step 5 46eec5f6b8f4fa7ef2eff184a538af9516247d0093f24013dbabfa811ca42353
step 6 91391226a6d29b8ef4a2a7368d3746d490d6da2d794653bcb980896eaa4e40e1
step 7 3e6c18a844f83d49990bbe68eec275c6fe106c38a5f2c5a131cdd9a7bcf940b6
step 8 ea9f7f3ca2250a0ff0a457c79802c110f2ca849520f35394573f87774b1ac094
step 9 e34405cf2aa98509601f92137a60eb3fc967513e3b2765e15e038db7cbba9df5
step 10 21a06cc28d82c081f54bcbf960baacb59565e93c48a3bf6383fd8b4e64dda89a
step 11 7d1a938b1ffbf0f57ab7e43d302d75781cbcfe4ebd3de283ea3665380a3315f2
step 12 477c035ef3f113bf3a76f91ebc22a613701e75d064dc88e173e3407072b9e6fa
step 13 347dc744aa1a78a3abc8d4aa9b2f482f7b432188a9c10e4d083e55d67d5ce448
step 14 1d53db6690cae47beb23b682623c42e3155bdf970175c7f84345ccb760f75a90
step 15 eff05f966375035e02584d1ebdcbe27e18242e159af2ddf2381281697330656d
step 16 d30722ec49f74ff01388d8811672759e3210100a9fcccbe59c61871c598a335a
step 17 a308c5ffed0dc7cbef4aaef9a048b4c95823caf1ce60706c8f09d87f760e0b90
root a308c5ffed0dc7cbef4aaef9a048b4c95823caf1ce60706c8f09d87f760e0b90
msg 4e28701619892ef4e22fe7ad47c4aa92f2b5993837067e3df6176251c270fb893fbba239a7480d000028fe2df37faf722aec1e81337a329575af3d5cd9426946fb6225804de93f12ecdefd7a02
get 8df4bacc10ad null
get d345884b956a6328083f8b15f179318b0894e8099618 91eca5e7c706e9e38bd11548018473c9bc7636aa
get 8cc497 37d666da58
get 0cc497 10455d2b519d676eb4d3207de87fe68f4d9b7e42f196c30c5aecac35b74b4cff013f9dbcc39b90e4
get ff791793cf859152f8dfc4a0dc53f2a87ce213538eb5 null
get - null
get 69eba8079fe76d0b1494f6da null
get 8df4facc10 f79a
get dbfcb7284bf2296019c0145cce7e24276304998db965e3c4 fb302e3187870fff660c7231
get ff791793cf859152f8dfc4a0dc53f2a87ce213538eb57c91dd5063572d83f3c61b55987d9a8f79045c076291bbab1ef113bbb88e1a4120223522ff3ea9c632 5b37101490b431cd95adfdd23e5d8082e280ed29eb46cb38ddaa8e802562f0707eed8306acd749ed
get dbfcb7284bf2296019c01c5cce7e24276304998db965e3c4 19
end
case random-8
step 1 c3ed746e29db78c102e4488d1463aca594d6916689b98c3fa135b0382db5d81d
step 2 a4466a8ea7ce66985a6157eee1437e0397515fa186a2facdbb09250a3d8b9cea
step 3 a23ed28751200d78eedc6f6c2a55dd34a844f3c824aa475a9b12dbaa8cef4648
step 4 1ac952fc6fc872dbef5e58c3bd63b00d50ba9411110b85b6912fdc3d4c8abab9
step 5 2568a40c2a9e89f7ff9f18fa378f4cb83bb7519fefaa5f1de17ebfbd85e1c3ee
step 6 a2a499e802346b251ef8ef0e6593a1ff2d2dfbb10a56526c5cbf3a67b43965ea
step 7 78e8e5bec28a7e07d20563e1ce9d33b607f7bdfdfc450cba81b6a0445417b985
step 8 cbddac88d93fd2ba9ec200e93520269cf05e70e2ad5f2bf3e90a6cf6e5182588
step 9 dc31c1badf1895684bd2c7fb7e03c3c0c74e362af7cce21962fdf83a31eb3006
step 10 f2ba9f38342f13d48a9a9947f84da2ddb3aa56bdc86fae95f92c130afe266e56
step 11 a77e087342ca79c9ca52afb82a0eb66adb7236036bba544d1d02ba758ac86e9a
step 12 edefc38d2c7327dae945e6f98c1d15c0fd24238feae434ffa7aaf469baba6e31
root edefc38d2c7327dae945e6f98c1d15c0fd24238feae434ffa7aaf469baba6e31
msg 4cccbe0562f6e880c654d04a1195a8941720405758830eb4acd116ed23e48c5639d54b25e8c5678eb6ec0b5a6679292044eadc89e7848454cf07b322e55ccc380bfde203
get c5bf69f60859cc ffc19a5883328a945420a8b7de0ae0e7ddd7dcc5b894830ebb19e20bdddaa977552eefa5fa47eb9f8e7559a3c17923ba360aa76c8dc41ffe8926c7ae5c3a0dab43f2697f68f6c2f93aae8d3993a36a58b449797389dd73cca7d8e1414d07f793a4fecb15
get ec0c86 6c22c4
get 4a61ab8954314e05a7d56a96384243541c0aaef7ba2fef8b32b49a7e511f2c5fab8c91b61e2e5c0654ec0aa0e34e4d2ee3 aab70da0accdb3b1c6614afb2dc3b85b281f576a0e7eb92eaf1e6a771440582d20403e7394272a64
get b30fd0a33e52832e fc597b552aa55961c5ba4cd565f0779c372e9f0070786104e41612ef8cdf2590560b1ed5083dec5bd040092f4f9a1b5195fcec86cffe6b13836e76939f0be21351ee1665afc0df9b6f1563381c20a0e6c13d52d6bb0d9ee647243e50044893f1fbb2b46ea632a08d338ea2c50c800013fe195b3b2fd67e0f2017bf8a72911e33b25c05e1b4c46f1e46afb35229778d78a9df06b8a21cbb017277dad894bba6a92f69f03f25bb9404db87b3877545c8fbb32cff685bce9246ed67b67d97cf7c74f2dde678ccbe1327a3bdf1dc3272a5d1139aaaaf626128f8bb78cbeb04e323be088b70da93e37a5b8064ebdc460d58628b55d27f51e086e42fdb4339a58226fc72
get b30dd0a33e52832e 27fd213de2c7942b32b0b5b331c1e6593a4d5d0b4107362c41ccc7b86da5e88d2e
get 3c030150 7675afb8c70df330574b615400aebfe60ca914e824f8603cbf5dc3055aedc76c71
end
case random-9
step 1 089a240ba0857e549f7d252cc7f7001819dc3d943e5d0d022127df9770279759
step 2 56e81f171bcc55a6ff8345e692c0f86e5b48e01b996cadc001622fb5e363b421
step 3 7a0dcccfc04807bc4a56d5222d89acc39d6995b8807d7e8798fe99589587c3d5
step 4 c9c4bf1572cb4b09ad879b1a9556991d7e6400ea563838018c1b805a2a55839f
step 5 de48147455d6fc7b037322f70c4aa1978b9b5e4c3eeb08831cf90a42e6a7d691
step 6 1193eecc24830e6732ba4ac14449d37eec78a1656d2a91a8459d6bd7602bea27
step 7 edcc8e21576c79f8010e4aa23329ca1ebf40557e4bd5000e89484affbe43d7b5
step 8 0975cce27a210764ecf9270e62c5f44017a9726c2bfa795d40fac02af873fcda
step 9 bb0470148fa7616e59b83e30768fb77708fe35fffc67becc4ce0e3daad693a41
step 10 ba388a188c76a9402c79861041697553ef09749d4580717b90908c4850878df8
step 11 4166dbdfc91fd1564b6db390606b9c6a8bacd8604494938f7ca6f9a3fed1f825
step 12 fb081d8d56d8b9536eff66b922601706fdae8c7beb76a13a996ebcbfb9857ff3
root fb081d8d56d8b9536eff66b922601706fdae8c7beb76a13a996ebcbfb9857ff3
msg 701f3c026a6a1990eb36f7a4672ec925193a9e867f1b5475466b48228c4103fa5dbb77d68042000021
get 3f null
get 3c026a6a 65f5e8719b9c910da28a99cd2850046110f7fbef4070bb9dc3d1195a64f3b981b3
get - null
get 1c026a6a null
end
case random-10
step 1 9f39643dfe27b9ceab25b2828a9f6d5bb20e11335166b77673ee1b0316e74a8f
step 2 56e81f171bcc55a6ff8345e692c0f86e5b48e01b996cadc001622fb5e363b421
step 3 13abbfbdc024843dfd9af5eb57d2cd759df5cbe7ec109e5b570177c5476f629f
step 4 56e81f171bcc55a6ff8345e692c0f86e5b48e01b996cadc001622fb5e363b421
step 5 fb065a924093f62a544542c2e50690d4373f34e0b031761e2e354276b2df2bf7
step 6 b34a73af700c51caa5ded2b8818d47eed0ac4a5e34218ffaca7d2ddd1bcec914
step 7 fb065a924093f62a544542c2e50690d4373f34e0b031761e2e354276b2df2bf7
step 8 fb065a924093f62a544542c2e50690d4373f34e0b031761e2e354276b2df2bf7
step 9 56e81f171bcc55a6ff8345e692c0f86e5b48e01b996cadc001622fb5e363b421
step 10 e5d87198cc349374f43a183c10d85cddfe4cc7c18b84581228c8daa4c0578bef
root e5d87198cc349374f43a183c10d85cddfe4cc7c18b84581228c8daa4c0578bef
msg 70073c81b6637d8bc6b625031027b97207b557980c5c114e42cdf63a4fa03e3135bb46000064
get bcc3af null
get 259defd0cf655a7e9f24a3287c4f5b37634aca0939870b320c3f41742d86f426c3fca3fe24a61b6f001ff4d4cff8acec09 null
get bcd3af null
get 3c 6b8d7d47ce597a4d5333568c2b077d213a378214aba17da538fc1292cf3fe5e3d658da86bf0417cf7f418e81ea48ab6708a4d0fbe5d74a7f146dc3456f2dd1e277f12db1d1631c2142595d9f27e46e714d801e1303bca8b2f658440c583926beaedb9563
end
case random-11
step 1 87e2001a9e53e57c43c3b383925d0524abf62f231f87627684c04ab1a8666a85
step 2 3d2ce0ed360daf49047bb24057655bf1aca38256088224d486b766b03ed52abf
step 3 79918b1441dbb1cb93ef22e65009155663fa5c5595233d0805887bbbb75ff5f6
step 4 aec7ccc012d3e095e9cbd724633101a848b6d849419e130785e61f1f4ed0b5a4
step 5 14bf21d67ce8c88f92858cbfcca76fb258a001a2dd93e3cca226d6862cfa4af2
step 6 6f483e0be3fc98e8a519ba66e4edc32a07ce326ac13b91a18cdac24a392516f9
step 7 3df1f270cf313d6c0634358dd1ffbb587254af955ed8b46071f2b1972f9c8aca
step 8 017e04ed5cddff2fad83a5bd7706fa9336b061cb3f768924a629ea678d8bd657
step 9 2a62257822b34b49d5bd58c16b20360dd4554cb85917f8f7719cab9555e5f8b3
step 10 e8f56636d5e43d4a039174de43512a64bd1720a6d6242c7315c6879c113f864d
step 11 43bb1aa3b8f0c013bc169a414260317f7e9d8955837bc2c330a3b54d5e533dda
step 12 3dc15f22161a7e1405e0404a0b3cf9ffa3b067c8a60d57119c79c18cf3fd051e
step 13 7c5ddd9277741c11cf8998093d7888ae2056127cc5f8fd6a2413a08be1f98085
step 14 1e08155b8be6f13ba78d3d14ea2ab096d18b98c6b6d000624b2b528775a4b41d
step 15 88ea38a530dcea906952daa6a4e071a2b4a145e730a2041b5b87202c8587600e
step 16 6a79161c1126dcd3d579a528c2496ec740c6c418aa8e75df787b02fd8a5f6a78
step 17 2b85456a3fd21142c0e5d55ffb9571f537b37eb5458e198d75c497ab4163cbf9
step 18 88a1e92a27ecd1ba6ec5a3664b450b08402354e8fede1ae45a530881f3f8d7bb
step 19 cbf19279277aa1b7b928ca8bf3856b5a84f8ba21b5a53f418b574e75f1e2c022
step 20 cbf19279277aa1b7b928ca8bf3856b5a84f8ba21b5a53f418b574e75f1e2c022
step 21 5928e488d77e237a663069cd9980110f7f37dcdc774047833dd4ae506b621398
root 5928e488d77e237a663069cd9980110f7f37dcdc774047833dd4ae506b621398
msg 4cd01ff838c4111cd50b7cbb36942e05295203317dfcdb3ef981a95cf971d941d8eb0090cdd4772743b84f3e6399a0b634af9719e94cf6bd3cd8530d214fbe7a41fd530304cf34bdb148a324e9de8167
get 19f7caf6488535bca2108b7b71bf7132a557a1a6f0a6791941c5d4bec2ec942fc114174825194ab1c5 8bd2394dfe2aa583be3dfaa9f09bcbf405c626aaf2fa2f3cc2dbf921f1d14aba7cdcc0ba06cbb0536f68f11691452a84faefc0e29316c7e91463b2f4b9ee57a88bdb9a84c3be2057b0dbe5c218f0ae0c6e18185d60822c7a1a214a3eab872b253aef6f2e
get bc 29f5a9
get 9ce187 c3b6c9b173c211159c82bfb9458aa8065c33324f
get b045 null
get - 04cf34bdb148a324e9de8167
get 2e47 37df484a6ed7cc6306e13151287a6edce4f9bae79512055e8ba35d4522b4370912a4
get c38f3be0d7 f65dcb2c45a61ed54f2599199eca6447d2223e2fd123acbfd61f55350408487d
get 2e4f 92f786
get c78f3be0d7 3b3cbfe9f09230bd374e092c3ac4813131ff75f5683dc9e200862c11aaddda5baf757a490961419bcf7f5e7474de6fe64056e4c74b1262588bf39e6fbd567028
get 9ce1a7 null
get 19f7ca 687f5758f1adc924f80e60c0d495dcf81e878ef0990eb09c124b818e03dcef55568a
end
case random-12
step 1 9038500537af73dcfcd562caf5f8fb16f3d5e93d0b078506e96ae6cc5341c384
step 2 e392ebe86a9181e01e549ed8e8675ce718c4078c80876446f7a5b92c62bd761e
step 3 e392ebe86a9181e01e549ed8e8675ce718c4078c80876446f7a5b92c62bd761e
step 4 e392ebe86a9181e01e549ed8e8675ce718c4078c80876446f7a5b92c62bd761e
step 5 9038500537af73dcfcd562caf5f8fb16f3d5e93d0b078506e96ae6cc5341c384
step 6 56e81f171bcc55a6ff8345e692c0f86e5b48e01b996cadc001622fb5e363b421
step 7 645ac077a656544ee04635a5e20754b941081f97bfbec00e5c25dffaa3262261
step 8 c0a0bf6280fc2b05f0e27efa81b911e5015b2e80f84526c1355ec74a4aae8d47
step 9 645ac077a656544ee04635a5e20754b941081f97bfbec00e5c25dffaa3262261
step 10 1b7e0245f5de8b3291145ada362a3bf0f57422b408db89662c1730c2343fc35a
step 11 2ad38ca23ffa125a8e6da99769bcce6ea9a458cd00757257f563b787fe941921
step 12 ceac36eccd1b42710b9c9d1279955922c47127190f99c63c17eb6be15d02a462
step 13 df3950258610e60d99f6670dc5c6869c5a4b8016171eb96b8abd6e97248ac9ba
step 14 202144df1f8bbed806466f079da9efe319c52d099c3dcdb1e907b00acc6926c0
step 15 df3950258610e60d99f6670dc5c6869c5a4b8016171eb96b8abd6e97248ac9ba
step 16 98373200f375beec9c0f7beedf62e6d48e783b99b5cafaf60fae5a68f7d26e3c
step 17 7a4d0506ede5f10ad884a29374cf68f6b5fe14d3ac82f477cf85be8a75431e0e
step 18 361bbc5f913aa2c2d15e2b31ef79416c6ae1b7be1d8f55756bd30e3f50c2d848
step 19 1316bf444c64f13465faf24a075c8a551723ec8f91b06edbd6f0994304ba7482
step 20 ea94c2fc2811a0ca7d0b27c6678527adbfccbd99101367089aed5f6d67e1d705
step 21 edc23377142bba9bfcfac078c6d6a8d69fc52913fb750c940eff72e1304064fa
step 22 434d3d3dcb1a5f477624878fc177ec6a5631b02f79382b2d6de462c477bfb93f
step 23 11b1c1aed264ac63bb0891d697279aa3331d9c0252a618699037a1315307cec6
step 24 407c41353330b81b869f4647d47d98077e9a5c491ed67a76a1e06ba3a6718bd4
root 407c41353330b81b869f4647d47d98077e9a5c491ed67a76a1e06ba3a6718bd4
msg 4c35d42687a31d1eee8f1d210780fa1c3d70e183059f33eb3c1d3881b1295a355540274a4f795964340ff4051f98470cec28292997d2733ab0bdd82582303f8db8fd3003
get f3c707380990e7098e63a7eab2bef79220846003f23b9984 87418bf7936967d2e09573496cd41cb7ff7fccab1b2fd74b833cf40dbd0452057416c8d7918f9e3cf919e9aee110dd6b2e015ecb436ab5acba717a0022f28c0cda80207bf8a0e7e800e1ca5814c9be428448da519e1d850dff6c2821d44a95ddf3b54b9d3c11245d0f28027ac8768ca5f234f3ba44303fdb51cd5e13ffdfcc2fccaa117b146b7da3bb21ab082a027cef52b3e9c27ffd45ba600b33fdfc9169f3daddbe48243ebfb3f258985b6c74a94f0da392abbdcdcb5830095dcb805c3e4f9be71ede63953723dedcb964d5bbb9afc23980ba12452d9999dee94cc79872c14440e026c2c77b3a7d5078be3ac7f48ed128d5986653e9ff23d33ff0f4bb0c2b30
get 8e44e25606decbda49d29f9fe2b662969f44d8ee35f1f0d18ed1686322a1ac21af4049b8716fa4c71cf12e 977a
get b3c154cce9 null
get 5983 null
get b12e53d043ac649241c0698bb82a94a5221e984652c97b a03bc7f3996327b844d2a300808b918b27a912d036ebb783c9973b1701f0b8abe59c390a0b92b169
get 4b229e null
get 5cbff044 8e63eb0c49f2aa785c9b810d2cef334d1f00820eebfa06119a5014dd206012b5e520a041ab173d6b58bd86c1deea45005cc01a53b88d121d417806ed3415a745
get 8e44e25606decbda49d29f9fe2b662969f44d8ee35f1f0d18ed1686322a1ac21af4049b8716fa4c71cf12e7ec03ea1696a81 null
get 10 ca9968957d
get 59818ea6 33
end
case random-13
step 1 a73a69ae06c02ac56a6ca4bd35d462cfef25ef8a4a54e4c8d73c1cabdbf97441
step 2 56e81f171bcc55a6ff8345e692c0f86e5b48e01b996cadc001622fb5e363b421
step 3 5e633c7863b482ca23b2471054b3c6b33a4b99a299e8c6249f785f6c5ddfe4bd
step 4 56e81f171bcc55a6ff8345e692c0f86e5b48e01b996cadc001622fb5e363b421
step 5 70def2922cc2030b12d97e47ed80b6d28fd6bb937f7b5cf68b9e38b3671bc38c
step 6 3511ea952d1ca20515c28b21050d6e0aa28f61e757dc069f1fad5031b93ddb3a
step 7 9ac1468c6aa1d5ce0b31c38ef00e603b83c906e6c87bfdedbc688ba13850d13d
step 8 409d47f6d8d415379f846753164790d4736dfc82159c7ce2bf2f5d0f78cb73b7
step 9 bb89edcf02f67b83ee716444e86e70a666e78432a00fb95f07e67b8ebc746dd4
step 10 ee3c8a23d24c231897a0cf23e1e7b1abab36c128957d69f3edf0fe7bf710b7f4
step 11 bd6fa680cb9f4191d4b46fbaafb073b772ff016e3c6ab00fb842ede0dc751fe3
step 12 1357a8b0973e54f7a642ddceb21f938a16b29796a43ab457d7285e82cd94bc69
step 13 1357a8b0973e54f7a642ddceb21f938a16b29796a43ab457d7285e82cd94bc69
step 14 1357a8b0973e54f7a642ddceb21f938a16b29796a43ab457d7285e82cd94bc69
root 1357a8b0973e54f7a642ddceb21f938a16b29796a43ab457d7285e82cd94bc69
msg 4d25def81bb6edbecef6203424c0ac5f3cd24be5e7169f04febc057fa677c172cd085006f46c70d506f5fdfa01
get 05adc9b6682abb50e4dbfca8d5d7f902fef0c5db7a null
get fa 6c70d506f5
get 1cf8 1c044e2ba04c0171228ca7e800c1a379e6a277b23ee636a2cd56c9612a430b79ab0395a1752c5c0ea2b417c272de57bd0cb64ead540d803511b886ed18aa1e43d45fbdcf76af665b75313a617bb5cfa8569433e3f89548dfa4a966f6b212b2bfc9fdc4bf280f079950d8d338969b2f2d315eae8df68724d7f8450e2505c3c4f52a37da44d5ff34f3168d653be39da50ac61fe6b9ebcab0b3b5fa9e4da99af411c59259babde04ff6954f350f82f9f88f600e0a772226754d50fe0186d50d789f7729094799a38a24f127a9633ae569750c8b44ee56544d8ad6857b916af88e0356ed724893e2068b3a7761ba4a8622d6805c720337a31b760f05915f2796b26a0e
get 2025221ff023a19d39a00e5062f7ba23fff992d2 e74adeb5798eceb5597aac6e
get 05adc9b6682abb50e4dbfca8d5d7f902fef0c5fb7a 4d
get 2825221ff023a19d39a00e5062f7ba23fff992d2 null
get 2025221ff023a19d39a00e null
end
case random-14
step 1 78a2017d676a2390b2a7a7b8857cf2821289ef8a6599e554a23aafd6951feac5
step 2 df09206376d4b1f189ecb656e33eaefa53f3f018dceceae038e0478cf14e80af
step 3 78a2017d676a2390b2a7a7b8857cf2821289ef8a6599e554a23aafd6951feac5
step 4 56e81f171bcc55a6ff8345e692c0f86e5b48e01b996cadc001622fb5e363b421
step 5 1746d60e9820fac762a0eeddd60ca164df6b8a9e20fcd860c70752790daec9da
step 6 56e81f171bcc55a6ff8345e692c0f86e5b48e01b996cadc001622fb5e363b421
step 7 3076ce61d1e10e9bb3d8b1d5123183419ac61c8dec043e726527c495e6c24b81
step 8 56e81f171bcc55a6ff8345e692c0f86e5b48e01b996cadc001622fb5e363b421
step 9 3c37c64b26a55f290d2469ec092bb12694903ebaa8afc22d0de226fe279338f0
step 10 7b9b1c8fb7bcc8fd6b83f168eb864b1836c8719b48bbb4e305ee17e8efebddf1
step 11 3c37c64b26a55f290d2469ec092bb12694903ebaa8afc22d0de226fe279338f0
step 12 56e81f171bcc55a6ff8345e692c0f86e5b48e01b996cadc001622fb5e363b421
step 13 264d4df66ea8f567efea9e26189abbdca29376c9b8f42213ab0f599c2b5f9ac4
step 14 56e81f171bcc55a6ff8345e692c0f86e5b48e01b996cadc001622fb5e363b421
step 15 c5e3e6e4f561f99ff71152b301b57f294db43d3f3bf01391a2e2340be1d545cb
step 16 56e81f171bcc55a6ff8345e692c0f86e5b48e01b996cadc001622fb5e363b421
step 17 c216f65821e79b5e89223a5c35684977857fe2dab16610a50024e876bbdf0146
step 18 4d87d704af40a7b4d8c5a9f09e1736e65bf05b87021c136d967246194c8c1009
step 19 4d87d704af40a7b4d8c5a9f09e1736e65bf05b87021c136d967246194c8c1009
step 20 2cfa9d9873d38d01e503bb8cf0935fd3ae53a5fc6c411b8952cfa232dc904b69
step 21 9d1fbaa3fb2ce9c4a26e0a9278aaa6686c639e9ac30f6c28b27a28480784e83d
step 22 2cfa9d9873d38d01e503bb8cf0935fd3ae53a5fc6c411b8952cfa232dc904b69
step 23 f2ae9dbdcd0803162e5262f2e42e82b7f2c762dea81b0ad3cec663c74518cea5
root f2ae9dbdcd0803162e5262f2e42e82b7f2c762dea81b0ad3cec663c74518cea5
msg 4c66a346d8fcc273a64da04614847e2569b20b560e687d27c368a64d8148f0eaaca863b59ca9d8b176e7459d39f006d882794f13db0b663197dacdae61a1fccb03fdd701
get 03f0419e593da24e78bad2f97d209c51b0d58dd627bb5e98f0ad955b0405b3f929fdffa4e913582c931d058317f4f6a936a0 null
get a9290c null
get 2779d9ecf21b c3ed9e
get 9448866546ab6e9ee84380d0d8fc8bf5e32319ada61bca019df0b9dc6c493f4bb04e757633f9f2166dc7132f7913f304c805 null
get 03f0419e593da24e78bad2f97d209c51b0d58dd627bb5e98f0ad955b0405b3f929fdefa4e913582c931d058317f4f6a936a0 null
get a9294c null
get a1c02a1a b5ff
get 9448866546ab6e9ee84380d0d8fc8bf5e32319ada61bca019df0b9dc4c493f4bb04e757633f9f2166dc7132f7913f304c805 9da8bf
get 2779d9edf21b d69aec39974d2a49f70040bef40493e29ad969cabf693364faf25469c220055113664beb12c4190843d7a494f8efad58b740abb5573027447e912764c6b09060fa93d403ede94823cd75af80181bdb9a62a14457d85ed4be7bd7e8dc1ba1f8c9e6faf99de6847cf1c95fad3357a3a96a9a04df7ba06188f1ca1a480da8275c1b9427c5f32cc803122a7074742ad31c022610a71bc1aa9a782511461cf1a3fa0f2adee2c045a9cde7fb41935c6fb98b12f9fc4793198fa931c95a694ecc4d37b71862a31cb2d381ef7441dc097f2d5831c082da31fb7ff22daaccdd32b0b08ab709a318593715f3588093291c33be67e5b0b6e3b4817d004b3c8c5ecc74c00d7bff
end
case random-15
step 1 cc393a7905a31a45a3458a9e17696062eb6196b7147088bf77697a5a704c37b5
step 2 56e81f171bcc55a6ff8345e692c0f86e5b48e01b996cadc001622fb5e363b421
step 3 9fad4fd5082716ad902d10a0bd40f2fe34299d02acd143d4312cf5633bdb6406
step 4 511b01692b0f4c66fb737784194b77972326914cb8fd38d8f5abb8f6805c8818
step 5 cba9756ddc8bed46c6f54da705dcb048ff3c850c99c4aa45ddecfffe10c34096
step 6 511b01692b0f4c66fb737784194b77972326914cb8fd38d8f5abb8f6805c8818
step 7 511b01692b0f4c66fb737784194b77972326914cb8fd38d8f5abb8f6805c8818
step 8 8c0f64b19d8aaef0d7e13f86e972ccfe604d4cd2fa5142e63e12bad66560226c
step 9 511b01692b0f4c66fb737784194b77972326914cb8fd38d8f5abb8f6805c8818
step 10 511b01692b0f4c66fb737784194b77972326914cb8fd38d8f5abb8f6805c8818
step 11 56e81f171bcc55a6ff8345e692c0f86e5b48e01b996cadc001622fb5e363b421
step 12 d51b8214610a63e78360274e8a6dfc456d846a41b786ca766b0064aca1b31a63
step 13 5c442084eb6c3fdd9712b36c41daff63ef3fb718172acf9e4048694f1bb09233
step 14 56e81f171bcc55a6ff8345e692c0f86e5b48e01b996cadc001622fb5e363b421
step 15 0a8ac57d7c2d29257418090867d28aebd5ea8b5963dbe6d4626fb4f08b6cd743
step 16 6bbf67e316d03f42f017129a751d8fad36a239ef6bd107b6890be1e9ab9a5e64
step 17 31f05b6f1c0297f2de0253bacc8890b47a41520ae4b021517dda246b15aee3aa
step 18 6bbf67e316d03f42f017129a751d8fad36a239ef6bd107b6890be1e9ab9a5e64
step 19 fcaede611ca2305f9e018bb6f95fab841e1462ebd79aed3127ecaa7ed161d0a1
step 20 4bff76207e6e63e364276610ef61cf3d9fd98b41a2a5b802f71846845a6de8ef
step 21 b2bd2a2ddd36f33dbacc8bfb67866c8e269970def74f7404aeb3ff9f5c516cae
step 22 781c97eadba2a5c1d088f46e802c4c7b9cf596c7918839b9d90618519c1b158b
step 23 8676c2e5efb9d8ebc37f2e03533df58514c0ae655987d7149cd4b7b5e382db9f
step 24 b26a25a2ea6dd365250ad19fce23348cf3977f965a308237b486ced4fd9272a3
root b26a25a2ea6dd365250ad19fce23348cf3977f965a308237b486ced4fd9272a3
msg 4e27700e62a84dd4ad44774c98266153c9cb351ef41d3236ec358e5b7f97d4ed57a3e150e9a4000064100e986498350e8ce5f5ea3cb1915a771dc59fdd115f4d2e4c452712b81c128efdd402
get 600c12 null
get a7f5cf 407d3b09032b01601b7f5c44cd7c1695a5570bd0a6881dad280e2219c3231aa2227cbf9aff6d5ebcd8b7dee2a926b10aec332db53a604cfa74381dc6389e817f
get ab55e4869e null
get 5d null
get 5dc6e6720fbfbb98df101af551fc00ee1b6a224df960e08bad93db9a7ac82df3da1f8d162672c0b23f null
get ea43c27d541e6468f5110b8239c3c310e40d8eff421fff959165fd266894901bfba40c977fe074ab00fd860805d520b0ee51f8328fcd10c58de86c7f 4d879b
get f665bfac68a1ebd3b5340ae7a66205f64565129ff3 13fcbd31f3f7a8eddc132222568971c1d452f9ec3b4a49db7104f74972399784fae2
get 3154 1fd764fdec32cc6766cb7cd1b54af5918fec3009973ef1fdc08c0ddfcbc987aa7b66eff7ffb344507f4522a5e34b55726b44a71e80d47eea0a8532705f0027c303c6dc47cb636b0d3d2897572aa6bfbbde07b1988a19d80dc55b898e70c9872f041c6f89
get 81 cd5683c525
get f665bfac68a1ebd3b5340ae7a66205f64545129ff3 68f523647fd1278da7a9bf7179802314182fa4dc30c0786f93b1f67a443137b7
end
case random-16
step 1 78801cc16dc7accfe38cddaeb7af6a181bb0dc7c21d099e121fe10410ae7f109
step 2 652e231b070b55efc41e09f00022f4f126672052d737ca1bbece9348b41c1f07
step 3 af3de0a577285ed551b60c47da23f05aa9cdb0edbfc4076cd8ee39d30af0db11
step 4 78801cc16dc7accfe38cddaeb7af6a181bb0dc7c21d099e121fe10410ae7f109
step 5 78801cc16dc7accfe38cddaeb7af6a181bb0dc7c21d099e121fe10410ae7f109
step 6 56e81f171bcc55a6ff8345e692c0f86e5b48e01b996cadc001622fb5e363b421
step 7 b514e1c0b29b4a410a8d901ec22a9e0c0e54068882e00fa4871f03e5c6796919
step 8 56e81f171bcc55a6ff8345e692c0f86e5b48e01b996cadc001622fb5e363b421
step 9 4649b14d74b6d4836ea2e9f5c4733fc5eb2dd6b7fba5ca0748bc7c67fc305bf5
step 10 aa8bb890aabef6b47fe69b2bc5a10626165f58d6642bdb340809730d46b22ab8
step 11 bbca515d9c21070f47be306822d9ad2365cc38a913bc5cf0979242920a7839ae
step 12 9f1d7655aae89e27580234fe04ad3eb4e9ee3d1a32cf9696f7f74b46e29b030c
step 13 9f1d7655aae89e27580234fe04ad3eb4e9ee3d1a32cf9696f7f74b46e29b030c
step 14 e57f254c0b7a5facc036f604717a205d4763c6b36273bb4d2d14cd08ece91672
step 15 52a95438a6a69bc19e8e07fa7830d1666a4bb0cf3a80337c0103245c4512719f
step 16 c27eb38bf23129bc1bce4ac8522ee21870a973d821ab11f637573793cd1e3607
step 17 8ba118ec2ed7312ab52e9e3d960b0b27954c82f3c6dc519ddcbbb90a22134886
step 18 36c706d91d2405ed83513b9f5153675b21a413a136b52919223423eacec6e5ae
step 19 a39cecb4365806053c07ad171decaa53ab88e016f3f3fd2c3c4a53595d8325b2
step 20 2a1a77241e4b25d4cbb7f56e7726661d7b1a823ed0176c682134a4d559b030c5
step 21 381ceaa5911ac3a86668bf76adfc6e24c93eff3105a4562094b4b0dba1290084
step 22 fa182789d78898a8042f9f9f8a4ec0a9fcafa16a1eb3f31c9a8bda7ecd29060f
step 23 0ccd6459feb6bf58327920c58762bc3c9d306629b50b33f6821114966d76178c
step 24 c3a6012de194f4974e9a376069ee31a861cd5b05589a90006f9d39f0778a72f0
root c3a6012de194f4974e9a376069ee31a861cd5b05589a90006f9d39f0778a72f0
msg 4d8b65414de0eea909939019681a6ceda78e69c2d02508b0b1b1137e985ef87227267006ea028c0dab3c85a5220f1261580142b99e12afb007e07183307bd127f6f37d8617000101fd3102
get 5f77a01be5 bc578b5f5ecda73d9b7bd477e13272b9039ce55877b6c78e345dd04039f48fc7
get 5609e9 null
get f5 ce1fcb37f5609826facbcb241263a297cffd88b1d3dd918da1c17d65cf744332f13a8fc76e9a97773677763df5106ea998907532bdb9aead8ba293599d75c41de92673a1399a076bb4e09911597536cbb064e827d686706e16dcdc4d5b5d9aef74658070c042ac447f81070dce3bcb50cd335fe03e307877da4fd3ea52bbc3cf7dd9898165a0b49176759a73f05940c98611d2e19a23aad7b5ddcc66077a4d1d9e9461b422cc147777bab3bfaa7431eddf76bd26f2fe7e8f12cf8d188ddac99fa878a44e2a96c231aea9f9a56be80b8ba24d297f15f1472b0b3f78d7101e3bafb8d3748b60648b6402712de0e0d6f0420486b30415798647366073f8cc15f87382
get 7609e9 6a92074493d273a25977fd8ac43869bc5fda4701512a26e0c1cd61776d528c271e0a03e220e95111aa3ea178423beb7fdf678eab556e8648a145e2e96b0342bab54d54fa36bdc55eef4f5b8ed26f86c1f6db9b8a4ff68f44ac84319d0d430e5f1159d520
get 3cbf7478430a1b7aee829da1a67ea3471a35400601d55d598823e2771616b3abe3a39615b7fca2b03928 null
get 3cbf7478430a1b7aee829da1a67ea3471a35400601d55d598823e2771616b3abe3a396 null
end
case random-17
step 1 c9595128e1cdf9a2ea7136e1e68987dced485760301c2d44d9bf205b7136baae
step 2 c9595128e1cdf9a2ea7136e1e68987dced485760301c2d44d9bf205b7136baae
step 3 c9595128e1cdf9a2ea7136e1e68987dced485760301c2d44d9bf205b7136baae
step 4 32a6bf3b340dc1b70465a55d3ac578ec34435f5ef516195fcf81ab2b0d4a9de9
step 5 3b9a32b13e63e8e7489b64c8521dbe28d286f26d9ea481c6ab753fc9e8dc1b01
step 6 abf6460983942b04ae3978337fe7126263ee5836ce60d7db6632e57b32d75c9b
step 7 9d07c09a172c9ad7966eec4a31d5e2a6ebac2a757d46172be8be404f63a3c32b
step 8 1957b71785156177d9e762cf628c1dcd928a3f08308c09dd0707ac2b40452cb7
step 9 65f8a5cd7ef6bd05db98bd602f0ad42b1acc4d58559028b93ffe95a84b6ba9b0
step 10 c35908bdd51e8630ecd31b2de6be1cd484122c8c8d5869ba703f130d45bcc5a5
step 11 a90a78546f8be990723f48db540ae267aa37b7c2a8982483073444e800966f54
step 12 eb52ac61be1afff835b40a2c60aea6c46b7d5e8c6cd3417aa2b38fa5f85a4ee0
step 13 4f82fd36d47e629105ce234024c866f49dcbc45dd965fe7809a6231bce6093d2
root 4f82fd36d47e629105ce234024c866f49dcbc45dd965fe7809a6231bce6093d2
msg 4c7722203136ba6514896ac4e81da61359f84a14dfe33f9a597254cce1c375bd17a3f245ec4d78d9fe0dfe1c978389ac6a76d6cb3eca6bcf3d22c3eb86a7c8651afdc101
get c6 30df
get 5433baa79de47f41ae8d48bcbd1ed0d0d6524636628a26 null
get f74468 null
get 5433baa79de47f41ae8d48bcbd1ed0d0c6524636628a26 0b1879bf9e999c388d1677a5b0810b8f88b7172ec205a4737235055f7bfbbe06676fde66b69c5aad747a37fd4a92d001cad0f7003490b4b343ea67d676c52cea43dcc1161effe9807dfa4f0d4eb2cbce4107acdf7aec7a82abf2350a4e9e1268963741cc
get af570aba3e4b62c7ae1e8d3fba12371b35c3e8cf e4cfd2
get 0f354a26697b534f41d8e83607f30c77378f887134a807ae0ea45b2c2dd8b27103ae3d6c77105c272f27ca87986772d8 817f6b56c89fc7a3e3f633f042242172e42d25bf
get 64f44c2403e8a9b041464939350ee4e47041d3 caab25
end
case random-18
step 1 d4a69c80b2de89941f34d30afcacd8f35a4fd5209bd989e5b63f54dfe8f59dd8
step 2 56e81f171bcc55a6ff8345e692c0f86e5b48e01b996cadc001622fb5e363b421
step 3 33b46bee417fe6656346fb98f9df33bddf477ee3c4dbd7e72770aa6f50793d74
step 4 9b49ac424cb1476939197ec97ce184fc0400ec31e277feb038523f1687628803
root 9b49ac424cb1476939197ec97ce184fc0400ec31e277feb038523f1687628803
msg 750f43680950ff272e78950e68af09d3b0f23ff945e5d64376cfe6c57dda91cc4dfa3a006f1fbab7840dd78f686a5f000021
get 1d null
get 4368973c4a8734 af
get 4368 75f232fa932f92169ca39969223423e315708912e1ec687c1a1b8c1a43054bd6bd
end
case random-19
step 1 f51e3a4add3a4dd60a6fe0d62be1dba26e39085141a9dce85935807813d1c5e8
step 2 4c40e3520eab1f2b58255fe80a06b96ac42e71e5013c0d5a6f4c460f7a48e800
step 3 efaa6a12441f3cd664e2d2917ee6d3ad8ca2c2950a1e30d8367f0f76af20ccd3
step 4 1ffc08675d6564ce2c4811a804cb54816f8e4ddf15beffb03f86f81a31705cb9
step 5 22cf39d442a5f29f38fb6b1ef0a748afc5100109641b311f3c05942561ceb115
step 6 c6b6db3763c2b04e319a1eee70a00e7d1f81c07fb02631786c5f783c69a41160
step 7 5b4931ad2f2bb5c85fbd7c5e369d3bd2c09789aa50a5873caa06d9eec7b25f6d
step 8 1319a6eff19caba22d17badd543b424845d7e88d0bf1e222622a61f98c6a1fac
step 9 54a05a9e384e89b897fe6a314fe7cdfd22de3cc08aae88cb5b962e234ccf9e8e
step 10 c26d34d5010bd57321c51d326199f23e1659c82f97b1a0a955f62e9e884facdc
step 11 96593511556182d8000232d6e5cba4274975d9d015e6f8f7931cf2d0115ed363
step 12 f758b86b4c2bf7b12103c6c4a78fbde7162a520532eb48cf8cd7743afce0e3d3
step 13 96593511556182d8000232d6e5cba4274975d9d015e6f8f7931cf2d0115ed363
step 14 5f1ab6a0d3c102dcad5a5aeb6e35eab5393292d66d2ba1d8c4ddfc707311ba26
step 15 3a9747a29e388df4909d4aa6a78bccbea3a144298f0c3728e3a5830e6ee7794b
step 16 d227fb3d29e19f8a1b84c9ef578357a411f9289f028f8ceb9e00646d1fb23b4f
root d227fb3d29e19f8a1b84c9ef578357a411f9289f028f8ceb9e00646d1fb23b4f
msg 4cd5e1a851c945d8ae3eca5d2d1dcd9117d06578562604432219b89734513972ff4803c7f029f74acf7fc4353038a3056ff2c6c5760c2f7c587ff4cecf429ddfd4fd7803
get b0176897 1e
get 2b80 3dbb98ae42e58fb37e8c9087b8c0930a46b8c2b9a6c5c27ea30d7cce16002a68c646323442e1553a66c81dbbbff50d7558892dfc239ff74088eebc39396173d3cc56928a16c5be2dafdc844fe195f00dec86cdd9abd6c2951b0a2369891d4d5be843bbd5e75a8e26cad3cf265ce9ff3ecf7c6212dbcccf95d6c271236f1d6b9a4c467a91e693a063532c1cf534b2c1b58e61fba7cd1d7a9cf9c9ea3113df81468566136d3fd65b5b86fd4608cbb6b29d66b9d0f16c87921a2287ffff937f7968e7a733179b74b44aa0dd76be11388df4d28dfe294f6497f9e27c037122e84120f4eecb3efc9a5679a1b4b391b0b36e5d9db451324437bcb82708992e1198a377ce
get 43810b0d 95d32b82f8
get a1 d58d5fb098e4bc4bc040db8052b538ab2d2bce2ecba9dea7ec3c8f4a03014bde
get 02271b da8e672bcc22d89b0e456b2afa59c31d6404910d
get 43810b09f2ae d396511ae482639b8f328053b59b4fcef5a4173a0239c30ef433683661209c60841c
get 02671b 2fc6e86d343710be49ccda352de71b93c5882206026603f79892b95271caf4b1c0
get 6d669f71ac68 null
get 4a ca59ab
get 2b80bd a19b48
end
case random-20
step 1 0b8db6b35a7f2c73db05df2aee1fb4f0f9d3eb09ae06927c144d94f3e1ba72ae
step 2 28fda1cdfb698f7d063b5f3574518cb730c572be3c4b1f2c3d6f1ec5cd7c580f
step 3 0b8db6b35a7f2c73db05df2aee1fb4f0f9d3eb09ae06927c144d94f3e1ba72ae
step 4 e88da2e9d17bfe3878eda036b92337d92fabee22a70d50fcc0cb7c01de400990
step 5 ffa965c03626a9d890bc1243d9f68bdc4b0fc4ecff6f1e6741385c658b7958db
step 6 d2edb78e1a06544b0d2325346620c4d870c7f4ea9279e795b36fadc48ea9b547
step 7 319464506eec398176a0d452587c6cdcb100b8135b9d118cf6c4256e8d0aec60
step 8 af4ac256f937fce1326bab955f895a4ab5d44044883e40b9d366d17829f469ba
step 9 289b4d741c8ea9687c8fbd9201e6355245b53e3c5bb2689f5891b3b277e371f4
step 10 198ec2090b4dd833b25346340f58bef260cad3884aad032902fc209ce775f5ee
step 11 289b4d741c8ea9687c8fbd9201e6355245b53e3c5bb2689f5891b3b277e371f4
root 289b4d741c8ea9687c8fbd9201e6355245b53e3c5bb2689f5891b3b277e371f4
msg 5f000027700de018e650244d93ca284c82fc0f9afb89d73bb5a3eb9043aba332f031fd4ebd80f6d60000402850ff2eaf8d7c9688b4f841b63c5d683346e4e37daafbd64ecdbcae139c14d0f433600d6c6eba5f728f
get 3806 f33cadfb1929465a0f2d5751cb577f6e7ebd2f5bf5a512c3d543540df2124d6b61c274d993c1ed59379ee00b00dc51765baef47d504c6f4215e607107f09bf7d
get 1806 null
get 2765cefbdd64c5a60204725fadabe45029074511ad76 null
get 6bf35f25a22d null
get 6be35f25a22d f841b63c5d683346e4e37daafbd64ecdbcae139c14d0f433600d6c6eba5f72
get d54986c2400d7adecff404c428e53f4478e101155c2519ad1e763b23cace825bc96bc23200738dfd20b672507b67d6eeba0a775c3f0997c95a2f3939e444 null
end
case random-21
step 1 9d226ce92ec0a94bc51f36ea2d04429e8e8387600049439b36387923713c4e7c
step 2 56e81f171bcc55a6ff8345e692c0f86e5b48e01b996cadc001622fb5e363b421
step 3 3987178e44dfd7dbb0fbb142177f750073ad775ed6482366019ee3fb906c1576
step 4 8931e5fd9f37cb2a9b814c66c66575148892fcb4c0859c75451415493ce28b35
step 5 b19d12c17ef4bae8512f8b8bf48bf8822b723f2f2b90318581ee3401b01e75c7
step 6 44ad131a44977ed70375a85fb1ee84a0cfd7f60d2eed952f59b10d749951dbab
step 7 f965af0084afa6d17715ebdc166875fd3ae86c5fa099c89ab7a6e44a1cfdf5bd
step 8 1c90cf5fe07d2151e9622644e0120ca7f248ff1cfd5c5cf83d6ef4964849d1fe
root 1c90cf5fe07d2151e9622644e0120ca7f248ff1cfd5c5cf83d6ef4964849d1fe
msg 5d008044982594554960c583c92da7d8801ca5377ebd12b31b79f8d30c4deaf5886ca00f5005d00cc0c54fb3a5dc9c7961d5596b
get 52d3 null
get 7d101a4950cce041d8c2d68a2800ebc3e841d5d13b null
get f4 0cc0c54fb3a5dc9c7961d559
get b073ed87e5e46e810280344f20372c6fc768852c20 d0de9a58c6da9d53747a9d4671dfc27269cbfc367a6db49825981ba44754067ad207
end
case random-22
step 1 9235de513c8943cded95af41d25f46de1e281f9b67439267c0e7b37f0149f599
step 2 135a286439382bb8a2e96260f9bf389c5ce2c2efbdddceb44c584ca971d72118
step 3 b224c3690c4db628488e10ae0c09647770b09e95357fe399c55e50f18ed6c3b6
step 4 56e81f171bcc55a6ff8345e692c0f86e5b48e01b996cadc001622fb5e363b421
step 5 7a0f54bc37b8e2ced656ef7872ae9a7ed8b3c0f70cec7885fd14c028859a98ba
step 6 fc7d835ce8e9f2d8cd2fc28be8c2c70bbb6b4adcf9e4f0a0b74f234197158023
step 7 affc478ee5bebb08e7c6362ac1b11dc5fb354735d4c7f66af75b6a10c89888f8
step 8 fe04468469f2d0657b3d31610451d5e51e48f42d04dddc0b0554fbea4e9d2999
step 9 031e8304f802cdd2ce6e4c1c70741ee6c8f5260a11036fd00fac7362e290b2b6
step 10 cbbb8146b1ba6593f00e96ef0cc781e61851de31b043030986a831224e8638be
step 11 45b381c32970227e81bbb3afc188b9ac782407592cea55ec15679ccb6d74d579
step 12 e956e40183c50bb1bf3c683045ed211ebffe318690b97afdf63982802ae8c709
step 13 b520022b59b3aaff5672109ea25de99f63c2802e64bfa46ecdeac3fe8fe64657
step 14 89b602ffd207a5c70ed09780e445e84f6e3bf28ebda4e66c512fa10eb190e2da
step 15 9caea2874468b83670314214f91716cf692c75bd8950b02ecd2ff8323ca366a1
step 16 d17e946ee26817a33bef69db87c127cd0dbd25ee12b26c5aea072c113eb52eb4
step 17 f365644a965220e7a7fcbef3e37232fed519eb2ef5d42f9545f4e8e8c5015f04
step 18 c970b4fccc64656671bd748df840a60db537054bfb29f2fdb815787d8be8ae67
step 19 f2dac09e9e1fa429a2e56066232d5d3965f4e0d53f1d847e6f69d670b5b27a1a
root f2dac09e9e1fa429a2e56066232d5d3965f4e0d53f1d847e6f69d670b5b27a1a
msg 4c417b37b2a64cfa18318b71260207dfcf952645d2064feb73570722236ef6ac399b6b48eb540335c73552018d95977c4814d46bb536623f4b21d36c4ae7579f69fd2c01
get 536e442b1bbaddd53c1c8f843e625092a8909f00a8 f0
get b4 a5cb2e4c94793afe3e15569d42c9d67be472d70b7e3778b647e45825c3ece20311
get 1f c287485b37
get 1f8fe4 null
get cb059e21f6 a60f07cf2ff4a0583731f69506f5fc2ea4e38462b4c183b10109065b9155c4752c
end
case random-23
step 1 25243ceac8df6c9e02525df351bb035541a4353dd6c81b04ba6d085ff0a42b66
step 2 3c84a013ac1884858c978a6b6d58e5067dfa7a3e85cee69f07c2d041ce72c8ae
step 3 a88b47a4e9ded06f0609fb477df3636964825a2eb88c1368036c4d156c95229b
step 4 a88b47a4e9ded06f0609fb477df3636964825a2eb88c1368036c4d156c95229b
step 5 cc7b7cd6ac4da064e2acb463e0e5b3f71aa221111e126735e9499d9018212cfe
step 6 a7d4ce424990e8f4ebfd769bc93b96bf17bf6405fef93b0169fc450573e3900f
step 7 58c2437decdf26fdc2c049889e7264a9cd39008d7e776848e09b2e0db248307e
step 8 4d7b7bc9aff24c99efeab5339b8efff8276e87562e47f8f1ae4ef7841ee7725a
step 9 cc04176b93abcfb0e82380bc6aa6a53786a79f495dc1ae610211a9dd0caa0e01
step 10 0bdf11cb7cdb1d4990fad3bd2b67e46798de3d573bb7e1287f172c7e73b16300
step 11 9624decd658d079d4093e84cb7191d9221f124dcba15f86efee3cf3385944d76
step 12 3f2ea23c6bdc30aed3a40b02feef75309ae6184e44a5bbdfae6e98516be8ecb6
step 13 d2f394565769c7f7f112bee437ffb3c5540db8c7c890dd8110ea5617b202af48
step 14 1ff564354c91fc9e3da0476b5b3fc830b891761c29c04e60cb7702bbe3a4cfff
root 1ff564354c91fc9e3da0476b5b3fc830b891761c29c04e60cb7702bbe3a4cfff
msg 4c2247b97c48fbc9ea0d09ed37f24e11dfa8e47d405a20bb795a261e68c8d981875fd566c1f75f350c2858907abcbf4b8716fd42671d58daf30b3a1c00098f7ef1fd3204
get 4045f08ab425c93aad3916222881d50210b89497c38a9aa7640681bbb481df9393a5c882b38ab44e70e356f544ffd0b596 63
get 4cdace74fde235b99e84cf3bfc5a6e9e1289fb0bae5c9b397e364024a96a1e158109a7bb06426090503ba0cb33069aa49ade 2d366e869f
get cf76 f030e5ab9849920dedbdc61eb10facb1699c9ea6a8818866c21d12b6c821b9eb2bd8d6b7388cc0971bd6598f953d005af5653238de388c80e97a6f72bfc496ea
get 73236967a5 null
get 8ddb71e26b3190 75
get b1bd0afb15657a3b053b834c112cf1c62f184296de3c1a5e null
get ec3768a5d665c7c5b6142e56143020aa3de2130e1524fc 957db23b5fa7b475dc54506067800434cf5c5e5fe9aad827f6dc822da9653051f950b4a62823e8e3bbb4bdb8b14295e5abe252938c1c99fcb70906b8e4f2f29cee4d7bc2dcd2446abdab40768691d4ef03ea309c07d805dbd9e391da2105f34cb147c115
get 21ba0e06 02a0a49a57840dfcca9f12025bdb1a8017f667011303750943f3abce8d247d
get b1bd0afb15657a3b053b83 1c46715e72bee6796468571c42f85196633bbf0b0af6c4ea9421c8178a0c8c50421c62a34ea7b534f4b557fdb7877c4a5adff69e8564d5de42a5e1d64fad408247923edf5392b86f2ec73a685aea78a21a657876940253199147a62a79f1aa63eb9a5df1
get 5d13205fd3f8d9cd19bc4c201a41e1d229eb3d66a33f 1372af198f93f5bf8a3fd8695be7431e42138612113c9bdd770da1258dd955391ced0e5bf06bab39
end
case random-24
step 1 c209708e1008f3c1043f1b1da0db4d8c9c0f5bb8ddd8771a6557e8707d03a9c1
step 2 c209708e1008f3c1043f1b1da0db4d8c9c0f5bb8ddd8771a6557e8707d03a9c1
step 3 86a005eead691ba3fabb7ab7e21f9e1aafc8be3714186c1d50e2579ec067283a
step 4 7b3b3f9f7406af2011867b2be0937e6a8018cd8cbe71b46fa243a61f2984fadb
step 5 1eb5314a5c05a799aba3828cb878a319f14fb9117c3de1c8c6fb759536f93f01
step 6 030e2c29a72882ee06feee778679deaa057506129bf697d554c9683a54a2f0c8
step 7 5cd1f5e56d7db17b33c2d0ab8ca62a776ff251fa2c423bbb70477174439fa136
step 8 dd759c69f9fbf07a948b24d11be4c32c8398c1cda9bc8125e6e6f70b2a5ceb19
step 9 1bcd3751ebc0088680dccf54134a03d540dcfa8f3a1563632ef1a1c3a42d5d46
step 10 32e70258eb3092e97a1fc6e069bd9891443f0d9a43ac12dcde2a445339d5ac34
step 11 ca7d682fd257b37795777250480b3e4778cd84f8ec0d9f10085ab495198fcae3
step 12 5abea8465d5387c8d208160a297affd235a20cf076aa146b104672e9038b34d2
step 13 40be0ab70232cae2ccec9f53127ca4a65d41b9073e6688d3ee6fbe4fde6da767
step 14 6decdb966ac509523e3e7c75ecc5c9e10cb2c89d05fda0feb37b34d3d24263a5
step 15 7d67a7f207428cb2d2fa632a5c3f138498dd80e69bca3aace9535a6a134847bf
step 16 823e5345a7ebbb3ef0f472d5247aab5990a46eab0a6a2cc57aa315a92b11de26
step 17 ec2d76ee81b9fe4fcf00499bc9236cfadbc6efc30adb6284adfbf6dff51a337e
step 18 37197cdd7ff84be7f2f78776b58a6dc54da8f9d52b48aae22b17c4ba6b9742bf
step 19 6d06af6de91246dc24c4130b955a2b942dcf60b935cbdfb738bc67a1df11f92f
step 20 bac0277a1f53ed25c564efb681315b68c91e6b2044290ad2dfafd8650a85cdfb
step 21 b4c76b836f2e6ff7f4ed3b454a641bcfaf0156cb2aa8d0501288ef9f01ceee0a
step 22 78c59099deedd91c1eef31d9e1ef8786f421cb7e11240ddf3d26863f008dabb0
root 78c59099deedd91c1eef31d9e1ef8786f421cb7e11240ddf3d26863f008dabb0
msg 4c8dbce07c7c515fd7a37341c6fbd73a8171281bac168751e3abe5cae3be35247b50fe8c163b1a1f861d3735500474c795e551c7ff26f1eb1f1e92e87d30a189bdfd1106
get 7b3a92cffa0e8144ef30d4591e50c83bc56188f4c1d15b13c6d131f8db8584fb08c74a7f04f34bc0dbcb0161b653cd 5ce9da
get 0f94c4cdd7 759fe2f910018beb3cacff5a
get 0b344af1978325afc3b2a0d4ab76248b7a276bae5387f7f2ddc258c94015ec610c951eaf88d7f85bdf82f1 bfe6d14a26460eee8fa3b74dcb8ba4dfcb3d9d4dd8bdab8141d68fc383782cd1d9619bdd99140d6da57311c4b5830d06dd2785aae62f0c148a482a515008d4a8c3c202f1202db863a32bc890fff444ed977d490141f68101293d181d84b0cb5d3a197759
get 0f94c4cd97 null
get 66675819 ca
get 01ea7cd5cbf1 afcf
get 77b848ec657fc6aa1296a7329bb3a60c128acc 3eabf894b30c801eb08b7b0ad12b9d1ab89a1ff2c61796996ec7ccb5a5d54a79e72a982a03ca24d1
get 09ea7cd5cbf1 d3bc
get df1d47 4682bc0d5b57d45f1eca996dbda3e50bf10be0c98f958c197a7eb608d328b30e9c31aab1cf337bc93ff6317308a36d49b7621704fbc68ca0cf9b6f6537a54f2a
get da96fbbb2ec1d19443f0030e4f5f0b5a4cd2d8fcc9abb0fb2956c9982e3a1dd5307ccf368f151897741c80f8e98f930e4c4c99ca3adbfa959cec59b8 e024c2e8d069574bed66604c02e11125f2d05a98c405d44c38819173cf5fe6b07f3aaeb544e920896006cd4de390e29887989f41cd02c55bb87b1fa2b74e073be041b04c8eb942ec29a5e85b9135be26193af96911939953648939942210f074426a9706c443ff3fea9ad2df021014fd9c8a92b80b19c3a365a83f4a7dc8d1ef26bdb2c0be8f2edb2a853ec3f2caaba0998b940cdf60f82d030730cfc0b6a3d333e9e889d75e99a680dae0bdb05d561b3b31bde06e0a88074bce4b07110e50969dd84962c31b4adc6e331c9a4efabb8717016e21daba43e31320c89c3b32b6b11a909d5188e7950500a353127599351afa00d5f6d488a6cb29bb22ba7ff7755dc5
get 76535a1514a29c44b6b4168c49bab1c63b50b6c18fba9dc12ab4fc571287c4ebe6848c4256989a1efcdf29b4a752a7d2f0f7 669a06e649f01cc0c5fa5dc1c5d67369e4d4269499909616181d59c79c1e08fbd89d116e887f8b1d6b2ee92b1c493b74387e67f4df2605387929855fd258ae77471b67c540d7a9c9c198469710f885ed572be9a399445a707a39add32f46c4527c985349
get df1c47 56
end
case random-25
step 1 a5c744a5197824ca53bfc688c6cb5eec19320db510f9924867b399b676d646e8
step 2 095712f87a558938d17e68acc11b05d2fb1f524b26571065a2fc88d23150b6e3
step 3 582bf42205b51b2352783c058e1134a6f7dee1466a8c29713d6bddac2287859e
step 4 640d9427b8adfd9de6a9dc7897402131c9c9a2de0bbc938aaced1d42b836eb58
step 5 a5c744a5197824ca53bfc688c6cb5eec19320db510f9924867b399b676d646e8
step 6 d22f7a0e0f12511ac72eecfb566f8085dc9f8aaf417a4406fc7bb18246e45caf
step 7 a3114f900d4c9d984fad3a7a6cadae69e42034fe1a60397212bbfe52563c511a
step 8 b5806a2f016840922c3d935c7a16489f3a2ca8211d227ccb4ee74b223b87ba18
step 9 ef3205592b6a7bae3aaa1bcfe1231f89e5413082b42cbbf0a7dc6e600ec35bd4
step 10 ed2bf7822a38ee62417678260f16809f4d5311ea4882bccc4b350c2469938793
step 11 c140badbc2c7d0f2d6f46f7f0c61990d191595daf0a3db9ff5124e695919ab21
step 12 ea9e92fb1bf36d397a1d7d398d76f8f25c4bab559aeb64b1802b5fc20e386625
step 13 5029a0297809b6456d699f97f586858bb8f5e5cc86b97d6634d777e89f8aa8c0
step 14 f7389fc918cb1b9b71ebb7cc908829671c26a2695f599eed65f68293591a8810
step 15 5c3cd6f6d85cebace1bb6183c160a1febc3c7b1d3ca5348f1ce0f18232afdfa0
step 16 3a16adcfd3c614da88da61ec98118fbd55478dc4dd1421ca7f1e2568cac418e9
step 17 d19df2e260f79b89023e79fc379569374963dd11c09cb99b50a68305e4ca2d4d
step 18 de38649b47fe8eccaebf04477bf714e62e529d322fa9d84086f9baf19a9a5d50
step 19 e53ffc0b8c16926b152ba8f2a145d2527598460b47d6da4f134068a886902c4e
step 20 05dbb7035233437d05e6ade3297b395671a85b3809c0f871551d09764d168f12
step 21 8b03387e54ec429ef948efbe52d4b71056c641c8080bbe51ca6404995a064512
root 8b03387e54ec429ef948efbe52d4b71056c641c8080bbe51ca6404995a064512
msg 6c66340edbdd6258defdc311d445130a58b7a97ec5849b902f8c25fcc2e8f0f1a44d802544ed67ad5346d0d13a51de2839b45f01d06dcf50b0602f1bb140243618fdff0156f02c2806841b0343c5a2ebd6efab54d99071c6827805314419d0c679fd7ed9000101
get 5ac819c11c23bc8980f76decd3d7dc5145b56393434ea585eac5f45ca50e05f1723d6d15413f8a949065403a6ecbf79a62ca null
get 5ac819c11c23bc8980f76decd3d7dc5145b56393434ea585eac5f45ca50e05f1723d6d15413f8b949065403a6ecbf79a62ca null
get 24 null
get e89f72fe7581c26439084d02d36e35f355bbc421c268a5 25
get 93f9a2 null
get 1222bc4160af5b ebfe14cd9f0b6454fda6718369c43d13939fe3e4248c102b733a2b518f974c590d
get - ac116244746807b1987824d24d73e340e65bb90f596b393e056e1c17f798634c5e8249b46542928f23e9ad511273c46777305216c4ea01d4bd99cb16f6868ae06aa3b1d10ddde2a97eca6130c277334ab5fa363d5e782783b078be641aee14671fc5194cadf2501b76ef878e29a2fc08cf104d346094f15a49d994a02f5252e7b6056e3ffcc8d9b6f44154cd747e191c4bb8adb4e032e35cefdb42a78ef671255a567b1909dd4b01339c79ecca8249b3564ecc4c8e6df6c4a7d64178b313eed867c68c1505a2f4690223a2cb1202fb9a33aeebf89fe8eb5a174e9784d200bc051e5046eb57ae9febab8e65a0c99cd2429606c98c445dd48d7a08f3caa0112c724a
get c1ed247b86f17d8b18a11ec221642baf3bb21eca fbf7
get 1232bc4160af5b dbad3df498873a2ff0df0b754c4f0f5fdfd37990e30ea42e52f4252efea8365b5726b2afa039a6053a3853fa8e8a2ff0f2a57eeae0d1c2e4cfe1cda85a84ddec
get e89f72fe7581c26439084d02d36e35f355bbc421c268a559 dde12d23225ddf6c9480602473cd069a662b27a32f5173141396a08ae5dbd826f7736cbd2f91452e
end
case random-26
step 1 d91b8ee9d51ddaa4127026b669dbd0181198d2728beb19791c0203a2f7bfe666
step 2 c502f99bbd8ca746e6f62c963f9adbb016dfb59908736f102f456544ccad37bb
step 3 d91b8ee9d51ddaa4127026b669dbd0181198d2728beb19791c0203a2f7bfe666
step 4 b46657c946cdfbc64d081b739023f8a4be6cdea8c54ac1a0c0d3f5601ffc5b9a
step 5 7413e721cdfccea2bb466a6bcd1ce223777f5da6d03eb9929aa99d4825987b8d
step 6 5bc2cb4444dcc9aac6a116565bfebe92fd0f312ac2bc7763798719c831f366ff
step 7 f5f4cf30cd3d5c8dae36057dee051ac39635212d944942d02b79c67ff1cd36ad
step 8 f5f4cf30cd3d5c8dae36057dee051ac39635212d944942d02b79c67ff1cd36ad
step 9 3be469f13f03ffc611f185c4834b31caae37ce784b987284afd5b303ab687b9f
root 3be469f13f03ffc611f185c4834b31caae37ce784b987284afd5b303ab687b9f
msg 5e0280267003e01374211dfdcf2e169a8ff8fd8b1875a36f0268fe4c561431f3029a3f7fcf7e280000286ccce51faac7546dad485072ab85cc5ada5063b648af4915ca12813da9008ad6fd4801
get 9695 null
get 8e93ab null
get 967975ab056d05cc931f317db05658ab0145c6b0b3606c9eb47242f68c5097f1e9965be107948e3817f4841f12b049ae bddeb2b26b08116cb822e34a
get 9295 71386aaef5dfe1d89bc53d3275641dd6bbbdf89ff42d6220d54f0ffeed1f00942975
get 967975ab056d05cc931f317db05658ab0145c6b0b3606c9eb47242f68c5097f1e9965be107948e3817f4841f52b049ae c9d8
get d0180a61fe173c90a32e2069c63160af23c84d9419461373931f417cab0837cb1d2200b0980e538c9de5933d1b1b198c26be77e6cf45998e8daa76373e null
get 8e e55138cac5819c6d67f4ef8edf36a21328250079c621e97c97f8f849aa54c33aabc23b8c5e23a806
end
case random-27
step 1 f6e4ae182846c0a7c3b91bf68853c4dd33f9c2628465968960a84b7496131720
step 2 2d5da4c1adbd3c681014c9cb44ec4736f94d6808279e0bf382b1328f0fddeb77
step 3 b3a2b1e78aac76b2686e94a2b0a30fd3895289a9be9c0fe363c1ef4d29424cad
step 4 0789ae041d457827194870cffe26a2b4595055b0e342c52cb6cb5163f5fad3f7
step 5 776d4f6222b39c41983e895c2ddb5701ef6120346095f5e3497b633ce0b95bf7
step 6 3bb521c9b5e0dae40564bd7c27e26c014e0af2a2a2e05685fac24c848f110010
step 7 21ee0c809927f76b1a8840268dfcad61e01a222c5849135eb5da15b178fc8833
step 8 e54016e4ca2d7ad764c537c85877e3154d258787069514b240721ab2cddc36c1
step 9 b0c80a33bac996ef0f6bdaba2399b1cc6f8d8f13c80a25b20d5d4182d763560c
step 10 2c5cfa0462a85fe9eac25484bc307fe8d99893e8ae18f7e9200955c50e01c4dc
step 11 350250bbd17347c9373a59715fe088b16941d4963bfeeb711cf2bdbc2418aa83
step 12 a0303a45f1efebae30a9e5709f03eb20da249a2e42c9cbf9182763648160fda5
step 13 a8a78495cbb3f3d5520ae2971f8d5380ed28b3f88e72e3ee9f09677549237bb4
step 14 3ed4b28ac413fec0d4134909b6aed1cbbac9a409b82d05912b419213cb2bc02d
step 15 d6fbc546d7b41b0ff05a35bf5b54d40f85b9cc7c88bfe6fc25492a8ec7044ebe
step 16 d50b4633c1c9b5168766f57a858dbce86e8d867874e1c1da382fe4a1e36c9780
root d50b4633c1c9b5168766f57a858dbce86e8d867874e1c1da382fe4a1e36c9780
msg 4c2cb2a4ef2058ae4d08a490b2c5ae215d71e726bf6a788c01a8c151ccfa535128d9f706a0c7ce9bae828459f67d9f0a4b4804c3e4d9560a85a8ae7ce090d89064fdf602
get 48 eb8a4cb8b23339c069f2e6432fb42231d96b9e47167a19098a62f5b0bc871f
get 8e6f904fbd f291
get 9c88fc32a22a6c675185b7d9b9d5ef8d613594a8ec96419027654bea27b9b8ac0c161493e1c184d86084c1b39de629115aaccbb5a0c8ef3bd58f9a1bdbe33f 39a46bea7f6b2012368c844923b668ff5f68b57134d0ca781eebaafe804e8f3f9a8784631ae153e841feb0151af86ec2212eca1ada7bacbb006673ea6ed8df916adc565ff059acd5cd91026aa4c8c03e50d1b911a29378f2af03bc851cc30b96761c81dec1debaf634961c6c9f33c3a2d020db8d25480a9d9d5df509eac2d2b9d06597bf83a1bcba258efd88810a85dc00547b3f1f1916ae82bb5bf7b7536d29a9b87ba96449952b0b47e153b8b82a06f0c6ee186f1f2dbd4bcbaf26d92f5c91dab2506db43b20f7e1b7c4e213e18b83c6fb2c2ed40ed47cb4ff61d33e835aef335a41c37d534e017d49b6d47039a8e63d02f9cbb3a8e5d4d27dbaa3b1d1cdba60
get c8 33fa
get 91 null
get 9338 null
get 943b17f887c5ad9e21603f3fd5b00ffde881b45d39adff66eb3b730a6ad05b40d89e176e4a9cfbde974f8817928f318f66b35ea7bde8079702511f5c5f4071 f2dd7d4d9498090244ace9fd
get 5c ff529690b5b5c8d34f76ce67b84044e74959c1491c8148b4695915030acfd03a
end
case random-28
step 1 8d85383f92ea6c3cf205789d69ccec721e9a665fbe595bc1338db8b3bc9596a9
step 2 4a0166f24249887e75e9cb777e3dd1f0f0cf8846aa5b5036833e6727a52647e0
step 3 0fc67783ec2e8440fd9370567b01de0b92a482f136c2bc053a84bf022fbf0671
step 4 656c52f57571abcb96825a1c41ee2dca9820c09c4938ce135bbf1f5851b59752
step 5 1f23aa69492bf25681d079352aea1a3a6d2a1fa596512371cbfc0dc939c6e3f1
step 6 407a847f3eb3f6183f2442c9de48e47ae7a0a81e38b6e272758af47b389f9ede
step 7 84da9cf6f856e7c0da4c2dd324aa62c56538ee0c100fc73e385c91c8327dd4d5
step 8 5b8bcd209c904b180852f98ea8a3b86452a66ed050b6d7de1592f4ddd1ca4480
step 9 4765a387aa2c82cb07f87f821fe5348d7f238c2d736f46d23db77d5d141cc38e
step 10 2e311686107e111ebda67023f6ab8dd1e5daddf904f8db0e4898f70f85a40580
step 11 1ff61ed23ee755cc1d09ee102264168297c7882d8e3663266847aec69371df70
step 12 98cf9b2c0b7464cb57d89c8eb08ef67f50a196cf1f87ab57198eb0f29a69dd01
step 13 ad6ccc7872bc178f12d5430a243b4ab5da83c0b08b4cc05c304d39841a8125f9
step 14 95ca0e46c0354aa6e4c4b096ee1dfd576631e874600da957f5182a4f4b357945
step 15 6458ed850445a72f931660abbf297a8a0dc6004c61e7ec63022b6f790616be65
step 16 65e569503ce801ef1546fe5688125280d8973e857272f72ee9482c99d5e8696d
step 17 2a1f1f369449f0facef23999b77fd69691173de0028a1969fe5918f00f265400
step 18 09fa3cf7cf963a41488185e65603945f99db143970a0aca4418433ab930f630b
step 19 e7a5cf233ab3e665ca897451c8ca1b253630dbb97699ce6fc88c30e8d79edece
step 20 451f0d7f933fa09659d70f60106b999ada3ff8c0b957b5674cf2dbe1c2095000
step 21 105a11018ce92c1cd9e2992c2aed827c390542eb87597f9f3681891a5804f0c2
step 22 660ed80e4072f94e2e59daa6a0ff7f87140e8c5463218687369533ca150e1863
step 23 c41e8d4f893ae9d13d57bbaab344a5eed43aaa5c5cb5f24fc1a971bfb9ee2d5e
step 24 0a101fcd8b67c4c9f42d499d4dde150451f51476c4c764fcc55cf58a9488d8f3
step 25 75e702188601018a01ec5d52bbd875cb10f83e5dffd4d674f9418ec49f654870
step 26 0070eba7a9e8c245517d1c930b59bd2ab7b93c33dee0abec180ee48571f5ca42
root 0070eba7a9e8c245517d1c930b59bd2ab7b93c33dee0abec180ee48571f5ca42
msg 4c6c2bb773be1829609720dc8c67cc6ec89cb3d9c743f422689152fbb9735b2b3d25170b5f68e5e79b1a31d4b579bb75bbcca80be0144fcd793b8b2d3b101304c1fd6f04
get 7dd6807cc6 fe098c1f59cc5a74d3f7ca16fd371b1e196aae1be93798f71100dadad6c8b797a77f
get 12fb null
get f63a5183ce1f9c null
get c9ddc98cf1b3d9e5ac26d707c98d37eadcdf2e68e7 null
get d03d73f7e274cb59bbd77be1e940ffc5b99730b211c957cc5d2cf1910d2e96d2365c040b74a5ad4023a7e398db7a2836 70cd
get - null
get 697d01 f9d1269c9e36703884895ccd2ea395626868c5584adabd43e830a01ba97cf5403697418f61ceda18
get 0da34f6c592064d765c41d1094c7f28c1c0cf510ed72d122e2adcbc76f79c7f776cfcdb4659009a87094588dfdb4c1bd015a4a e2d47d61a574ecc3092498316822ef0f906353fd421345ae2e80d7d5ce0d493204872115ba838031ad5a343962c5fcbebce4e27830429b6d352f7a92c7531b16135937e7125d9c7feeb741c3fd8631748174660bc9ddc239cfc06c825aada8264b06ff1ac37557fbea29bc117ec935a5722a80d879c09cb88532e89e04262e4c9ef652577c901d845e0be32d4cd89752fe7053043bed760cffb21db83b2a927e7cc1fdb9557c294b58271fd1f3d8480737ae899ebbe2d82bfd11e8e23e14f7102deae4d75b657fdd1b842c55787c1080a157cdad4b7773c9518140df495d35ff19ebeeb702cd62f9536921598abf6346a4f724e6d01e1e963e001c1f5d5f976aad
get 2ede8173d400e677026d75dbe49feee85a3656e78048988573110557b427d09cdf013dcc0acbcdd2a779fc61434b062b 3d76538f441ab5fc27228ae4062d55fc38c5f6e89f8887369904e2f042ec707075
get 0da34f6c592064d765c41d1094c7f28c1c0cf510ed72d122e2adcbc76f79c7f776cfcdb4659009a87094588cfdb4c1bd015a4a b51e67a40625b6cbec2588cce71526775efa827e0d5ee2f2b8b78aad140e4ff45f
get 100f02d63fa1adc623e712ad2557b7afc3151e0355 abf5
end
case random-29
step 1 eb6354c755826be4526a653059435b418abdf4bd546f3307135e0c44929bd48b
step 2 2dd351d40e3058167c1a7d9b58f798b554549ad760780a3c5b9b5592644de25b
step 3 6545bf17d5f8e356e786056a9037dc43a38d2f7ead0f31dcab64ea7bf85bac9c
step 4 18b1900c1bed472b494f1c73170f2943716d47a9670b9dfb1748f14b0117791e
root 18b1900c1bed472b494f1c73170f2943716d47a9670b9dfb1748f14b0117791e
msg 50fffd9001488d3de7b8d99864bef60c65a2f6c43f48fefe471c5d4fc693cd90b8bc3423a0e7a5ca65b14c438b42667fd6211758796131afb0e0813c67568bc98b8d067911c5e6fa936246
get b05df32cbe3e5b3690390342d5da670848f3119a null
get 488d3de7b8d99864bef60c65a2f6c43f48fefe471c5d4fc693cd90b8bc3423a0e7a5ca65b14c438b42667fd6211758796131 afb0e0813c67568bc98b8d067911c5e6fa936246
end
case random-30
step 1 9288338c255e4dff789cc449b7b4aab2da1d32d4f1458c4c3bc4c9da07cd02e3
step 2 708af7040e62f799e80dbcb6230ea6a1bcb94dcd85504a431cf16e9e300082e4
root 708af7040e62f799e80dbcb6230ea6a1bcb94dcd85504a431cf16e9e300082e4
msg 5e00800f500580ceafd7a94e8b8c6ccf9f92387437bfdd12adc0310f3b4e6b7c7e680063ccde132569b1bee4e250083f24e29a9d
get cb33a2ec298eb5b5362d38102c81b531a06453596330e5af7e182a9ca7738059514baff63b1025b13f 158c693906106b55d15d04e8678edcb29678f02d3f78cf4561a5c9cf1005fd5e05130d218c1688ed7a226f8196e6b77f37ece483f5933bb307b4a98e9ffbcba1
get a0 ceafd7a94e8b8c6ccf9f9238
end
case random-31
step 1 5ae85a7c4505a78e841d8a3434b1f425d2f146599fa8f5788d1f8784696ec239
step 2 df8d1bea8918a84d3c9ed07adf629f7b766187c9236608b17bd4c7f43a9a0123
step 3 5ae85a7c4505a78e841d8a3434b1f425d2f146599fa8f5788d1f8784696ec239
step 4 e9d78183a4ce0f70c5baeaf4e3d81221af91b5766b6708e9a5c3e9561dad4eee
step 5 5ae85a7c4505a78e841d8a3434b1f425d2f146599fa8f5788d1f8784696ec239
step 6 8d6f26a57d5e42a3441d4b786422f3c44008e217f5b584f1e2d149989faddd78
root 8d6f26a57d5e42a3441d4b786422f3c44008e217f5b584f1e2d149989faddd78
msg 4e0b501ecd76f89e54a3ae2cfce001de27d121d8e675bfc0dba3558f2a825652e233816bad5d9c22adbe04a4a07b
get b47e49ee621bb4e1f27d62480d64e19ff59acaec098ac2f6595ad7096091a3f42ce9dd5a4aee336c3b e06d1cf585265a8b7b7da16832992d95b992c442c227ce00b4a4cb2b1752af75d45f
get 3203 null
get 66bb7c4f 54a3ae2cfc
end
case random-32
step 1 d42fcf5a81e8b866f29799c41c3dae5a71bb01cc21fa1bbb20b85bcc12a8a8aa
step 2 56e81f171bcc55a6ff8345e692c0f86e5b48e01b996cadc001622fb5e363b421
step 3 052b7780a0be95f4bebcd43778601ba9b77c947c930a2f46cc27c6028b081598
step 4 6dd111fe23168796a288264b6fb7c1d2db30908d48a0a3350568089c9f04e38a
step 5 052b7780a0be95f4bebcd43778601ba9b77c947c930a2f46cc27c6028b081598
step 6 052b7780a0be95f4bebcd43778601ba9b77c947c930a2f46cc27c6028b081598
step 7 6d1352859da888946cccf5ac8eb2b11f4808b22a91e628b2bd8bc183076a3a36
step 8 4d268515d3ff15fdefd6df0df3642e4e90530b559958f7675a56b64f9aa8eee0
step 9 7bd5d6a4c13dd148ebe7edff00a29f1f6fd58de20d7f4838e96158dd5c8f5169
step 10 052b7780a0be95f4bebcd43778601ba9b77c947c930a2f46cc27c6028b081598
step 11 56e81f171bcc55a6ff8345e692c0f86e5b48e01b996cadc001622fb5e363b421
step 12 3097b5e0eb4e6f6734e63f55d9d6ecd24935990fb1ae815a1b354f1dbb3ad139
step 13 9f2046c78ede6869834b9ed0ba0cbd38f80e6241747b0a8deec892ea95401221
step 14 c5b15b38666e0f4c5fb4ff73853ce63eceec5ef2e2156a0f34528dca11e36b62
step 15 9f2046c78ede6869834b9ed0ba0cbd38f80e6241747b0a8deec892ea95401221
step 16 129d98463a0f29c20db0b2dfc0b1d03c167bc05be3360de9070d80d81e3c103d
step 17 8ea7bb58d721e5bc982242c97bd98d7468883b77234d70aeecb363d420b7603b
root 8ea7bb58d721e5bc982242c97bd98d7468883b77234d70aeecb363d420b7603b
msg 4c2c535d901c2ee6344f9708adc0bdf2ed0133866c0574e3e83555ea6317cae70ac8591c2d1dd2cb337c719228510d9663ea3ac50c3ed56f6a0c64209afaa0d704fd6802
get 195122664c23fb9d9a415ce8979e6f107d82ec08 null
get 033cf743a83ad6 8958847d44b30ecfe6bf3d3d89b4db21ce4d3503fb1c1e9f98a6f1f5b9df1748a6d7f5b7e72a58c501a99288202a8611faba299a5d7be805f150c95ec81f43accba81afec0ff6ea7eb8de62483a598a9ebc14c0bc4209ad228d711be1d52d41158baec07
get b79cdd 751c
get d6a892929fbb50b9dd5649e61c683963988dbc30d40de873f286b6414abae56967c05d90c24263d5067d530a335530c0b41cbf9999acff4e4c672a9f1f null
get d1dde605082793308023adbf34449cdb08f97059769987a3f0b4006ce6ae1509ac3f7d661ccedb17f1bb5ce9f64807aa null
get 033cf747a83ad6 c439
get d6a892929fbb50b9dd5649e61c683963988dbc30d40de873f286b6414abae56967c04d90c24263d5067d530a335530c0b41cbf9999acff4e4c672a9f1f 04156245592d4eac137a7e33786944a85e91f608c2b3f4f65067e6341bc6641de579cc023af3756c53d737e8932e3a37f5ac76f766818cc710b110600449756eb039ea0d18aa4071770f3effdce03ba671339812d302045da00c6d6c5e45ceac603efdc8b1c78b4b0c13a0f59dda74b4ce60f1f815d8d8a8becf9b943c05fe37c7eec5df7172bc5d6b14082aa9efb00216bf41df3adc6516f8869a7eca84f399e04f9e3c63b28ab8e6023848bcfa01f5531d4b3608276ae2dcc962b0c317030d1d6f67e19587797c06cacc28c435ff0a256b59eafdaa6e3e9e51f501018bdd8b014312ffc815c62963d67bf61b289664e12e976b55a3f949f28134d03e83f2d51a
end
case random-33
step 1 3940eed3dbdec54c983a5ea3f26f2b1b6baf572f3b498caaa4c089747334cbf4
step 2 10e44c5f222ab45f41348dc95a06a0b452126f1c10d46bc0c7a1833804eabf0c
step 3 10a29a3ed3cb1253b0c54cc8f3232d1d79fb44a477efecc3743fd9e334352aab
step 4 015b002e95a11d2305d2da70c6c24cdcfc86f6e859d13e05c8064d742170cfec
step 5 99eed96dbb391cd6db8cdd21bf7764e34eca044faec854f4f562ef941784d0f1
step 6 7e8e44fad541f8a81abfd6f5b7a877584498601a6d3190e8d337721eb4bfd9cd
step 7 11bdf15e51c3b0a8ad538ea25132981b9bcccfc7ea8fe2d12b72398553e8ef3c
step 8 9ebd3f4b7308f216047567d81e306ea11b1fbe3731b6b6464cdda14dbdc321fd
step 9 47959a33a1a41368260a97dc11274c41822d57927232649b8cc8f94aa5c624a5
step 10 e69c0bef99683cf14134cb0131be37f6af741cc4d930edd847664dc392a3842a
step 11 56e81f171bcc55a6ff8345e692c0f86e5b48e01b996cadc001622fb5e363b421
root 56e81f171bcc55a6ff8345e692c0f86e5b48e01b996cadc001622fb5e363b421
msg 40
get a1ca6e null
get 354f4dd0624ab9f000f0b1424f76aeb00cf09e null
get 354f4df0624ab9f000f0b1424f76aeb00cf09e null
end
case random-34
step 1 87fdc474bfac6a6421e7ff6c29e18d10b5a4aa54b32c6f602a19412813469fc1
step 2 614f7466e81afdf3f3c8136f0c0c6be05e975e35b7db40cb92efeb49f381c604
step 3 87fdc474bfac6a6421e7ff6c29e18d10b5a4aa54b32c6f602a19412813469fc1
step 4 6fffa732a03c5383e3b0391fdffec0f08020f611b8a0f2e5d0a5152195b66b81
step 5 87fdc474bfac6a6421e7ff6c29e18d10b5a4aa54b32c6f602a19412813469fc1
step 6 c8a91df44800f32224dae97960d24125a7b5f08d85373d603d3e14a1ce27c484
step 7 31769b943c0be6d1ebad236b2895972a1415ce0ad4fe75520edc36872b30ee24
root 31769b943c0be6d1ebad236b2895972a1415ce0ad4fe75520edc36872b30ee24
msg 4f27700e076adb96c9f4cd54e750c82d8a64a96392a087f55c7070cef108d622f0897f162e0d0000211d502ff5dcadeda8ffd71d70e69d64bde166a3a24a8bc572de59c43fc45265c08fdfb161c26f4a68b9fc8e9f4e71e5ce02bebb
get 03b5 9b52505b20664748a6540b3512bc95cb517a0e3e6f811c729bec04108d4a3b3a7f
get faee56f6d47feb8eb8734eb25ef0b351d12545e2b96f 59c43fc452
get 0395 null
get - c08fdfb161c26f4a68b9fc8e9f4e71e5ce02bebb
end
case random-35
step 1 e020c4d0d2ff15ce3492e6332d00a14c49de05714708ea013f4458181fac7ada
step 2 73d561c84251a96669ac967cb2b806c57ea8bb46a6521b9b8566edd2466e1693
step 3 f661e374cacdd86f5759034d4bcbd8b30b2d43151b00740812f6b2e6c956710b
step 4 096b08696bd40d2359d3a0786bfbecccb57d640b4c1c92bc1525cc9728f3396d
step 5 10885fc36daa722d04e8965a8ffb78eb571e59a463607437f383521bffe29cbf
root 10885fc36daa722d04e8965a8ffb78eb571e59a463607437f383521bffe29cbf
msg 5c0000f90c3e4dd62acc37ceb492bbde36c4b27ec81b2249e0955d9725ac7866dd37f86735e203c868b0f31f3993b5af95439ff291c359f75000492be066d8e15e9fe7fd4d01
get 607ff68d45dfca null
get 0e81d7abfbcd84a841069474597fef46b9239e50 99ce72e58ba2dffb36abdb57d7c7343732c725a302d845121322cdd661005a01c4c3
get 607ff68c 0025dc0612853749a65f55c2e063f4704273edea6854792e69c5525ffb643012462e5ed7aee75a6c2ca60a45745a684d7a0af2292ae61fec4af378fcdb70b1f6
get 5dab65465396c0c5dc385371b5a8d64fe37ba4f9cd50030a0eee0bb8f9a5d7d8cee52d4bd4e51bb772467fc8a93556d82534 c3d9ea0d87
end
case random-36
step 1 d0cd4ad5348d1f7b955eb11f4ae41fd63681137792116544b3c58997d4cadbec
step 2 cd3baac6e6e95d7bc1b355b629d5417ab1f3d7ca861934bf166559c7c5a89692
step 3 aa3e84f2f884565bdb3d40adb72e8cd802dd0c856eac80bc5711b7fefad4b086
step 4 31f564cfd01d1b2d247d8c24a54a89523b50b3c6b1263af0e5431ce56cc467b3
step 5 eb33e28b7a59cb82dd74f2b09523c0d4cc7be98ba4fcee81ed43e2284125bfed
root eb33e28b7a59cb82dd74f2b09523c0d4cc7be98ba4fcee81ed43e2284125bfed
msg 683fbe190a1684be91c2812a34a704671af4b349a67e74c9ef13cb45f7b3644cbbd8017f9d6f925db1ed182d0a707ad1a98067f152924bd718dc07261c2b010a0c9a000064
get 40e43ecc e535e30b40732643c347716faf69f85b9573202a1662f80268cee34bea02c880
get 712ed2 de60
get 316d 4be7c59091647ebc79777f97
get - 8df785266f5a324a9dadceecbbd7f04856f1b154c109fabf6bd8997dd7746402243d5f93bd52508f9bf53a28ed7dd183905cdf8e2a2b6d4e1fd42537ec6e7f56382e3ca22969b6a5c11cda20c75868ded92b06bae8592f7494d7b1eefb3bce2cf267f4db
get 41e43ecc 5d41d3201d
end
case random-37
step 1 9b305cb468ec06e97e5f3f9a1a95c497fb67ff3932365fb6ed4afb02c12dc1a7
step 2 56e81f171bcc55a6ff8345e692c0f86e5b48e01b996cadc001622fb5e363b421
step 3 1cce7d7e34e366fc4201d0f4221999f662112e4e7d6ee647b590f140dbc344d8
step 4 25bbc5ed1a1d5f7a886eb9dbf799cb2b07277de9b2ff0c825e7fa323a9465303
step 5 7b8b839a5aca68362dcd85f089a5cf4de97c05aedaa36c1e356045d04aa3883b
step 6 56e81f171bcc55a6ff8345e692c0f86e5b48e01b996cadc001622fb5e363b421
root 56e81f171bcc55a6ff8345e692c0f86e5b48e01b996cadc001622fb5e363b421
msg 40
get 17ada7 null
get 137d622042 null
end
case random-38
step 1 7d0a6188f518b1a495b28ec5909e1024175a0b5e296628a960328a3e995dc5c4
root 7d0a6188f518b1a495b28ec5909e1024175a0b5e296628a960328a3e995dc5c4
msg 40569353a80c1be8828a8e30106b91df9f8edd22c4
get - 569353a80c1be8828a8e30106b91df9f8edd22c4
end
case random-39
step 1 1d28b39f020edc18fccd69e851da5a07c699a022f66572f178d3db21b025951e
step 2 1d28b39f020edc18fccd69e851da5a07c699a022f66572f178d3db21b025951e
step 3 56e81f171bcc55a6ff8345e692c0f86e5b48e01b996cadc001622fb5e363b421
step 4 c537becba203495f1d8d5d3cd11c37b9a046deb7436b506a26e1ce5e82c11ab0
step 5 c713abb80f1f09d5e67e0b055d76fc1c01981386c07ceb0f8f7ba03c523aa42f
step 6 a97e716f0efba747c2da49c329879979ede062b7144034842e9584eaaaaa7c2c
step 7 b526326c709e701051f99b3c7f7f2f2d0919f2c72d4a82ff477e294216b32bc6
step 8 96a3012c8a088743a989c61d7514b8d2c3cd6609a8b81e7dba8188296375f951
step 9 889a277997c628eebd31011a584e4164f05089c140a96c016ab7e9b19c1db8c8
step 10 c1520c173a8be352dda49da7bfeaeffbb6c29b4c07f6eccd6138904bdb6fc11a
step 11 747677bbd441a9a514d7f0113c7ad4194009ec9ea5b3dc75bc9e7a699e886335
step 12 7f9796e3e8e6a7405defd1b94fe4d918b4aef72d2e9725008e2f4503d8e01b7e
step 13 90cbcbb12dfe59bc8c1adb1a64aebf3bd4d572eb3bd68850bc2665d9cdae0832
step 14 2485ae6552ac19c02fe8234cbb6b2311f04438c23eb65b4e70a2886b86d53a14
step 15 f932dd22fdb853d1feacd800e33d6e9843296573b78528cb18200c3a26cad1d6
step 16 5850c2dd45bc6a171bd9574dfd71aa1cbf70d04d22a0788740e7989a0c9240f7
step 17 1a2177e807e71bf3353c007da1428328721d5f4be623f916133a740506dd9e27
step 18 d97dae0a2a8a332dbce86861a376a60a545cdadeba9393332fd230f6c4f9589a
step 19 feba2e03fc97685bec8d2d3c69596146b3f9e1d73e4aba0011b23557e401d3a1
step 20 feba2e03fc97685bec8d2d3c69596146b3f9e1d73e4aba0011b23557e401d3a1
step 21 b4c63c14b8141a626c7c0bfd00f60d021f0f50f2caf1e0fb2c3911a24cb2d247
step 22 b4c63c14b8141a626c7c0bfd00f60d021f0f50f2caf1e0fb2c3911a24cb2d247
step 23 18bc36579ecd406bd688b81e002cce8a89941dee4b1722971e34fe3a566f4848
root 18bc36579ecd406bd688b81e002cce8a89941dee4b1722971e34fe3a566f4848
msg 4c98efeb35414bfbb069e94a0849f15b9396e86e6d0c150d441d5f9d1baf2d43289164e6f7251085f127a71fc4444dba4ac6d5a2e0f42ec03714972a0294eabbd1fd4705
get 52faefa93b2e3702b7563e1322485bb77bbf704ffe8e453d4a2a4f16fe1c6c8e7335d30397564a5a938c8220c731328b null
get c0b1 42bb302b3296a7a92a6bec46a9b1912f44531be908715465d66361bc85d665f3
get 52fa 4805d64c580a760b7d1dd25576545571e749643036411b54c06c871a038592
get 12 8d45426e6d
get 8198ab1ad6a3700b0f3388975e9bc88b20d7eeedbe8f75891d1eb82e280b602adc47fc87103db6ad8984b5ec8b6b00f24276 c0469136556e758ede95f5e6
get 1211e6a803856284 83e43b
get fb a9e48b7092c777cbb299f312ca61f0e09d6d03abb7e18ef823e39a807c9fa821f30e0c67698625291b150a6273b922e55f128a949d5e71187c58dda0039be2054716c4c6a9b56a3a66ac4940c108748aa8b6a6c03e8f3c6a9d4847cd4645b651be80059dca839f2137e310f470fc42e568d6c6ec4439da2e911cdb3102f096b2bb4300aeaea0847a634db212b57de9f08a158fb16a602c62c0a128ca629f2749c6aa598464eb055889c7de21e7eba6dd3bbd8942761e637b488ef43479a5bdbdc53f07ab2d9df2ed0c700e5c51ce3cea205b53968730c6dc46d001d3ab8f865bfdedd74ef1d041fd548b7f80aaee63e718d1bc5403dae1a476782a2f3141621639
get d7448f764e819a8ddee35b5ae2f37f2f1225df670467395deaaaa71bfd4875037014cbcd3c08b9b96873c977b2bfdc7dbe2e1d 3c106b57a7713c383a7d0a9670a48578c9a097f4bb6f45606844a061c01941bde48eec7d128a900b496d1f8efdd1aad60f737329522f3350e8cac016c6b2358686b77d11a3ac9e0bf749d70ee261c0c86079213f8a7b6c9cdeaf516a60db4dc3e5feab7b
get 8cc30c00cb7f6cf0 83af
get 52faefa93b2e3722b7563e1322485bb77bbf704ffe8e453d4a2a4f16fe1c6c8e7335d30397564a5a938c8220c731328b ef133efca3bb985b14e78869c3e8c67a8e532d77aa91f21fc70450693b83bdc0bc
get 1215e6a803856284 null
get c824896b67a502d51d43fc943bff2e6a31b0974da9096038b3e2e2e77a9203b3ffa8b835fd24a7ee9627c413a6f8922bcdf43f 02c848c41481e4299bb369d52dc944d659515bb19a45a1492615234cbfc494cc1d65300e27f0199d
end
case random-40
step 1 ac29785e5cef18f05c243ea3efeda48fdf72e143433bdce27ab05fbe119abd98
step 2 29af34693cfc8d514e9e988254061f3bb26edba80315bc06cfea95ca80d8a4b6
step 3 6176100737a29e471c6523e21480336ee3555d2ab03ed206ab9a458d8b642888
step 4 9300790a513361bedc0cb5b0d2f9e9277806d34ba321fa8fa350a3bdb589056b
step 5 9300790a513361bedc0cb5b0d2f9e9277806d34ba321fa8fa350a3bdb589056b
root 9300790a513361bedc0cb5b0d2f9e9277806d34ba321fa8fa350a3bdb589056b
msg 4e1b503f8826389a96fa77a7c867a407f233d2d7c167b6491f3a75de18915acb7878a46d598f4016ae00b9eea158780afe8673fa6361862de92c851771fb
get 9aaedd 22ad4c7524
get 44131c4d4b7d3bd3e433d203f919e96be0b3db248f9d3aef 18
get 8e6d3bb5c900bd88bb2d89ce496cc786c5abf09dc20f44 8beaebf0befac44e9c1cff52a45ce3680cf6e1792a11d5253580d295b00ff159eccba68c2ab24977
get 818e 2b3b4d9ca56c6e950121091d
get 13ab2fe10f77e1e17b08badc82f82bf0f870cb017797bc89ca4557f968aa7dc9228916324bbf9961a6cb99496d5379 null
end
case random-41
step 1 790c2c7fda8c581c821eae9b1b16bf27ced9d7eab2bc026432aca0c2889b9c50
step 2 56e81f171bcc55a6ff8345e692c0f86e5b48e01b996cadc001622fb5e363b421
step 3 ce9b31c0cfd6cecdf6b3ca35c874725025dcacc4d3b873892af28842ba60c7cb
step 4 ebcafe9210420c422614d87ddf9ee1e503908dea6a3f597f90f6ed5a4fa3565f
root ebcafe9210420c422614d87ddf9ee1e503908dea6a3f597f90f6ed5a4fa3565f
msg 4d4a7d8f22d1b161ff8e83d427a5afdf258e7ab0ea393471ed2c9f4a23462a81ac225006e25ce363c1e1feddf7ee0d9c5dae7bcf03d3c3a007d4fd7a95ff693347aa66f483
get - null
get 0e151c65252b8b199bd2d3a576e99e56bea510687787f49602c74a7b41285885eccdcad72f0eee1d2c56ede975c3dd4a22f8bff50f0a4667b2601efd 37b1e131f22bfa1044318e327a184f15309d1d769cf58209465f185afa197d9d
get f1 5ce363c1e1feddf7ee0d9c5dae7bcf03d3c3a007d4fd7a95ff693347aa66f4
end
case random-42
step 1 a3887276b1bdd71ebc291c40521c55599a7602c62f613eced244ae3a98e66902
step 2 0cf80f6a207439e25815c1dfb1d1661d06a27ce467322de1aabd43fdcd7ed6aa
step 3 a3887276b1bdd71ebc291c40521c55599a7602c62f613eced244ae3a98e66902
root a3887276b1bdd71ebc291c40521c55599a7602c62f613eced244ae3a98e66902
msg 701788a66fde5761c415817dca2fb8027e4f82b04119b4657080882b8abe8994908c385244000021
get 88a66f 6b5707ff3a0d2af4cebc29b865bc41c78189371783e1fa00920745fa6d7096e673
get 4d7191a2 null
end
case random-43
step 1 0b2fd40060a6edabe1716aa5ec20a6a96de2b99313332a4d677e80d6556da779
step 2 ea1789712f2f72e7964ed534078080340b03edc488c6e7d2500738dcd8bc64e8
step 3 d375cdc147e6d26ff8d3606b09e6b7165a8faeb6a8a532a8c3c4d6ba7d81acc3
step 4 e664ccc9c61ac4b000c505055f28dcd319dde9fed7cd51e45c84639cd568455d
step 5 82a6ff8fef4512adec87a54110ce695da6dfffb23cd5c9d32f3594d3131fb3c1
step 6 10a17fa659d24d7d289636103615bcc747a08423798b434ca68a7fef9f232d8d
step 7 f45b6e390174b8e5a9a776a806ad983f88ad333479d6c8fa64d36c6fbd62bf10
step 8 3688b17b8cecf023f35f57fd4f9f386fbb0f999d3692034b82188dce904ef913
step 9 9ccf46d1d0e21960782c88546c0d88fba308ea53c8538cf08b269503f05d5cfd
step 10 30a5335b78456cfb10f10f740bcaead99362ae22c2da4c08dc11b114ca87394e
step 11 b3861321b4cd3b2aa160aed18e0bc532ee70acc275b0b1a7dadd7ec05eb0f70d
step 12 6ed4c52b91f6896923354b3d77511f1f3c44936a760f405f5543b43295d58d5b
step 13 8d4d593015575655deb16c9b1c5bdb7d16105876989600be8683a5bc6ab3fb72
root 8d4d593015575655deb16c9b1c5bdb7d16105876989600be8683a5bc6ab3fb72
msg 4c0a3b56cd1944e1bc8ad055c7a6656d207ce395426a1e953ff8d43d9aeacd0bbd89a5b92c03864daa914ae75b069f6cc4c7bad1dde74f9e477c88e87effb0e886fdaa02
get 2b518ba4d15e05ecb6e7553eb75b90a9aad4fa0b6529c7d30cabbeb6d2bc0285df99d9ee5dbf9d6507cca3c830a0e6fa null
get 69 null
get 940a42583912c1e60e3a96befe728993c0a2e0e093 000b913bf1e12d7252496681ce8499a2ba4035dfbea9f08e33ad20ea9e5e9899fb8ddb909663aa56b33b4b4ece44bcbf27516ea89bad112df4e98dcee718ec78
get 2da94b7127df74841bb62ab8aec014c9a7f3b93933 cff40ca5341fc9afbff826c1eb03ce8907ae93c96fd0ef70d3c460179ecd40
get 940a42583912c1f60e3a96befe728993c0a2e0e093 27bf
get be959d997672235a4fd39229efe620ff824ffe89fffef0442c6072e714139cba67c4621e6e0abec5041f2e069792efeeb8f2615ff435e053d0207abb3bbf6d 050b562407490107fa938cb61e2c6de741596b95766921d661fd462b85d8039be7a46319c6dd15fedd0c0df10125447d7c3c009c7dd168655eabe39fd0371821d23577de1984a3f755521869b58692291bd0cdd104aec859d1da9991a6e8bb95e8e0e51f1e6ce7c7ae5352ba154c7284cee40f7778140520ac5c30ebe78aa55f874cd2932475e4208e3d258206be5bee4a6c4fb36114362dc07b141197aab775b17823b2e09825f1ca5e891b09ce0d6b3c7a7ed102750d760d13f62935d21e272eb7c9d3e57bf6032553b342496bd041a203298c61d0e593d2f409c4b1415b91d6e84ebea2434f2b37613a31ed4ff5dee7891745ec265e37d277ffc0fc046aa627
end
case random-44
step 1 ee2e8a7cef3079985c8332b82d8bcc60e72054e95a6420107801d4784af1258d
step 2 ee2e8a7cef3079985c8332b82d8bcc60e72054e95a6420107801d4784af1258d
step 3 fabbb006fb6af5daa6cfec12e5782cf404fccc56d477a8106ea4c34406cc34b5
root fabbb006fb6af5daa6cfec12e5782cf404fccc56d477a8106ea4c34406cc34b5
msg 4c46c8da1a328b826777a58622e8eb5b8fbe0420af537ccb89b3673514f0edecb3aa9fbc3d1efbf747c7c0448d3287dc78893b8623f7b1ea8998db0ab43b9c80246f
get 4fb485c262411cf6ead3b3e1c7f3be12ce6e42d348c4d932e31f27fc88e1ee224419bc8cda5cc176534f3d5e2b0cf28b957ffa81cfc61736cd3443d8 91
get 944e941bd96c5d8565be45c299efee4eb29813a2db51 null
get baa9cf0a8530c417416c02372908bcbb4cfcdabd93299c 4ea958fb98f75bffdcc1e37d8b5fc7d63bda28b5
end
case random-45
step 1 564562b671cede7892f96c27317f37a2f435e345cf5f95ab5907849b5ecbaf1a
step 2 56e81f171bcc55a6ff8345e692c0f86e5b48e01b996cadc001622fb5e363b421
step 3 bbeb4f9510b120484269c4998b3e5e90bb7a914390f72e490c1e2cea07d7fb49
step 4 9f35e21b9065ecc780313c426cd94d771fed20022bb4bef3f77d699c716d38ea
step 5 3af1747f5d530a3676dc8a222b03c4b55428ad48cb7cbf64fb07302d6c91b399
step 6 56914fa3cf217d4527f02f1d478ea8a4151f4e4aec1ccd4d5449fc5056e5c653
step 7 702b524ea6235080f2889d9e100fc435703a45f05b49ebe9a72f5dbc4e585b67
step 8 51b6e5f3c169b3bc16b8ccbf7bbb0bf78f6577ccd9b6d226d60fb2ff73aca558
step 9 27c53732ede474101c64de1fd6a9ff0a854f2c9530e7c05bb8b1db5300a5b587
root 27c53732ede474101c64de1fd6a9ff0a854f2c9530e7c05bb8b1db5300a5b587
msg 6d9769307c856683e4d69d5b5ceafdf7ebcbd6e2d74151391ac60bdbcd76e84baa07500e62eea74fa0d5576c45e2618d0c6a515ce7a1dd8d9bf6f83ee8b39b5ca1b75bb13c23436764d2000021
get ec2104fc1eb6649a32e742cb77aab536c6409ebffeb6280f7b9dd3766d1de84a79a95d343de8e02c null
get - e2b49936098d61b8b8a8c93c13eca397d7c5595c263977eee1139628e0a97a125d
get b177 a74fa0
get 3b509f 418e4fd4efc9721b6d5adf5c13695c54fe810e6e
get 4d7947e279b344e228bfa50e32ccc8a7b86a31 e9e4cded84d39da2710c59c546a1600202956479c56552b044fefafa3816d9eb7aa0906f1ac427996d05757efed2cebe8b5de0fa5cefe804288337e09a7a233a
end
case random-46
step 1 6ecfbebb45743ac5811b0b5066cf53b57d632f6f8b8bbcc731d20002dd77fd0b
step 2 56e81f171bcc55a6ff8345e692c0f86e5b48e01b996cadc001622fb5e363b421
step 3 d760ae35a7c99025955722052b061af61584e5e8ed37c30247df63278d82e9cf
step 4 f3bb3eea4e7710554dc13f5f460add1e421d50de35e669810259726b825f393f
step 5 4ee05c1cdeaf794946c4a52baad9598f57373d2286de1058a9e46ce46ed67e03
step 6 0b8b9c0203411bd8b643559fd13440697abd2862b3621d23069259217d5c4edc
step 7 43fe00adfbad22be97e60152bc3a214d1ca7b8e7a69fadb58e93828372b18e8b
step 8 053d0c396bad33e1449e94583e192a9dfdd3275811030de2e48a0cdb28f87d65
step 9 69e13106f34909eadb07637f96fd0f8e60e20f3cfed1389298581fecc86edaf8
step 10 d760ae35a7c99025955722052b061af61584e5e8ed37c30247df63278d82e9cf
step 11 56e81f171bcc55a6ff8345e692c0f86e5b48e01b996cadc001622fb5e363b421
step 12 f5fbe7b9ff2ee7c21e87aa9dc7d27bb76183f072b41b60ed8a3992f8fd64e5f8
step 13 1d4420265ec40bbdaebb9e2d50bc63897c36fb95f7cfd67132574f93f27d141f
step 14 1b16a6c5a6744d909c9d62026eaa56b543ea4eabfbe8ae35b754c0677ad74adf
step 15 c4c7d90f06077b00f53f3407d92237d0da3212d25ca9d6aef59017d0877b9a8b
root c4c7d90f06077b00f53f3407d92237d0da3212d25ca9d6aef59017d0877b9a8b
msg 4e245016045f92142df2cbad571f8fa8467dd7c835a45e3f98f913841a0dc1de61ba03d1e60306a2d5f1067de017077bb6bdfc6ea28c0cb4adb4de9aad0fdaf3b830fbab085ffdf301
get 94c12566dc43604919d98266a6edf7f46c5e3938e51ade988a92f7a61dad3985e26bd4a67e92dfcdc98c586da786afab 7abee95f0bc6d9a759606944e8241f0724f747fae7530b5b5263a81c38116957
get 022fc9 142df2cbad571f8fa8467dd7c835a45e3f98f913841a0dc1de61ba03d1e603
get 600b3ab6 null
get e1eab7b09c null
get 94c12546dc43604919d98266a6edf7f46c5e3938e51ade988a92f7a61dad3985e26bd4a67e92dfcdc98c586da786afab null
get c147d49eef281a3dcc73321893fad9403332a4b428c873 2329d1eddcf8552339bb28c2204b58dfbf9d7656ac6c88d74c0e99e7a71575ae3143a034ff43f1635f3ac24c54fafe9b4f5968bfdedb68449872a8611677bafb
get 94c12546dc43604919d98266a6edf7f46c5e3938e51ade 7ee4dd5a0305ce90dd45cf80faffe506ef9a5a1b8045e354de90bab59ff8bc9c0559e5207cde0c53f3a9a30bd82f7ae8bd6a86cc5419811280dce148fdf46603
end
case random-47
step 1 b4b23d5e0fc123862cbeeadaa1263ef2994f36898bcec9134301344ec9606e08
step 2 451083d71242536ec34d282b0f0e77bd7b7a5b7416fef41c0f8abe2f86da0318
step 3 bfcd97f40afbed82e57e434166f709d06c34e1f14da72c74c759e58795ee30fd
step 4 54e2d849ddfbaec740f65603a9058bfdac2776ac16602e63368a209706b5c3f0
step 5 bfcd97f40afbed82e57e434166f709d06c34e1f14da72c74c759e58795ee30fd
step 6 451083d71242536ec34d282b0f0e77bd7b7a5b7416fef41c0f8abe2f86da0318
root 451083d71242536ec34d282b0f0e77bd7b7a5b7416fef41c0f8abe2f86da0318
msg 4dd725ccd41ef70fe89a45dcc83dd8bb8d3f66ba57c8f264583e65edb3114581ef08501647335202abb063
get 11c5f208b67794e7be3587c694d44c8edac4074a0a 0a091eff36dfbe6441c8482da9e535cd0bb3d8d8d054603e3b76367446c22c7d6a
get a399a9 02abb0
get 01e2c4bc1e30b1659203ee493cd73e33810f81a40549d2a320db725ef06d36b5750c61d364500a6a85a7e52a93998823c7c72a44504d50f0998682b5 null
get 804d6fb49734f3069d31ef113f0e78e5195184c77a632d1bbb801a0eb9ba25a6526d82ff6ae5b036da312c80463350c0fc5bd0cdcd021205b587b705 null
end
case random-48
step 1 1dc8f4387de18352608da79728249de706c6b4676124bd596600ccaae153859d
step 2 50ce1d554b0f2871e4b07a57549d07dcdad6acfbb5de30ad6733a314cb0030b4
step 3 ca407e6106ef017cbf70e52a0a0199347955351f919d953c3c79615ac3f0d00c
step 4 51d6ed56036450d5d09d3d212a58287b995ab5c4e35ba7bcb6250d43c36b54cf
root 51d6ed56036450d5d09d3d212a58287b995ab5c4e35ba7bcb6250d43c36b54cf
msg 4c82a9d1e0ab8d85f9b03fee53d441ce7df059b9dd1808ea09b0448cc66e09669b3b0c488ef3102448ac0068c5787d7b2d5496418bec0e2d97314ce90cc659ffa4fd6701
get 948b ac19bd412ff300962faebb319eddfe7f0a4dc971
get f57cb4b565 ebb26b0258a7b3b25042dae1c1587605b5abb843dbb431ac1f5795603abf83864e
get 228afd6d77dba87d33e33a30d88543235ec67a225b457f842819a9e784b0be35431145304f77412a9d16bb1a2201da2f 855fd8d5fdd1ff2dd18f8575fa9a5608e86fbcffd89bdcb3e8799d52befd2040c8b4e4e55b7d020ed1bcfe57dbfb1b85519cef07fcb128e03c6a6f7a34d2d0535da0f0287daf762813c6598cd370571e68c0afc29a6425e436f317d4c6d57329e38254b9
end
case random-49
step 1 cc72e075ce7d2f6b15192e5f267468ea63feda608ef4ec2634edb1de60079eea
step 2 e2a40ed75d84aa9965b11d4f7ad26b17c95d5c66275ce96bf951177517cfc3d3
step 3 0f7df6e4549071ddaa73b65e5d2632090ba361737b803db0fc6d81d8dc29df62
step 4 f0381e986e5f80504abae7f004a7969f5eb6ff702aaa8b42b264f5f4b72558fe
step 5 707266ac3be647aae4dcc152253a71298a5332f6b97e5818c894f035883e3ceb
step 6 9a3aedb81793eaeebde653d9c0d6502dd212241d17be5c26eece85f673a7ce1c
step 7 bfebbef8b7717c4bce1d693c1491170b42f0fb198d298c5e0bb11453db2dd17b
step 8 7bca20f2e63c5655a670a5adcc0d180da29044781193d4fbc3c5f856f55c5a42
step 9 49a29c6104d144da2029eb777dad823e91bc5cfca39462a3b039ef791685a505
step 10 49a29c6104d144da2029eb777dad823e91bc5cfca39462a3b039ef791685a505
step 11 298c4fc8b253ec95e93a32a8283f842ae1a5a3ff0ef6e93cb065c20f1e78529c
step 12 56e81f171bcc55a6ff8345e692c0f86e5b48e01b996cadc001622fb5e363b421
step 13 0b79a272495a2be60df28694c2bc8b785664a7640f318abe706b6317bb580812
step 14 50d4b1022f1145b1d3e55d388c393f131177bdefa53d03c1ec6ec4bf8bcbce75
root 50d4b1022f1145b1d3e55d388c393f131177bdefa53d03c1ec6ec4bf8bcbce75
msg 4c5ea1a6072006c12c3d8606812ee8d602bce8b4742573f67fafb456629f6de60c76b71b0a3decd1ac19565f8c4d01afc459a57f5584a25127b0ebf82c106a9faacd
get 0e91ddff0d297c81765ee05314738eed932216cd00899084e051e851dfd6d11551c2870db0c7dd9f0e06ccae3e51d5f6cffe b1efb283caffb5773fc3aa724668c2ff4a1651c1338a1fe4d45cd0ca444bcde3
get 0e91ddff0d297c83765ee05314738eed932216cd00899084e051e851dfd6d11551c2870db0c7dd9f0e06ccae3e51d5f6cffe null
get a6b49c9466c5c03c9cb4f6c4c9307d21cac360aa1340ca25e0537e24c2975353e6e77b8e6a9c4d2fedb128c30dcf6b 0574188db7954ef7e90a6ad5a7e9a6c53596801b5d2a267893f450f72a499ca3a3b9
end
case random-50
step 1 3fda48b08d6e31180868266fcf4f100cbc96b6f01f4d5c2b2947102d7847e8e2
step 2 56e81f171bcc55a6ff8345e692c0f86e5b48e01b996cadc001622fb5e363b421
step 3 db8a8e41d2d8d981c9b4a1f4957efd47ad4fdcf5f5364ce0e4e38a717f0b5a96
step 4 b49ce1c9a1d74308df274e8bcf6ec95d3979bb074e6b12bb704310d06988cf17
step 5 23b98a4640e9d3cf83b78785b137785bb63be955c2086834a11847c98cce578a
step 6 bbc7b73cc0ab161cc5484be3fa72f78ddba236803db46b6dfc2da4dce061e192
step 7 355f1af8f0b72942971b979b1f120dc86fd23015465d29876e60db4c1102e766
step 8 6c801c56a8e24cc42ca23bea09e7e7a0dcc1e92cc567afe204e2dc9df35cc8a3
step 9 89b3290a4aa0d2be2b9cd001259c18f61ae6f991a15d1afc913bbda1665b7da3
step 10 8b570f35d9813cb0054644904d8317cf11808db4aedee61d313d7bf32a7416c6
step 11 6d73372eed8e39fe899e5b49a2446d6299027384f4135162918f0811deaa5127
step 12 3858c3a363b2a33c4e6625ca9836003e711c9e99acb7d66abbce128c8500b0a8
step 13 308084674e8fb08b5cb71acfae61cf5f8c3c2a8730c552044f6a030399387f26
step 14 96f3855ec7ae2c353a4be1f8dc5ea92b644610a84a30146be9e8efb8be8da42f
root 96f3855ec7ae2c353a4be1f8dc5ea92b644610a84a30146be9e8efb8be8da42f
msg 6445106800e847b69c4de8ffbeba9c0ec4fc32974269d489f088db994ad320eb924bc9534ef30390a670874326dfad40636e3431ef17f46afd52cdb5a988909b391f000101
get 9d66f72c549bfe15d340b71f9806884369decc6271 null
get a18b8a295a2296472b95e611c31950deba7cf432b4407ffb8ce07022116bf9d591aad6d70348357c46 null
get 614de33c18cdef null
get a18b8a295a2296472b95e611c31850deba7cf432b4407ffb8ce07022116bf9d591aad6d70348357c46 d06eccfec7c014bb25a0b3a6ce1431d2e4ec5d78ca87c6aa89cd3a0650d81c0c
get - 615e3ae36c5450fd22d5fef5873e19e8dc84092edcf9360872073dd9f4ef136ede9012b22903b75a499ff250c8725cc467f23512998506a15c913b7e69a1d7d5ea135c462bed05859cabc37e0eade209b9baa5e736b7d9b6d9d23e3b8bc19f5bb1b714e4669fed3b395eafe3e4df8ded5c2a33dce7c72aa0926a1d7112ad1deafccb4e0530af5b7144cde9bb589d3f5296467a61cadbdc9b005192aa2f634bf485662c6a7be0492c31c122c40fbc63078e69b6e142d9fc9a1da9f75546571d956e8ee98d332ecc0e5790bc725530c0b89ca16ac38dc69ed200dfa28619bd3a5b42368d59f73af48088cdba97731495b32eae1ea83f5e699d4ab8d1237e3251790a
end
case random-51
step 1 5d4b6e67561432c825707be68102b4e28cdf359b7a8120b53158493f8b5aa32b
step 2 d03fc3d3d8bbd27f961f2ecb5b425d083712f18bff2216b02aa3066392e9c205
step 3 5d4b6e67561432c825707be68102b4e28cdf359b7a8120b53158493f8b5aa32b
root 5d4b6e67561432c825707be68102b4e28cdf359b7a8120b53158493f8b5aa32b
msg 50ff28bce7630e3c72
get bce7630e3c 72
get 7c5e66f2c69c99323f268037ac3e144d8bfbf81655358edcaa4f1c6e9ffb1083f777aa43658063af null
end
case random-52
step 1 3832e4e2839622935c61ed8e27b7f4be3dd6efb7f4a399d08b786381da96cd64
step 2 acf5474f48572aa33c3bb8395ccd76aecd14dddc5c668e6e1a45ccc4dbe2bb93
step 3 5b99b8d6ec5b5926af45df223a18e67e96ce58fcff58e593b1e461eb0b18a663
step 4 2446fb84c36cca9da9cc8285296d5c9e94a330fc6f08bc5a72b1c7957652ef41
step 5 776243bc3fbd9713b505be0d828ac5e0308025332830a79f69b881f54aee42a8
step 6 4ba9c34c66a2d8d2c466477e56f1077bfd7b939126884fa2ecdad8bf63da0d21
step 7 425a1cc3c45754e33f11f5f6c6355943369ed76bba3db81ff9d3417ec76c6021
step 8 b908e6002ff1812992ca3fbdac493472517944a738c65f4770481e9caeda1764
step 9 cee45db0e0e933a3684d631ead60029860ae5e4a49adff80b338ee1858d3a89f
step 10 be3f15d234939e26712194afd5aad53c4fd1e2eb30903179a885c363cd64c97e
step 11 e7b7c03d8089241e110255e2a26465f48358e0eb15c008cf2fec711c90664ec9
step 12 a0f3de5475e3d1d9734ae9e2b549555be99e2928ce2937633fed189c4c1149d1
step 13 f19c4b4bb0969e836ddec55af25d5f53605073bdf75930b148b8874ebc2f4618
step 14 2dc14c5f3c18ebf53aca3d77ee3dab18d02b1028f2e6eb01a18fd72016611b80
step 15 23c26c0495d70e7b1e8ca2418ed11c806c3cdad4b80d1cdda4a820575da44b48
step 16 5cd4564bd9717d543f125a91935aaaa3e259bcc7fec64ca57778acfb05e3c025
step 17 f76cd13d25c0516a6c2575cde7c571e01744fcdebf2ad534edb6083605353e80
root f76cd13d25c0516a6c2575cde7c571e01744fcdebf2ad534edb6083605353e80
msg 4e19501651790ad2e52ecac27e8a97f1e06046bdb23db9c1734ea0c2346929e4dfbb977a70f0d78ce979941800ca2ca41b9e215782420fec35c890fdbc02
get d8a7f39c46a3b888af1e4c8ae38fff82ea3f150a9e0a5166672c76a83f9d8fe2b95baea81024077206aab6 null
get 972b9b92ea6e9ede5388e495a10ed522417ea0c58f41edb60aa1ab6f83f4b2091edc7a166cd339957ce7c44fd3114cde15da6359928c763d4253198d null
get fc c74e0096d3
get d8a7f39c46a3b888af1e4c8ae38fff82ea3f150a9e0a5166672c76a83f9d8ee2b95baea81024077206aab6 70c3adf660a38680f9106c4063c3962fdf5144c130a28f6c8a6152753333c8b5a16c24aa4c5bd44a6bf4e3ee4a2216bfb8e408d638f9840cfe52e566d1d1eda08bde96503a3b6029ced898374985f409543ac891fc6df40badccedfdb545f6dbb8462aa9e7893880f44bdf69a258fdbb222597859f9005416380d3927e1fd504ed62389b2efd1af2fd5b417cd43cf75fc25a22cc500a82f1037aef5f57882fe3743c61b8763fbc48b9f42ebe9340e39fcd8a66eeea5677a8966183f2341991c1b488b0fc3c7b6f33dc2f62799d2ca49c8bed88da0e09f12df08c934d10c5dd57c02d9916886806267d759a1a09175c42e717ecd519012cc0cd8ae05cbd95990e66
get 972b9b92ea6e9ede5388e495a10ed522417ea0c58f41edb20aa1ab6f83f4b2091edc7a166cd339957ce7c44fd3114cde15da6359928c763d4253198d cdcdeeaf84b68ec58e2f484f391e94edbac5bc71c78a89a442efe1208562ca
get 28bc85 d2e52ecac27e8a97f1e06046bdb23db9c1734ea0
get 9af6345d02e45000b900c4fad6a6c59f997941 210dc5c29229bf06c808dc5f62661c799ec0994f
end
case random-53
step 1 96111bc7e9e653d34266ea9559159f051cafcd3e85a10fa1bc8e8d2455f4c2e0
step 2 96111bc7e9e653d34266ea9559159f051cafcd3e85a10fa1bc8e8d2455f4c2e0
step 3 6c4f0c604558691ad1739a8d81fa04dd5ae7aff44ac651dcec54a41ff1c2574d
step 4 6f002c0b1cbb2cf89096366720875d00d73271cbfa9572ecd42cc3b2109702db
step 5 9dfe28eadf130d63db2215a185dde8fe7bbafe461da4e49b4e25807f98faeecb
step 6 8010103654ae4db3274f644ba653830ae449cd040de5395281b5f796931a2cf8
step 7 9dfe28eadf130d63db2215a185dde8fe7bbafe461da4e49b4e25807f98faeecb
step 8 90a27a0eb0c5312bd01d102f2d157c13247465a305ddff803df0d9105c22837a
step 9 16a824c293bbf66cc8683f842f9a68ef30b168db1451900d686b4918fc872472
step 10 8f9f377f7da42bd0216801a68c4c76ab4e85e0d63b18ddb25777b63f78f7da38
step 11 a498b65ed985195c67fe68a9677be9dc6a04c9bffa1e730b70792db007c01459
step 12 d518772f091fe280a5cac692f3cebbc2cfa42226e8668d297c4dc8619310e138
step 13 b2e07ef15166923feeba33a1873cf86960f66caca99396e7bb36219d5ad63e62
step 14 1713d5fbb227383c1f46c2c6a4a00c2301514524415fea85fa9d4f71cfa0fc9f
step 15 0045a7a60afed437175c4e46b9f02e311c119db65432a369c7634df75d35c8ee
step 16 0199452fb316193193b80ee126f1fa860ac2da9e755205e249d9a001b3c4434b
step 17 388c9b0a70da08b2fcd0db2f43546227b7656d23dbb4479ef71236f50d861127
step 18 99f7d9fb11b9dd8ece82f6fb93fd777ea38ed8ac9501743b1fec8e8b4244702e
step 19 6f2852d6829423211f278e3402d881afcd94e19fad7227357a7658a214788e87
step 20 b3fec47ee2c6beab43beb7b3ecb2f20d56a4abc59a19c47d1a6226a4ba284be7
root b3fec47ee2c6beab43beb7b3ecb2f20d56a4abc59a19c47d1a6226a4ba284be7
msg 5c01c020589ba4ce20ec46e88c1202d0309fdab6f3383913734099e748a09f5aa966101b46c35b0444d1a589a2d9c4b0c1666bd5ee5d46017430803496b22608645cdd6d
get fbe80bf1f313c2f31dcd6b1ed5d51783303d2987 a2021ac974fb4d511d41f8104131d4e8c3378682e2b1a19bf49e7f6877eb4c
get fb680bf1f313c2f31dcd6b1ed5d51783303d298759 null
get fbe80bf1f313c2f31dcd6b1ed5d51783303d298759 null
get d0e7529fc7dd6827ab4d5b7ffa211453efc19faf0046b3151728097c4c17a2ead228866785503073893661581ce1239d 483822de52
end
case random-54
step 1 09cecbccfd735a98774175a689e498900e8aba0b04b5b36ed06f95678fcf1029
step 2 56e81f171bcc55a6ff8345e692c0f86e5b48e01b996cadc001622fb5e363b421
step 3 b8e96d30019198f34d6675ad134a5c5980acebce1a3e7438ac763e5649a3348e
step 4 6ca178a112f5c2bcfa72ca82f886b0bceffec04a7236704d83b110c185d6febd
step 5 8af1c3cd1b4c5a8dfb53034b489da100e936d60f132d79b5d2dfc25a179a6a17
step 6 c4f4a882b570ad87227abbeb92039fff7f88e54ea7c66b442bbd3ead0388eb17
step 7 4a8b2841f6150568f19d60df4d302f47b360ec6258abecefa85e4e4f7af15377
step 8 4a62fd838a0291b2aa7ed5b7615ff81b8c41be33748c76a6e28e0764ae019da7
step 9 64d507eec554bd8db836b7e31526f2f4a35f18dce8509d9998ede1fefdd36728
step 10 500dcdd15fc8a375f2b48019bd86c32cd70132da8ea92cdfbb649cf2b7a04600
step 11 dacc69fd766c95dc99e468dd8143f33106b3ac5c18182dcc9272071c712ac349
step 12 e9d24b6e7a5d415bca8f26b831d64fd3039d4c92297bd8c01b55f15463899607
step 13 7cd1b6703465540da5ece407935e152b74ae6d490a455d35136472122926a5c3
step 14 d6cb17b9a4fd1afd31f371f83040b3074a09f2e78c3407366dfd25c44a21032a
step 15 f1b430dd2ad61334b63935a24040ab5f2fc1f2a5d0bdbf6e4b139ed8c94b9bef
step 16 244a72b30da4d492b2be4c2bf097cc7e6c7d01aeaf313f630329899a5f9ccca4
step 17 387f27d1f5ac62daea564c54e969654ba5b8bff2aac5ecb5dd5fb73128ae72f6
step 18 072f67837180a2a9929d75e7a89c9427b64d7af410030b94b1d4c95ded17512f
step 19 3f25d3f53f3870c0120ba085dc86c64dc86344fe8063c1180a4523dea3a2d571
step 20 8833e75df5fd4d19c0c5fd54766ab529d9931be4f86c1fb14c758ccf8e044291
step 21 0371119aee318ffdddfb6a91458059300fb9314ea36d866f9988d2c00aaa3721
root 0371119aee318ffdddfb6a91458059300fb9314ea36d866f9988d2c00aaa3721
msg 4e1a502f391b8ccf82820f5d26a144b1c9594ea21db6e9c844bab49df1bd1afae04e2766ac04d1f9e8fb0fdc8886fde9be706ccfbdb031a195d13bcafdc101
get 8ef1f4cbfa41dfa0bebc07eb33c608d9fb051858 972234f4254b777a929fd551aaebfd42a29293c595ba5aea2fa9dbce70060fef9ae13546ee010c8d88ce963700826b09866089931ac6b02b34cbe8d18f280878
get 1c8dc667c14107ae9350a258e4aca7510edb74e4225d b49d
get 9f25dcd7ff59bb94fd0b6415c659d8b532619baabd1f74d90a001a23845aaf19462ebca73ea9f323b53d99 e781855f32d934ab912e1fa6d5030f4af2646044af5a789f3ac970bf28bf1b2f
get 8ef1f4cbfa61dfa0bebc07eb33c608d9fb051858 993644dfc13752dc78c1d19e4e4fe4bdf34c70c353ec6747866f87931b80b7c7a1
get 3186e039ceb72b5d377c6577e7cfaf7a4da1b45f null
end
case random-55
step 1 708a518860ecca64b3baefe08d795efdccf10931a23e54a92e56a6123b5e211f
step 2 56e81f171bcc55a6ff8345e692c0f86e5b48e01b996cadc001622fb5e363b421
step 3 a8c006effdcef797ad64571383229cf08a679ce633770f4aef2ba939abae2141
step 4 286f07bbfe407e802ef3367b22307cab7768fa8dd6ee99987280545bba4b4dff
step 5 a8c006effdcef797ad64571383229cf08a679ce633770f4aef2ba939abae2141
step 6 a8c006effdcef797ad64571383229cf08a679ce633770f4aef2ba939abae2141
step 7 56e81f171bcc55a6ff8345e692c0f86e5b48e01b996cadc001622fb5e363b421
step 8 22797fd1fbf46d9b79087144c856c510584cce6b52b84550f89e9f649edce057
step 9 56e81f171bcc55a6ff8345e692c0f86e5b48e01b996cadc001622fb5e363b421
root 56e81f171bcc55a6ff8345e692c0f86e5b48e01b996cadc001622fb5e363b421
msg 40
get b94acb393ed20fbe6ca1748e28cb4d2618dfa696f028428b9d973c8b null
get b94acb393ed20fbe6ca1748e28cb4d2618dfa696f028428b9d973c8b0294a03d384134c62c4962a192f71d4bfaeef517 null
get 4c61f2a62b49c05236e68477213f868d020fe0aa52 null
get 85c54a35 null
end
case random-56
step 1 9eecb1d0d72b642b4e35a41896ffaf0ed8d25578a60fb1c815281e6b7a21221b
root 9eecb1d0d72b642b4e35a41896ffaf0ed8d25578a60fb1c815281e6b7a21221b
msg 70fffd98013ec19917d6864e205c8317a7859d083b2b24ee365d0389f76c431fd29656955aa6fdfe8b755467c9ba2757bc35442b6417d3dadc5472b990dea497f34fb72be879bbde0358bcaf42850b33fb2f13ca6640d6d0000021
get 3ec19917d6864e205c8317a7859d083b2b24ee365d0389f76c431fd29656955aa6fdfe8b755467c9ba2757bc35442b6417d3da b4c484b59755383d5a3ad5e11a79017212c66c9bd2ff015a68b26d24edb77345e3
end
case random-57
step 1 519c8f4d62c7dc87f0a0476d03577cd3f958291dcc8440a1fe5c1d49f12bc537
step 2 5387bdf4933e8da4c46fb6738e0657ab29f91f685c1d00e118429fd9d810bdd2
step 3 0cd7475a12988a6b2aa4aa7a2a146126a0d603224726a936bc84e2182428e796
step 4 1fc8fa2e57c5ca37c6374f3f613a009d80a3b66566531ecd0c94108f5d525e6c
step 5 e365fc2de1880d6c12937df80d0fd0f78b2dbd84e201109464fafef2b5a8f18c
step 6 db4d789efd1e9ad23b7f3df2d316420b1259d1185d8f4fca69eca5308790720f
step 7 3173dd3968a7e1bf8adba67ce102ae08485b11ecbed81c3e9dc864a63581d6e9
root 3173dd3968a7e1bf8adba67ce102ae08485b11ecbed81c3e9dc864a63581d6e9
msg 4cc2e4d392e72b102df95a43331c38d7d6b23485b2f0a71ab0c76b0cde35af447f973fff374f22611de2d4d7f17cf36f05bb41d6fb6c07a4b9ed74c0c045a74cedf3
get 1228f919c44c03dd1a90c422430069548fee88da7fb3 85b8f8f47b2c672288edd8d9737ccfb4d5e28fff6b7b31284e8ce3a60aba474c0ba30f9cad44971a
get 87b617b39801a2658307ef805ac51a54f6938bab496c153c385c26a01b7d436ee958197c90169f24a14d28378e8af513 cfdb6c
get 87b617b39801a2658307ef805ac51a54f6938bab496c153c385c26a01b7d436ee958197c90169f24a14d28379e8af513 null
get debf45a49a 25d814b4f3ec12381097d4248755904eca48c7ba
end
case random-58
step 1 4928278035a1f895ca124d95cb5eb7310f23a8bbdf1efa2013983e36992f8484
step 2 56e81f171bcc55a6ff8345e692c0f86e5b48e01b996cadc001622fb5e363b421
step 3 fe77d9aa5794f38cdcacb021e667ed1908756ea8c84c157c0cca97703bef889d
step 4 56e81f171bcc55a6ff8345e692c0f86e5b48e01b996cadc001622fb5e363b421
step 5 c8ba4eee1da108546aff9c7911db07fe8756ca4bbc307c83db8b9d7d3a5fb595
step 6 e78fe9f2a67a80dde2bb6bac522d3594b3042c83876677d257795b0abba9d3a6
step 7 c08eba05f00494df177e0adef5fc51d50ba109246d12dc9a9f0ccfce25a6d7f9
step 8 0d9e575cea1b31aa1c7d7f16005093f6894890776cc1dc4112e4cff0b2951aed
step 9 89cfd94fb24f2202b94834fb55c110b3d71267111ad51d6ae553eebb0a02bbf1
step 10 ae2d670a07a6e3560c9f1026a7b05d92542326bc68ef62cdd499c2694bed419f
step 11 27ea7d92a72c62b7a68b0deef89fb77d0e2743f37dcc0dece83b6e626d51512c
root 27ea7d92a72c62b7a68b0deef89fb77d0e2743f37dcc0dece83b6e626d51512c
msg 4c1bfe5d6eb27012dd6a1badd4329483a5d00306521c19d50707d93397b5a6cf132f79b69249e8b62ddb0a04eea69d800d101988436a066b0fabd652d13a2906cefd4e02
get 9c6d 01003b8149a36484922d50b11de2d4b2b0761e2c6d9c8e6d635c2ae5622ce14e6d
get 67d99e null
get fcfbe05995b450 null
get aa2f1c6804cedf47c1ccb6d56b67a7443b30f8e6db62 afb7f41780c386b59f09bd759e68ff1a9e14c32108dc1a7b3b08e1fc5ca56fc7c9
get 67b8cff02f7a4f 64974963dd077ef2558fa2c7545ea06cdd705865a4b904fd06321b94775ef9
get 67b8cff82f7a4f a0fde07fde6366bfc915a88ddf96c9b8949ffc03bc1091eacbd3650bc7e344eb
get c000591216973714741562a277e49f730be6d4892814a47ba72d0997bc3937a7faa1f16830ad3539b13418ff0ed708f1 b8a089d9a2430c4bb4fc25f01e5b4070ca214319f40e535617f03a9d2235f8ce285c391b6115aa1c
end
case random-59
step 1 d01222b6909fdf4ac8f1e60ef40791b171af314c301e8a715d4ccc51cea6dccf
step 2 150e5faa380216b329d760fa38a0ea0fbdb686c903302bb179dc5aa3ded81306
step 3 ea2eea01a3d082777c51a268fbc80f679ce7e19a1dca1c984adc02d14decdfbc
step 4 bd42e9909ac66e602aec30ab98848b9d11dae083a40fafea064c387a495e41d3
step 5 6651aa578cc956b42d7bb6797cf5606486af90947c2d5f0a5e736d602d61db65
step 6 3765f2e1f7eecc7eba2a3162d8f61a4512db1a729371a6261c2313e09e850f34
step 7 6651aa578cc956b42d7bb6797cf5606486af90947c2d5f0a5e736d602d61db65
step 8 6aefcd4fa2860e6d768a0a8ebdcd07355be60ee165bc3fa8c3466b4813832b1a
step 9 6651aa578cc956b42d7bb6797cf5606486af90947c2d5f0a5e736d602d61db65
step 10 5e04466ed1b24f7d2c328f0dceb2c18150abe51a0dedd6f41544c5be47551fdf
root 5e04466ed1b24f7d2c328f0dceb2c18150abe51a0dedd6f41544c5be47551fdf
msg 4e255016e2e020f483c28d64e14c62a3560a2007c1120111ec15b00f4025402112bd25b7cb78dd905f001f8dfa9cd587be8590e5e913f38a13b8bf54b1da078be948db3c687f8db3
get 51b7de57f6673da31357c4ee33a21c0421f02c991d2295661763615fe8fd13ff8685a2f2d7c3906a42fa null
get 717010 f483c28d64e14c62a3560a2007c1120111ec15b00f4025402112bd25b7cb78dd
get 801459f25560f619f4c88c6f5cbe49d9b1d8e35ad41187e8633fdfa21d1389b01684 null
get 4383ae4a09 null
get 801459f25560f619f4c88c6f5cbe49d9b1d8e35ad41187e8633fdfa21d1389b0168442a8fed322595606bac63b7c150e8790b7addab289e5dd297aba608e null
get 801459f25560f619f4c88c6f5cbe49d9b1d8e35ad4118fe8633fdfa21d1389b0168442a8fed322595606bac63b7c150e8790b7addab289e5dd297aba608e 987afd70a4181d99d93fc280960702e07251d88be8ac0a4fedd86867b0939c2f2f4cf6d544c8b6e6
end
case random-60
step 1 eff5e57ce2c376752181a686323a360211be6a3a3e9a68643dc18fe7fcee7ce5
step 2 c4395584170eb5a9f1f7135ba2e8434b0982629511655326cf3fa4e3f6458fea
step 3 ae73391bcf5eb17d7f6e2746914a611b5883b8cdf163af2415704340242b0b45
root ae73391bcf5eb17d7f6e2746914a611b5883b8cdf163af2415704340242b0b45
msg 4e24502f2f55612af26fe6602432bbdddfd0e17a9a48d4ce73705c2eb75196f4c8bd7d65318e855e8c22275d4fee9fa3ac291a8d2a4ae360aa76829be2b0b31cc7b269ede15abc
get 17aab0957937f33012195deeefe870bd4d246a6739b8 5c2eb75196f4c8bd7d65318e
get a3de9f2e9e03d94c380fa4258e6b3c1a8868d0d7 8dcf56db7a2687da9a235e9c594cee6bbb17b5e875d96a2529dbf3d42144e26c22
get 98a52b0adc5f122f e4
end
case random-61
step 1 f5fea9b8df8a69b957f968919067cc3735600c1420f06d506106f3bd03e21d06
step 2 f5fea9b8df8a69b957f968919067cc3735600c1420f06d506106f3bd03e21d06
step 3 56e81f171bcc55a6ff8345e692c0f86e5b48e01b996cadc001622fb5e363b421
step 4 5f92c4492be4a40d8c74ce3e7efce291443f50d15e41f21e6fe2ff0c2467eae0
step 5 56e81f171bcc55a6ff8345e692c0f86e5b48e01b996cadc001622fb5e363b421
step 6 d4e6bf4865a6cc18a99faeabea72214771f8a94c44e83f41da60405c87d77193
step 7 93f2705b629cc6eb88723608af8d808d992e8e604138e088bc1881b24fb95b89
step 8 15c7e823a6ff4dc724018445b2df108fff450b42f6874019ec4558cd06ede77e
step 9 15c7e823a6ff4dc724018445b2df108fff450b42f6874019ec4558cd06ede77e
step 10 570a29deb15af838d3380138bb1f52e46016c0774ae87fc41a18112b09ab677f
step 11 def42ec28d06b96c3c57cc6e9f0eef16deee2e647fcf20377188d26d024012fa
step 12 014b35fc05e7976bdd56e792f72533f28e92139756b4e6fba588f6a73e103bbe
step 13 aeb12176815559a35e84a7613e9bb731c0feec4532d35e8038578303887a84af
step 14 9cd5c8139410aebd78329cf34081d5efa46012c82d5d0351fae6cdcb74c81944
step 15 1c1c46e337c6bbe8d56d4041bf795577fac7012f052972f7176058b21a4d7497
step 16 92c5a0e905d9cded11150882880ea9aa954f78cdaa7e26d76947819acabaf39a
step 17 37c5ca68e684e73e0893c378fbd962aeb66f72317ae10c449a104a77784f980b
step 18 6766d704b9cfb2c96e3217577378f1e86f6678c9ce3a849b794bec03f1c53eef
step 19 15340ddf41383fcda0b4baed267230dca68192e7d4b2334b4561e227aecc950b
step 20 5c7b20e6effe21a656e4793cd9c980d47aa62887f8395fc10b9082f14db792a7
step 21 e0fa880d19000cb1ce85096dba06bb7180f6482f33cfbace10bc69f2b4e9cf05
step 22 49e2ff838d8bcf1c4f306cf99da0238a33d7f47de33ee3e7a2a02320b4900508
step 23 5c7b20e6effe21a656e4793cd9c980d47aa62887f8395fc10b9082f14db792a7
step 24 37c5ca68e684e73e0893c378fbd962aeb66f72317ae10c449a104a77784f980b
step 25 56e81f171bcc55a6ff8345e692c0f86e5b48e01b996cadc001622fb5e363b421
step 26 05adaac6c43eac082ff0cd781d4e1472002869b5b131dd6dc484dd681920a277
root 05adaac6c43eac082ff0cd781d4e1472002869b5b131dd6dc484dd681920a277
msg 70ff60fb8851024061bf770c6ba1ebe93a8b72e40d9ca0ec1d4ac091ff9b9647b0b44c098a05279b334330f8ef2fe7000064
get 31feabe117483c3e1bb50f07d8cb17839da93a65b6bada32ca8a5a5fa8b8122d75807243f2f7eef0b8 null
get 34b91eef914b3ea3dc8bd4bc28cb90ebd0c830080d7fd2fc4a4fb935b6ab4a0aa1cdf68341f5aa5cbfbae77500817c9f214c null
get fb8851024061bf770c6ba1eb9e028aff1fffb2fd null
get 31feabe117483c3e1bb50f07d8cb17839da93a65b6bada32ca null
get ea1c2838eb null
get fb8851024065bf770c6ba1eb9e028aff1fffb2fd null
get fb8851024061bf770c6ba1eb 0050ce31b4849bca4aabb11d57a03016a2f3c96c17923584360020de6fd1d398b0352053c8008b05b2da34df602be2db9150bfb06fdc664efb31482f9de8d3fb9d8be7704035aa0343b4717ab0db77be0c2992bd7b0f76f8c8e4cd06a18be6a4ceb71201
get ce3813d344 null
end
case random-62
step 1 fad99d47967b7cbcee3a571cd038ccbffb0584e487f15ac07514a55620cbabb0
step 2 8ed7b905e4ef1861254a6726ee07ff6690ecbded1a47e0bd891e50a94039a5ff
step 3 fad99d47967b7cbcee3a571cd038ccbffb0584e487f15ac07514a55620cbabb0
step 4 fad99d47967b7cbcee3a571cd038ccbffb0584e487f15ac07514a55620cbabb0
step 5 dcc66f8eb4c48367555af81688fe1c8030b1b491ab3ec03b5a6416e5f1803564
step 6 26d916e7d7e0fe06b0c617357555b522e7eac57d17fff8d29f59efdca134c42d
step 7 8e34b155c92fd5ad10bf2250cf001891cd064989ebbc7f7f4c5bef86774e9e12
step 8 1ab7c7a875881c6e0893a06c022050341cdae93ed66b4ec713274700f9070fb7
step 9 6ffe947ed35d1f875d501482613979b551936cdcb690f99f3aef0c24de4320ab
step 10 946815876c2916cb3775bf20309c4fb0a6b6556c99366989f39229cb4cea058b
root 946815876c2916cb3775bf20309c4fb0a6b6556c99366989f39229cb4cea058b
msg 4c21064e79ae5e554e27b8412911976275990c0a8925091bbd2fab974e20389bb948f7fc4721a7b12ea95edaf6a26d9ee006d47ab56861859f3b64eff5d40bc098fd3b02
get de8a65174c181a596fb9b79116961979aa492ebeef2f 9a61d0502b59dca44d940991
get 0d null
get 5e7cd72303f087d833a4542520fd425e3eeb03885c348bfc4de87a9e66f859457f0d63600a1bcf050ed2 null
get 532592b131d1b02daa1eae03e3b408f1a578963aa7a13c08b38f91e711b89291ebc631c0077464c7c618 8b9c75ff6584086d01094c15a65cead3d9624646d17187a5e5ea5c42d7078cdb56
get ca5d780ad78dc06ba58ca2e6bd68667e1fa7945655 null
get de8a65174c1812596fb9b79116961979aa492ebeef2f dea77a3d20140124348b589a9b7d31dcfb7989f175835a654d2c04a819278d46626a0a4d637b4122b1069a27b61bf740a04d1a7941a726ee5c6c5c56ef708fa2
get 28b9a971 604b353ae2200249028198aae3c2dd97f365db76660ace0a912950013725f8bf
get ca5d780ad78dc26ba58ca2e6bd68667e1fa7945655 dd50bf01e1eed20524b90d9a2b9067b69df2a7cd
end
case random-63
step 1 a0d81df1d5f1f8deb8420524df9877632c074902489757fd31ae61b8bc6e6308
step 2 31c1ec6696c3d139974819c661d9e718fbdf8e51c35be56f29ccc4180b528b1d
step 3 b4ba0786d3ef3883d40c201068763f826b59ef8c938081b7073db8b23f0eeeec
step 4 37f9e4b74f91e36f2436d935b70a0e30ecf0f6da860fa51baa33bf24469262b7
step 5 2fb7a8fd937332515e4bb7df9e953affbe156dc77ea336ebe466cfcdf4dd6bac
step 6 faab6361785377cb781f51041229e530fc193422479cc3d45fddddb71470f259
step 7 69ff818124c6b5e381648fcbc079daaaa3261230a6e930f69a5e2451bb774d3c
step 8 2fb7a8fd937332515e4bb7df9e953affbe156dc77ea336ebe466cfcdf4dd6bac
root 2fb7a8fd937332515e4bb7df9e953affbe156dc77ea336ebe466cfcdf4dd6bac
msg 5c0100235127fe1b2c73e14f6fbde0b0ae6c24044f6c12dbb28ae5ecea391eaacb35993dfabc2eb7ef97860a25018d7ad8823a3ec3cf10a9749f2793f3f1417175897dfd9101
get 059bf1f2ca 9f80b41a15f13b29ca55bf3f2efccebafa1055ef19eff5324fa99d0aa0897f28624089230fda16912ee5e332770f8c259f7008787e9d986752e42814850ecc91
get 2d272e057b92128e1a24b84097d76eb4d780e9ab01e9fd null
get 2d272e057b92128e1a24b84097d76eb4d780e9ab01e9fc 349114652b2a1c9de012feb78903c735df9adf565b83d0aafafbda554880e7360820ff44a1c1ff486ace0683f8b354585fd43397fc147cdd612085feb08b7ead
get 12f632ed33220696784666a576774979972ae0e2 7cbf35528a988d3f91048f1e096d13cd3edc3d7f21283cf2195734f0f65614061717
end
case random-64
step 1 0d489c55642485de42b1c9ba877f956e5515cb32952b1884c36041bd8a1b516a
step 2 f9250b7f44caefc46d3b23b4f0d51658ab4e4c51366b1a632a52ea44f87b3472
step 3 57773eea91ea0e36fadb25a80d0f5525930cef4a54ebddc6d4fe4d6f51a4da63
step 4 05dbebafc7f85356755899dc7754c69aae21766ab2caea35c6c45841b1029da7
step 5 8d581f0fcda1fe7666d271e5933c133a3f73d9d662e1a95754f322be871b39f1
step 6 f4bbfb309d2449cc55e2cbad67d8f7a96ccc9788c6a4ed3fd31f3d8b548d23c8
step 7 7e560fdab400b24cdc9bfa488284364099a0bca99acc93c0a5c4e4b9ac58146d
step 8 f4bbfb309d2449cc55e2cbad67d8f7a96ccc9788c6a4ed3fd31f3d8b548d23c8
step 9 852cf6129fba8c0b35da355c0faa0880b414817d55f4c0366a0c72ebecdbf9b9
step 10 af922ee48904065092e7fb4e847b07396c66206d3c6c31ad055fa3164faaafa4
step 11 9bdd9fe055a6b4da4620da39a2f844266bb39297147f5cda35410755944f604f
step 12 56e81f171bcc55a6ff8345e692c0f86e5b48e01b996cadc001622fb5e363b421
step 13 3e10333f8f0039e057e08f1ee6d1b6eb838a6f7786df185d3e885d4512fd1aff
step 14 ce237ff8dfb9f153d3caa73250b0f4ea30f729d9926c5a93ea0c37ef911252f5
root ce237ff8dfb9f153d3caa73250b0f4ea30f729d9926c5a93ea0c37ef911252f5
msg 5d0080d2e5b4b17b233608987f69b3a56eba283a94ee45cd695e17efc2b6b5c6ddba3d2870153d3e84faf73b62c4d84dad0c079c2f9ed30896b04016526fca36b20c0a6cc4c17e915f0000219e
get a2857611e8409b 4d6f8c6a2f2ba433d3ac0a764282d676609113ea69694d10dd7a9b6236251539d3d052f28987a0de
get cf4fa1 e81dc05b0613870a6956a69c8052602b44c7084fb2ba5549e559d0181a29a2cd47
end
case random-65
step 1 3df344dcb24df59e8f668ecb0536d3f8f9fc2fdab9443694e6f4899a4d048f01
step 2 56e81f171bcc55a6ff8345e692c0f86e5b48e01b996cadc001622fb5e363b421
step 3 005d91e8e2c16b2ddd532f39f5d49cd13a52fb0460095a7de0817eef236bb90e
root 005d91e8e2c16b2ddd532f39f5d49cd13a52fb0460095a7de0817eef236bb90e
msg 503089eeb782378dce7e981fdd719312eb7f1b40c380c47a8b4e3f2a5a8019318192d7059aeaa776ede49ca539ef798ec05e4a66f5a555
get 89eeb782378dce7e981fdd719312eb7f1b40c380c45a null
get 89eeb782378dce7e981fdd719312eb7f1b40c380c47a 8b4e3f2a5a8019318192d7059aeaa776ede49ca539ef798ec05e4a66f5a555
end
case random-66
step 1 316a757404de3c9818cbe8647bc397cafe9887e17675ae273fab90791467bc05
step 2 f861c6f2dee09062880ebe82155cf34aee98a9a12c47fef53034b45ef9875118
step 3 baf5cb52c55da5811bddce933fea075ca00be2bde918270674f30d814f3b706d
step 4 8fd37c64a354c58d5c8732a94ebd3ceba8abc6da55759c31f3cdac45db21b7b1
step 5 48ffdc4b337d02f98a76fa3322fec67f0298661bf952c088ad8caf8a961b9421
step 6 77eb2771f717c7596f24300b3433a27caacd279434c2cd16f72b552b0415f987
step 7 bb50f9459e157784f1e493924747e2bc74d167104817b985c3a77d512ed8bcd5
step 8 7003941a0132657f95c42756ea4b277b8bac7a7830d33e47dcdc604b72e3a833
step 9 795c7a395831848c4ab3cfca89b114008912a155e05ba05c9819340e3206e7f0
step 10 782243f7deee10e614ddf3b9d9e730aff61628231687e2efe4cfe4edd1bb8c7c
step 11 aaafe7a1d69572adfe8d715eef265d3cf1d866e236b1c226f1a1031fea214499
step 12 d2785f05a3ebfd9c73bc438d52f056f1ae3c0eb29c8153c651fafcd241c5b3c9
step 13 d98830d79b088d7a019e141bf2178351e55eeeb6b8d9f62ec86e04c366d53571
step 14 ca571c41550bfd7e3fd41c956351aa082500b4551c70e460f01fa16e18b1476c
step 15 668e9f867476bf2db9c0ad9898a944ec4f1cec02a93eb6bb3fbe39639acce9ba
step 16 056023604f01c32b29eb67e2692d720e80003276dafa0840b8f9f9daf4d6cbdb
step 17 b348b8d1ff74f7ba7e3db93c196943bd16fb4d20891579dedcdfd85b640fe28c
step 18 478004f51c315b2f924bb6010c4d8a4fa1bb014915d9fa35410105f92f81eda8
step 19 478004f51c315b2f924bb6010c4d8a4fa1bb014915d9fa35410105f92f81eda8
step 20 19734857695b8ef820c949222529ed030326d6fced679ed35c7bd63d6281ef34
step 21 2bb7b5867ac1c91b452919c20b89dbda8a94dff918390d3743c925341ccd2e94
step 22 bcdde2588f8dfe3729e2be418ae5634984b8414f7755ec27b4ca741bd8b535fd
step 23 49999161002018d7eab3ca69565216346f37582edf019a730d77a9a57c368445
step 24 25f35342cfa394bd95a2e3dee9ee98870361fb632696d4b405d88a38b540a07d
step 25 d11154de4153ad81469f38c940af922a40ddaf120ec3735995fd4212d6cd58f3
root d11154de4153ad81469f38c940af922a40ddaf120ec3735995fd4212d6cd58f3
msg 6e29701e37c0cb94aebb5f33193ff5edb3ba31d8febb023ed0253d7204379d45e8271588033e9f620001018ceea9bdb6df6bb411b2d18e90aee2137c7a09654e71f9c7895c0510994a4d80fd47033a1d697e1e33941e3b88c730a474a1507cd624d4d88f48493d495e32a6947749000021
get fe 01bf
get eb01fe5b46a8f5ce32753a863b68074bd1a100bf null
get 39 null
get 9c null
get b31ad2f55da7eb31b84565c0ad3a68c51d00df 0e62630a430b8032c7b6fdd93cde9dc94b623ec6a8343b5746985367d1aab791f2
get 0b5f7c null
get bc2b16c58662f8c8d23347 11fbc67f50895d1e172f069b1d27884e258ee95365c00a748468cfcfef07e57f
get 1be065ca ec4844aed78b6466da4e3fb3d7dca8771d27ffc4382035fcd65c7d77d6d1815581b9eff3dd90015b9639c98c6a7b4f033617284f0f7ce0951cc8c2498a620b21aea96bed4564cd0232fe62a8413f2ccb54cc80a6d4dc77ffb737e646b973fcc6a5e0f32ee51bef0eed435e9767854fbd6514b6d0a4e749cdf2f1c11b119917ef04dc052c49159f1fa9b650eaf8f46d571aec44efd33658a568ec85e83fd60db7e6b8759229cd5d9604951a862a85bfd41cb00ef9757f891639dd58a7bc0eb2c2ac23a126eb7fbeb46512db4bd1bdea4cd8b1d79dc0d2d239d8dbdf73cc71bcc7d781a45ff6b9ebb8d6ce60e5752c4e142435cfa7106604d3051e3b2310ad0109dc
get 543bc5eeeb77ee320d2d48efc1c4cf144de7c1dd null
get - c66a3702fce9ad234a4a40e285f342b4bf6b94ed1abdab194e360750ca3f073d65
get b31ad2f55da7fb31b84565c0ad3a68c51d00df 3825baf5826d8bbc30211c4e
get 96e9ae 6448f2
get 8c 35ae8f7f4cbaffbd6c3796e136a14af9ad1e18c8b2187ecfd818b64f50666a1a3f
end
case random-67
step 1 46287e7b46bb16d20831f8dfdc55158d33907430c90ea38c76d2a434fb51046d
step 2 56e81f171bcc55a6ff8345e692c0f86e5b48e01b996cadc001622fb5e363b421
step 3 6d78eef5995d2a1d7da8f60b0b5c89eec78b07d2545e249050690d4a7ff81cb9
step 4 24c48a42a1d65a7856b8f81c58cf4a812865c3fa7a5b563f5fdc9ae158089446
step 5 d26925074aa03d66500ff2fc0aec443961f0153c2075f303ba4c28e3e8fab766
step 6 8fed1e50652e2c13e44e3b890cd34c5f46089b5054653718b8660fceb8e99d6a
step 7 14fbf8bf4df7f1a7f14f7e023e642f6fc4d9abfc9add6adadbba584738e23ba4
step 8 56e81f171bcc55a6ff8345e692c0f86e5b48e01b996cadc001622fb5e363b421
step 9 b7b165b6f51c732023b6a8f96e4be31d8b134c5e5d668d366953afd891d817ba
step 10 b7b165b6f51c732023b6a8f96e4be31d8b134c5e5d668d366953afd891d817ba
step 11 b72b73fdf4ec1a8aa0f791a8fd1d04b7bf7c81cefe4c1fcd2c96741daad6420d
step 12 657065a2ce7cdc73f86a3a9a0b759efd1fc6c21fa5ed97ec10aeed5df30cc5d1
step 13 f9c1a918e5789ea6e19a3a920d85f77a376baf6c9d53415fd1bd3ca2508a5019
step 14 6ca9f01913133a0e9ea2c04bd3d478e8e41e6d4b80d87d96e08b5369e09cabcd
step 15 dbc51b136761c275ca9d24d382cf6c49ff7060aea9f8ccec88575bc439244471
step 16 8ccf9c3e13e73b8570fd5efe798dfbb76589d81f7cbca237701dae913d6c0821
step 17 dc209552eab357b364ea42b358f9701350e51a5deed63129a52f843eee4c87ad
step 18 c1026d6efc80c67ab2fbaa4d6d9a0d2842b728de5c754132bba33f4ed194f3c3
step 19 e2f00b078a067fa55aadb98ddb47ebd19351e7e2d247fdb49f2a11e4a4027b26
root e2f00b078a067fa55aadb98ddb47ebd19351e7e2d247fdb49f2a11e4a4027b26
msg 4e2a50ff379e5dbfd70baabaeff9a7eeed11382f43fad3ad713780d2e4cc60ec116499d93bce685d247877d08685dbad3158e146104820bef643a650916e7310d7f8bbf96dcada152597060cfdb201
get a68426081c939cb90c01 null
get a6e8ca12db28fd0f6c352c36ec881c0b2a5b712f38 null
get 4f2ecfeb85d55d null
get 4f2edfeb85d55d eff9a7eeed11382f43fad3ad713780d2e4cc60ec116499d93bce685d247877d0
get a6e8ca12db28fd0f6c352e36ec881c0b2a5b712f38 9d0565d74774d63f34cfd241929cc90bc00df4ab9c84e83b36fb324ab389c40d271b7a1e8995cc22
get a68426081c939cb90c01975d3865f37df34c615f417d2d71cf77d14e5eb3e33c9bf7c3abd92598d670e3 14544a03817535ad2e87dd4db3bff338adc29b89a3398aa53ad4fb12e8ecc94aae
get aae00c905eeea5b6d7c6244c6991c46024949ba1c07d87 347410e20b35aa0e18ada4e0b2b447fea74931f0
end
case random-68
step 1 b0d1c37f2af1eb29b3e00a9e3d99e9fb17d57e6ff78a639e0e4a4d843fe1fbe4
step 2 77969268f0ddff17a44e9519da8775b43695500245d0bfd1b13a224341d69880
step 3 3bf8f0c91a5767164c6e8215c7dceae5ba4687f18b9dd78d22751fa431675548
step 4 370c998e42ec521160efbd54ec5e71f03bd4559b99ca4d5e0a1539a670440172
step 5 6b216f363f0fbb121c8cb0c1e881d3d92786abd8b1e36eaeb8e6abf9ffb457bb
step 6 74406e6a4d70448188618ca4ed299b91ec6adbf576853b209df53bea46d7d4ce
step 7 621b9c3c5a105beeefb5322558fc4d9ea473d8f9fc47187836804179149f4be7
root 621b9c3c5a105beeefb5322558fc4d9ea473d8f9fc47187836804179149f4be7
msg 4c2d5421f54ed0a61f012b97caac9c5c477e3486d4e8f76756104252e21c2d63c07192142fa71da7535b5717c92706e968c85f3689f1e436fb939810da80726efdfd7903
get 0b0387d6fc8b0f158511dbf10e45e9973381c8fa1eaea8a9acf38d44dedc1c66e0847261f41e1a975e37fb8b25db954d0ef02c5feb4652b9286cee34c03e 9be29012751980b7a46afeb220d6178868b0b4a304bbf671c7c6ecb4f24b4a2bb88c631126e2d3e49fe035e8b7c72b634188718cfd4dd88094bfb1c26fde8847bd4f6f6b2dd2003dde091fd89f8e249542e1ab102a846a7f0bb5f0f007039c9df6f92aa6c47be7a06419b76cb50645e89ed0679054a2a98012536eb8474359320827d801dbc9a6292f2ddabdf0a20b2312f0bcd7cd15f7d632430501784ed857fc0a9fdb92a3a8d32820f9712754f9bed82ab7c1c3c56495f38c139f513498222e22328237274704b86edb5ac99663d873f7fd5e5452262a04c4a4a66520c20af590260cc0541de8c4e51c81ec1a61dfa9e0690b851aee847948c766cceefcbcf5
get e99423e92061018432c99174248844da505ef8131ce6 3d072a3f6ab9989b71200e8cc2a8f8ad19cae09b
get 2115cf0f6c8f null
get a9c2a3a3d8757b8692e0ed79ed4ad7c3c867647e0da6c5f6d8cf8dfca108a7ff9f033cb4dfd798c6a80b302683e49d5f f48c
get 0b0387d6fc8b0f159511dbf10e45e9973381c8fa1eaea8a9acf38d44dedc1c66e0847261f41e1a975e37fb8b25db954d0ef02c5feb4652b9286cee34c03e f68385e4fb9b336a9cf25e257fd6d886f60e17236355b55f6b828c71f5ba2cf5
get db43468daa55691c71f8f2d7a46a54219cd0b7d534e5c0412c0aa16ace1f4d52debbcd0872b3fcc52afb3e6d6fba7276dbc43a f1793c07a13bd70e4bc2692c3a23afef6284da31c309a099e6f6020108804656f5e3
end
case random-69
step 1 231b5e4a5a0d6f8b8fc83b201a99bb3f1cdf8e20b702cf9bf4b476a7786cef18
step 2 56e81f171bcc55a6ff8345e692c0f86e5b48e01b996cadc001622fb5e363b421
step 3 6a05a5f52b118fefbe0a53fea76066b238e71119876438d282d383160c64e828
step 4 8ee196cced816fd1a0857baf911328a1878f216b8140cd470b8df407607a1dd8
step 5 a54f302f1a36ef89e1f6f9c019d54366be95bb76f2ef762b9cb84986846a702d
step 6 9dda4f95f52e41119cca556b47a52df110cb573b5319a3a5e9f48aa7506e6744
step 7 fa916c9deb1ca22cf16452840907820bcdcf7166f506bb6fb20bf2fbdb86c3b7
step 8 ba40cc48c166118725f34cb37068a3a960eb1e84fbd437267648211745a8d1d5
step 9 c865f3f8ae7d6ebe83fafb6da71893192caf589e6e2ba7b12598d92161d5c9c5
step 10 4c1c2878ac5466f892273dd6afd8819aae3592a0da4a3dee4886f4f8b237d3e1
step 11 2a413ef00f76a35d2e9e505c52659e7b82f88b4475810daa10d2af63189e710a
step 12 800195247455c9cc3be9ad5483fcfa53ce6b12546c9140c5667e5be78c324590
step 13 46c1a3b64e13402ac36566416331218f9aee79e6dd8bdf7c43de3eb3dbf20646
step 14 a173c40c44f71aa473ae06654dd66dda4363e70933ea7b98a10308fafc99ed4e
step 15 a6dc97585b89139134ede2bc17130772d4346d7c7082052d06e33751a58fe724
root a6dc97585b89139134ede2bc17130772d4346d7c7082052d06e33751a58fe724
msg 5d02c00931fec929a023371ff8c85a220b252e5757a8f669db975339fb79a85dc1b92f25501b3a1078f0065c931f0ba982b9b9ef82ea31c8c57122dcc97d8a9daf71eae5c1f215e2546b
get d3a1078f 065c931f0ba982b9b9ef82ea31c8c57122dcc97d8a9daf71eae5c1f215e254
get c9c82b17754683b65f237eb8e3c86a1aaf267d460acd 87
get c9c82b17754683b65f237eb8e3c86a1eaf267d460acd 07814d
get 23051193ef0fe42178e19530757a15de5ec6cf33d4 null
end
case random-70
step 1 546647c092d8fd0b9b20844241c62eb18f2207e00449fa8657d678e456b734f6
root 546647c092d8fd0b9b20844241c62eb18f2207e00449fa8657d678e456b734f6
msg 70fffd80015d56aac8bc95c61146039c9a0a41266c0a92a4dde898fa2c53d2c9c042ef288c88d605abcf1242ae5bc05b0bbca52364ad98b8176c2af912a137aefe2ad01e39ab239edb6d0e60371cf6d5f49fe4ff75000040
get 5d56aac8bc95c61146039c9a0a41266c0a92a4dde898fa2c53d2c9c042ef288c88d605abcf1242ae5bc05b0bbca52364 2736f5dea9c41900479007e90d65b3668d774a1b2b7276308c10cfe5a5f2988c731af9203500fa2f099d826abebee44ae73882348e16ebc7bae33a95208ba898
end
case random-71
step 1 fab043c8db3e03d9470ceb30e5842ed089976ce1eb139958929bb987d60068c1
step 2 fab043c8db3e03d9470ceb30e5842ed089976ce1eb139958929bb987d60068c1
root fab043c8db3e03d9470ceb30e5842ed089976ce1eb139958929bb987d60068c1
msg 7028bd115576c6395688070fea6af742697b914ba3ff88dfc9bd537fda8708fe7053e7664dd8d11f9ba798cfb1042945122275aaca7714000101
get bd115576c6395688070fea6af742697b914ba3ff88 53a738236230b3389a35e1981c2f944c2bd3ea2faebe0fa3471eccc33145a8d124971e2d98bcc3ded1957386e60a31e3d543623356dd9f007971e982fc41e5585ef2acf76e7cc72989df7b38f9722fd29ff5ca1520aea2f7dc2f7765f6cd08cf3372fc112c323fda9d5c660728810d0fa45cd1733ce5fbc43e2b7a0e8bb2acd17b2d7b94c3e5a288fce7c1fcc55f0f2392f8771f7d5683e6f1a1d595cc23cee700a346ddb1f622846a910cc45a8aa866e71a013511163f5c52e8191f39b1a4cc8d174e984c459e950e4d05673ac93928c0d07ef61f347f00610e4ce3e68ce434f8e8073abb2e71b7da84cba02b703011a8578df7746d7ecf71218b18d25ab797a7
get b3b16dd484b2b0963281069fc5b8a2d3f02676477c null
end
case random-72
step 1 a0ced1374a4a615606395af93b9f0efa68d680ca6b3c35df83e31de7d9b2dbba
step 2 a0ced1374a4a615606395af93b9f0efa68d680ca6b3c35df83e31de7d9b2dbba
step 3 4e24645f05df8032ebab8960b8fe9bea84696f9a820414da155446aebad83f47
step 4 598898c428b393d6c7d942ba36e2835fb79c6c62f1ced1ed51fdd538abb4006b
step 5 56e81f171bcc55a6ff8345e692c0f86e5b48e01b996cadc001622fb5e363b421
step 6 ae9f2b03be551bcaea4bceda60597e32f27f4574d3118215338e0475dce76642
step 7 0da5439a812eea9518dc1029f076240df7375a46a7af41c97047cd090bbece8b
step 8 0da5439a812eea9518dc1029f076240df7375a46a7af41c97047cd090bbece8b
step 9 946b09171fc5d7bf05e0fbe66661cc3964301ddd1b0821d8ebabc8a8c8f030e5
step 10 946b09171fc5d7bf05e0fbe66661cc3964301ddd1b0821d8ebabc8a8c8f030e5
step 11 1451f98de1ac78ee8202282c6e6f5e42250abea2589782e3d3ec64e2cd5e0fc0
step 12 da058ff0cd958e9dac683c236af5816d832137072e31ef6ff13ee27da8b7d9a7
root da058ff0cd958e9dac683c236af5816d832137072e31ef6ff13ee27da8b7d9a7
msg 4c707b3cd756076eee70dba5286c543313af7421e05e098575fff80fc770c8ea2e753e758a474c99b2a93f1400191896691dde39c2fa0c489cf4b647b73e16d8ebfda701
get ec8dd1 null
get ec8dd163 null
get 7d118a6557c0 null
get 2ba56aee301f9a3c9136eef298891af9e2da7677318e29e74c262a2a033ae9391eb3c646324c517189bc298929416ae83153a9b0c98f7abf917ae41871 de4f6f5da4e11a12666061512071898f99042a7b48cfd6c372a92149f4025d10eae486301a04792040f359ce7f585cebb309620754b6156835c0b806ba5674b702706f84164517c416a16415e583d4361676167a06f3432635c4d260c57304bab16a0c52
get a94d031ca2f330d2006cfb3c2a96342adfdadfd09f6b0776d10a8228a602069031dc8c382266c0b299 8861b76f4667f7ad00d47171fde15e218bd05517fcc4587ebbfadfaccdf57203914a
get a94d031c null
get 2ba56aee301f9a3c9136eef298891af9e2da7677318e29e74c262a2a033ae9391eb3c646324c517189bc298929416ae83553a9b0c98f7abf917ae41871 85f789d6b4e79ef4c3357d0c29cd94a5340460db
end
case random-73
step 1 20e385ab75f16e27bef8f45d6e5541bcd44bc8bd74472e0c96ca5f3831ce9190
step 2 b97f674f52068c9f3074013be033d6d7a5eb69b0b85ebb46499a6672b17ed117
step 3 20e385ab75f16e27bef8f45d6e5541bcd44bc8bd74472e0c96ca5f3831ce9190
step 4 cc3491ed4e6ccf4c52e0d12fbe988025681bfa3236f4e024b1338db2911a4d2a
step 5 caf731cbd80ac4864497bda64e379f15815ccfabf01aa949978b6f11cfb6060b
step 6 2e94527b70bf8e5f8e02dc3f1bddc025a7c9dec823ec5295d2e706d3613467c9
step 7 fd3567ade01f033b42f6239b9b6b788002eb139c88ec34290d8250828fab9d4b
step 8 fd3567ade01f033b42f6239b9b6b788002eb139c88ec34290d8250828fab9d4b
step 9 763bdf6db325bf03feac8f15deac405c87945be6d64419eb8ddc8765b506414d
step 10 df57e615c0e69e77008e9f6769c093f3d01526619244e16004f7f4839a9a7053
step 11 2f3db5e1e59947f2d921a2317a2f3f02bd1068487c4523555d6da947f33cc126
root 2f3db5e1e59947f2d921a2317a2f3f02bd1068487c4523555d6da947f33cc126
msg 50fffd9001fd74a99c3e253b73584469c957e356180094cae31c7e42e8fb845be5c01d26bb4446cc566f003a0b95b97805ecfcc82de99b04
get f966ea1686ab53a135fd086b85124209aedf9173c7b9bb65714a8f75c2f6b3742f85249968bbf29b48afb402cf6c89010ed1226fbeeeb01be85b354f null
get fd74a99c3e253b73584469c957e356180094cae31c7e42e8fb845be5c01d26bb4446cc566f003a0b95b97805ecfcc82de99b 04
end
case random-74
step 1 9575dc05720fac62e054fe41a06f8f6e3f305a3c8512ada114d55df546abc525
step 2 56e81f171bcc55a6ff8345e692c0f86e5b48e01b996cadc001622fb5e363b421
step 3 3330919b5dd02b1dc5211bb08fb7c5a2de5360026b47da6e78a7aaad50583563
step 4 56e81f171bcc55a6ff8345e692c0f86e5b48e01b996cadc001622fb5e363b421
step 5 64cecfb55505efa492d170a6dc2362180c5b0a32b793feb1eddfed7647ff5a30
root 64cecfb55505efa492d170a6dc2362180c5b0a32b793feb1eddfed7647ff5a30
msg 70ff2810137287536489d53d37bdfc121897f975f57ccd812d734cb79d74dea9c933aa5632f7eb73000040
get 1231b3b9cc6be3ff1a7d170aca84153ae953b5687030195a1fec28ec02b5f050de2ace7825b3b21f2fce60ca057cfd1b32 null
get 08 null
get 1013728753 c1b7109af575ffcb6bd61498e7930d62747d6d4c66d47c436965bafa84d0bc60c8fd5fc999188c984183d51dd85ee97c036ab97fa49bafd99352caa581be6d76
end
case random-75
step 1 c6101b0189ab962fd085b21ebbb6b2ba0854d3fab59daf8f0b5f59aa0d00ab80
step 2 56e81f171bcc55a6ff8345e692c0f86e5b48e01b996cadc001622fb5e363b421
step 3 a120d6c8e217042786ffedf9a4b1079187e31a4984d57e78a201dfda06716531
step 4 86b4544a82caf321aa89dac6b64ec4d365eb350230d89f18784eba80a47bcb72
step 5 9c9ef12ef00d9dd654a1bf352d4d7a088f06c99c9c8bbdfad72bdfeff622fc3e
step 6 6ed17d2dcf5163f8dfd6e96856f153598d8dcb42e94dacfac873db1d0fcb1132
step 7 a120d6c8e217042786ffedf9a4b1079187e31a4984d57e78a201dfda06716531
step 8 3ef7a164290011b1dacd8b237a531bf3fe787dfade4ca6f16302457ed8d598af
step 9 eadffd5c7806e84b042846f09a4b3093fd9789c8c5927aa892195326f56b7c4d
step 10 f24d8170614c1f9efe621c4815a0a363b11617f9c01d05e1d67f017fa136ba74
step 11 0664e39f18877222ef32c92d743276d43e27f9a1638a9aa3d28665c6b420fb0c
step 12 6994ae8be57f2694b0f8239bfba23ab345577a05eb94c186f254bfde8a6828f3
step 13 45e7718c9cdfb3d6470fa834907c22223a0ad783abab2c82c86e81e1e2e7df0c
step 14 6994ae8be57f2694b0f8239bfba23ab345577a05eb94c186f254bfde8a6828f3
step 15 0e38e1962533dbd1d3b0d30f7927fb5e3b2e96ca950dccb2155796e3eba2a840
step 16 3ef7a164290011b1dacd8b237a531bf3fe787dfade4ca6f16302457ed8d598af
step 17 4610c77525f22383bb9ae76eeab9683507a8eced244a6db3bf7230dfb93f65d2
step 18 ea6f3140f75b98a1ab479c2afd2677daaf1cddf1e220b0889b75b3264139d5a1
step 19 871605a2a43402973a347f543ee661ac9db6f2e9b4cc2941dc921b623606770a
step 20 ea6f3140f75b98a1ab479c2afd2677daaf1cddf1e220b0889b75b3264139d5a1
step 21 042c3487471b129848404f1921c66f1de75e389cfa0b73724b4c89ef08513a66
step 22 3613d6693096d097a39c813bd668511736b968452357f0886cc069775c69772c
root 3613d6693096d097a39c813bd668511736b968452357f0886cc069775c69772c
msg 4cbdb3600173339ba8565b4e0f901ffc2197c119de6828291ccec693e4e7f62ccff2682e31c123de0b79ddacb85cbc6a2e85d068086d27b9fe0915b9a3894aa7bc69
get a89dd38cf7b794eb77b6056bef5c701e82ef080e9aaeb467d20257f783df727dbd4d52bc2a5f5c461f716ee77514656424d5101598e764851df2ce1639 null
get 21a8c5208763ef5748914e5d370e438725197d5cd143df5b 51a940eec48dabade6d1b67462725ae8182c3db391767e4d0ff71f76b5ce13
get 6054639817e9c4bc38502f1d5928735e0559ef2d132385b7ff347bd09be894156578a6801c2c0aab null
get b5ec98ae4989c5 null
get 53e31db8c53f6c1f6e47451290ae27e71c99a12d1985 null
get ca8d9d c1
get 5489f2 null
get 63 null
get e3 2031d8fbf9aa8777c6763994
end
case random-76
step 1 53a593537636a4e5496deba0d3557163be4a3d8e41312af024cc8b2a862fbe7a
step 2 d9b7e085c3b26fe4f4456bbc8c6afed7e931280609e660fdb3ff009ca155f092
step 3 b7c32432ed5f6e1f6b1d91fa4e4608766ea714952119150f6bbf4868464f55e8
step 4 c74579a7bf179c6ff4dff085de77a1a82c70fd89d63b5ad089ce67bde2d07fc2
step 5 0dde93d6cde77b3e6b06c4e25f12d2c02a067b7227e7777008479932411c3a7a
step 6 bc6922c3d62a0b66fa1c401d3dca86cd00f22efcaa3aa4aa0c15c01046e6c3f8
step 7 88b40d621db1bf1baa323f1aa752b8b365b2cafd08da8bac398f08ebc1ce3596
step 8 3f99a47a14378d7835179b50b310e9a5c5533bb2983fd469633e8f6ccb011cc4
step 9 735cc6cdc00b33cbcc70a1521bb1a20bda8cd259b655bb1982325c91dc830f78
step 10 4a08490b31d115cb2d05124837099dd55f22215300ef5ede4fa9ee0bed9eb58a
step 11 c6899d4764bcbc31d03e4b295f27694d65edf80a2c0ce2f31af61265dac43cca
step 12 bd1ac30e0ade296d1be4be2dd68a47f66d5b00467b4a871cafd526e09da237a2
step 13 32418308d53fb37bcbac666d5d281c2fa740d7ee41d865af13bb5150e8b2f652
step 14 bd825a8786fd4121874fa0de6e49c56b4739dfa1d673667f25ae35725fe01c3f
step 15 bf2fed9e4ca86b5a94298f307fd226ca81939e7e8ecbadcb458d639216aeb57b
root bf2fed9e4ca86b5a94298f307fd226ca81939e7e8ecbadcb458d639216aeb57b
msg 4e29701ee8ab0c98c935449b653e3bf0fdd244e8605fdaf31dc48f65d17ccd6bcdb697806e10991300002297aa0743a3b4ac1a33998373537341ac1f897957c475d8f9401da3061b33bc3ffd4f01
get abd2daa3feef9a361ee15ee2aabdcc9674837b7cf111ddf2d86a1197156e92a22857498dca8325ec2f91 14
get fbb61d77de null
get eb214cc5 null
get abd2daa3feef9a361ee15ee2aabdcc9674837b7cf111ddf2d86a1197156e92a22857498dca8325ec2f91c7c6ded64d5099741b92cb9560e0603bbff9be8a34 cd72e62880
get eba14cc5 59572a4c22531726ed6baae37779bfdfbbc09af3e432deebc1f9978cab562683c4c6e86b162359eb
get 7455864c 749a190ca193896200794d4b849601ee10bd0dd688c328ff2d3d1234ee497d58d7c7
end
case random-77
step 1 4e7de7130e8205c9a625fb22a954908d4768652b97256a116fda0c53e6b03482
step 2 56e81f171bcc55a6ff8345e692c0f86e5b48e01b996cadc001622fb5e363b421
step 3 4bb3004793893812c7eec45772e19ace4585d9c79d8e11e360db5da6f4a35762
step 4 4bb3004793893812c7eec45772e19ace4585d9c79d8e11e360db5da6f4a35762
step 5 8c5e3a1da24a294ccb57122dfb521116ce6f30e6c08f78f417ff0b686e9739f9
step 6 bf266bf436ea0ad2e77f54732381fcf2e2cccf11e852506536c142be0eb3dbc8
step 7 57ca4d69ed1607b20338adfb2f74c2d8cc1287d78345dbd29fe465ec2dfb8dc5
step 8 318c4538024b5f538cdc1253d4ffb15c499a03b0a00acba1ec5029c06c97465e
step 9 83279821de9e3cb346b25944d91347ff34fe9a38bd1ea1198b4157b6b6bf0132
step 10 9b7022e3f765e53b80286cae8bee9ecb1f8638ed66b42a920b90297f6e7ec1c5
step 11 1eabb046255b5a5ef747ae31c26b05cd0e5eb1cd2ebebb64fbb60e6199c0498e
step 12 2bac8d9aebaea1921af99aafd594eec4ad383b148bb04a148a6fdbaabeb10ca2
step 13 c4f9aac01d63f5b09317508395b8b781c16fc83a1a47d81cc4a27dc7f04c52a9
step 14 4c584921fb0c2fbdd08b2f8e37406ac22ea6b4741be4727100015e4420ce3b5e
step 15 4c584921fb0c2fbdd08b2f8e37406ac22ea6b4741be4727100015e4420ce3b5e
step 16 4c584921fb0c2fbdd08b2f8e37406ac22ea6b4741be4727100015e4420ce3b5e
step 17 eb9b5ddce72cb1e085761840ea2e31deae83445bc99c82cdbf82c6061dcd21b2
step 18 72133a2ed8e308d4e277eed69ba722093694641488dc9374596bb89228ccb5e0
step 19 485973c68267464b81b609bceacc35bcf6ae8223b65fed700b281c9ce9a92e35
step 20 2d0bf397811c64ad9e781ae9c8f899f637c760c957f14df9af2df4b3df98d817
step 21 f8b88dd62dca970c27ba3c84de91f6faecdc073a0e19ec29da8faffb4feda23e
root f8b88dd62dca970c27ba3c84de91f6faecdc073a0e19ec29da8faffb4feda23e
msg 4c001bd700bcecb550f85bcf92182c2910bd52ee7707a9bc513367868fef0612ba67fe9781f9625b24de8c40f8fe4f9ecfc5a0fe79af7ba3c25d08c99bdb2e0cdefd2301
get d504 null
get 39d7ee21664f80d5eb7ba8af871bfbc8e1885b71ec0083c21ecf78f8c1b64256ba0cb60663a350748f78c9b6d38a9bca 424593baa8
get d404 null
get 32fd14 null
get 5ba1 null
get 39 null
get ff8607fcf8a09566 0d2d20168de70508d90bc7d94abee12ace297084be4c05fd6bec83e46c924b04
get 32fd54 null
get e84e721bddefc1a2a7657e95d4b8cc4878af36e7 423f7e0eca
get d44d40 526b8db4ccf2e4513b2c437fe8e08b094d5b3d52
end
case random-78
step 1 d4955a46fc1530ac770d839a6ff11e351467e471b413db54a15aa70d9e5961cb
root d4955a46fc1530ac770d839a6ff11e351467e471b413db54a15aa70d9e5961cb
msg 50fffd9001ae531bae4e41eccb1bc801058946486a04e5de7e29f2014df09f27ac3c2bb610527498f01cc5ba1c50e21411cb38e64cd5fa36
get ae531bae4e41eccb1bc801058946486a04e5de7e29f2014df09f27ac3c2bb610527498f01cc5ba1c50e21411cb38e64cd5fa 36
end
case random-79
step 1 2511f1b284c609493ef72002ad3e62ac90577f08c2572e075a0e548586a9b3c3
step 2 5688186649a9f0918f62cd0ab14aa3b9d87c394233ab6db9713bd151e799a49f
step 3 aa5de20da732dd7e0c3ec85b247927f703ecb89c81ccbff457c210bb45261733
step 4 a11e792480ea566d52e1a65d6b3f6970931ef50b7b5ab6302465bdf46b087653
step 5 915d188a239e7908ddd11fc756982db149f962aa01134d948217775571172342
step 6 01d69d5ddc7fdb084430a1684d07972fbcfe4235684238b321f304dab76219b6
root 01d69d5ddc7fdb084430a1684d07972fbcfe4235684238b321f304dab76219b6
msg 4de27eed4f91fd60afc8fb24a489bdef6ee619bf0f71e8915ca92c4c91e4e9a6162670062ad86939113fee1f354f03894aa2eb27b2b84d5b144237339c707702b03ec595f2000021fd1b014188
get - 4188
get 95 a2e94c7236d284d4c5119fcf861ec8a13b3248f20a44ab13d405f1ae2daf4852bc
get 6fe13d8c317f c84022
get 0db04db433077b5646fb9e11486f4378fe229ad0edee61e70a9b5bae969c173df4c10165b44801f3f7c05130e9e9426b64 bbcfcf18f129dd7d4acaead842a2e004471c05340ee989adbcf10b3870ffcda71d0c4e750bb0281769240d16c63fb59fe7692e3c8779ce87dfbb4f520d250fca
end
case random-80
step 1 88da3994b6eb46b2d9ba9c40fbfa5dd3c8ec716ff03346735a6dbcbf89919e9d
step 2 56e81f171bcc55a6ff8345e692c0f86e5b48e01b996cadc001622fb5e363b421
step 3 9e4a976257f07f2e0db6443b9a36306fc91758c54bec82fc715755996b187762
step 4 9e4a976257f07f2e0db6443b9a36306fc91758c54bec82fc715755996b187762
step 5 f2ad2b4af2b4dc654311273694e492cb7ae06644090a70ad71d6ee471ea1ea91
step 6 e26dec132a39de5e80568aa5f3bb12c4117a2c79c255f107eb7acdfece516c97
step 7 97bd595afcede49d4c3f40e3e300a1a4025af9ac2a32e0425673fb213abf2062
root 97bd595afcede49d4c3f40e3e300a1a4025af9ac2a32e0425673fb213abf2062
msg 4db896681aae839f11350eff579f395e4f78563a450ab0d51d1f091b3f8d6905f6267006c8e5a9ca2846a822b8ff6d57528b67c6221ec046da5cd98a61e0b6ff7838404602000022fd9401
get 0561ba734d04e14c8cc776888cc996cf5c7335507aa9c51e5b40c7d17ac4698703457f227ed57233dc3f90873695cd0ad4 75
get 5bbb92a2a8e4bcbe8418992c709348f5dc341328733e9492427ba7ad93d4547d3ffb5efd2735e47fd2fe906ae969970cd41f null
get 7809f3b923a7286242a4e87349d0d73c87dc3159517200832ac6048d6f0bead08bdc86cdac3badaf1927228073b3e1e3b65012676c3daaa8dd51ea0d f036312428715b7473eb29d8767951f8617c0616
get 0561ba734d04e14c8cc776888ccb96cf5c7335507aa9c51e5b40c7d17ac4698703457f227ed57233dc3f90873695cd0ad4 3ee67acc59032091150fd1e9
get e4 d6efdeb15cefb595748775e091c90de71ba92c4f7c40dc4d025849ef65fc2076b646
end
case random-81
step 1 779bc0626341351de24e458a209c78312937c0206450373669dcbb8d8fb4a98b
step 2 fc37d377f9e1455cd055a26395f0dd33c85c3e94f396d46f2ab943bcad8276e4
step 3 cc117a3f1ff730132e552a34ac9e92bc8dfa99557c47738ec6c557077cc3e6a9
step 4 56e81f171bcc55a6ff8345e692c0f86e5b48e01b996cadc001622fb5e363b421
step 5 c5030a36e682848af64294e5bf17d5e6e10662976e476024ed5d4440716bd7a6
step 6 56e81f171bcc55a6ff8345e692c0f86e5b48e01b996cadc001622fb5e363b421
step 7 e157c5cb012bf90dbac2e2551d84ac29e5922ee0d9109edfa4eef49a1a3da7ec
step 8 f814fbab06d0f32f894beb90d2b06a316fd26bf77c35380dac5baf69c48728ea
step 9 1fbcb2a8f812f3e0724344d3c21d99b32f2f5db119b5adef55733df2be0302d8
step 10 78bd6af0b90f601721a84fb11a53b42dd1baaabf64255357b916df6214ba1d09
step 11 a25bf7f7ff8490fe5d968e8e7a45a45134a305e34058cdd3657587bba06c24f5
step 12 abca52ad0a6858d495d85c8b07bbae47f54c87ebb6151a7c65f20be7b2e4a07a
step 13 a25bf7f7ff8490fe5d968e8e7a45a45134a305e34058cdd3657587bba06c24f5
step 14 d40f944d0c92ca83cac0322c4db9a769a774d3f72838afe81fe2afe2c1eb7a97
root d40f944d0c92ca83cac0322c4db9a769a774d3f72838afe81fe2afe2c1eb7a97
msg 4c2718d85ada8964ceb3411f01e0ce29da1b29e37c1ed685084cee1906314eb7b911911db574dad7f6f079a8c8a607ca9b33339514d7fd891d22b1e040b7a5fd2fda
get 9323727accde8d89f1f66f5857a4e3a4 2a6f999132d0848080b898b1876b723883142db47b962a0402e4843a4e150fe33981c7315645264055b8d8de103714aa41238c28e583c3b63996438b85844487ef3b2381043fd4ad1ae5a139775040d16b7b86860ce869b0d368e3c5a4e98aa18298dba9
get 6fc9c5 724231c5cd3a47be1fe83619
get 257c7af5b088ba1f fdd9
get 9323727accde8d89f1f66f5857a4e3a41155c7ee8c8f01f10db1aba41b7017fab567fa1f991dc2b10192 null
end
case random-82
step 1 cf3d3d09a97e83e5a3fe0a6d1831a302c3e3727ffc84726fccd678dcc1394075
step 2 c5274332c027f9cbdaac6d587ea9aba72f470155a7bd371867d3fc2ee725584d
step 3 de986bfb076a319bd57a32615501283a9a02e4ca78c256ccc81f590a9454a3eb
step 4 350c98ce98e88e56c20af0de431d728b54e831c632261fc11e6402f101c3d040
step 5 01758ed17e2d633b92d7bccabd52389a0785e1db450b6fe06ceb251607a2c2e9
step 6 01758ed17e2d633b92d7bccabd52389a0785e1db450b6fe06ceb251607a2c2e9
root 01758ed17e2d633b92d7bccabd52389a0785e1db450b6fe06ceb251607a2c2e9
msg 4c84d826bd4fad140d4593c7f5013fa65c9e901bb8c69023866478f2a5029538295baa7f3047235ea694f63c9f22e41f69bc880d6f404f3a9f0efc9ecc052bf8d4e4
get 0356 d5c3
get f3087a0044 null
get 0356c602dc391cda57f1372e28b363d87d93bfe347cb d734caf30cf6cf1abcb642bb6d77da8171a40827b3ab575f85f7c7df715009991e94
get bca55f3806fdd7fcd9f2ad10c00647c131750bd9855d8dc89040b1fb9794d5df5200600457c490a721cb0dd14c387ce3501c1e12f93d36631e647aacb0 924e80df78b5a92a040313c81545191efc0554ded0648b57d32661b90df2f3
get c63740e825e4812ce6a8ab31c835013636bc23e2 null
end
case random-83
step 1 e9fdd30a3a8b894e2d023e40fc22a0e0981cc1879d758902803711a9e00c1b9d
step 2 06f86962b0c96c039d772a774306eb68be5364f48e4e69285eb8376465522c12
step 3 71ee3d4f08e4a44ec6eac1d076dcfa0d3d89d86c0e6b07cca1a1274440c0da55
step 4 342adfdb62d46c7df98746f82627ae59ea0b31bb0782ef913433f4601dd69fba
step 5 56e81f171bcc55a6ff8345e692c0f86e5b48e01b996cadc001622fb5e363b421
step 6 c62e019b4cd80d4f8ee404b047980c0b5aa704dc9c715058f0a4f0928bdcee26
step 7 e22b6f7b64852459af37dc5fa0d1d76fe84c508e647c73b45a66a153b41b59ea
step 8 c62e019b4cd80d4f8ee404b047980c0b5aa704dc9c715058f0a4f0928bdcee26
root c62e019b4cd80d4f8ee404b047980c0b5aa704dc9c715058f0a4f0928bdcee26
msg 70fffdf001e08407b3e17ebcf64eb1ccc8a760f622a2edbcf1b68c32be996044aeb73ef1abf5f7bdd04810ac56ea357e9a014ec4e0b52169395a303a2e20fd5f22a6e225c0e75d84cb53eb533693ecdf39dc720436d3d1582fcb8c65c21952817cb1a3000040
get e08407b3e17ebcf64eb1ccc8a760f622a2edbcf1b68c32be996044aeb73ef1abf5f7bdd04810ac56ea357e9a014ec4e0b52169395a303a2e20fd5f22a6e2 5cdb380f4db979c847668a5a7f4e262227f46523ee4c62c22e9e45326f59b05215316ce6ce3889b40cd23b6565eb5ebf1c81019d3d118f2e4526fa095d16a5a2
get - null
get 4e null
end
case random-84
step 1 ba2bef5272e1adcf04cc204faecfbb4abd20738ae01ec09ee6a06c1b3cf1b81c
step 2 fab53e758ce503564ca883dfdacf5ae4c7095a7e84a0aee8246c1629f9b855fa
step 3 70ae25222193b8014c9aa0408c1f9f6b60d585022304240c9d40675d97dfcbf0
step 4 498720d52f2c9ab29f4f48a789f09715abf64dd7bee46bdad8e968fe07d1e759
step 5 bafa16158cf429f7bfb842f91eda3a1bb22f1eed828d2c63bc5cf964c01c5006
step 6 ebd86ce6e7363e2640ceff940555f6330ed114dd53a5d738984030d8b84a0b12
step 7 62e17c173832020fd61acdaf96cbb5eeb1fd85c894238235352a04bdf58992fb
step 8 c829d208bf70d78cc82f618790cd372ef7607cf5df03752f3765d5b7dc98f7b1
step 9 3f53ecaa5ce02b12a5b6aeb57b96e54d6da7ec681df743099427a0298e103fcb
step 10 3f53ecaa5ce02b12a5b6aeb57b96e54d6da7ec681df743099427a0298e103fcb
step 11 c7c094c74c69f2cafa2c367a33af7fd02f5787955fe78352812357f92438244b
root c7c094c74c69f2cafa2c367a33af7fd02f5787955fe78352812357f92438244b
msg 5e00802b50bed503d87d6231142560c0d2fbb33c02705ae00f6b27c55bdc6f0ff6f2d4afe1b994361f04b519d1900f62c2001f06e9e627825bb90e3aaf55a2bc41bfb8dbf9d0a0efd4f655ed78dd51c5
get a64ed6c1dac60a null
get b540f61f588c4509583034beeccf009c16b803dac9f156f71bc3fdbcb52bf86e650d87c12d467464 0f
get a64ed6c1dac6 null
get dd09fd729e3383dab6ac80ad7e0e1886b2a8e87f48540984e487b61062ffa0cf80b19e5161a46cb7dc246d4d6fdd75c4bc0a 58e440544c5b236179643bf29beb20c8d5ba337bb9a931e7e134f4f11657e25f7a835cdc79c8c16ef4850e087e21d9b63178c462a48b27d8ccaca8c7f149e718
end
case random-85
step 1 7ef7ac33d8e743c25c6809efd76f51f74fcb504b49130892653ba8b11e6a8ece
step 2 3fb1b49334a3c3ed8a4d2ab0480c6f2e268e3475ef11cabb365ef57a6b0cbaa4
step 3 ad9751bdb87ab5d73deacd6719f27e3a6df89a9d2e2103a420e7af32d9b2af65
step 4 4729d425593b17365df4ecea48a192c6d31d9c8e5e30f28022bc7c23e18e340c
step 5 2d568c61d92b0348348b128a778796eb1b7976c2e936004433a6716f162a8205
step 6 4c06327877f4e03727af9a2356e83f22cc8d7736e31ab773679bf2c208381fd7
step 7 694b8ba905ccf019926ac2c51290cfcf85249470047341651307d5c42e3a732b
step 8 15db29ef283b8f7f7cac729296ae8f61ab80499ab88617433f34399c31221be3
step 9 068ac32d01d70b3961c749bd49ebd71dc24c02925685acb68352e7ec14c4afd2
root 068ac32d01d70b3961c749bd49ebd71dc24c02925685acb68352e7ec14c4afd2
msg 4e27507ffa54332cd612e05db8b782d2fa995cffa601c5db90432c9e67a65481a400341088e8b239dacafbaaef6dc67007b06e81bba32bbfa0fc13e0807853032bc15d36e9647cfdcf94
get 7d2a19966b09702edc5bc1697d4cae7fd300e2edc821964f33d32a40d2001a08 88e8b239da
get 7d2a19966b09702edc5bc1697d4cae7fd300e2edc821964f33d32a40d2001a0833ef25c3d115f2f1d0a867 null
get b355c6efd02d72 7409d1ebbac41126ea8b71a360d9ad63bbd353b53d268eb57604a47332100f09d2848e26d08c1020d3fd52dc5da790ca3cf220e807e4dcda7fd98e2d9cdfc7dc
end
case random-86
step 1 279791d866b087f041820dcf9b6c231b249693bc963c9beb30915c83288d68ca
step 2 56e81f171bcc55a6ff8345e692c0f86e5b48e01b996cadc001622fb5e363b421
root 56e81f171bcc55a6ff8345e692c0f86e5b48e01b996cadc001622fb5e363b421
msg 40
get babff59aab325721 null
end
case random-87
step 1 3ebda9b1e4311ced565eb3a6e9849288fe3a5bac6f4ad25e933faf2cc439846b
step 2 56e81f171bcc55a6ff8345e692c0f86e5b48e01b996cadc001622fb5e363b421
step 3 cefa2b0f0a93fdf8ad5e63a5f3348926d2c6a5c1bca47ca20e2492f1839d79a3
step 4 3543c8b3d8aadac967889221781495dba4f3eeb4427f3b4c220d5701cecce8a8
step 5 cefa2b0f0a93fdf8ad5e63a5f3348926d2c6a5c1bca47ca20e2492f1839d79a3
step 6 31015dd5dba90bd2a63ababd8051096ba38c694cb42e2eb8f8e3e3febc771561
root 31015dd5dba90bd2a63ababd8051096ba38c694cb42e2eb8f8e3e3febc771561
msg 4f1450ff27f2546a1938a25c601f6c2e993bf57ccb690a50ff27c80ed66770db2f1e
get 186691033a547c1c1f9783a88d7cc44b5f56a96b944e5c4b8b9d6edb2c5b72e4144976983af463d6bafb93b88591d7 null
get 792a350c9c a25c601f6c2e993bf57ccb69
get daf08960160701 null
get e4076b33b8 db2f
end
case random-88
step 1 add139c29a2e693a46ec77e2d88c8ae794d6421d654c0d3b268e799238f39b9c
step 2 c496e8c642802fbc7acaee4dfe972328584834c15d9e99a29b896711db5dce21
step 3 037ae8bc2c485b1b9c70b33de0c54c9ac129b4ebff14f4dd8e2ee3bfb93a4661
step 4 0e5da9c7cb5fbbb405f463adc35259d562f8e5f5f12e7bc20dd3f1e26a183e4d
step 5 341840f2aebd379f33cf52b95bdc4c4cac2317e89c33ea3cdeebf31586202551
step 6 5115bb6a48d0f353d3cc7f3e9d841a8af7357c8cf43c5b8309d543ee7a70bea4
step 7 96b19b20f81e15189902d6fe85206306d5eca2bb5bfefd9ae60d98172019ebaa
step 8 96b19b20f81e15189902d6fe85206306d5eca2bb5bfefd9ae60d98172019ebaa
root 96b19b20f81e15189902d6fe85206306d5eca2bb5bfefd9ae60d98172019ebaa
msg 4c397ae76eb2f7be9d852c083e0deb5cdb0b8cade9f938be5a07a46c579c2ee9009e1829037fd9faefef65ad62ee950c91198f8e49a47851c6cdec350ba3908cd4fd2e01
get 3a null
get d08c953aefa5da8edb699d80bf68dbfd799c9d1b0c998caadd477ba8ccf00f6d287a1107fd28988a4f74a0fc8999cb46fdff ae0b99510285592cfe7ec40ff3fd0ab7e17868e84989baf6b26f4a6c66e493
get 0d6445372d574937fd50684aebbf0a7842d49f3334e2cdbf824062d1dadeb38e4d57d6717d null
get 68a62840fd8e6a81b5d4ce8b24422f997875cc4e5ed7 3dee2f109aea314873bb1747c28cec2b267a273784eab2d7912208d134670db31fe9
get 88e463ea7a1207168aa54b5c7b426d30bc21a5f04350 4c492d752012677cad132781e64d67ce71eac2f4
get d08c953aefa5da8edb699d82bf68dbfd799c9d1b0c998caadd477ba8ccf00f6d287a1107fd28988a4f74a0fc8999cb46fdff null
end
case random-89
step 1 c33855324807223ae3eb65e0a7094a5f906730c2032e8cab3f3c2307185023d8
step 2 c6ce90a7670a1a3d729d20fa105ae32caa6cbd4fbb4c51bbd01e29acb3d1398a
step 3 2b9bc1e813dacaaaa5f933ebbafbd5054db3f1df95fb9ce63287eeb69299e7c1
step 4 0638fdabd7f68fe21b44c4099f5ad9b89ad44b114c0b036732a18662165c30c5
step 5 4a08886fa6082ee17286f08dbab022e52b31b25555307c95a4f1a5d627dccf75
step 6 cff6f466f2202234c4b7b0ffb65681b7a3e1471fe2ed4e052a597828851eece4
root cff6f466f2202234c4b7b0ffb65681b7a3e1471fe2ed4e052a597828851eece4
msg 5c01000f14b9ddcff99dcae07e4c8f28e12b6817f5cc45aa84122502f61b79b0fc74255d028005ae2b79dc4d96c73ec5d6fa8bb324aaf1c478f043931e5c48e66e86bafc
get ecd27b17ab5164b1 null
get 1d45ab60a8c413a6db0cbcd773369baa9f411345c833da41380de9cf929e615126c40f656bcfca04ddd6fca99fdd6914abbd db1e5cc946
get 3bb6eff7247861ba5df32a5a45b1b28811f95c7fa5879901 7d34f8a4f7611d874e8a61c4b101f3716f5a888ad26977b7020577608c394a
get 3bb6eff7247861ba5df32a5a45b1b28911f95c7fa5879901 51ac9d29b6b32a8e4effd9be25bfee5591b455b083fb7996a1209fde7542baa5
end
case random-90
step 1 4fb7831637f409477e137fe9d973ca28c196d861f6f2b68578fb7ad2aa50e828
step 2 4fb7831637f409477e137fe9d973ca28c196d861f6f2b68578fb7ad2aa50e828
step 3 d23774524b4bead9721d91def71eec337a787d5da549e7069dd405a7221222ad
step 4 6356bd68b2250683af3a6aaeda4b6d0c603c4231e8ac0c3dba62f2e3352fb65b
step 5 8c3822d57251fb95c14587c140b0809eb004f5d372d3d0dca1bae33e41492584
step 6 fd96dfc0c10e17ac50528033ee80e36e57d6567be6b3b53290668194a9cc075a
step 7 452219d471588aa7d70c9f8fb50a5152576feba6e21dd81632fd82bcbad69dcb
root 452219d471588aa7d70c9f8fb50a5152576feba6e21dd81632fd82bcbad69dcb
msg 4c65a7395ff4a37941594fe667e5fd49ea3c31dd2889d887c6446cc740da32efcaa965e78a6ef8830cae123105097b3e7bd9bf47071acc8e457d940824ce7c8c69fdad0151b7b514fd79ce85945ac245
get f92857a7 038970
get bad1548d6360ebe59dbd48db850cfed11b6d06e4377c null
get 3bdeb3ad755f993cbeb6ac2e2944d459b51de1b5d2a352497945c0709efb20aa5b6e77fd0999fb0469 5e3025758136d491fe69f9cab6f2e89e72d4f380060d046edabeee948f0bc88698
get - 51b7b514fd79ce85945ac245
get 90a6e0b14be24381d8a2d1dd736b21e730121d353862cbc4c7ef28e392317ca72639f6030ffc3a56b77d 4090d2f7f0969fe5e4090eecf9397088121d372da3aa6597b5a8c06fed88b4
get 01eee7bb35dbdd74be353cd9144b063aaed534e2da5e0238792efac4efb37d9c061db74281908a27f33eaf0d2a249e5016 3ab95f8fee49dee7648764f80e930475bc3007f845020330e974b16ba7a0b5fe23
end
case random-91
step 1 652503693bb3265670b1251e0a9c6acd68898da5088443179b867f76b12a4778
step 2 a81cb7e0eabb45f7c81b2d09e4cf56bb6a83afb5f5857df0d9b0949f85457a48
step 3 56e81f171bcc55a6ff8345e692c0f86e5b48e01b996cadc001622fb5e363b421
step 4 9a8144d0813a26c98cb1bb242d292c3e1fd7538e9ce3a760aa04b3a4135f7c7c
step 5 be72956b6a4cc9e925e17727c2aec5e32d3d5ef15d47ff159e0fe7b53ea59708
step 6 aed50f7f0a5e8f20377a06fbabc56fd3dad6e6fc21773919e0a30fca0bf767fd
step 7 83f7cab052f02a4f0e26f1efb5f82d5d3f99556bdb210ae9aa5ee8e50e7c7b70
step 8 84a4953330e948c7a3d267dc4dae418f4ed56cf77014bd327052c5836646d9f4
root 84a4953330e948c7a3d267dc4dae418f4ed56cf77014bd327052c5836646d9f4
msg 64c2e60fe5b2cde67896dee1729282fc5f40733e12a89a31e0e6760e413852416afd9701f157bd7ae714796aeeb39379474d49dee9e59b302da27fb5de65647df77690b4000064
get b6ce156140d2e513e28581da835466f9e81ff423a33a null
get 9479178815a8fbc9e1c41b72541ff00a0edd414b18 2ab14b85312bb3009ca8c0b63f7a177c6fe1840d5f339788bcccb42d9c5847
get e23be0d42ddf249919bc4ba6c33814c3df9452fafdbe677171dd9c34b8ca1dd1ae473294f831f572b9a43a0cb3320921a12234151f70fdd15cc5363c589d 8c
get - b2aea6f099ec1dac2f6c1e946598c601ed2bfe0ac37cb502ff6f3133041af88218a2ea4093d831a44fb8b4e636c56208e3c4b942192c0e9677bf814e50896cb93f0b73ff9d26ed5efb7c97f5a5c0163e265fceaf71619e0daa5aea2f0e5c14ee60d4232a
get bc9f9381 2c0c5b25e172deaa5d2f5683c3f4b98b3f9b017256833109a632f87e7932c6993ef2a29e1ee5ceeb94a14f447789db9e63e54c2fc6d7cac2a61a6fe3a512d2a22d9143da36afd6a6e734a97080d8b6668c2c4037eeede875c10f34fdd7d453568e9b9bc4
end
case random-92
step 1 e44ebf96d38c11e1be7efc08772617e080d9fd1b6ed1a5c58cb9876ece08c702
step 2 f5875e9af01ad9615322c429ecf6056090e318f70bf540dd3f04d12110fb4270
step 3 534d60ec1f0171a6c0479769ad46ef9683b6e53c20e942adb0d581e8645d5159
step 4 4cc82dc780bd3f698cccb086bb000a2d996515cddfc498f8109ef87a6778df06
step 5 a4bf5db106a1b1b46e0574890d94af45182c39e838157b9b1b1169523ec11912
step 6 e22c1b51706756e9bdee0f7f870515a87e80541124381d44908d7e406280a3fb
step 7 a4bf5db106a1b1b46e0574890d94af45182c39e838157b9b1b1169523ec11912
step 8 56e81f171bcc55a6ff8345e692c0f86e5b48e01b996cadc001622fb5e363b421
step 9 77ee465f6a451f631f2764cc057c3669bdfd9bd4742433e5f6822502445293df
step 10 1fc2949db76495f82cbf862866bf81077e384c754de3760e1b8937cc71c1ab28
step 11 cf12ea1e15ef66404787ed91ea2670fb81ac87e174e5a852fe778e14a0ca96ef
step 12 2103de661fd20ea8c7766a7d4a2d29b927aac94909437f48cd2cbd1e57a2568e
step 13 be50b2fc2308074384421cbe61f85130b6fc6d6099bc23b7531487139c6d0fd7
step 14 2f01440ace3997d3490c282a2b585ff39d997a598d0b862f026bf44edf869213
step 15 ff5a867c41ca8dc202967a0281d2bb926a55212d66179ccab4d8fef9351db730
root ff5a867c41ca8dc202967a0281d2bb926a55212d66179ccab4d8fef9351db730
msg 4ccf0999cfead213376846f77feba0e9a26cfb0789151208e93a81a1654c41914ac07c306fa7cbbc145270d4e0f080270d7d5ba9f0cd9ba8e8b1b259bcfd5667e1fd5402
get 55770caa8e395077d8f2c49fda6f9997efb216682ee29e475ece6339efe4355ee298f32de6adf04480de4a3c6ed5db735b9afc 09d437131096b2c9204e07c15a057160afe16295eb80fec34c08c18eedfd98e1
get 5946 null
get 3aeadd6e31489556ce1964cae9ed4efc73600b6e9b4d9659e11711f0a74a06bdd43696cd5d9af1246e4b65473c43cf 4789b3e37c75db25a7d30ee4d122549934a4068c
get 699c0d99bd5c5780aab0b09982b5897a9ed31b5caf3d5b null
get 3aeadd6e31489556ce1964cae9ed4efc73600b6e9b4d9659e11711f0a74a06bdd43696cd5d9af1246f4b65473c43cf 59874029c9daa323806892395b1bc0f701c9bf3f7bf52d76444acbfa5d122eade36335a2afa8d3bb35ad6e0fa30d7983b66a73d956d0d3410fe2f8bafbc13090
get c82d6f9e92d9d1a3fc6a75aff9d640bab16df2eb3c151f9dca846ee12b1b62e52f73693aef1f8984655095d9382a4801327c31055cc4e8512159f7314e null
get 67ec67ee42688c12e75fe79e1a8927e102062879a764df87267256e3667f9512b77252c6fc1ccf5b01f9546f6b562a7f 93
get c82d6f9e92d9d1a3fc6a75aff9d640bab16df2eb3c151f9dca846ee12b1b62e52f736938ef1f8984655095d9382a4801327c31055cc4e8512159f7314e f1
end
case random-93
step 1 f01e9dc5217d1fcb69e0829f60eecb994b5caa1f1cbd4d53342bda0aa6ff5a11
step 2 56e81f171bcc55a6ff8345e692c0f86e5b48e01b996cadc001622fb5e363b421
step 3 bce27f22b64aeb220cacc3abe0dde4e6a4831e3bab9c63db3763efc12d49cc15
step 4 56e81f171bcc55a6ff8345e692c0f86e5b48e01b996cadc001622fb5e363b421
step 5 8532f45c809fe68e545b70c4a28cbdfd924c9d597916cc7b75f1da31e140215f
root 8532f45c809fe68e545b70c4a28cbdfd924c9d597916cc7b75f1da31e140215f
msg 50ff28400624023358ac277e302a2522edd98f348bd1b3c223b99e9914346f0edcb2ba4c747bd5
get 4006040233 null
get be6b34c485e9caf9289e1a8b570e null
get 4006240233 58ac277e302a2522edd98f348bd1b3c223b99e9914346f0edcb2ba4c747bd5
end
case random-94
step 1 fb3af54229f47e450d9f83acb7e01a604c8298c4ed4c9d878f927c5da91c6211
step 2 406a849d99ea670773210ae26002a9fe5bf2028a85b35aefeeb307462e36515e
step 3 ca8dae59c1186b31f21200854cc23954e11f018b0dcfcd5d0f580ce4662af55a
step 4 525819983857774a68ea27b57aea0db1f825a9304db0b2b450d84a4ddd9d58ba
step 5 30d07db7e5d5795245277a74af4c075c850f566f37f5f3c107e887654b3f843d
step 6 24ae15c74f68a14438b3324b553ca65904c7b48198f3f788d69f36b6c6c99ecb
step 7 779b6d961c8652665332afb4117e596e682a359bef40564f455fa3c41f8932bf
step 8 fb3a66740d3f97a56db89c30954735717c3b9751fe26be74815502708551f859
step 9 e94e84761343da641e85bfcc0c20a7a4c011293bcdea4124e19fd33c16c53d20
step 10 477f6e5c49cf3805f40c01bbc36188807237cde68d88042e00ad585904d2248e
step 11 90a1c29051172a3d30ca6077554022c5bfc7bf279800c3e4d15509ec45f49b8c
step 12 4a007fa04407f85d3091814be1fb63f1976c743bc6def11b44223bf4d0514de8
step 13 e5904e00c595f859332282019914761864d1178eb73d462ef0af823b415c06ca
step 14 07cf20d99bbcc27c41ab72577f9d29a4b1cf67a06e401b00a9eebffe7fef2ac9
step 15 69edc44c3b2b98e886744ab186f36e0b77fe17d7ee09208de2cc8af7f4c40db9
step 16 fa52eba2bf3e06d6183680b777ec79794c59783f041b8e065777955457f1c2f4
step 17 856ed24c3efe0d8a5db41a94bb44aa735a832836946bea72f9d31da787652a64
step 18 e4348d318b39587bcbece1d88eea45eba814749369a2ab74879a9f515ff20a24
step 19 9572c2589a8bf22fb7632dc69fd0ca1c37a0bdb22eced8bcb580718f87a8ddce
step 20 21beccfedcb6ff130a0e846db9c29d8e1bc2c9b440bf96561521c348d66d4cf7
step 21 8a5b3e8639b889b2d5ce70f200c7c85c5f958f1441ac2defeacc70038e42faa4
step 22 81d8883325d40fff827b489ae4a1c93557c6e55fab108954ca62971c837a1e11
root 81d8883325d40fff827b489ae4a1c93557c6e55fab108954ca62971c837a1e11
msg 4cafd96a72f3cfa4333074d14e4afdddc6359aecde41526811d39f166fc65931450812091371bec6dd217d964dd36b8fbbd66fbfa2b575f86c4895fcf550d3d517fd0e03
get 1301dcdee50a0d827732b136654bfa56a05a1370df82b9260ffd990e061f96b335be9c73a67bad07ab6792136c046a0487 0abd54ce158fdf0054a34c5de0a5e7ebebf94b7181a07f894283d955b786003e15ab1b22eeed2e55912e1e3e0061d4cd94fbcc93139ef0e6c92437eaee439278bbd1d66c5b780e135de32dde270ec0e3bc9243fec3113155f15f8e5a1a7f257a8d2c50f2ddcb759c6e44f7919b89b5188c311f777098f1676b36bbfdc3c7af2505dacc1e293b10fada714f9926a3a24ec257cd87d8a45be13dc705044981dbd21fa3eb101369fb66e446ccc0bab000d4b900f90563eaaef419b808c9a6eeea237bc5e48573e6bc703414508ddbe3d5324b366905d53efde9f11aa0dbda4318a961862d2c58e6c9029900d579c47559abce5c777adee5880b2e950c09b3359b8e69
get 14d05fdd b3a0769c241dc1054c1cf283
get 777dcf3d5c183faf3a24c6d54b47e1f3472f603e12dfffc9e7bfd7e09ffa4150163997c5e72f50bf76c968 null
get e9fb6035c3a7c6e6b38540ac597291cfd0f114c70eca5fa3a3953671df706c101c68f43e6981157d69fe23d2a1e676e619f0c53d8dfbdc8af570a5fe5a4f 6abe9c1742ea8559c0afc5bd6c907a2d7a75caf18644a9047cf0c2bab4f01e771064e9bfe39fe66dc38125d669ee56feca59e9f983d49ab0310c5666f7bb6f6197ae540a49f225e880367f81655c86a99234accd0ecea79f66186afdc80239d4efa679da
get e9fb6035c3a7c6e6b38540ac597291cfd0f114c70eca5fa3a3953671df706c101c68f43e6981157d69fe23d2a1e6 0507a3253a2a4d9ee372483bd6da3c7539916e6d
get 1301dcdee50a0d827732b136654bfa56a05a1b70df82b9260ffd990e061f96b335be9c73a67bad07ab6792136c046a0487 2bf8
end
case random-95
step 1 47eabfdb3a9761131d6b1f4df669958d342b40dde4d6ad53aee9decdd17a8b78
step 2 240181750930daa0d06fb631e7592cb227fea6b79fbadcb2b7260829009c09eb
step 3 47eabfdb3a9761131d6b1f4df669958d342b40dde4d6ad53aee9decdd17a8b78
step 4 397fad0c9c53322e09be3f95322c50eeae6a9445390c7c2df31d321d0b7ca071
root 397fad0c9c53322e09be3f95322c50eeae6a9445390c7c2df31d321d0b7ca071
msg 5d00006a9450e0b66a485c4012c1068f75e299359d8fa3e3f7b7a8d02455d3cb951a900850150f1284da744c6a
get 07dfdc9b7cf6386469050d5c76740939f9d87524b0498d62c6ccb3517d4a61eb80240e769bb204480c10830a35396c9dd939d8e78b829bce694171f2d6d3 2d7cfedad118b669ff1ff6a708bf5e7bc6b10992b1fdd268aaf03d5b05c275
get 43c4a1 da744c
end
case random-96
step 1 920beacc058bff3fa2f6d1bf82db4f9ae2c0f40c1db0ddce3c40da6dc1620c28
step 2 a1035fccc40f0f51314d8f31cce17b39fa7d98314a7cd6a20ff96f5db1f9e392
step 3 56e81f171bcc55a6ff8345e692c0f86e5b48e01b996cadc001622fb5e363b421
step 4 658effe059da8f8213956dc65cbc2f58d8f5e7ebe685fefeb885d73f1c1dd2e6
step 5 6adf68121c9952b0ee607170a79e7fb9cb76cfeea0cc5147e0faa09d0a3fd0ca
step 6 5f0def708e5104223dcf12d62bff5b65a5a18fd792a0c1bff7b51a04952712ac
step 7 ba9cff8cb1e62bc7d9f5b8c72c7530103ecaca4318345a44d1588ed749e610ff
step 8 4e8463279b3dfbbf773edb5652cebee0d1de89c89e78c5397038238fdb99cbc5
step 9 436e70b1fe2c84964d23918d08312c3e7033547267ad58c5ba0b65379b88acc4
step 10 165325f720ce01edb1b8399c4076292aca24d22ff6bbdcb9570f0f8e7b9b3c89
step 11 5b4d8680d31e33c04532dbd541bc4277877a3d3b4d7165246a3d17f213f1e9ed
step 12 ff7f73a8e11160c0dc29450397fd225a61d158c5fcf35d73f93bc174f8cbb6bb
step 13 6e10f6a25e634376229adff1b35558e1e89bcbba240ea8f971fcf6326dcab6c6
step 14 694a7bb9ea44cf45b36b57d2c1c4bf9c4c555631ac0835d9bef466c179153257
step 15 658d18733cc2ae35dd2c6bef3eb2f2c9a1ea7ee590c2b74a812ebc2c09a13ccf
step 16 23ad2f849e4fc7fa563d873f831c4fbd3af85a4af79ba4dbdf027966281f6812
step 17 74e3f51ab7b237a77cdd4ac3326ce98a0c0e0b850e6485786f957f40dc414f50
root 74e3f51ab7b237a77cdd4ac3326ce98a0c0e0b850e6485786f957f40dc414f50
msg 4c509f0a24474e5ac6c7e34a0262fc506c3fd09017a193f7077261ad2ffce7b29a3bdfae77e3b33c5f149d4d0ab5a3e384e5bd9f2422fb19c712efc57026c72097fd3f03
get 28c0 null
get fb1332c38d38efe449705398dc274960e7b78c50f57b8cebc33981bca497440af536eeff81af260a546fa169d8f32f8464e7d735f7637e8f9aba07649305 null
get 26318edac3c73f6398b66cc0d12283942f4680bbeb2a328dcf4ae17984f1ceeb1d9dae7bebdb2b1dd45a b8df114b73c4e57fa85ed42cd3449a037be198df5fb40fdbd6528fe60ff456fbf0
get dd62 a1d6
get dd22 710eec4b1f9cc71aeaef90a948c8f1f67c3b87f067c4a9620570c69659a95bf9e2f0c5933dd05516cd40e9f118c68d701b152eef10bd3a057bf24a1d10d18489073967fbcd7a74a5d259d24f42a4c062abbe67c4378666240613e739b43e090aed8bd206d0fe0e2fee4615e61415e7e9c258e5f88c991dda507978515da33ed1dbbc5793b9202ce5c0f097159969d74123c64a67b872b02f0474679484797138074a836c4a4299c4ad39781f9bece0acb40f31202a4063f54f8441be7ef38ee0041f7d727ca268428bdc92e860b0887a601fc00ca92501a1d4ddbeae7553c783711fded5a15749cc71bb366eb2a05c13d93f8c446d015ef1fd6271272c9b6cd742
get 26318edac3c73f6398b66cc0d12283942f4680bbeb2a328dcf0ae17984f1ceeb1d9dae7bebdb2b1dd45a 0d6472247cc04163024cda928040231fea1ffb14a6b84b8590f2fab718aa30fad21ec83eafa7728a
get fb1332c38d38efe449705398dc274960e7b78c50f57b8cebc33981bca497440af536eeff81af260a546fa169d8f32f8464e7d535f7637e8f9aba07649305 7576658118885a33f20bb73159de9120a2626f9a93186bccec57a75c66e1c519c3
end
case random-97
step 1 71c81dbeeec3b19cd3956e1c2c4b81ef2f5906bc7dc411eac92007948fa98f21
step 2 893889e4222e209832a1b8d531f6272f020e848645350a479daebbe07a81575a
step 3 d07c8bc65946c69c19d6f49de8c0be3263576e0ceaea693eebd30848c9d31c54
step 4 a2e862ed4efd34a97f68fe1d1314919143b87df1c83f0c3cac093158bb3ed995
step 5 181fb250eb30e3afa2258a7a1e85a63b2fd9f75d996b58268b27ead3b7f5a342
step 6 d564c921568724f2499b744fbbff4f3f387bc0fe9662c201e13ea986579cbf0a
step 7 2260c06edffbe09ff69f1d1182a683f2923de3525a5ca18c8eab17abeeef86c9
step 8 2260c06edffbe09ff69f1d1182a683f2923de3525a5ca18c8eab17abeeef86c9
step 9 9cd3e81b6302285e560a0ab6962cfef6457ee2695bc4854776efbfc4b52f9397
step 10 1065da6d97cb33d10c6db64ad7cd62843c2a9d5ea16bc770838ae42a32a19ea0
step 11 c8a0711fbc09848286e8c13360dcdd98225baef4498f8b9b13494ff597b26f4f
step 12 c8a0711fbc09848286e8c13360dcdd98225baef4498f8b9b13494ff597b26f4f
step 13 beca08a491a9c0f8c27ef37b5b3bfe7dda5ba9799f7c6f7bc57a0dd7b4bf9d57
step 14 365f91fb73b8676701309c2b93b332b2537dd85c5685da6946aae6737a571108
step 15 6ab6c5f2ec9dcbf627b22806942e7dbb1526e027c6cabbe67be710c401f7ea1e
step 16 365f91fb73b8676701309c2b93b332b2537dd85c5685da6946aae6737a571108
step 17 beca08a491a9c0f8c27ef37b5b3bfe7dda5ba9799f7c6f7bc57a0dd7b4bf9d57
step 18 75dd661fcb4be140b2044746f42e9cff341c0ae47253d17dcca00a2b6a4261aa
step 19 1e5689333629314829b4e82c109a182e5c027c2917dcb50883f4105088cfe86f
step 20 11865fc284726050f16682982c66d42095c6e015d4711f1fb04a05a40e6e995d
step 21 ccdaf3c494318fd29f2318cc7cbca53bbec6e7f6120f231c3ea38f4cbc6a8c07
root ccdaf3c494318fd29f2318cc7cbca53bbec6e7f6120f231c3ea38f4cbc6a8c07
msg 4c84f9e6deedf84b16b8d0bdc495779cbbca0b04106d092c2a2051cdb804b71dcfddacc970195d55edee02b9704dacd2aee337a5517303f1e6daf1c2330a77de80fddc01
get 73ec01af984980a3afb76d1701c37fee64 3f0c636deabdf4972d2e6ba507f16715b94d01509cbbc005482a92a166f05567e93d
get 4b57691c269ded2fe2bfa75743b8140205c4f99dd4d617 null
get 73f977e6dba20fe61753c577ccdab8f05d71f667a8798b489688b2740dbafd459c5c6ad963825f7ce1b5fe5ad90f3c55 null
get 38fa9f457d07adee8a9c1f6d4c220094c149af1300 null
get 38fa9f457d07adee8a9c1f6d4c220094c149af1300894aed735ecea8b9b42f3f894d91ceda4f0ffc98c9 e459a1
get c710b36f26b101157094fb0757cd0bdfb862be99d2ba 799d2f33e363be170ae67a7332753865ebe6bf5c5b9a1a2bb62dbe2d5243d17ab53d7611a4fcf7fc3760db50e3586d48febc98481c49c5cfb9875c8a2ccbb949
get c862354ebd253e1eb1d4f7272735292c0f75b74bca null
get cdf73b 5dc36e2a134deb5045786f1c4556b68bce37e5b3e6856c7a3f6a9d880da4e1a4f243
get cdf73b162c null
get c710b36f26a101157094fb0757cd0bdfb862be99d2ba null
end
case random-98
step 1 d8c48f5e802556553743c63bd701eda548796d91a7fb15af9f1f3e50eeed5b29
step 2 6ee486180d691fbb65bbbfd0b65aca6b2b9a83e84da1c69d90e16cc66cfcd666
step 3 56e81f171bcc55a6ff8345e692c0f86e5b48e01b996cadc001622fb5e363b421
step 4 bb1359569ba246696d7dc7080afad1625b71f7f93f17a00e66281d7b9e0a9521
step 5 1d5a397c9434c7b7f326a70986822520c2b1bee4fdbe29023a2e74337ca4a820
step 6 2047851034ef42e9f761726f7789d41754e6d6b065bbdc9bee04c6c4feffacda
step 7 1de7e010174d487b5535057339377d4d45ed6ede92941512a0552737c6c372db
step 8 b12cc15132022fb7d8e45e82e13e41fa4da53ce79a3a8550f7ed6b0e7138d0aa
step 9 78fc32872f98230dbdeb07669751c1295d5f7b511993b8fd3bebe6d656cb1112
step 10 0f71388586445edc2534a2be24a9ab3b34646af3c08611b656658b600de1317e
step 11 0f71388586445edc2534a2be24a9ab3b34646af3c08611b656658b600de1317e
step 12 c94bfd0a1bfa4c1a18d9d23b4f03606ee2e5e87e396ebe00ba45de7ccb03511e
step 13 2b61c351eb34f1df6f496390031e162c81650bd0f5dbd0b3db2797ed83a39920
step 14 5e6f9b84eeffd4f6325167a8bfa05a4fb639c7b9b0ece2a636a035b93e65bf70
step 15 6581640654f99928f88ecbaf216d0ab4b665d007254bb3dc8b27e5b6e684722e
step 16 79d8f510e4d3f03373f62cbd2ad236554e4ba9f9f4111245a6c7ee92480886ac
step 17 5e6f9b84eeffd4f6325167a8bfa05a4fb639c7b9b0ece2a636a035b93e65bf70
step 18 3466a3d9449c5f87b693fd3306fa9ebe3d7462427ad340a944be2fb741e020a9
step 19 d389aa3c1caff767da19baa1e1a67bbb27b1798085f6b92724aed515bb132c66
step 20 9703305278849079575706dff2b92a00842ef63d3305004c33889188192625d6
step 21 a8dcf023767278e33820d02f9c63221dab452c15760f0fb06e8554a6b2227c3f
step 22 dfbb98b9632dbafc6d5617a5cbc3462e4d3bd51db4d64015a7e8efc6afcaa24e
step 23 9046793d4011f12f1774fdbfab0f0485e01f62f63f8a62c94d681907ef99f8c3
step 24 9b4ec34231c6161887a649148b0c77ba62cd328a83716eb8f3b77cbf1b71a735
root 9b4ec34231c6161887a649148b0c77ba62cd328a83716eb8f3b77cbf1b71a735
msg 5d008042e05ac846b91d5404b17abec7981f89c38d9242e13cf5344c055c6d69cfbd0d27700dd48c1e7966d44dc01adf93a8ce0a9b80e8208783542ab4c3e54f76c50ec9fa61ecf5000021fd4102
get b459ac05f5a20a 6eac86d2fa80c1b937159b0a64479dd17e17767ea235885c0a4256b28d3a0ae2db684eb6640a487b7e82f1ffa019ead271803f73dcaddd5e9177ae1c2c767b06
get b4d9ac05f5a20a 88a36ce898b6d47afcebee4f3b669e4799ed86238ab2266f452c03a689a3f7117ce8897974dcc6303c1e810b496d84ea63728d5940a060a21f2c52625bca946478d07b9d58ced8453224cca03db238dfcbc87441e1e3d84e603c35be7ff679f02c212648e55668b151375175566d08319291f51556f218400f1137eb5b8865ee01ceaa221db4039eb3b1fd41d741e91a2e257c75e7211d7b22879f27caed8e6b49e3fae63db72a80e5b79402bfb8902bf7fa881c2506b27a03755d1263f7f7391333c2e4207beaccb0e307b0f83ff1dd620d18d0a0f61161fb57b03c4446f1ca555ae7c999583ed4823b99404c59287e320a6fcc625792ae1d462c95677c1cf2fa
get f523 e649e5dcfd2daec74677579b30d36877a97f176711e88cb137b003be66ba8e9f66
end
case random-99
step 1 5c4851916ec21c126a21615e113224a244b9b4e1ee3cfa2b3bffd165e6aa0ca9
step 2 a2a1d6f762f4831f270baeb71f265e76a3dad82e7d03ec5e59c6b49fa939609d
step 3 37733f70ee4b62526f428a88c81eff528ebee317826efc29fd802e358c930e20
step 4 5c4851916ec21c126a21615e113224a244b9b4e1ee3cfa2b3bffd165e6aa0ca9
step 5 bbea7bbf4481d0879b5434960a52ad6261ba5ca6d8dabfc499e6aae73424761e
root bbea7bbf4481d0879b5434960a52ad6261ba5ca6d8dabfc499e6aae73424761e
msg 5c0180e234c3e9f020f738407e7c62f06ed7a61759071f24963c4f698355565326a52448985a0e4d7f6ee779d1856ced87a00cb5c8426536aacaed9ac8a6200ce312ff6f
get af768725895d312a59859feb2ef45bd1122d708fd93eac99902a83cb62327979465c3f8444058b328e285b7b6db8b4644d a0bd19
get 9445c2b1f0ba083c97ba2f30d8cb96e75935050d69 d3104a1108c169cfbdd288e411450b45faefd64562e1802910b4c7f7e15c66
end
case random-100
step 1 d5e2b1825a8f74eed425df907893bc6879261e09306bc3596f332f0c491279cf
step 2 de2966515ac941952eb2b60b147a865ecd2a16bf3de21987bbc971c51c0fa271
step 3 d5e2b1825a8f74eed425df907893bc6879261e09306bc3596f332f0c491279cf
step 4 1b71e038f037d133db60f6b2c21e18e63560f9cb61a1e6bdb6bf6dce804428f9
step 5 dfb3d0543e369a00056c2c7d0ae37455abafd434e15ec6b60a810e80dc47e5ed
step 6 270843485c626f7ee399dfaa79ae8bf7afad62b421148137434ad9a395fc1c7d
step 7 95e99173f867eaede3e7d53248a0c1b29ad911c647870dc6a2d96daba31a427c
step 8 bb93b19b11ecbe574f370a9e6debd36dc607118a76506b7e33ec01812d82278e
step 9 d828bd6636d510994a6b676d39ace66033d06aa03cc50cb5098f52fe5d3a6c7d
step 10 50af1ad2329a34e6f717ccbb0a39b64f1d486bb4ef298ec406450b359e0e1f27
step 11 b619b7dbb4f97669171c35e0704e5e4407927ccc1629b65843d982a84c482a2f
step 12 c8a56d3471e7086af1be0e1a1842480daad3b8458dcc802671a083042273a52e
step 13 d4446ef36d9b557582adfb00c7ef199c6bccbd739a7de26990c97d7f3ba793c8
step 14 b250031cc9a5d3807aba779cddf46e42118ed4baa210d6558d2a38c8748f1aa8
step 15 bf711c1fae9c716813a3e98e6cc5b2560e5897daaf51cf6815c21085bba98382
step 16 6257131827e4aca35a3dfab4ba7bd4313b34c4e91c847835182ccb4c76aa7847
step 17 9e63757084d99fbd4e12574ecbf831f0a1ebb332b5a8a682749ea64d53a0e202
step 18 bf4d0099695a6cc03dc99de30d49a1e69a1c080571278cc1b0ecb007dc6c71a2
step 19 21cebd71413e96a81f2e11ee9394bb18449bce7dc2f0f386fa99ed1b59d591fc
step 20 21cebd71413e96a81f2e11ee9394bb18449bce7dc2f0f386fa99ed1b59d591fc
step 21 9b17fe20d818c6ab02abda6783d880bbb9a7eee54afa6e2790d28cd10f7c4bde
step 22 78bb196203ffbbfef38348f1e9668be79c4b7a344deedecce7ff7557809f3ce9
step 23 04291eda24e785243e57d5b16ff2335a28e703c7d36dfcbc131ec6955ae43565
step 24 c102b0ecce0c75bb30e6fc5fb705ca2aa878b7ed043ddeccb624ffffe4a4cd3a
root c102b0ecce0c75bb30e6fc5fb705ca2aa878b7ed043ddeccb624ffffe4a4cd3a
msg 5e00001950ff9e455606911750f56e69e9621fc46a0e14370bfee8efb503a88429b7968a94b6fafbd62d397501554162c0ff78a42bcc0cb123a8a6b6d9fdfd01
get 6ac56d8e3221 59ac91b715ea2d0a60fe3b5d69ca9ad8a5026f0c88bad6da34d94d971e780c2df062264cd197cbb653699aa1a7f43a4cf2f5c3e8f130c570f76d6b7b3df5677b6659830dee9d7d038b71efc370040693a0ee9a7e99b244e4e574b41dccb459a4a7ba860e62b704ca31730329256ffcf9cf20f8eee1d7a776512c413905c140ad7c42329108009d69df88af8bcc03fd54f03b1311671d17bf491b06f725386b63a7e6975a486d23ed11c92787cae28dcdd961a88c3a968b0ee47b0c79b5689e78406ad834a4aea3bf1dacf49081bf3972cf980a3a97a071177e87e37c9670dce8aea560b6b6280a81c59498d3cd0de2f1d01769be934ced65d56b6dc9e0e8feca48
get 76210d43751335a0277aecb0bd6efba3ce54b87c8d0299b79b4c35847a487d4bf9f5f4c75cf7294254472b25fceb7dd60e12a44f02655475372efb0de0198c 949b8f832d016fb21b61e3af3af0a7d3636a1b705efde4e2a0c5bb8cbb7a0c12
get 76210d43751335a0277aecb0bd6efba3ce54b87c8d0299b79b4c35847a487d4bfbf5f4c75cf7294254472b25fceb7dd60e12a44f02655475372efb0de0198c null
get 8febebff6779bad7b5a07f0de0c5be1a621dfba2ae4fb6c2822f0e796f37989dbf91d2706463dc2d9943ce2c485c50b4674df9a5573c4604afe20d9fcb85 null
get 548f51ab9f50 null
get 56aee7 null
get 508f51ab9f50 null
get 115581a445d43d5b9a7a5887f11a83850dc2ffba efb5
get 6ac16d8e3221 null
end
case random-101
step 1 ac7a3c30cd69d7e6791d8509f2248713710180f8b6c742138eac9c262325439b
step 2 a54ba886d2105f372b875c15da000e1c2276976d85a2053011f5160f75266236
step 3 ce5a436c90f2aa8368e8ffb8ea9ce261f6c2fa641b6a893523d040158c9c3f63
step 4 69220c266c005df66ea890a51f37ba2d0e99d636feaea36dfb02d8b61dc771d7
step 5 27b3f7a9cfa998ee9891a680ba7bf758fc8b3cf50fe847107af92cd135332a9f
step 6 233d7ca03a88731ba569ce47f07e5e1610ef880a99160d7dba8ffbdc4f91a19e
step 7 613cb9979c815a12650108cb40f00b09c41ea2914fe56c64e234daff82b60d16
step 8 f395770f3bd894eb0b40e04775008759c4a292d8e0dce237cb7a6114806b5e12
step 9 5f15d1fc80e18525522ced1c2d58f727bdada777294b88cecb2576782c9f0013
step 10 f395770f3bd894eb0b40e04775008759c4a292d8e0dce237cb7a6114806b5e12
step 11 a2ac20d72b8fa5cc6637631884406919aac23e507f910e957393310005e9fdc8
step 12 c61ef0b194d935b2b250a7516e3a4ec8948a2d27719033e9198ac9deda0b6665
step 13 05f9540036c8a010050ac293e797f109766f7bc90913c56bc8994f677dc3b19d
step 14 201d1863f9040091be5e64b4fb8940198b419716f0d351c680b1e6a8f581e142
step 15 30356ffbc90ed35262ddc46ad884a3154816cbf99f6e91bf3d800e6d7cdd0b79
step 16 f931ca788c5055c52c454761e56f80171a4a99d13738d6dedfc9bf2cf24c0419
step 17 971acc719caa6e207f4a2c2cea189f8a4363cf1659612bb17637cbb951b82f1f
step 18 40952041732dce2df31d469c4432124de356625d294dab7a0b4c4d188ce6f148
step 19 51f1eb4b12f685629f2a997c427fdc96696190b98dda21b461537a0f846f0933
step 20 e7483d8bf5babf435006d5c855d57c5a678cee0542a24d56b3fed78b8895f0b9
step 21 a6ffc50f4eec9c2dca9430bf6221602efb6d8d3cdb4081ee0b7176e3e6f4e71b
step 22 05f870778da4b8ea3071e076479d52ddfba26db071454ee1ad08a596b5f09220
step 23 05f870778da4b8ea3071e076479d52ddfba26db071454ee1ad08a596b5f09220
step 24 b350cc861d5afef46cc72aed4ed3589f5c8abd623fd0447b136e7687638e0573
step 25 8b594cc795bf7acf12655aebeff1188fe358a04b05e6fe2dd2aff3d00aeb6267
step 26 c771278185fed2eba02f0d27ab7cb5c1ff179a3195a760682502ad3d768094c6
step 27 5fb699fd95346c8cfc81d48d22b9d52c6451d3fd0a793b9b7d7821ac3e97040e
root 5fb699fd95346c8cfc81d48d22b9d52c6451d3fd0a793b9b7d7821ac3e97040e
msg 4ced4ee59b9ad810b7c66c4877afc495c04325898ab38e0306672c135f8a67b8332917804864ad18a6f459de1491fa096606fa4383a9bdf2bcda9b6e9e4f645b85fdcf03ac5fc9
get c24d836d23205c20c709b8c6 34adaf8ebe49e36fbe9b019572f7bc43e58b18d66b281ec41fa1dda6181559e8780acb9f33768049
get c24dc36d23205c20c709b8c63fc3ea23c821c0a2c7 1ea28df469
get c24d836d23205c20c709b8c63fc3ea23c821c0a2c7 14ab5f62ef730c88705158c4d15d32b0b59857c9
get 534c9601 456de9c80545f8bbff2227fe0a4e68fd866e7f17cf424c2e7e9c4403b620b8d464
get a6e190d9 null
get fa8546933085630cb4184075b6c5b99a 904783
get fa8546933085630cb4184075b685b99a54e2adee5535 null
get af5a dc535e8223fa0ab0600653474c8cc81346adf9927fe4f1b3dd0f80b91ed6c6
get 4fc614208a04f316 7f269bc818ae5299f0d7c45a9991c3c3a6924203c638db8aef8d147d531e17
get - ac5fc9
get 5b4c9601 null
get 42005a57a8baf09bfd7f32dc82538e3979549b46537046 f545c47301b972621e0dd462b2eaa6e2f36cfa97d99b1fb3b51b01a4e520111e1ef41833cfa663cf
get 42005a57 e83094b7383a7c3ba8e924959e33f3b46ef4ab2e81d65c4fb4c1ac7ed06bcbace8effaae70e382d5
get bf5a ec8e18e279
end
case random-102
step 1 a4cd630a124b6ee35307b6f87bc8c9b0781aabb2077a6edfd8ce7df50abeeeb2
step 2 575ed93ff5491c38ff1cfa89fe9115dc8e2aa64f62b1ee3e01dfa89795b202b5
step 3 ba8d5173527d444e9cb8ad3a379b132c490d64003162fa5ae5f8de72d7c0e0fc
step 4 8ac64bb9da9502455863768ee62729171c2873c61e5a2a44177820c4cfe7c7b4
step 5 2d8c64e6990f95e2a60f39d648ea6b99b8f8660ceee5011797f75bc7006ddd71
step 6 94e68bebba2d217313acdb6c066e343f0dbca40afcd26a0faa204f101288dc67
step 7 9a36bb87f3a7d11e3181adc152bd5a9208056523fb1847c80e98c1e870fc555d
step 8 fa64405a106d0dd81f8b8db700da44cdac4ab55b1efff3cf1232caaeadd5910b
step 9 1e8cdbf89097cb9234d7b920ac7b8b7594f587f52d60b156a6eec0c5a920b764
root 1e8cdbf89097cb9234d7b920ac7b8b7594f587f52d60b156a6eec0c5a920b764
msg 4c344f709fab96e7020e309cb5935ba05c3fcc41357ee0366c791822c73f15eb8b79787ae20f07e04affdda4700d8a8715126522da4b9b51fe6730013123291b95fdcb01
get f838a755efba787a0092cfadc540ef270a027338a4 e4f2744fe10c9bf1a25408c8b0da1b7384257ec33e803d7f17f5dba0ea79324ef6
get 09568b5bef29720c63e50c7ff4cc5aadaa0f78b2 f0b313dc08d0b3c006a4d66edfd5a4608d6c988e
get 4357456e6d1e01bdf2f8e0f7490e248aa94d217660 b2308ed3eeae7979997a0138f9b58b8f2557d1525731205fee17aaf3e7a405352681a7be87b4e77f
get 09568b5b6f29720c63e50c7ff4cc5aadaa0f78b2 848017cce2
get 405c14d30ea768 9adf54c76d
end
case random-103
step 1 8e7f4c09db7c368c8896cb578f1a1e8ec013fbd214cc4bbaaea8bee3f2676ebb
step 2 030e1acfe795ef8f4f30ab51d36c8d3d3e3d985ae5d5bd411b50d7d43099e111
step 3 7ca6c4cefedf62106f684321674748992acf8ea0b4d6a2a7b297a4ad4cb99493
step 4 56e81f171bcc55a6ff8345e692c0f86e5b48e01b996cadc001622fb5e363b421
step 5 f5594075e79335df6c27008192eb8612b8eb41b23465bfe4db1bf232c518cc31
step 6 2b45a659842501883e5ecf74938cf91141a44a25e157cabe9a1261d6b9c1d998
step 7 236e6fdaf245f7fdcbae9c685a535e40717dfda698d4cc794727c99644c75830
step 8 2b45a659842501883e5ecf74938cf91141a44a25e157cabe9a1261d6b9c1d998
step 9 68238005341013574f8caa5b2acd239f662d5e52552e78f6f81b15e2d8f69149
step 10 56e81f171bcc55a6ff8345e692c0f86e5b48e01b996cadc001622fb5e363b421
step 11 5d1708298030796e73e99c0fbfc9c2bfa5a79012230d3595f4fef51b4727cf19
step 12 93982190c27905179c02e598927b8616f4655ebfbbad94f3137a06651e37d234
step 13 5d1708298030796e73e99c0fbfc9c2bfa5a79012230d3595f4fef51b4727cf19
step 14 b08f0412093d54351809fb5271a5a85371fbfa06bcb6516df3a8cd7de728ce8e
root b08f0412093d54351809fb5271a5a85371fbfa06bcb6516df3a8cd7de728ce8e
msg 5d0080c33f1626f06e3a9ce3b395041425b37b3e41ab331fc6811da66291b08a07c58c2870158a310c49b275d9638ffc83e1dae31d666d4ef69c9192de7406ff0ee312b05c6238807b000101fd7a02
get 9c3d2f914439b024a2bdf504baa396839a24323c25df6719ab125922051982098f135df646670331d40786 null
get 9c3d2f914439b024a2bdf504baa396839a24323c25df6f19ab125922051982098f135df646670331d40786 9730620a5c0a94f6cd437fa1d048ea541064db1eb5eaf123bee4249e59f8483e337f71faebe6d4353eb41fd3c0022ec5e0f432c5fb8d5465f2ea554f598c0580b056b346263b8ca76ac0fd44edd50dd273b5f22eff83f0a6cecb48249641d5db6cf987b51f6676ec8a7a6bf956aaba84d3502d49708d1fb5619154a67ff38fd07e7602cff393908bf10a262790538ef598a74840ebcec142b537aa3d1d3a18ffaa27597f63b335f1e1e017a70a646507d29f3e8347449917e8024b01870936343d94b86a58b4a5cdc030adf454fff8a13357c5e957b4e5422d96e92d53c830c453ee2d18be18c6435a37fc2aba5a62c9a4712f6f98d55917a2ed078f217a10364c
get e28c43 6f6db8e3fdb07ec2991f97f16ea7210f177abbdb9928c00d4eace29100b5a9e054014a3324f9e9f2bf3ec7b352803ec1d6ca7614a4793528b8f49f648a2fc3f257bffbce8ded9d7fc5c36b225a12381bba018b13f048f7bcff89cf1507cfaa4cdd0d15a4d795f6edd53acecd7be2a63a27310133a04453b87d9749ea3a79406607fb1b5bd2bb14024f6c73bae1d15c83a3a6d1b0e3a1f4223d2fc8c266e2399747e4e0db3ec10c0e3b74037d8faba3ff5f68a951297828d6aff0c6d900a2ce4ff901910c6415e293d77be7a41c22cb5771caad78bdcb822d89cf2fc6494d402936b63b2a1a2375fb17e61de516db5940c8b9386c2ae0ccf9fd5de46e34094cba07
get ae7a721055 null
end
case random-104
step 1 42b6ad1ab9e0de4cd68a3a2c818a73f5657f4cf03bb57ea3d437e9bf048452b6
step 2 dd1d1c179424fa0c3750ae52491300e0dfe273e260fa3114a34cbae1e14f28fd
root dd1d1c179424fa0c3750ae52491300e0dfe273e260fa3114a34cbae1e14f28fd
msg 5f0100287014a99d282c8995c16f001eb4d1bb763553ffd9b4c80a58065c659a5304c93d684265c9470001012350ff9d5cf8d7c23fcb874eb2f438e754a819b92777dd5848ea55d17c6a64294a239460fd4c01
get 1533a5 40499f59e629367b4eb9b20e358832d3aa6e904d3d13cf9783a2f1f5d43a70dbe08e9dec2ceb7ca3a6a3a9b7ec73fa49ca9deb7286a58bd0668c3e3fe4c06b8e0b5519410375dd61b44e6e8da96b453382e1b944f97af528472b91a30c2addb9d0d06d8534334fa9816f9dafeccfe46d2cd4791a11fed1bdc5beb0e649accb9ce20f4f3d720ff5ff58bd81467b3fdd727ccb59c85e0eea894e87f75385e92baf3edefa64662df510f0f3d49ebe9041794833d8447aa84146f5c63e26dd079558c239a97bd18b28afa428e90804e0bed06fef6ab43bbf67cf20174617cf23c433b45bc532dc1fe894516e866c65ca640d23cd4d892015757388a7baca32bc405bf6
get 2b9f1af847f970e9d65e871cea95033724eefbab 48ea55d17c6a64294a239460
end
case random-105
step 1 9a8fa18acacc03affb66e9c99878fe3433bf7f9442d67597b0d71058e5309b1c
root 9a8fa18acacc03affb66e9c99878fe3433bf7f9442d67597b0d71058e5309b1c
msg 50fffd8801b6d49c173e09468af9b37911710f74baafea3484e8130ae6280e9270fbd2968731f5ef84ba64dac7f8e531417f1a13866a4d46e69af1911806979cd4bb
get b6d49c173e09468af9b37911710f74baafea3484e8130ae6280e9270fbd2968731f5ef84ba64dac7f8e531417f1a13866a 4d46e69af1911806979cd4bb
end
case random-106
step 1 9875734b60f1fc0aeaf670a6913e9c170d08b2d1ae5ebac91027d0d53f86dd1e
step 2 9875734b60f1fc0aeaf670a6913e9c170d08b2d1ae5ebac91027d0d53f86dd1e
step 3 a760cd4582f1c8af7bf8bd4be74c0c69441abafa2e5dcb4864d050920e4ecc54
step 4 425840971b2ba7924c078ae2eacf8954a429d713725c79c20781c7109bfb94f7
step 5 7821e1fbce47571372a5d1f15f728bbdfa78b8b0502d1919bc81f9214020892d
step 6 8c2bb184333759190920407053dcbb0fe09a37e1f0b42c192957d905f5a9023b
step 7 cd50e17e1c91f73dd375ffca05a239fb4dcd8d1af34081bd5ddad28599a2fc04
step 8 315af6522f5bc4b8fb999c8e0317f8fddae298cd067c44ab80efe725479d3b89
step 9 ad0c426faddf642fea8cea3122266d43562c431816a99934c932f8bc0d45900f
step 10 bf437ea6ff78c75620ed9a626c94d2b2c3211cbd7ebcd1279a7ed5b0babc4782
step 11 c1f7a8d3ae00246b83ac16fd45657eaceffbdb27c64e9c51e4ebe1dde9972cb8
step 12 342b567d2506f7efae04bc81338227be2d6d66cd4f97c4570de9a765a244d061
step 13 1cc54f92e4a4fa84b9148990dbd30a0488da66c37fbb43e23a3536339760b249
step 14 9875734b60f1fc0aeaf670a6913e9c170d08b2d1ae5ebac91027d0d53f86dd1e
step 15 0e8c291dedce50a6d6bbc64a4d2ecd262729809b5cf1368ad6fcdf65d9ce0e8c
step 16 14a58bb0545b6236a4aed7334d6dab5af8a7d45b787f474b8a0f3e8a554f8e0b
step 17 0e8c291dedce50a6d6bbc64a4d2ecd262729809b5cf1368ad6fcdf65d9ce0e8c
step 18 9875734b60f1fc0aeaf670a6913e9c170d08b2d1ae5ebac91027d0d53f86dd1e
root 9875734b60f1fc0aeaf670a6913e9c170d08b2d1ae5ebac91027d0d53f86dd1e
msg 5028e744d40c1811a9191f380bdbe469f50a22f3d00d543278d520d1
get e744d40c1811a9191f380bdbe469f50a22f3d00d54 3278d520d1
get 2dc3 null
get - null
get f629 null
get b384746b null
get 9f740c70b9be3c89de6f13653f3c97c6457dfcd2f0b2cbfcd08e6a3b534a4a7854f4f1ec391c553d null
get e744d40c1811a9191f380bdbe469f50a22b3d00d54 null
get 417f20ecf125a6c73f473f8b0e791fdf60c7c9cb6707b7c51e5f98e3f17fcc35f2a3cdde8f1ac54ae0c1cac9fa03cf null
end
case random-107
step 1 cfb2686fa6c83b8d92519e3fb952b9df65c0655cbb02b50579e6249a6961bcc8
step 2 56e81f171bcc55a6ff8345e692c0f86e5b48e01b996cadc001622fb5e363b421
step 3 b842bc8e00689ca97723368136ebe6e1df6841e7e4be624634ebdb8f3855673c
step 4 efbd675c4f0cca07f75f05a0e53e953aa82d66eb27b4098a10ddd6e4a11f8017
root efbd675c4f0cca07f75f05a0e53e953aa82d66eb27b4098a10ddd6e4a11f8017
msg 44b6a67b9487ce00a261e709834dc490a9ca61137b2aa2daef3ecf36118132a262396c
get a92deb97d0d388b4c01f92c1b31c852871332c2a6752e9b7aed35457d440a62d9d999e10ef0254b5b3b6061becc9a7592f1b a8f4
get - 6c
end
case random-108
step 1 0085487b14ef51315a2bc1810419f4ee04cc800586773f62f26e303bea670b6a
root 0085487b14ef51315a2bc1810419f4ee04cc800586773f62f26e303bea670b6a
msg 407c8e29
get - 7c8e29
end
case random-109
step 1 9f459373b527e5661e983ce77112d46afde1685f1a14eee73bdb4e2dd6dffdc5
step 2 c6a43acc90d970d20c7f46d31a34e64dbeb444d3f8cefa3921c90adbaae99dfa
step 3 9f459373b527e5661e983ce77112d46afde1685f1a14eee73bdb4e2dd6dffdc5
step 4 56e81f171bcc55a6ff8345e692c0f86e5b48e01b996cadc001622fb5e363b421
step 5 432f6b5084c3f01ee06b771d173f53a8677bc268e615819f05e6d060342e612f
step 6 17f6c36f444c1bc18310d419cd902389fe4090504c1531ed506025209ab0754f
step 7 de7f18498b80c8b260aec1b1319c80c1526350b3a152fe37b54783ec0c5254ed
step 8 17f6c36f444c1bc18310d419cd902389fe4090504c1531ed506025209ab0754f
step 9 555958027ccc1fcf190631593af62d725512ffbfeafba7005b2596e6c04ad42b
step 10 0fad0afac8ef0a761efc34e84bad43ef60f6bbde5b24d959ccafe183abccf40e
root 0fad0afac8ef0a761efc34e84bad43ef60f6bbde5b24d959ccafe183abccf40e
msg 4cd0bf2a4fa2ddc999d79058717e796062cd69a30bcfde6f5c7e20aaeb8722d8d30bbc21881ce83dac6afb0adb2a7fa955fd331931980cf78cb7c87390daaa3a4dfd8501
get 5f6372 null
get 75826c54122d335a7bcb7040092decac25ad374080 null
get 883d0c693a ca50cd78216ddf8d8482c19dbb710d6580490075
get 540bd1bc78fe 04e9bfe946bf175a0814cf9255dd77a5051392e9f33dca816dcdcc2f98e4c069dbcb
get 88390c693a null
get 1a9798a9cf75881ff638b5b64658d9fed5a08852211b53ff1e46f3ff32734ae69c05a52d92bea1348781e70756d843 c70ae00499102fb033a256f6
get 9e1a544384d986 904eb4160a9f67a895cbe156193ce7758f5037d520a3024047cf4b6bf7aa3dfaac
end
case random-110
step 1 78211acf6cee7eaec7a3ece876a07160da5e470a1c00ba353e18ca7d7415c077
step 2 78211acf6cee7eaec7a3ece876a07160da5e470a1c00ba353e18ca7d7415c077
step 3 78211acf6cee7eaec7a3ece876a07160da5e470a1c00ba353e18ca7d7415c077
step 4 3f6541fc930b279d6420840a557fb44fe0b8b10358608a52c16010522667bbeb
step 5 78211acf6cee7eaec7a3ece876a07160da5e470a1c00ba353e18ca7d7415c077
step 6 b5e582d6442218084af8a5a3a9629ad59bce3e168a04ee63d2b57481261728fc
step 7 f11e85cd3eb6f99728df09f350c19260daa95529b352226a104fc166a86f62aa
step 8 c79083ebda7024dc9882e4e535d15d2c97bad7ed06b4385a5c548c888064a96c
step 9 730513b1e42dd8728dd2e416cc07cf8da2850b1e8945fbcc6b0acfcb04ace0e0
step 10 3bf3e108b49eee35c48b17d6552155e14782312a59c841dc6469072bdded660a
step 11 2c4ba72588b5e9a6684db3da661bdff38c4787b870cd3207409b3b1e9193130d
step 12 7c5872b95c11d036022c30d589755f0ad3b527dd2c71ba63d9b95856da8a2901
root 7c5872b95c11d036022c30d589755f0ad3b527dd2c71ba63d9b95856da8a2901
msg 640b3c9487e90cf4aae95a3a7d296c1b3a11581f224e441e372c2f3c95fe3eaa29fd2a038e1ea0d56a7602c2f5f84a8c3300947402ceaf1a69f15a94e780280094736eb8000101
get 1bf310fac0 null
get 0ad6e8 null
get 93c2281221 32315fc5bc9c024858cf905dd2dcc35c079b93de13fd8f2872c7553f7323ab4d9e2cfbf1f39f407646ad9e303e68ba285b8393a9439d8438574bc23dbad2e4e6c21fb89d50391b0a678656693cc1a5ddd2d8db7e2413b90620ec4faa93c32b8c48a57069145fdade0fc74171ef617833a5ebce592f2568c233965125cb22759df48455d530460d152fc0bc84b175ab07f0b7e5cd8c354e8b0f61dfea427fd9d450b3f61da0eceda248babffbb0906f8e8fc9ea7beb6f743645be9e15273fb5d157e36dc0d6d81496f34c1f7fd6c96c825ef8d6ef493c65d6fff2916a0a85c91c7cb41d43be460646878c8e15cc24a6937651ba7bb7837028f2922096fad8fe912d
get 2ad6e8 null
get 93d2281221 be7648ff111ec0feaf48c94b88fdb3b176f174fa394615e07c72a3d9ce5de7f9c563b74a669a093f35571416c436cfd04d2640dc6d7028018f0eeac421377389
get - cffb42ed2544689eb4e6f75f4e06993fbbbb2b570823821685ffe28b340a4cb5d3ab27ac30977523171e2a700d74289943577f2b796002d9248b8ee5a2d9a10d4d2f6947c43191df77a10819568cf90bf29244a74625518ca9b1af9e7e30246e91ceff4e0a67e022d545f8313c0c0a918b7cc1dafe85f526da8533027f0f7e563cad5def70a8b1e1ca9c98a2a51bcd6e2debe181252edaaa164f975b0f4a8453c1a29869611b71fbfd77fc4ae7f1841727ebc7496c516ef8693bf620e294d758176ca1efe5c0b98fa9562097eea1477d201e28a7864143bd6bf8cea1e21f5315d39e253a8d287db3be6f5656add189dcc48be92e588e72e19f326a1fbd210d3f3b
get ead920ffe479facedd41577d65e2b7ccec10bd79c49674f29ba2f74d16328f9de4d2acc39199c607ff3ba3a7b930755de88bb0 21b443bec9c280b1f5bcf407b54ff4218667b898bb7ae198ffe9aa6b6aa21cf783df4ef6c1cf6e46cb0b22a48ed80dea2f84d6571b581bb85019048260dc9aaff7002c876ab3668014eb1879722ee8df3e379cceb2899fbc0b16fa8a2f30efc3c4022771
get c4be26df19 dd55b5
end
case random-111
step 1 ef3b3d6254be03aaa4871809aaddab59ea1055a7d4d02d4c617ad3b6aeae58a9
step 2 01badd2a6a151e3ee08bc399a9258039704eb20a6250751802d91ecf5db67a17
step 3 5abb77dd74b4c9fe400bcf3821391f187105208ba165500ffa4db5e50041a4ab
step 4 01badd2a6a151e3ee08bc399a9258039704eb20a6250751802d91ecf5db67a17
step 5 ef3b3d6254be03aaa4871809aaddab59ea1055a7d4d02d4c617ad3b6aeae58a9
step 6 c73ec03201e8276b743ed19e8844baefd3455cbdda183afac80404e3d98a1582
step 7 ef3b3d6254be03aaa4871809aaddab59ea1055a7d4d02d4c617ad3b6aeae58a9
step 8 f5683a4377b1a0ed4ae119cf92aeec42d5bd1af747911d9384c36ef87e158ab1
step 9 5a296f2b92528843eb207755c57527777989029f4a2569c5134320a668e084b4
step 10 f5683a4377b1a0ed4ae119cf92aeec42d5bd1af747911d9384c36ef87e158ab1
step 11 e722a631bdfc510ac75560bf8d97e7ea8f274ad18de620667b017068e180d947
step 12 cb4ec9923cee71224a5b70c0e53cc7df510274eef1da6f39f616ce1b3234b4b3
step 13 e722a631bdfc510ac75560bf8d97e7ea8f274ad18de620667b017068e180d947
root e722a631bdfc510ac75560bf8d97e7ea8f274ad18de620667b017068e180d947
msg 501f98056fd9d8
get 1c7bb3bd9db8581a null
get - null
get a640 null
get 9121edc3c0bbdea4100835a717b41b7aab239dcbde5798 null
get 98056fd9 d8
get e063fb null
get f41ae01cf779cdd060c14a687c8c40ac41edd83ff4a30cc7cdddfcf8266665192bd3844ffb52223056dd7485371d850718 null
end
case random-112
step 1 679f5fa154eb1cd9109ca030b756164ca9faa1ca708da0b2286e97797bf02a9f
step 2 0395a3990706d384bfd5b608d7dd274ff4ac5e07d389f35222fc8da26d07cdf3
step 3 0395a3990706d384bfd5b608d7dd274ff4ac5e07d389f35222fc8da26d07cdf3
step 4 4e4926f808dcd1ea2926a6c0b92d1cbf8707172ee73df7d791006e82b8a91c0e
step 5 76088ade2ac90ec861198503ea38de57496cfd8e12ca1e30ffaf4dd3cd9f2e00
step 6 4e4926f808dcd1ea2926a6c0b92d1cbf8707172ee73df7d791006e82b8a91c0e
step 7 3ec8123e40345c898256630ea953459861bad4a72f0cd997764549c512617049
step 8 4e4926f808dcd1ea2926a6c0b92d1cbf8707172ee73df7d791006e82b8a91c0e
step 9 4ee606be438f609746ba1bf90f6b5f27a03b0885899fb6e638f442bade1e564e
step 10 108548f2666930fe7b499152d684b31b5ee8ef1e70d094245350407a6927fcd5
step 11 d21f6124dee7d97b91f0a995255d50ee9b012af19c89fea3682678bea31e2f79
step 12 4ee606be438f609746ba1bf90f6b5f27a03b0885899fb6e638f442bade1e564e
step 13 43185606ae35dfbb854b66c84b6d3a49108a1541e3fb316d91ae5dec801d6d94
step 14 bbe697643b15a8eb1089d1f454b59c889ce35adfe25dc92eb68e63e31972b941
step 15 03e4bd72de9b7e3471e7ffd37470966e22544efa8df7c731a6543bcc1a2db12b
step 16 5b2d27356301d68152bc2766d4df57f24aac76aabc552e69ef0de86bb11afe15
step 17 ff7549d029294321f9f3995925cf322f8e697b6fd02d42d7ce6260fc5ff7ff80
step 18 57ec9601fa7808976d4ac68f4d48a792d7a13b1485dffd52839dd266f04c8f4f
step 19 5e479b186106fcca6baecc0755b6ab0890bef1ef848d396fae114cd0bb099c6c
step 20 b43d5e68fef455ee516cf38c0011cbffb5e658ab40317972cd5b1640b1b2c09b
step 21 bbd7b573752087fdd7e2c7a879f6ab4e50189f0738697b40ac2bf769ca51b151
step 22 15016bd93562cd0acc4c29b3d38bcb42027df78582f31d69e2acd915d9678d35
step 23 1c5302b0ec047a6b874a94c7b884b3d6c0fdb866aa50faff9c94575b5045ab0e
step 24 4e4f9487f1c25549a4ba2837e37253153f2a8fe7f5006a3df167c2c458bad24f
root 4e4f9487f1c25549a4ba2837e37253153f2a8fe7f5006a3df167c2c458bad24f
msg 44f69f76daafd1934cfdcc82b8ea7429a871e315ccc449f80aee9352ed4e10696df6f2da
get - f2da
get 9ad8cf3b55b76341baef60f4925d65d60f3c062e09eed16a30451fd7496e5e134969b7d3cab2df3f373bfb94384fd45b 1db6c15948
get 9a58cf3b55b76341baef60f4925d65d60f3c062e09eed16a30451fd7496e5e134969b7d3cab2df3f373bfb94384fd45b aa3f3839f6fd868f4c61705760dc03d6f9525ebb860edc73fe84c1dc24619ab115c0675b9e55d8aa
get 33e86fa79d8d6ef8b002814a9052b5bb0eeb9ae9f372 null
end
case random-113
step 1 c35646bb9b694fa0df21be5dbeab3a224f8eedefc197c165cdbc5732e2d10505
step 2 54b771bf08a2751c28c97014683053957d2bd38f717d8c4352f2f13be68a0b54
step 3 8155081cea4775ce85f08e8f4b39e21ebe26c7aa4589eb2c7eed22cf3923bde5
root 8155081cea4775ce85f08e8f4b39e21ebe26c7aa4589eb2c7eed22cf3923bde5
msg 5c008042e3d9d94c0cfaba0041f8bc1993ea36debc4b9e9777ef5a2065aa2fecccd028b0c00980539ef737fdee3c9ca6a1820ec9d494daf92e434dc14a08bf494bfe68b4
get 9b8c9b59b72e5a80045d6b7e32034894a7078b645a5503ede1fb4ec306a09b197b8a9043a81927d3e45d72cf47b0837f10 afcd
get f703b56107f47cc57401f25e47859ed7efd0c1d0e25887861ae7e49a1140dc7d1f62437e82f96aeb17306dea21750e515d92 0fa6ef0d2a10b294a71c665eecce7ea32353f93567ea633e981804d6d43a9fca6f17
end
case random-114
step 1 5ecbc26218145262c2d6e48da4cf1b9176f83d382d6fef813d90835e814bd6e8
step 2 a342a644e72d18e1f7454857bc0122f134a0512754d3feda74a316a97fb8139d
root a342a644e72d18e1f7454857bc0122f134a0512754d3feda74a316a97fb8139d
msg 4f185027dcdf7f9458ab32902faf2a7314b452bd9dc7914cba2e0f50ff3749e01f7007ee68114d9d2d1b27
get a4f00fb803f734 114d9d2d1b
get 6e6fbfca2c55994817d795398a5a295ecee3c8a65d 2e
end
case random-115
step 1 479bf3314767e56332d2db6a01c2ae7ca7142b75edf2c4d39641b217ccb27d0c
step 2 f8922fe89587eb506f9745d642e3d92c0daa05aa202d8b4b04abea95ea62460e
step 3 dac842615e469193a705a1d926f6589061b2f044e0e64a4d858c6e89733a550e
step 4 5f1253f1322e655c14a2013486638efbca15fec095798ac0419233a87ffe4d44
step 5 56e81f171bcc55a6ff8345e692c0f86e5b48e01b996cadc001622fb5e363b421
step 6 fe236d8e45bb1cfbb912e55797b5c111a8b4f83f194f25eaf5bcfa5767675b7b
step 7 4e1007bca4acea7ced2cc11dd259a0b4cb22e2eb305600c9cc1f1fc69271cb08
step 8 56e81f171bcc55a6ff8345e692c0f86e5b48e01b996cadc001622fb5e363b421
step 9 c83720ddb27b69829dc9e5add96f91b11a6dedcbde7154a3b18627ae32cbd441
step 10 177af981608b5d5456093766e46113a7de210a2eb642641fda7f7fd05974712c
step 11 0031e36245956c7dcf654add5870e208749d176ac48ce1f26660e78a886fe92d
step 12 5603c0dfd09c3ea117e8fd1a5f531d0226e3cbaf7f201d144af4dd79d16aa1cd
step 13 1e5acdcff4956691f278f641f9f6836365e623d4371547692a3cdafafab026e7
step 14 e74b09e73129fa2c077ff53d5845d4bffcd520e7abfeed9b2f6afd898aa0a060
step 15 e74b09e73129fa2c077ff53d5845d4bffcd520e7abfeed9b2f6afd898aa0a060
step 16 3a6c71a47a905a95b194377be45ee9e1408052d7d4a22c7d50aff63ef5f8bc8b
step 17 caa2c1d5b077095b149723d66d38eb8700055def4bfaaba80d42efda7951bf98
step 18 181e849b62dec2caa0132fba037aa786c45acb912ca3ecb2027bd4427f2e2bbd
step 19 abc914191ebdb2406cf9c6a2d8327f286574f896282a7b3266771d2066004a4b
step 20 5ce9cbfd259358a34cf23f85ffcf5905e2246ae4ebba075bd8307d711745962e
step 21 b51ccf3dc3b58565e21f34cb95d36068eeaa2fb6cdac69dc75988486a35a8465
step 22 ca106ec519599ed9165a34ae65c2826c73dcd85e7f8fb3507ed54a00df9e7c46
root ca106ec519599ed9165a34ae65c2826c73dcd85e7f8fb3507ed54a00df9e7c46
msg 4c1316a1c82668003fb665f6164e795e4fd7d6c1058d48d937b5c5a0de6ce8394e7a601489c5592489e0a499f295404965148595936f138e645e7d2babd21285cafdc403
get 33eb3c81 bb7369b5323731bd3c417936f7babe7cfbf3a5e271657edfbe32ff8b47d3155cc110bb81fc6f5a1c04ed55115de8f1cb4194f4600f2fa02028abc75e5215bd6a4caab6854b726bf6ec4459b3abfa8c343a447b585a9257c0dff45fe9dc8653d611990992
get 898d0054753a7359a91d1014dd8bf2f547a60ebae7bc 6e0be6c9579da6f4f20359c72352a1c6316b5dd4733a87f2df1dfb5a26d65ab69c7b8cb68b23fb304bda500d19b0b0b56bbc0ba666206b2bd816c95c6c424ed7ae8636f3481b7ba716a624e868e0c6d15595e8dde0133fef11d0b5f609b4c1d3e80907d1
get 1bf132ee d61073f8fc4b019e2699cdb0c40bfc077e0bc6ac28f8e9865b8ffcfcbd1f6c93822aee4a3b3ecd5b91075de2316828f33928047ab07b978eb392436b01a69381
get 3c51 546fa956907f8bfa18be556410f23d0ed83b022eaefa51c04fe8c94cba928a2b80bc
get 32eb3c81 6706ae4bcb9ebb49a8035d7371ebda51c208627d9493145111c36e8c8bca1d
get 3c71 d5c2878e192a37cb82b0296ed8a8f73ee5ccc916ae4d923592fe5022f8d887fd478530ba310eab790b25a5e13210ebfb17b1b11c1e59319476e76e27e6bd28f19526d551191067caa97d1dcae9b7b5efc7934119289c7c26eef863fe488dc0e07dc81d43
end
case random-116
step 1 ab9a9f1577d7ec94248a4611aefc68ce627293bd963dbb3d1be97ab49d332a2c
step 2 56e81f171bcc55a6ff8345e692c0f86e5b48e01b996cadc001622fb5e363b421
step 3 5389339feb7d43691023be6cd041e8c58371d1fed3b42bfb06c1116404efcbe7
step 4 56e81f171bcc55a6ff8345e692c0f86e5b48e01b996cadc001622fb5e363b421
step 5 3001903cf1c53293f18f3715cd12893c221d869b674dd78e4023de564078bee5
root 3001903cf1c53293f18f3715cd12893c221d869b674dd78e4023de564078bee5
msg 50178b9630e6e6a961cb96c92f8ae63da1815b10d533aafca452d90ba997d6ca7b076821
get 8b9e30 null
get 98a975c7d0a4c6df4a2104817288c408f63ed6971697672e0ccf175d6c8757f4216efc87052c0336bbd5b7aeccf6cf15 null
get 8b9630 e6e6a961cb96c92f8ae63da1815b10d533aafca452d90ba997d6ca7b076821
end
case random-117
step 1 fb8468f5b19c270fa9ee13ab6cc105609e3612fc0e5f04701afc4f60c9ce76f5
step 2 fb8468f5b19c270fa9ee13ab6cc105609e3612fc0e5f04701afc4f60c9ce76f5
step 3 556cbdafbb77803145fd6a0c644154376d074b70c9ae31969bac6b45ac96c389
step 4 af8170b22feb2a8cdee357564b306bf7cbeba59bdc2fa9fa89754152c67d5097
step 5 827bcc346b8c2f0dbf7b5acb98348b70bbe4d75a1ef7fb7f7cbd1c60bca9bef1
step 6 bfa673c2b289d9e5e60ceba66589c6544fd09902148a3e97d80df00f87b89ab0
step 7 2247ce6d38d48aca3989e07cb43ea1f8a31da6b83a00375e550833df370842bc
step 8 2ca599a5675f97251eb408274f985bc57943b707bc652b5a7244f2869f3a7c73
step 9 8a6022e90d4808905ef15e29a0111a2edf28881994ba46aa023c136f74127d3f
step 10 88bcbad90796ad573f3418e4d8b51b5b0881b2e0eb55a5ed319a4335ea7ec010
step 11 1172de801643ae5d3d1a6bf3c0d0f1a155953bd4d539245e6b93a1ee5190f66a
root 1172de801643ae5d3d1a6bf3c0d0f1a155953bd4d539245e6b93a1ee5190f66a
msg 4e1a502f5c535bf488a257eef6e69fe43f829b8a58753bd0c05cb54f9bd3b7f919829f1a932591c0765cd9fe2bb60e0250ce21d325cf0e27eac2cb2794
get d3 null
get 2e29adfa44512bf77b734ff21fc14dc52c3a9de8602e b54f
get 6be1b3855e87e926cbdc38489adb6b9931e8feb332e968dd1671709b149f102a9663c8f58b4c03f13350e350f6b0b3e0 null
get - null
get e493adec8847b2b9bd2a8ad771642efcbf7e3beec3 65d9494c5ecc5ad4295e50752e9a0747921b5bb6d85c7f322ec38d730630430ae7755b2e87d9b82d479653891e26f8bb0bb4ad26d42084b3f26d868c00d4824a
end
case random-118
step 1 e1ce053389995fe86efd1fa61ef86b1557648c4b2cffd5af42fc5494048d1086
step 2 56e81f171bcc55a6ff8345e692c0f86e5b48e01b996cadc001622fb5e363b421
step 3 f49b04142aa551188fb1701310cf3c1721c2bc3591f6f0d52167e7d8db350daa
step 4 2a6c59f7d609dd3346efa381799689115db55fbd8a39e74f475a6202653e2c64
step 5 971e53dbd79388a9d9415ee0b209a2fd027b26d901e7dac4e95a857b0cc56311
step 6 2a6c59f7d609dd3346efa381799689115db55fbd8a39e74f475a6202653e2c64
step 7 56e81f171bcc55a6ff8345e692c0f86e5b48e01b996cadc001622fb5e363b421
step 8 4e2546e299eca54b12a85375b16e1ffad20d8ba355f3436873ab9e22de7386df
step 9 ab6595008f20a17c86c0abf919051239e0097139a232bb8fee8ba944b1d1318e
step 10 82b49c2e76e0d65439867618e5c8a16e7499707b32603d08c35fbbe886503842
step 11 2b08c543f92cc650fc3ed09de3221e1dce9469540affd4c3ec06dfa36818ab50
step 12 e85971b9d01fb0208064afd6ec1652ba9df8b168b1e7abad4f6466e56e03cc0e
step 13 bf65dc688a75e9152c10df1e2f80131f64d9bbaa8e7647b03ce70d92caf034f3
step 14 7c64a44d3f3191e41980dfc2a8414eb41a850a7a3c9ec23e22c21822822eeaf9
step 15 25ef8be876bd95805bfb09191a5b8d0b13f37831304d8e3f0aeb7b3fdecb9536
step 16 6bd847f36cce36657c42f68a19423014b7dee5213dbd876d2d02ed398403fa88
step 17 bbaf5ebdc859ec03a5a4ef3d4a933ce36197ad0a3caf61abe0f43e59bcc1b0e8
step 18 de54adf6d632e04a984abcd0d19d3a6adb5b95ea81f1c0576b23530a4de88b3f
step 19 c8fa271c453a0bfecb18952ca07bdfea3c57e376559b6267050b651f632b4d44
step 20 fa1cbec044eb8ab5ddcf0560ccde3830e078255dd3a20980a96e6284f468f27f
step 21 8aaac00fc10b11fb3ddf482bc960055ffc959554f0cf2f41910b31553401da22
step 22 a923c5f1fd6b11d2fe0690ea32cc4aaff40c64194433d46553138e735f027332
step 23 b5d6d57495c0bd51596491e58e137e18c279d240f0bede4c375713fc55150b49
step 24 a9b9a83c2e18041df7e7b4997565f7a9fba49b7ccfc48cc514b2de948e54fbbe
step 25 55a8bf86913307eaa77f9166a1e0605af61349e8b45ce2ed8fb6634012480808
root 55a8bf86913307eaa77f9166a1e0605af61349e8b45ce2ed8fb6634012480808
msg 4d6f8f222d1922fed0052b61399c9ffa5c7dd495145408f4dcad5bab76e41e674026700648c6dd5b91689a0533623dd87e8ec92866732e1abca8b79405839d17e74a1d2212000022fd0401
get - null
get 052a72d58acf44044370c9f6202bd5729484b1bdc37c68f19ff47f2801ca7837eb1fc1f2967d389e6adf5017754d549d 3a49e519ddf87286b7362fe817527134370ac7e22ccf5735fd42ff496b344dc1b325b7398152a101a12f9392ca03aff673d9d96f5b839a202f11593a85a47e3c4d61ef7d9e75cc4efd16b6810043871ee646ca29521cbe7dd9de850250c4a33cc732a2d2
get a4 a6dbf8fcb5b1b12f7d3ace9c4640fed4a92ef9ea1d192072e73aa1133da0af9f6024
get fa null
end
case random-119
step 1 b522231f7e1515288b4ac98b12a8f8edd9f348525afe358e8179c55b5b175e38
step 2 e434dafeecd5e69297d40f9f54e63f464122582e2796a417fe20d4bf5877cd98
step 3 a00041b3281cc8fe875467924ca027d60accac8285403f2de2c5cf569764af47
step 4 fdd978b31d5184af11c1241fd82628a1e08d8e375e8aa17dee8654528d6b1696
step 5 88292299ae62cb6c05ed5e440bef97634046c2497459ba87af5a80bee6b45069
step 6 88292299ae62cb6c05ed5e440bef97634046c2497459ba87af5a80bee6b45069
step 7 e434dafeecd5e69297d40f9f54e63f464122582e2796a417fe20d4bf5877cd98
step 8 eee7dae709b64a544851379d54915682e60afd4c0e661ef217f0006c38d8add6
step 9 1e406d7833f35035299c42c4544fae1bfb98e5c9df6db75f9118342c5467b1b9
step 10 e201d83e37561bb04f9b19da022babb33bf74f896845453644049d0d3ade0d1e
root e201d83e37561bb04f9b19da022babb33bf74f896845453644049d0d3ade0d1e
msg 5f0ada40255013bbc880457eff5d24a69b9d0d012b34b507b0ce28cd84638cb6ff5bbd4d94855c2c7bcd0a5013bbc8808514533bb82f
get 0968936a53200100556b1436131ab47aa48a881a2788067e8057c2ef131b8f6339812c03c3b6148aa2cb4e784dc724fa8b null
get da4bbc88 457eff5d24a69b9d0d012b34b507b0ce28cd84638cb6ff5bbd4d94855c2c7bcd
get df null
get 80b540b63b86 null
get 1bcf01de46e71c268c854635977dc0145a5db0772efb5a70711bd132452aa34473a072564e1aec742a27767b8e3e751b1506aa25232ba19d61eee10f null
get da5bbc88 8514533bb8
end
case random-120
step 1 8a86f898fbce8300a320007d3d6206a30447b7b10bb722ef1eee209e48dea3e1
step 2 bdd75c5c959b9a89f60481861efd2e6741cffd70edc65593db3740061189b077
step 3 56e81f171bcc55a6ff8345e692c0f86e5b48e01b996cadc001622fb5e363b421
step 4 e53715d4833aaae2e527acf9ce26097b24cf946892f48f4b190c2548b421e282
step 5 56e81f171bcc55a6ff8345e692c0f86e5b48e01b996cadc001622fb5e363b421
step 6 385c59e3c07215f4c5d03c8278b80ff9872f07070d0c19e0fcfa7d3f23702b94
step 7 2320b5ce5c0862da4dc6fefdc0768deb6a6810fee1f940ba5cf6fe55edd4d870
step 8 0f6b6c20c6843005612e578dd75938db9e30b4e11730cca2c3a357907b9a85ca
step 9 2320b5ce5c0862da4dc6fefdc0768deb6a6810fee1f940ba5cf6fe55edd4d870
step 10 56e81f171bcc55a6ff8345e692c0f86e5b48e01b996cadc001622fb5e363b421
step 11 c91ab05950c2fae8f176348b7ed91c46b09bda84564932c979bd9a9251b2b7d9
step 12 cc8351dc708c81c8c33695b0a3553f1a59d80f2ddcfea2d154776abf69da5d02
root cc8351dc708c81c8c33695b0a3553f1a59d80f2ddcfea2d154776abf69da5d02
msg 5e00001150ff56a6cd71350b51ce2a1c10d43bd2ad00357e8c3077e0de6acd120d2ebbec64cc408e10bab6f69e3fe271d537c68c0667
get 29b35c4d42d4738a870435f4d9ef677a7121b293f801bc8e1ef76d5df7098b6ac438a58838f6077bdfaa8021102137cf29 null
get 29b35c4d42d4738a870435f4d9ef677a7121b293f801bc8e1ef76d5df7098b6ac438a58838f6076bdfaa8021102137cf29 null
get 4075653fa9bd6349bae40ef47a5b12fe1d07bf7dcf4bb31633093c482903a7324a1d29f15f6f231284997c30dae72e2fdd e6225b8a94a6e8beeeb13be77240034a2c1a463de44911f0904ca81b0c30daad
get 29b35c4d42d4738a870435 3bd2ad
end
case random-121
step 1 2b75547ae7aedcde4f3b12fc0453659bd9461ec3c2cbc857f16fbffe2bea2198
step 2 68a28cf916fc6d1bdf3c095ef143508bead93be714a1c4acae01f4ebd78af6ad
step 3 f947f4c283e21950eab59c81ef90154e42e6ba73414151781bca4bec1d9334f9
step 4 16211c58a387fa780b5033cbe82c0433e9c69ad39a54bd09f845575ff6b9d8ec
step 5 6c6c527ddb86b730ec3a87cb5862f55a98c64ff7bf40818baf6ab55a9ec41986
step 6 7ef68fdb10b088b4b9b550c1b0e8331d627b19d82ea204ea9fa6a9a80bf3b40f
step 7 227daeea13f84e3e56a6c79c5b691cfa8c8061903c1d00a6b6c9db273b162dab
step 8 6d05d67cf61b93129d2cca63f3a7524b5a03ec4eefc2b7253f940f7a1c969086
step 9 cf00f27f96a87e78d9c046b960c7b3390e84a37d09980fd50da72eeb0dfc7a1b
step 10 c73eacb525cf314a201bbb285eeb25c72fd09afb0e37899f75ac16dba2358d47
root c73eacb525cf314a201bbb285eeb25c72fd09afb0e37899f75ac16dba2358d47
msg 4ccfc78ce9293fb6bd3efd6af422a4d92361bae1bd12b21cd1d914ea8ee864629fe53114d06b8c61a0c74525c7402dab46d8aa2b4f96913adbb21677ca04eb06dcfd2b05
get 162d 04723f43115b57a0f8e8ab5836ff6fbe84578542532e395b829eac30a27082ff4c1a0b3db8e2075f9ea62ddc4b5e2ef95c78e455f5697559c0f586fc1d3978540f487339c8934f4aa1d12ab81e1220d9e5cdaf29a2135d9f3195747a066c5e19f9b15c4f593abd15271c2da9bb955286e20a642218eaec20610c6a40b9da157a4729c22f79d164fc6e9644a2813f06499b622353d1d039c0dd2c97e2a0942eaec089202a09c62026185a3c6b7f99ac0010a441d42747511eb4c58eef27573f11062c0a475c47711805279d77478c8f57af75e96c032be56c170fe9fb93c180aefd41b9a05b2b83400050f071acafec28e762b10ddb008491bd3c4e7319368ef449
get c52637652b ad842aacb346b80eac8b062c0498e7359798664d5914a5c3a284c15487d711108ce03a593f9d39e175c211d0211685b06c8af841158aa8c37a0b330ae686774f2eb56c2aa70fea2a0340d9153258e79847856bafdbc7e807fdc70eb4d1b935553ae4cc32
get a58e184032389fcfc54ac0dbce32343cf0812c8b5b18c6c4a40fdfa133cbc6678ce74bb03b016aa47c614558d20b344234 4acb6865dee45b979b8eeb46570beb5e8fcf54301e051035cd9b56e137db30656d3833c8b3fdb2b814bc875d8be408ed73e79e2d5d6b32bd7a077a79ef220a7f6dca1d7d85ea928114e9fa985d7b1f649eb18b9b2851d0e1496ddbb7e5194b81cc9c44e3
get 8ed6 3616b7608165324478a2b65091135dcd012d5a1ea31d16c108bab9067cdea6
get 0b 418721059c180f10e4c6114cef652b5bb26e301fe46a0a82ed0ac14ab9dd58673cc7608650158ef0eb5b30ec17a72fd88e5eef5e8414361e2d26b1844bbaf783231e3f6c4deedea120a910c6f54d950acf64e8f2ab30a4a23cf140e211c9b1e1808d5289
get 4f571fa0cca534a6398ce499cbf65ca52ace9d88 99
get 95a34929dc41c6a519b035f905fc9ae1c58b348f 7d1187661892386e01b39d46c3f56aff8ee7c5d4d663dd7cf65fe2ba71e6e2c8
get 8ed6f3d719e14d6413e3e811e9cbea1a7cdfd94c920f9548a79ef45f2263ed1e2de8d061a1039b8e96326389caac793a 6140
end
case random-122
step 1 18b32885a30b50e8c64370fab9262330a8b2aa751834f78262291996f3c1c9fc
step 2 18b32885a30b50e8c64370fab9262330a8b2aa751834f78262291996f3c1c9fc
step 3 30ec5112a953bfb29b40f2d594c4a8e8c9b9b06126ff7459cff8fadb27759a8c
step 4 d4901d6ce9ec53e6ca5359d145568d43fef90fcc6bbf045097af4d41a38ffb78
step 5 0d52a2c4389f95f9cd48492870f0f32d2075a3eeb10024a5ef1c2f40acfc7ee2
step 6 b3b5f50bd396987dd76bc829d7b6b460ad8f644cdb6820923468a3c68a2ca292
step 7 c748b0fd8328c84acd444b527697730d7c09db8cec901fd0de4e4e427f844c95
step 8 db3fa64cbc030c6981952ded5e66365abcf0e4ef61311f4933c7756d183f7793
step 9 003b87bc3b3a8cd2ea4de716e7d4c0986358c4aadfdeaa4304d11afd4f8f969c
step 10 919f423d0caf444d0de00680a9c6c84b1a5957a152b8876ed28ec8952f7afca5
step 11 67a181d1a20bed0093da468593a86f49783ae266b9f7758c610075a2c69ddb3f
root 67a181d1a20bed0093da468593a86f49783ae266b9f7758c610075a2c69ddb3f
msg 4c5f99fddbb64b45916358ad7482a21d8f3dbb103a04cb3ecb4baadde6bcd62d4be606225c3e1f2332ebb66bc8fd33dc87900e1b30b405060f3ecdf61485b9f8b4fdc202
get 0bce5031ed27e44fe9ea1b null
get 43055f2779e64590f274a4283b4cd8b1a5c653ddb452aeef2828c5f0154ed49e9f17a52f9896d4ed83473dba37158b80697f e92dbb2072a9fbd8f2f59eda0aab5c103d76bfaa3195472de8005e8134ae5cdfc573
get 43055f2779e64590f274a4283b4cd8b1a5c653ddb452aeef2828c5f0154ed49e9f17a72f9896d4ed83473dba37158b80697f null
get 7d966bbcc4feb9f3be337c1b6551fe3129f3a6f92ad581fee83bdcbc8f980bb8233fbad42c339421a1170aeba9cb5f6be7 null
get dea8e24f113de5d1b373139b6f8df1d4835b062dd0f468f059056f0a6806ac9ae65560444f96aa2e6cd9 85
get 0bce5031ed27e44fe9ea1b00443447509be4df75311c624302cedd75ca16f8b7a9ac65c45ce981e450246aa7f7457e3a8d735e1ae2e308acad05d81e 6173e67298a67d65252a0373eeaded21c31b9ea1d6d2ef03e7052934e075fc4a
get dea8e24f113de5d1b373139b6f8df1d4835b062dd0f468f0d9056f0a6806ac9ae65560444f96aa2e6cd9 b1c8daaa9d815640ef12eae3c044886fe63767d538b012a212a264035e85c3bf0bf3d60a32ef0943d4ab6f2035de675931410475e20d5e5c94813d1ef4a11d6cd0b5d816a0a28e607062b246a82531cab5dd34be66b1618d9f25462042585c04eebfbe22e358c530de41065f26ad5d940284f9ac0c675278e41503a85b015e0f4335b6f6c6da9581e64ecbe1f620532df2da08e040e1a062f1ec7106e4bd7f78add18bbc1ef13ac589a5420ca87370c6979b6ceec21e43a4175e0ef151db8a815cee789a076e7815d5d2761aecacbafe28e7f2e0d1a8cbaedd78af49f0c1efd5884adbbd840c7d77f0c59ffb505027118e6a53a87f250b4b4757edef477a9e1086
end
case random-123
step 1 2e9e84d450e9767cd59c0131d7464006477f07a2f1af439e5a29cef5884e21ca
step 2 78713010ac48d08097e8ed71080ca0bc98e4bc677351489c2277d97aa5d1d5c6
step 3 04fc684bee661139d7ad97cba3efe27de0e821b561cc89d4ca40a6ffd06768dc
root 04fc684bee661139d7ad97cba3efe27de0e821b561cc89d4ca40a6ffd06768dc
msg 4d3c6cee772a106ce45353437dfeb2aac75bf096c98759974864f845804b89910a1550ff2fb25477c316ecf90559a643ebd824649316d6fdb401
get 4505 732aabedca8a33d917be37297c867659a5f48ee118420b8834c39faa4f45701d59432caaf2b8439516aad1d5114df1b3c0412dc0dbefb6e93729693b77b40369822e68a569ed5fcb9a90423d1c115ecd8e9e0ba826d9836a890957529536e3f6c93c49270f94d7a2156c5976a41c12d5381e684c07da278e6614e18195ea1fa520f7fa95f2818920ab49c654113bcb0821a3e21f0d7780def1cb19bed6964649619f29c63e2ead1c7d328529573fd3ffafd354b38aec47bfeab1c164ad03e6dd4fa777691be6ba5d11ea8907ea8788422746791390d0412ea51b8f2560ee1c01dad54c6f919a2b491c7c4f9eb9eceed204e10b671762903889ca22117d81ccfa0c
get d92a3be18b76 f90559a643ebd824649316d6
get 5944 b4455c57e4b7935d0c44a8c1a25fd6b62fae03654d8d65a91526f9a77ebde13c
end
case random-124
step 1 da30c0df051611bf18ecd0f922e67df4eebdca2d5fec000c05dd18ceb4c87702
step 2 56e81f171bcc55a6ff8345e692c0f86e5b48e01b996cadc001622fb5e363b421
step 3 27df2f44cbef93119e07362012efd1eb4eba70bd338a50a2bf5469525ce0f5a0
step 4 56e81f171bcc55a6ff8345e692c0f86e5b48e01b996cadc001622fb5e363b421
step 5 c9aa9a00fd256a61600b2b85739b9ff89b71e82d034ea5d43d13a7c9682d78f4
step 6 7170abbf9d0a06cbab6edcebe291eea5b22e7d707e592aa21b1f17d117a2b904
step 7 d6f05db7678f523f0510c44890feb9a52bebd4e93d835b4a074cf483aef9d044
step 8 f3f51bd3dad150ca183be4460e1c3afb359ec10fb9a53cbecb5f2d1ab0553dde
step 9 dcad0bc55f1a6b4c0d2d178fd4c1416566497a1c476bdf59cd65e91e4b334a71
step 10 5fef2e5989314468760b62ca4ecf8ebc2d5181b3fff38c55c1a5679cac05401e
step 11 8f265f8d0d7177e5da8854c190fa312ce569c9e533859ade8e8b934bb1c62f89
step 12 31ada75837a32bda1dbd43e73b35fa5f24aee9c9a2b9db3e1eb571d7eaa8cafd
root 31ada75837a32bda1dbd43e73b35fa5f24aee9c9a2b9db3e1eb571d7eaa8cafd
msg 4c461d3656fb8ed13c43cf02f672f76571fea02578cbaf4b2d0d76a1f7de77d8aa2529c3147015ab222138a15a562feae983ef38251f7cdcf60e780a14d5eef7f8fdaa03
get f4f06c8c0e9fa793af2d6859da270abb1259ab97a66eddf14702cdca2a2e2cce1d9181e19f2690b73a3ffc 97b0c4d2519bc926078ff850e2bfcb4dde6fb410b59260265c3ea8cf5f465555175f7db1e83b9026
get 0a50b88dfb36ed4ba5bf981a148d8d135a4e1c9daeb8e15103a8c5f8463b8b0111d11a9dba4dbbc7e29e1e40e32e6175cc5fde60f312e09a7d25b189b466 08454dd19e08fb282c8d9319fbb4c466db8421b0e31d90554337841e5a2109a44f99cd18c99f8c52179b70670c1c2bea188b8c698eb4739bde903aaf8840a85bcf3872107cbe732c3cde4c17bab8d2d24461d4d6d1d541bf2111189dfd76019527d2951c
get 955f7fe9ac 610af0a3f913bb199ec7a7ae2e20d90cb69e1cb87f86d429453a3b574c48cdb02793180c91e0f09c16d1ed193d1f246742774e05e5302c7c0a24f4d50ebc7e59cf87093975816b8438ad92804d5ef459ca726e5da16ca4a757022d333ec662e968837367e8989e72a0ba04e203506df75800f4362383eb30f74659c18079a43a1db2f06444dcf634e77ab89303629dd616ba420bde65d574b4e508fe647388484aa486958a9b1d788ec1a3a832bf4b82b5b6fcb72037825171c38c342c1c96a59a287949cb640bde526033c495ab25ed786e030ac54e8bc1225c6fa9aa482086043a3b1a39b4682bb78ae31205b64df72a9ff35ce52877aca670c3740a44cb060d
get abf050614d8016eb2bf676528157f38fcf0f9f94d767db566b774ec8867d418c30e3f7c13de9643134 50
get abf050614d8416eb2bf676528157f38fcf0f9f94d767db566b774ec8867d418c30e3f7c13de9643134 9a
end
case random-125
step 1 ed05c352a9690e09b5916ead204e7deec218037cdd818b4dbc035b3b53fc4791
step 2 01986d38e48beb1f0ce7e1026017f86a0aa86a254f23dfa577120ed444f103e2
step 3 12c9b4521bf7fad58fa8cf5a6b59d9adbe4f7202e75778cdd55652014d7879ba
step 4 a2fa8bbf26eeff5f750d8c9eb67427d2f3f0100dbd1e6533ee8be3a4b2f8741f
root a2fa8bbf26eeff5f750d8c9eb67427d2f3f0100dbd1e6533ee8be3a4b2f8741f
msg 7028f63a1cfc3cef61743071c68a6a374723c24ea66c517f3020aa2dd4bc1d4a846fa42f8ec1a5353c08be605175d1fb34a2a01d24b049000064
get ab null
get f63a1cfc3cef61743071c68a6a374723c24ea66c51 76945a86c81edcd07b57858b95ffb8d76ca7d70748644f4630883c53cf41a3fddfbbc8aeada69e027417c4a735212407be1aa34abfde371a6f1a1ed3a210f9db3768e85a3f450de1781f6d96fe7342eff34cce103a3bfade3daa7bcd38f9b003362faf26
end
case random-126
step 1 79e22122c550e5160f0178004475728cc2ab8c3ab6d1d81634eac1a63950b773
step 2 3fadec4e8eaa5245456a7123bdc84b7db5d27e45f589c7367c3894c15534c803
step 3 79e22122c550e5160f0178004475728cc2ab8c3ab6d1d81634eac1a63950b773
step 4 56e81f171bcc55a6ff8345e692c0f86e5b48e01b996cadc001622fb5e363b421
step 5 b8725922c6fd19baa3192e03017a42337d4a951807c30aea21bb557bd693320b
step 6 3c1a246708086a48ec3b04b14b896e042c5afae8a0f2fc203c98d69f485791d7
step 7 dba83cff2e1b881cddfc5fb2c704fc98c6969b5522821975c7483183427a5412
step 8 ecd59f1cddf8f6823e56e7d6e3ba36e55d79eb650589d8c7cbfdf4df24db0a6b
step 9 bb2d63c7149a887bc82459cb6f29df23c058411426445dcab4a1fbfa26eb01c2
step 10 553a965ef12456b6df0c5eb953bb3d1cf83f61a07788c18ee0de9ca644396a48
step 11 579e06a158464f8a59d59708b0e6adf440112d67f9b75174f2fb38aacbb4b400
step 12 f15fdb5ffa1b48862f2b76c6705721222c571314b424fb44661273a43cf50c07
step 13 f81c9e2d841cc9376a5362cf757166a4feda7fac1f72ecb60133e0c77da703ad
step 14 6a4b6ee873c364d1eb15f6e92d7797c57b5ebe8d88c68fa94c257a79d2f89154
step 15 c661011987fcf0cdfc82b9e327e3836d4b1dd667ebab94176e392e6bdf0f0b13
root c661011987fcf0cdfc82b9e327e3836d4b1dd667ebab94176e392e6bdf0f0b13
msg 65287016720a30467bfdbf2dc33899ee0faaa4e7300be845c90533e25357310d5ac1d19301f35b0000648c1738b8932667ab302d6ab174e79e3ef9e181e9eea87ef64c264d7454c8a9a431000040
get b90518 c1337c88b31b8830c2e4fd59751f63e57606db7ac438ee9b154c1f70ee255077dc05d5bccb424e6d4dafdcf6b6fd4deb781ae7bc4301b0e961c53f7a66cc37a37e26206fa29799c6f02983a3d93bddd5ba59d5f752b604c258f157e9074466cce82e31ec
get - feedcc75e9b18002ff71bfb39b057814c0604402314f90e30f7efa6af441c774e547e36a9cf474a2af3fbf626897ad13d99f3084a6b3e703636d085315faf1e7
end
case random-127
step 1 d52cd6fb31ef79b4be63da74c7cabae34121f28eb8ca22e1a5d9f03803dcd562
step 2 bb7f7b861252940d9a14dfa22e4b8b796d6c2a195772d3dc8541fce7adc7a3ec
step 3 0c6b8477d2d1eea8fdcac357fda6c49de658b7f5708dbcf24cba546e88b8081c
root 0c6b8477d2d1eea8fdcac357fda6c49de658b7f5708dbcf24cba546e88b8081c
msg 4cfaefc7298d9b58908fec8331291ee18f1763b63d5c9ef511b223058efd7d3bee3d40ef9af7edc25cdc9e4bedf8cbd768ff97aa6449d0f4dec03e8e65cefc568593
get c08aea36f2c58456026f93d2b8e703ee400c2fbb7695 16
get bd7b68 ca4ff32292
get 2ad2f596f389d50ec0c59f06b5556e34daf1ce1445972a86cc6b0d03a1540d2d7d793d1c6deea42e 43ba780d9f5620ccb36a254a977c9d1f96dd81345a122e37bf8fa67859c3aa
end
case random-128
step 1 949ed4767712aa80ae7513079c436953ea9782d08990dff92940f6ed97dfc2ce
step 2 f05baf5af4cb9e4dc2d8b63df45bd9be92eace95a2985a55faf6dfaa77b0f923
step 3 8421bde6855543eef36c4a2fd8874f61c29c3ba21f6bee064ecfe07018331bb9
step 4 f05baf5af4cb9e4dc2d8b63df45bd9be92eace95a2985a55faf6dfaa77b0f923
step 5 4f9a4cc0e581c42510f3e9ea9514e7a098cc5878cd67fcf13ee456ba8d7e885b
step 6 c2ba1160e0a385b70b21453254fa2622fed9ee1da3dd8a9f43f408cf7be7348a
step 7 e28bb2a35994338034cc4a7476f6cd8dc56f40ba290cdff1bc1657903648b4f2
step 8 63bd25dc8b9230eb58e88a896c6ee8d3a2ff31c43b41db3e8c6ad7f9df4d2e5b
step 9 aa0095393f4c9b01fadfb8c378c474f6c9f4a04c372990330b818cf9bacfbfa2
step 10 26527a7e8e2081d54bcb878fb68d220e54c5e8a89899ba50c7d797ce666b0093
step 11 eb15a286b87d10cb3044404fa6c1ea4684770a84716820c580ac2c02386a37cf
step 12 1669b1f6e032ec3bed416390097665dd2884968f9705420750746f7327ac7849
step 13 84b6a83c3626fab6d49aa296dd5e73ddcfa5114d4d6c44013cb02c6992e25782
root 84b6a83c3626fab6d49aa296dd5e73ddcfa5114d4d6c44013cb02c6992e25782
msg 4c070ede615f962c1140671a4b0ce88244ce3c0dc7c485a7e62b5423c06778f03cc29d8f3b66d9543b4b06207c582662154985b80e37a4f816d8f6c4fefed8c321fd5403
get a1fb d448ca293acc2980a52a3958281a8d42723e8af0c890a8ab7187606fd207f9cf01a9f1cacfcefe38
get 49 dd5245814ebad0c6dc4e5a77f51f139372af52ad0e882c66d7ca3e5264ef4ef3cdea8b31bb641783cae7b16ff64f8b575a292126acc3cc4d1314a6826d669de4f4340b35a45446a27056b42ed80289d649bf79c3d2816c8d392957d8c728fb6112c5b4aa
get 0c9076e6573252d2ae3dec4003dd8f77befc448041c4490c328527e95fdb74c264f9d138c73867390e46ab07de83ff93194680253c6b08a1523b28c683 098dc63d81
get a0fb 85897270705611e5138444284afed30bfe434ea2a7fccdd17dd4491db03fc04668
get 4eff8be74d47 null
get 8e2a64e74ad4079f124636be77af3682552b03a3ab 7024a039d7856e9df434b255d8c98cca9ceddc97de95867f41fcf2244cb8a367232fc46cac853fed293fd2b6f17236db4d2c84ff94fa5cc12b47a1b2ea3a71d97f4cc0d1779036ec6035644186b3b74217a7c2675160bd93180a2e09061ac75099a60e97
get eb681f86268159a9c313cda370d92cd271c0c7960435b75c 95fb37a8097852d1de9cb1c7
end
case random-129
step 1 c4abc62097095a0b39c48f6cacf1ddd8324f1224960cac5557482ed7622ea380
step 2 c4abc62097095a0b39c48f6cacf1ddd8324f1224960cac5557482ed7622ea380
root c4abc62097095a0b39c48f6cacf1ddd8324f1224960cac5557482ed7622ea380
msg 7020b56e7dbfdc0e99450887f84499b499797386d3ad5f742b91ce01b91210cc360db8186a502ed9f699d71c7e12cfbac8690cfdc817000022
get b56e7dbfdc0e99450887f84499b499797386d3ad 998f80693cfdf9d678a37c8dc82eeab661621555327dee1e571baff0e83132d92c14
get b56e7dbfdc0e99450887f84499b499797386d3ad0173af11866ef3236f4e97f3a085c07bb9b321755a4f1c34364bddb7b2 null
end
case random-130
step 1 9dfa68e9ada21e297965125eac3a2c7efa9861ac5e88d9bb1019fb3cbf88e7dc
step 2 56e81f171bcc55a6ff8345e692c0f86e5b48e01b996cadc001622fb5e363b421
step 3 f4b0ab833e816576021f07d1fa00fd5b47e2546c8d1fcb514e24c2a8e203a978
step 4 b078f05a477f45cabc42268e473dea8c90b5b0ba2ec7bd764dec5e9d992078c5
step 5 6be111c3758e4ff3d0fc4923b151ca9a1d20e73e3c9e48652775787f953ce81f
step 6 c5db70f5fcb4645bff8403b819fe2cb1f2b7c2c7a328d0d898c6f003cc1cb6d1
step 7 05565e254ed138dc52cce7103ebbb4497b3a7b83a96deaa34d203e5591080170
step 8 74e86548928a89d3a60c8763096279cdf8a5f6edd06ab4b61a179f417b3ca951
step 9 e4bf16a0c9cec2d02bdb6c3b9d924513e881a93c9b2f02bcbffbba597a75c736
step 10 696ef22e79c3cce551a37aa758adbd9884b332cf193a1cbb769c873a3723f068
step 11 763134d31bcd6282bbb88231168583bfafec456922aeffc03f0130a073926c89
step 12 4ea88e243acb5f433c7c3ddc40a36cf1059f7cfdd7db15f629c568457ac17eb9
step 13 0664895bdf5ad5d0aa6cf005333161c5ce8c6d13570c80d84fcc210ebf9f263a
step 14 d208c5db41a5348949fc73395256cc0b48e93fe2e1c45dc85fa7d44c62951ce4
root d208c5db41a5348949fc73395256cc0b48e93fe2e1c45dc85fa7d44c62951ce4
msg 4d31cdeb21dd6981735791cbb580c0fb3016ff68108f54d38cfb7251565732bb0f0a50ff2f872920236fa673fd3302232e17020de967903680fe3f80ee4e613acf3d57
get 12605b7ede9c33be978132e799c6522853649d16519821f17e060affaf8587cf31a4c34290746cfc141e null
get 43b648 null
get 292310797baf48df null
get 43be48 446a4992918037f79f4662e30cb4ddab4bb3ce5b8abc546031962481bf90e84bed9f7bd37803393b46a1795576c3bf505faa61f65ac1ebd5d7652e114361012ddcbdd4ae8d1c76e73631aac1db25d37703c32f3a67d190c85d65eea3ff0d54f2351167701a462c9eac5a13e49d11279c431936e1da29370e420c88ff2d6142d6b033a0127d3be308d7e75ec03e669d1b28a865f23c1add0d900859d59691f465969d76db0ebb50dd103861984fc9273b39248f4172378682c685f9a8140cd8db4593d953d58c6e3e783322e9c58ed50cb5f3cca8d895cbabd75fb3252efd06072b9cd78826179c8733b3d3536bafad22b437c48a46135b2989f1db533c57f3e855
get 12605b7ede9c33be978132e799c6522853649d16519821f17e060affaf8587cf31a6c34290746cfc141e 4e091e0af5c75bcc8cc75e5d7ffa78f0b8f01147d6961d96dc905337458fcd3111e7ed774a88e9ed055a854285f02941cd8dcaae38ef19151b5d580327073445f09c6c43f94a592731edd968405be61eaea3f798a7053756541f3c0d6568b1fa9d613966
get - 232e17020de967903680fe3f80ee4e613acf3d57
get c3949011b7d3 73
end
case random-131
step 1 d97b58556f89fd7f182d74629d03fdeb44d9bcb5f8cedf94f9adf3f2dff13606
step 2 02264ff62980feaaf513c9702bb1b1245d9a7d878699a46f5d40e076af1aa617
step 3 d97b58556f89fd7f182d74629d03fdeb44d9bcb5f8cedf94f9adf3f2dff13606
step 4 2c0cb7d637523e4435b3e525c0491cfcff3aeda6c4f9eaad6287180a0375108f
step 5 50713619032aae00dc73efc6c493906fc0453e13273a0f9d6285697c76a8206b
step 6 b2e8699c635a3dfb8cd5727b1ef11daf699b84be1322b1bdadbe9c6ab0f0c480
step 7 4774163780e3eac2ecf99d8dc17668f34b1a59b882623889a39c9e94aa88e84a
step 8 6859d99a51b56391588c08ffb225fe1b4f3deb8a3034be6b2b2d93e65369e12d
step 9 d9b83e18bad2bede484e5e67cf01db8ecd59be52c51a7c3bd374aa5381c3b5fd
step 10 f17955d38806426ec0b055b5c8edb896b9457974b9bf10438c94f504bbb1747b
root f17955d38806426ec0b055b5c8edb896b9457974b9bf10438c94f504bbb1747b
msg 5c00000bd8ac43b9aabecc0b8267128b9864b4c122740b874bcb3b6de92dd2213cd594b7103e51dcdeb87df3e0e3ceead982b33a65bfa57a82e435ae88a39636aab65bfd1c02
get 39221cea8e86c8641dc7f5190666a8c688dc5606e31e58976a56bb845c45ffb73283efee3f8f5ef64d13215a007914806217 null
get c5c123b5e6 null
get ff39dede3d null
get 2950b66de6fd204ec0712f47f54d61f9ffa95a484eb8260b3079a7fc4c1db5254d5156eff59b2a01feb68b8297a8e43d88 3eaad603d58c56d407b65a7af8a2896dc9d0d52687d1dfdc9cc7ac3263b602
get 4b b49718053cc2bbaea50c95206ef9f7d9fa78ff961ad2016c4ed67420029ae82ddf46d933cd14b9fb0281f1e1d248b4e9b6e34a134181d1272826cbb738972db23e2c4af4b7a01f108e85a16c2c55e8cba2b725ca7c660008fe41bc602817fcbcbe9d7cb4
get 555687c44c1dff95ffcecec6e7b517b6744773fdf9f88c76d8b98394243b029db3376a31721657283c8405d06c0b42 4e9e6c3b2b605c78dcbc61e65c200192a60430e82ed635acdcef05eee107bea1ef9cf4e916a38fe3287d3ebb79ae2153afa64afe6b4eb0525aed13d3b816577f8ec5e355246c72e12335748a2643f3ae57d8f7f18fd901508ac108e4cd12bedee74bb793
get 555687c44c1dff95ffcecec6e7b517b6744773fdf9f88c76d8b98394243b029db3376a31721657283c8405d06c2b42 608c
end
case random-132
step 1 2485b627ffb9c9b5e3ef64e25bfc91320368589f577586f6c7e18fc7588a9c08
step 2 56e81f171bcc55a6ff8345e692c0f86e5b48e01b996cadc001622fb5e363b421
step 3 a6cab4e8d9d639b954496c7363ca237e41e147a0afd867d9f1da96c9b181464c
step 4 133680f0cd78fd5715e44140569d4af6999e3ae5e5da89fbc932a5aa79639c40
step 5 1a7ea45c588340e3dc722e75813fde88725a1bdfea6a3a192b7e4ae930dbdec0
step 6 eb87c70772212eaf16fa753113cb7d827681011e4074fa9b2bd8c1b9fedb2996
step 7 8373e7093549f52131fba52efc7b5daaacce47f167a05a464732bd690b34a6ca
step 8 147a3b4175cdcfde4c38922e17b0ea147323baf67b30c392dbfbfe611fe71bc0
step 9 042ea543c543c6aa5434c9011a76caff860d4846c589c639590391c37892207d
step 10 147a3b4175cdcfde4c38922e17b0ea147323baf67b30c392dbfbfe611fe71bc0
step 11 16ea4401b48f75e14ae68135f9204bff5765bd8817edc3c293c5fd124cbd893c
root 16ea4401b48f75e14ae68135f9204bff5765bd8817edc3c293c5fd124cbd893c
msg 4c7acde21af86464f781a87ae4b74753bc1858bf2a41851b025a845807d026e486ce290b361bf7bd119f3ea00783a1f9abda698f90f924544085e82e4a239eb4abfd1003
get d15673b4ca null
get 038f bf08185cb4f3d8c4923a20a7fc5816f3a584b3d60eb60358efcc24e8c072bced1640
get 4c316d49689baee342c650b6d48b609b45547dc6acc4f4ae 7e2e7e82ddacab8addf1e141a7871858c772bee5e3bf6fead494daf8433b5e950b320e421708daf720514930e6c221f3fc78c087b59474bb441676c9046f392d7b4ebe2947e50c9262c6a0f43fa6803d4591ae25e164a5cddd4e04c9cd6e247216c71dcb
get 1a692ef023806ff277e9982275d3f8ee5f2cf0ff2d7db7504fc41492dc7f7c51407e19b82309681a30fe9d2b36db47 ecb49acbccfafc15c164d0c1e95bb00e7d25b220b182a28a2bb96198bb60089bd17b635f6b3d2a21b8621e751d2238316dcba4f2ce27f1b5cbe2ccc9b00a392d862b915bb0d9c2bd322be087adf6789410b4ac3ce6b398ca9232b58ce13527f92458bb4c
get 81e1ede3732f7669860951b5f2b8de569c5ffe21b8d1ab79eca0c54fbf6b0f56c4ebbaa15e0649281ccb68ad7be06d4f2481a8 1aa9025a52236160cb273955905e3538525a68a48f83a95a9c2b947cf10b0153eb7a575c76e4373434f3a00f78989536a8630b35d2ff0263cf39124367e5e09d
get 1a42adb77fa802951f9e398e33d420aba3bdfea80c03 null
get d0 8e4d0488738144b18fad9c0a
get 238f null
end
case random-133
step 1 4f7e08bf91f0e3a66a1d78b5fcf3d49d6ee243da23ea66bf332161b00d3781f1
step 2 425ba5f38eef7c3044fd39e15e4e1992e1e213e402ffe1b3b2b371e0eed18ae6
step 3 dd804c9d8e761d4724f2a87b69519428d8b7a231b12489089d9cb40a0d3be71c
step 4 56e81f171bcc55a6ff8345e692c0f86e5b48e01b996cadc001622fb5e363b421
step 5 3c4b3ff7a6a79150cfadc1df3713c97773c0b220d5b53e4f2944f68023f01c2d
step 6 56e81f171bcc55a6ff8345e692c0f86e5b48e01b996cadc001622fb5e363b421
step 7 4b414c7604009ce5b721bc026db443baf8a4583084ed37e76ab18ee0b61b081e
step 8 56e81f171bcc55a6ff8345e692c0f86e5b48e01b996cadc001622fb5e363b421
step 9 a7a583258562c008285b78751841b80e82c7baa1917a9eec7070e59f9bec0536
step 10 002bfe2296b559c9a88db0e7a7c79d360d35afc6d7db6010ef4d5ca83b66daa0
step 11 a7a583258562c008285b78751841b80e82c7baa1917a9eec7070e59f9bec0536
step 12 9afd7fba0bbd9c3bf98eac96cc4ec8ac7e1a5a98ec560bc61b4bb7bdc9a78746
step 13 9afd7fba0bbd9c3bf98eac96cc4ec8ac7e1a5a98ec560bc61b4bb7bdc9a78746
step 14 57788e095e23f5e7eb5cf750b98a60fc7080a244c814b79283058bf56b09ada5
step 15 ea2f7d51d94377fb13a7c28d9efc1637dd668eb6ba9a5f4d723307d724fe1984
step 16 5dbddc81e95a8fc2fe4d12e5feb15108570cca7a231a1a9f24ded6d26983bea4
step 17 654a94af1fbd9fb435ab1fb2c429478c08555c9f60da4750faa79eb5553c8780
root 654a94af1fbd9fb435ab1fb2c429478c08555c9f60da4750faa79eb5553c8780
msg 4e27700ea0e01bb546212201ef9dbd80722ce3908a184e13d080f66d9125adb71cf5ecbd0cd0000101d31ed7081c72f4d4edb93d20a82a3036fa6ab1b748fb2e1711bd4f9581f23833fd1c03
get 5070 3fa845c3bd351eeca27e91d526c3b0fa896e96999be32cc8be5bbdb7f2bed6d17f4feb8e42abc3856b14c41ae0b8c5c85fe6f10d7cab087c9049a628fe7177a13e106f07538ca1d70eeb4bd817e361b5543f2d29f88f4e1a01ce54165acf46fca4a7e6858713dbffe898bcf7405341651139393cc46659c89c5034d8810a3b4edf4472eb4312ce2849efe9af7332fc4aea9adc249605f9d091212c382059194e13023d49e69cb6c449223f4ecf9bb65d613e43fdd79c7cace999affc4b35386802a75c718bb70c416c382f32a4576cd087593cb5739d0dce579ff52a47dc1b4f36fe92de926ebba9118ea5eb4d724d8dde494e19c3b637c30ec751da219e264418
get d8244b3d209d5067cd1edfdcdfa8e95562d78556302ad71b a923e6dca7eccceba9e73d99d30e43bc8b97ad070347a384a7e627de230f7dc1
get 4a396b812526f78779f0458638aa64b5a4c668 null
get d201def5c22005a4247e850ea14c4114faad2800c7937cc02210b029adcfbea96be17b5a2b2ca9091d c1f10adff21d23dbfd77fc3c
get a6c5d7d823e7ef503490b6f9eed62f99c4ddd387269513e193c0473af17ea23e54c035069a796d5e7465e633beef6876d95e03645fe21133f51c1ff356e6ee eb69a8860b102ebb5b82c23c296b3a27fbd7298c65a1adc94e477758f0a8db68c2bd881a04b22536348fef00846712614e5c3168787c9b432423aa62ae3afb63642454d521b77f6931ce9f595581630748443fd550517a9407f239804f5407623407a191
get d8244b3d209d5067cd1edfdcdfa8e95562d78556 f24f64cf5b
end
case random-134
step 1 19d7150b375178dfe3b64bd280e1643da70c65c6d3b86650ef6098a2e005bbbd
step 2 56e81f171bcc55a6ff8345e692c0f86e5b48e01b996cadc001622fb5e363b421
step 3 f96d9a3c7a6915aa03be3ba47ab5f2dd24d302184ef2cf294b01f76123c5d03e
step 4 56e81f171bcc55a6ff8345e692c0f86e5b48e01b996cadc001622fb5e363b421
step 5 8fe3920e49ce01f5c26c918dde1173482da934442dcd046e2ba690810921bd9e
step 6 34215c1123e998588c37595ad33e33f215743ebcc4722c5d663963218aff89ec
step 7 8fe3920e49ce01f5c26c918dde1173482da934442dcd046e2ba690810921bd9e
step 8 c63945023fa3316aff577221c53cde4c06e15d474938160fd0918b2d1b70eda2
step 9 caabce272a7ee72cd1fa59c1ed62ff3330adf6331715379f48cf978041b0d5dd
step 10 672b941ecbb27c80c96357b0dd09bf96bbabca9a23790705c9b19c4cf339b069
step 11 e3267a19ec4a2b8baaedc30ef8dcd339989a330645a3a71907e05a034f0678db
step 12 d14c950dea17a8abd63868352c2e2e3f502f5bc04be92c53a5f38f240ca47e98
step 13 7210f23e45893443f4c8129ba720e4675447161b4cdae76b9c61cd9693a7349e
step 14 6416efa210f5ea43ae11f96b0750f2fee080cfc749a44bffc5c8552122a79256
step 15 018b7fa4c9fec1298b294c27c683e42b3eacbccfe1c06ac38367408db313d17f
step 16 1df91d544728f1bd76f687318e4ee3180aa6e412abcd94a95d21ed1154691710
root 1df91d544728f1bd76f687318e4ee3180aa6e412abcd94a95d21ed1154691710
msg 4ca8e7728a208eb9df0f90dd4adf148a6964a0401be58069816ee4f287bce19ba37b6e53a6b4ef5b6d72dd3d216604b61b9b6c28d24f9a93a292a6773372a93237fd6503
get 0941a707d5a717a622b7985ba82cee7df66d5bdefdb4ab82d35cd6e21c1b43724d81cc578e2d4def0d 40eda415c7a1ab7220473ec4e1045a5db326032fbfe0a5c60698e045d288b65d812a
get 9d9757fd6836 null
get c6d296ba2e 840df48802a7215d0cc0358325a95195acd95fb57ef9018054c15d498a8776
get e18f49e9f6c21f42b057d9700c94ce2ee43db634b733bbd43c579738d739ffcb1bd652cdc2efdaea29d7bb975930e8617099338eb765511013e8c35301b71a 742981d2a3736454101ea8557b2a1cfb9ce5cc69857339303106f26c2e23cd2a0a02
get 28d5bc d5a26db4a29d9b0c3613048c466978fe4f31a1da19989dd84f3127a7c55003b491ac841931edd5f8270325b672f392537a4483faeadf354283923afdbfe433fdabbc8a71d8f0f59a61c49544b4942a476c52237201253c2423e10f1e811d80476b015338
get 0941a707d5a717a622b7985ba82cee7df66d5bdefdb4ab82d35cd6e21c 2b817ee21d722992b63a96dc
get 3f1d53175d6f60f473e1f442847327355465c802f3ef8c7b4a1891c3f786468c6b996203a2026eb89a102282e73d7c498b 13
get b9c582cc6d084958be562ad424dcbc7476c97b2ee79d40a2c1c548b62d3f87b5eaa367a8129a35293ce8ba0464b4fa13 01
end
case random-135
step 1 ccf936161ce0d9e9a5b3dbc6e998087b2f77ebd8fc18f071f822dc793820e666
step 2 7ca2a7f1170cfdd2b583378f58c9ccf6a7b8c2963ea344989fc1d15db31f565e
step 3 7ca2a7f1170cfdd2b583378f58c9ccf6a7b8c2963ea344989fc1d15db31f565e
step 4 a51a0e87fbb6324f78e6f33fcba8b7c20748f29b89dadcec0a048d6b5fe2b70f
step 5 1e5b383b9980dd07a51956bb96ee701efe334cbf53fd5e677e70215317822d58
step 6 6ce0b7317b0e8fed8e42a13694b28450c80de4f7de3c214d435b14a3ebcb4109
step 7 1e5b383b9980dd07a51956bb96ee701efe334cbf53fd5e677e70215317822d58
step 8 4048bec8997e08ba009746642c91a920ed8b934a41f51178526573673e55f46f
step 9 1e5b383b9980dd07a51956bb96ee701efe334cbf53fd5e677e70215317822d58
step 10 e6d55363cc9ab93a57a85acb3d56d5c0bf8ef2009ccd6727861929aeef98900a
step 11 8a3099b8ae13a1b4fc90322d6ea12f59e8ff62784b315a3b9ac7a71fe80a290b
step 12 829b44f55dfd8b42451353dafe8808ad14345ce06eba6e180970a821dc581b6f
step 13 5994bca5622e004e56fe7c378dd25722a2175612c66f350c89d09b4a96f9dc0b
step 14 7557d1ad99c86494faf9e074c492b164cc9ab33b7a90c357016dbc04466833cd
step 15 a657c005e39f34be85ea04ec5ce825e3865bb8dbc41fea46d7ebd19d7ed4efbe
step 16 a4ede61b8bda8bb1a7650f9006b85300931f1ea4bf58f1d79339f2e6911532ef
step 17 c6f89e703d390f962c3401ac890276b08b49729b06ab34c1bca47759d7d50b02
step 18 fd78baa49529e1492e5a562ec7bcf95628f45bdae842ae036ea60d1a7d33f935
step 19 83b0636dc0764ef540ee1507e85010de9ed6bbc8223d788e60fbf44ba39e11c4
step 20 ac0259e4fd04927c38fda5b2c62064b3d6f192a4959cef179eda6ff95003c0a7
step 21 ac6395639c96a451df57449e39d34728654ee5c6727b0583d6558c5a3a6a9dce
step 22 ac6395639c96a451df57449e39d34728654ee5c6727b0583d6558c5a3a6a9dce
step 23 ac7f349c130718bad8c124cc3d8bf4daf99ca4ce5b6e06d8264adddfb95c0c4e
step 24 5dcc6eac3cfeb821e33b736c6b02a319b7c0cf6fe0ff00ec9e5f8b49d14ed76c
root 5dcc6eac3cfeb821e33b736c6b02a319b7c0cf6fe0ff00ec9e5f8b49d14ed76c
msg 4ccf7d8bc8724f71363053f8b102b5db654622824f4c16bca4c8efc432878a9a96197d63961fda666559deb75b62f55d2845362a2942fbe3bace4d879f497a7f02fd9104
get 6923ba385c165fcec581eea0d2ee629df261bab118feee8b51e29b8a2dbdecf412062c987f42876cb867bc17fdd94ee7849a0f3454809b7de2f15cc6cea6 9ab73d5391efa4d3bcf656be9236a91328da57b3864d43c79bac918180d735
get 68061699cb85c6bc8ff07f36a1e89b63e60dfec090762579f09ad5175125 0f81
get 89a0185ad4 null
get 9cff5f4569947cf5afe1dd7771179c6798847fcfb978e362d5c998daced958a6a9e005254994f6c5 0317be4ada6834d9869bf379e9ca95113566473b
get a67a8ef9a0 5429ee095ac08efacba22d369cc0481fd32b8c9a
get bd16f42f null
get 52f7 null
get a6fa8ef9a0 93e491d72eb16ff15799ed08077c1d11e4da04cc524573ea81933acf890354862a57
get d2 null
get db8616b063a80bfd529fea131c89b2555bcb40fb8a8ec9a52de268c7e823bdcad9c86e09c6b891ac55e06c 15
get db8616b063a80bfd529fea131c89b2555bcb 538746a7de57f8743f9e2986
get 5fedaa1a4b5afaf9b2f113a6e450b66e9b127f18aed92221f139256038faefa20385aa034c540a3b9298b8932fdab5a876c4 67149a15f7c873e8af6ed9e91dbcf7b3d104d0c4c556b8e4aeeb262ef1e541
get 68061699cb85c6bc8ff07f36a1e89b63e60dfec090762579f09ad517512545d32a2c5e19dcf53189b7f531c9ea7859a9f050 60
get 733c9e8d5ae92a3f17405177d2debc0ee04ca4a107aa3fbb1d209be0f4b482f09208f6d802f84ce5828f1441939196b51d1f 84e512b30a5ff60c535930432546ef1caaa2c9a99a155d41b80e9bb896fc7863024f
get 5fedaa1a4b5afaf9b2f113a6e450b66e9b127f18aed92221b139256038faefa20385aa034c540a3b9298b8932fdab5a876c4 20de2f807f941254f12da451bb4eb62da39bcdf0
end
case random-136
step 1 0bc15dcf8b1c65057f0c2767a35d7c1a1df591ca5cb1e160b999d8b5c953660e
root 0bc15dcf8b1c65057f0c2767a35d7c1a1df591ca5cb1e160b999d8b5c953660e
msg 5040753c8d70c668dc1f8d3f49bb9755e228daee1a90b69407cff862e55a71e04d84c7530703cf500cd9b24555512a3661fe8690e6e72d2896a1
get 753c8d70c668dc1f8d3f49bb9755e228daee1a90b69407cf f862e55a71e04d84c7530703cf500cd9b24555512a3661fe8690e6e72d2896a1
end
case random-137
step 1 a2dc500e680dd1610b0b849b48602bafeee21a8e9c2366ac0f57c0bff2ef9f57
step 2 8f5db97a990658268883f90f05f3e1d7cb7fa06e63a6dc77bf7e695c6ceea26f
step 3 3f4f69024d07e2f25d013be3896a34f399d3f6591b93e7e3b3fe4de06493908a
step 4 cfcf0f0877db7ffc946b252a3c592fa7f6ddd8c776975163ce53fbe8a307a6ff
step 5 e66dfd144ab4ef1978902075224854b19a04bfe7bbae33b17d58bf6c4e221c0c
step 6 47849443dd5af815a0326adf946e843d9fddbe99fda90590449aabf9653c7678
step 7 a9bc86b3a27087fdcc1dc58be66808e17bdaaec0a8d7de8d75fa31c2270060bc
step 8 64a138df8f159a0039346b689e3429695b804e34f591d0b05404777a50a9dffd
step 9 1ab69854df0830a65b74a1f2229a9b2954d8ec7ea10417be9935ee0b6a8c15f1
step 10 dc196be890428ff486f948535658839027aa6c7c35098619e6a4afa04f218c73
step 11 27f6f7d29e71f9087832f79b5d1d2b935fa1678a498352db2f4da400e8c02ea3
step 12 4ade72389f9d0eeadb9c3e7959832c917875d50b12dcb00e30bc14100dc5dd23
step 13 34e3054a545cb2c91f72ba6319cf9ae5a6c45cfacb2886be7ff29bfd196adac5
step 14 3832644e2484f69f65ffa435b44636d2da6c5abb97695b5f67c4e5b9ae5db932
step 15 fcd57547d9cdad259a268c6a89bb9f50df986b32ac64f75201a9f744d0e269fc
step 16 8c9705c2a994dc11dd20bd46db4842b8999da5d9b028db2ab9212d0d188270ac
step 17 1a13686b8e80750ca2344ebe236839c7572ab8a023e7b348079a0c8badb458b9
step 18 6279afabad62e99cbdd006afe7a03887ad8d63f56ede3071e9752fbfa0a720ea
step 19 6279afabad62e99cbdd006afe7a03887ad8d63f56ede3071e9752fbfa0a720ea
step 20 705cf19ee50e67d817ea00fa3e499fad1190b8b4e3503ee5264961f50994755d
step 21 ad59771dda6a70b8e852245a272e5323c7c784e9cb6bb570caafb55d3f3a6532
root ad59771dda6a70b8e852245a272e5323c7c784e9cb6bb570caafb55d3f3a6532
msg 4c9044f3a70d918661806375f3ba54579da7c739b59edffee9c8d72476897b166677e003b4d8d3bfd896dcf55ad5b6e765536049550f5baff69a45129c5edd979dfd9d01
get f7751e3afcd4be7204e41fdea6dd2cc910269a0bd8 null
get f7751e3afcd4be7204e41fdea6dd2ec910269a0bd8 c903b9827d36af9c84eaece7
get f9e3fbad null
get 1688 e1eecf037b3c3d05fe90a7050ae47263bd2000e460a56d6dfd143cff4feabd
get 67b4089f22 15
get 67bc089f22 null
get a86891abe9ff6e5dcdbf84198b14d15dffe1d1703c7c332c9177f237de7204afbe117dc2f50f4243 e74b
get bde0e7f3f45a 0d16d3f17622edb3e242bbd77a75cd6bc5a3b0cbae2d0765e85e9a4a7ca4deb8ab38
end
case random-138
step 1 e8f513c4554a7e377fb34b8cb1af880413b5f6a8623a4e8f91541eeb32817cc3
step 2 29b7ca2d84f156f8b172aa733d3d70345445bdc69e61c600dafaf260f669807f
step 3 364fdbaf8a71f541ea41d49b7509d67f5e17992506aad4d731806ba76a70acd1
step 4 99687b33df13d3d275caf9f7a5970e6ba84bc2d22313074a5fb75035bc5436ed
step 5 647efe0789302dee14dbb991a3b065a2ca07e7d6cb50eeb25e2590c9d7bde490
step 6 a69d5c2070b2ddc141ef99e376d613ed8ca1bd95588932e91b7f3f969edd0204
step 7 e3f1b55037fd4f1a15c2b37ede5543c628a7c686e4ed6376875935beaaf329d0
step 8 a62d6eb695e535eccf80dff7b6abec8a9c8f248f3675993943acd23295c9630e
step 9 d78bbf73b1a186474c5c1cb0e82d29e7bac61d6f43a69123339d16e23b9be9ef
step 10 8c4c15dae7caf785a10f89b3dd6ee604f92fb259081a20ed59902317dd6c3819
step 11 564d8f9057932f5903493e117ad5c4bd915930c2775d87b60d0ce827871f140d
step 12 04be85a6764d32eb0be26d6654bab8e7070438df8dd670e9a259768e189dff3a
step 13 d24af9426a07f62eb14296fe3f384051a6c522b8cbe6c445d9b97991c991b1f7
root d24af9426a07f62eb14296fe3f384051a6c522b8cbe6c445d9b97991c991b1f7
msg 4ca70a13d36d04eee5db3e494c2c6312c175c0347e151afe5e299d70669a471d94dc9daf9662e1a664a8845ee7a7faaaa069b9f968b377a93eaa35b88817ad5c5efda601
get 9b86b7 null
get 15b8 99
get 6e98afbf98ede6aa1d9b2dfe5d02 null
get 8b86b7 bb6be2684fea3b09696a6cfdd3f6c92b3304e333b711ada17fa74e361264ecc8b89a61a501dada99cfff57e4c58d7a7065f5a168cb7fe47e76565874a9f85d49
get 6e98afbf98ede6aa1d9b2dfe5d02fb08af65e466a9825407ee54bf01892d91a9c98cab558eed8dbdcebf 1df06917ae45e3b7f828ff3a07993cf0f0506afc9488d59e65ad80e204a1c9c4716ecb855830dc71b86461d848779f2cef4c05c615dabdf94ddcbed419b198577142c286519f0dfd7b68babc16bc17add42a277d44e0eaa61cc0ab6821d04f6a96b4fe70
get 95b8 49b8c3e0839cdcef72f93a49f8192295d74ba8b2
end
case random-139
step 1 e5f5ccc6fb7f6adedce1d221bcd025fcc200718aa17699e5f44202ef73b13b59
step 2 d949c52d76ca6759bfd4eb8fd4ee96ff881818c18fcf02c6ae9b845bc16189d5
step 3 ec8fd07545479360b61d0a5bc883bec301cb3892049ba6456f2c861982237652
step 4 c2069e34098ea0527287e1dad935f616e67ff2e68140e59af04dce4202ef0929
step 5 11d881900a62fa06cac4d266d3d645af69619ab298473c7a6aab94245f42080d
step 6 c2069e34098ea0527287e1dad935f616e67ff2e68140e59af04dce4202ef0929
step 7 e5b16c05a941adb5142d17501da4b7ec048d4994e600375a058dfe67f89c7383
step 8 e5f5ccc6fb7f6adedce1d221bcd025fcc200718aa17699e5f44202ef73b13b59
step 9 2dada6e81036b37b65025d074a4fcb79a5e454f6fe69b7bf6483189770a94718
root 2dada6e81036b37b65025d074a4fcb79a5e454f6fe69b7bf6483189770a94718
msg 4f1d502fc249f414075863f7e053ccd1ca5daa8ea0ab6b7009d6ef9ba8a05e0850166a32e85f8b9725
get 6124fa0a03ac31fbf029e668e52ed5475055b5b804eb ef9ba8a05e
get b51974 5f8b97
get 2f6bad2a903c59a2 null
end
case random-140
step 1 27dd41656ce9d9c0af224cbadfe1e3a3371e9b5488a3f464cf00892fb235510c
step 2 ddb76b1bd8c6203156fb781b2ef4e1b760c8217d0124a062171aaccb5ed65ad8
step 3 76c8fd469d29d20085cc973f84b70c16739e3cc24364f14cf8a4f897f920777e
step 4 6727d6483d2e98d9ce358d5b2958adfa4b47ad959e82be2035184f61709ea407
step 5 818a6757be77c09e11cc631dd6247833625471cc424ebc48110c592d2bbe848b
step 6 d6ca81ade29ca17fc05dd23775a94ae5297bb85b9153bcc0f7aaa8d28eb90256
step 7 b354d1f0897f2b94e486cecd20f6f44cf40e28eedc72973c56ee096f423e8bc2
step 8 56e81f171bcc55a6ff8345e692c0f86e5b48e01b996cadc001622fb5e363b421
step 9 2b291abe16a280b556971637950b3579b65acdcb964a898b26baee05f1b72a33
step 10 56e81f171bcc55a6ff8345e692c0f86e5b48e01b996cadc001622fb5e363b421
step 11 ce2dd1755930ddaea4b2597f4c742a3fa4bab724cad9da71bd4617b25d29dc88
step 12 dc3a84b6294f62b59f8d86817075dd8d4d059b9514dd3273581720ca496d76c3
step 13 2e08a7212a23146cec0093314eb6d0e20908ab06538129374f8bbdf7646b5d85
step 14 4c39ace3e95badadc496e750b47b3f9eaf2dbebdae6d67e5ef4ccee215d5c3be
root 4c39ace3e95badadc496e750b47b3f9eaf2dbebdae6d67e5ef4ccee215d5c3be
msg 4ccfd32a54d686c11568577468b2f6cc9f72972fc24a41284bba44c5abe6c84dbfca62160dd4b5dea49122ed144b73f363afe3ea27110a01c5cb9943ddf469dba9fdfe01
get 0c83448756 6aed7d389668c132feeebf90b181649f8cc993519ff17fe8fc941fc1de63bad167b6
get 75 c41dfab798954e1ee39ee82d873e449d5054e6f0838716d93f442a73dcc0a944d69d41c158c8f77526388b7bec6f2a2ffff956f6fc90b6b38a95fdcc6732914153ab841682ec84470e8b716c1592ba0dd4a9d91b38c7e7bd3be576e7d0e3837df3cb02d0265474baad26bb5c30d3d7cde24e1aa40496eb646292106ee0ed55cc4315ab37e5f304e1e1e70347bc78ccb4b6cb0f4658b4404855c353be761d1fa078e6bdbd950eaf974c60f8fc4827bcbdb6a82259f4ef00f4d5ae94dab7f08b86c64173a1c6468d40667e63423b688c8d38faa9f69572396abb930eae3b9e13e0ae95dad45be6f0e2ca2932366ba7f826aae86b7965c9c7fbf6e499720c64206f3d
get f251b650a70ba5f5bb38fcfec4fdc2c9cdcb8c2023f84452eb5ff536234957b772e9c1f3e8e175937b6d8ef32f9837 bff4
end
case random-141
step 1 5bce2b0e270334f3ac35cd077b0c488288a7cbf8eff0ea5a69b63ee2b087d441
step 2 56e81f171bcc55a6ff8345e692c0f86e5b48e01b996cadc001622fb5e363b421
step 3 82a62a1ae8a4d025a0783805ae12e339b68976dcb5c89097fac00b703a78220b
step 4 6f2aeec9ca53ee5d274f51933cfd0304d917b44c89911d08ea486f9b0759fa8e
step 5 05dca29a2ed4289b1fcd82dfc17ee7cabdec53da6b4386240eb2c0b3cfd9f7c6
step 6 5df1647039791875907d5ed2addb1f355b07722bd66b7bfec483ecf83791179d
step 7 56e81f171bcc55a6ff8345e692c0f86e5b48e01b996cadc001622fb5e363b421
step 8 8ba610c305640b448091c41c9d415ecce72ea38c3ef3b390cca2e37a59c96440
step 9 56e81f171bcc55a6ff8345e692c0f86e5b48e01b996cadc001622fb5e363b421
step 10 426da2fa3837e5a4fb5163d2e1e65cb3db8dbebb17b32abc267257a426fbfb92
step 11 56e81f171bcc55a6ff8345e692c0f86e5b48e01b996cadc001622fb5e363b421
root 56e81f171bcc55a6ff8345e692c0f86e5b48e01b996cadc001622fb5e363b421
msg 40
get cd97a56f2ae5df9477743d740101a02590d9cfea533c null
get - null
get b2f895a2152af1540c3ded136b059a5c09d5ab99846489161992033db232b614fe87f5ef388f0fb53a81cd1f6c83ddc74596ff null
get e924dc0abb410a90136bc35aa96dfe517389f91a8372 null
get b2f895a2152af1540c3ded136b059a5c09d5ab99846489161992033db232b614fe87f5ef388f0fb53a81ed1f6c83ddc74596ff null
end
case random-142
step 1 8b0a4021267eb5f7b639f5050107916bf6942b39734965929b4c65c39a19f486
root 8b0a4021267eb5f7b639f5050107916bf6942b39734965929b4c65c39a19f486
msg 50fffd8001130827f88d8ca1e82ec994141b3bcd7ad10fe4914ee79ddea6983dc7eda247ba77c796d4f9b368dbc73ad410c3e399aff1c30ee80c
get 130827f88d8ca1e82ec994141b3bcd7ad10fe4914ee79ddea6983dc7eda247ba77c796d4f9b368dbc73ad410c3e399af f1c30ee80c
end
case random-143
step 1 e64f083219a520b43564277bc0cb118f566d7954d075dd916855e569f7e3f4a7
step 2 17d054ebe310dff8977fe11e30fa3848e2d543bc7f75212eace229576fb6bc36
step 3 d9abc7435f583f2f6402973a3331dd4d40fa859fa8c348887658889bfa5208b9
step 4 17d054ebe310dff8977fe11e30fa3848e2d543bc7f75212eace229576fb6bc36
step 5 a62f262938fe9e61eeadfa8d8aa781088c17c7623697d7a5ad255b79f9b6c8a3
step 6 0ab2499c908c350ad31320c30142c9f87bd67d115c3651f38620862ec7011fd8
step 7 ab3d9caf934f81c320becd440ce5931ee0b5fe8c788d36adf6196af043a7460f
step 8 d6ede5416a41a5a6077bea9ce59a2a6b5080a53bed67988bab5875833fabd66b
root d6ede5416a41a5a6077bea9ce59a2a6b5080a53bed67988bab5875833fabd66b
msg 4c2b52d2695ea80aaa1ca98f555b947554ac3683e676e80770b7440b3d1a78d166dfbc309b48be560684d74b2a870281fc7d54900cfe80f8c4cf39f20578216c92fd4001
get f00f4960c75b37fe0589984fcade7d57c321698243721a14eaab179c44065adfc328f5424201d6d26c492a7dea094fcdad fb1d
get 9a ab6129b451
get 96 null
get 1a null
get 6cadaf2be9e97371d9e4930668458f27184b3755a757d7e51f5af127d3979db7a3e21309d3c86bd115a76f751e5ead 38ccb9841606e985d811a30e7f07a85595e3870b
get 16 2487467ae55038435937586fb614b57c22f437799c41343aa01575d0da79aad9df
end
case random-144
step 1 3ea762849180dd7a6dcdcf59949bf585c8fb96cb125b0ac75f71107cda9986e3
step 2 56e81f171bcc55a6ff8345e692c0f86e5b48e01b996cadc001622fb5e363b421
step 3 9e244ce0d9a82248e00b1635b5d54e23deeeda707aeba714be64fe3f0329f558
step 4 c9c6c4eddf40decee75aadadea84a1434e485c9e303978d6366704831f1df0ac
step 5 925641989831fa64b06b4ecbc132f7e68fe0208ee212adb78cd596ec3510ee9d
step 6 490c64bdaa6454d8e0a9532b852804c32e9f78b38bd26a6c32900140fe96a0f9
step 7 cad030fc76ac09331c13e4e6cfc658be3effa089fc783d6d077643e8f0a3063e
step 8 cad030fc76ac09331c13e4e6cfc658be3effa089fc783d6d077643e8f0a3063e
step 9 64035aba0459e09a50aa623ec280e81be51fc6c9bffc36abda38068edfcac1f5
step 10 ce149fb549c870804fcc7726a93d697661015bfff71ac2e1a2e3bb82eb67def6
step 11 02b7cfb558b149d2bac81eb184d579e9ba6c4a531c289a7e5fd40edeb58e8d73
step 12 1fd6858bd7aaa4793c5cf41706a4ea30edad8b128ea13ca52fe8417eba94f798
step 13 b83281996ee5f3d3a3e3f29ec81c3cefcbb257c9ed425b9d396895ea96356ce6
step 14 b83281996ee5f3d3a3e3f29ec81c3cefcbb257c9ed425b9d396895ea96356ce6
root b83281996ee5f3d3a3e3f29ec81c3cefcbb257c9ed425b9d396895ea96356ce6
msg 6cda1747adf962a78ff8b19c51d8e54ca0c518478109ef8b0796ac0e2b55d9441e38c8d303662a3579ee62e2b77166c52119d4e80856e7071be7a2aa27e7fac8cafd2601f70557fd77b539a3e693e4252807c80a8d5d06f336b681cb24852c7fb64cc66c000022
get dcbe07d6f04d89dfd97be7647d4bef97e51fa83c095a null
get 0b6aee4e6c281b50f45b86c0abc7bb11c9d38a601be4f8c1c51fed2bfcb34d3501e81a26b5395a6a9f354fcb8d2010ee435b82c3af7018858c1761b4865a null
get 35a33f75 00
get 3da33f75 94f772ff7094b2b130b81482d9b6ea1263bdd89c7931b76b358ce45ec4b5c0b838ed
get b17d50a58825e82e162eee0506b709f0c715dc0bcfe5ee9c34cedc2205dbef7ba8c0e90716d03252593ec9 4be08103f75ccf4d2bf9635ea8c0e4219b43d59d
get dcbe0fd6f04d89dfd97be7647d4bef97e51fa83c095a 81ec4f9385
get - 1cb653c7c3ad3aa6417192cb5f59370fe0ce11f85820b6d6dfeee84a4d002399c082
get f2e867ee33dce3d3 null
end
case random-145
step 1 64ee67bf38f523b2e0a6adf1b0dee988281755d9e960ded7e3a5f045361c4773
step 2 03952a867bc473cc28e0e8d93e0fc847dfedee256f947f54638f22db4c3951d8
step 3 03952a867bc473cc28e0e8d93e0fc847dfedee256f947f54638f22db4c3951d8
step 4 03952a867bc473cc28e0e8d93e0fc847dfedee256f947f54638f22db4c3951d8
step 5 e4ac06e619957a70c3006730e573352a122e6e04dfcd8b4e3f78bad90f93d354
step 6 cec54aa8d44c87a88aefbb6365d16ee469c569703d1f0b0b497875ac6eb0ee8d
step 7 8fadb1156a54cdc0ea46eace5c5ab6293f63a081afff3cd33a3ca251716d19ed
step 8 73b6caffac8bed7d5b05bb9d87dd4619ca65d28e9a021fa5f3fa66f462236319
step 9 624b77fbafe2e0d3102f2dba103c6b6878b48d0c46bd03dfcbd1d6d4c8a1ec40
step 10 97749ee6603a15219a0a906b8c0e181c8d5dbb73b3c15b71fe35599335c45599
step 11 1ebffa70976234f8932a05fe50515eea5cdaf6200ffff1b25ae7d2b83375331d
step 12 53dbefefc8290fffa63840f5c2075202ed85aa9e6ac5230fb83f962e789c1cf0
step 13 c4093789b18260a5f48997b58a849b2f0c0a4ef6f47d1b808c5120386e980b0f
step 14 c0fcdc86001222b11e821df9150187482081b9133d0f3244ed166c4c9b54ca66
step 15 d9c2758fd4aa7daeb45da00dfb0fd1cf1c602f9dc377bca1e9ee1b5e3da67a08
step 16 bcac98fab2fc0c9f7e71517a5879cbe479b4d9b639e348684f52a1bbaa0b8dab
step 17 8be199fb531eaf917ffd951915ecf2e3880b50310d190ae7e940b98d66ce1648
step 18 7e24e24aab24c17cccf90f418573ea407bd353ce1b8d450771cef6c1f52f1565
root 7e24e24aab24c17cccf90f418573ea407bd353ce1b8d450771cef6c1f52f1565
msg 4c30ba41580ebc3e7f17e047dbc8a3bf3a8bf73d6ef97d229416d94380b14de1c2af0572346994439e2a0297da198db40dc83a9cb11cd287c96fe050526f0f2314fd8f02
get 4c null
get 7e20f3c6e4037e42ab0f4ad6863342931e1b939db09b7423d9d851412c fc645e608c74eb017ef4ff498f6e08e3634df69e
get 7a8f44e58ba6153875415b6d9aaba1fcf5cc03537c5a94 null
get - null
get 3b532dc70271d927938f817261b549195d87e0a51f75cc6121800214d12774af469dbd3fd7087dcc2960a490d54d9746e1 null
get 9b080774 98089d8cc9dccd6febed145c6655a129cbf64f21f4851082abc09512a919a5
get c0061433d0 6b7afc26ae3c02e1f9fce4c1
get 3b532dc70271d927938f817261b549195d87e0a51f75cc6121800214d12774af461dbd3fd7087dcc2960a490d54d9746e1 c1e64afdec037a932317a109869f6368c46a765b9a578673d1b8c1715a23a7
get f5c5aade b5eaad423661af607f169f9a6fd9eb2e453b584ccbf664ed3efbab930bd17fa04a1cccbb277f3b72
get 9b080774784740 cce8a5c6ec01f57d5bf2ecd712d0097c597b845094a705f5fb1b790fd38ae96d324df4725ba2fdd910946101ec5c9c75a07b77fc01508d782fa64cf686bbcface8fec437595013ea5607cd93cd895b4657cbd0e3b98ee272ce1ee68553203b6935df718e
end
case random-146
step 1 11b31b286d729328399c71db435a099dbf588607262ebe4e38121d2d5644df0c
step 2 d631a161701fe00cd1eee263fd7fd3625bdb5ad6054ef2d85ed2ff72a226ed1a
step 3 11d32ab2e08067178b2036a5cd19a1a7658f70f3c1ecc55da6cb47417b400015
step 4 d625a446aa6ff8b9d95c1de73794e6afc59aec4e30b6ecda10e4121a97fd3329
step 5 819029200b8aa0ff197918ba659f28c9079242744b0c59337d86ca3cd03c5687
step 6 636e56d81a6207f1b72180d834ae01494b2a4ec8ef0e751f93c322a862b3d56e
step 7 cfbdfe734757f941251006232e9bc986d9c8e82bd7f2c87a1595e248055d9c93
step 8 527711019637716dafb53a0356d019c51013fbb93eb1824b088972de0691f509
step 9 fddd4b0c2452bb2a51ecc6e12c8854af40caebb916f01334fb0db2a8eae4e5e6
step 10 a677a59d0b21838762a56fe0169792bd79127a579bdf359f4deda483ef99ce32
step 11 4ef9a4870dc6eb11d76bf0d4de41db732dbb63587b3ab43e57f5f491fbf78019
step 12 352f00fb22c44f424cb630dd575357da08bfe51cdfd2a420d42846e86750f1ef
step 13 f8368c8bf978c56d5169adcebf9527020bd84f4fcc9254845d718e3bc17c8703
step 14 7de39688325ebe7abb7dcf2a3c8fea875be36f7cc50af03437cfa16258e81655
step 15 e1d010bb17c8ba9ed80f5591d869a7f17a459737ca7174bb457ae81603fabddf
step 16 b28233eb74c0ac0388661fa0d5ea6754f89208d9d2d336f947da3cef702401c1
root b28233eb74c0ac0388661fa0d5ea6754f89208d9d2d336f947da3cef702401c1
msg 4c61ee1fa8a64cb735dc86ff473f9ecce2557ad927049e0a419a3d1e451399f5bf85bacfe166c60c3e7e0afc74e5d9377fa60d9e8a3cac0f323f0c20eb36b9538afdec0275b3fea3fe
get 165c76c4bbf7d8e72024adedfd2fb7564c45da35 null
get 7458712b4a1186f288dfdc736a3ad5821a45f844183614b635db4e04e1e4926bd0f2119a0135787d7485211970cf872287 1735c4869c1a2d814def4780e9bf6531962e882d120f1fb05a41fe0363b4c5758e
get e8b3e042bc52364c9a33c52dbdf0a4bbef012dc251be9e 58
get - 75b3fea3fe
get d6de92d1 null
get e8b3e042bc42364c9a33c52dbdf0a4bbef012dc251be9e 6a4783e71c333d98a0196bccbfb17437cad1dbdc48160021666746fc6f700d08a04d579e97718599afc3e2ea4543b6078acad4e747fa75bb993e41ad8319aa0a20603c876bef9d5b6e8569517f5959f2d53f0d7993da60407fbe1271641dc38701f5228c
get 785e226783f55d85e7b9f83252a9ae705c4c6893cd 23e1e15e2a1b5b4de7881f65c5c7538970e4085d9ad1bbb4ea3866a9aa193a6922184efa3862568cdef96cfb9982d3121e38791ab7c087ed1c123ea66b647b19fe5ac08441298f1788885e953c3bb3b01937821867d4423c1a78daa4b6257561cc7f0e67
get fd3c219dc234023c382307f740c0 f0a2d9bbe81f6b35fcd55fa959402879bfa331a1de2b5b12183355ec5d384a3c3025
end
case random-147
step 1 7263ab7124aadc354985b2471df94dc27e8cc285630e69dee1f6286ca318380d
step 2 651d12f3306e8ab845ccb0569f4baf4d9b7fa86605410fff19ee18a61886551f
step 3 e89c3b37c770c27a28f810c02db958dd1e75e527c783dfb869fbeb3d8de311fc
step 4 284dc35509ac9f79940ea6cf2f3376595659bdef9d9fdf1ffbe2815d3b202f26
step 5 3995a0484f0b92659c054aa7af7f46f37f7d0914798067bf47110d494aca6332
step 6 14639b3a03fb1f12d4484470e6aea7dbb7c813577d9aa6c5453c4705e49f6795
step 7 7726a4a1ece48dc230daa16f71b888d0934bfcefe2f7264046d76700ea948bf1
root 7726a4a1ece48dc230daa16f71b888d0934bfcefe2f7264046d76700ea948bf1
msg 4cf2a476a9c66096e162875daf98211dc35bee3ec9f27633703e0d16d78d0883e8ded512bc7a8cdf09bd59b18825d7c73103ee9aa8b19b3e349da24689204e9115fd4702
get d768dd01c143c24a86da5362bb2c7c8f0e4b71259cae2f19fb1daf6a08bc3bd61fc76ecb4a62c7e5 6e9e
get 4095085aa429 d0
get 9c6a42 28
get 5a81d00795cdbebe3b12d2b71577f4e9cb7c7ecf3431 69
get 25 f59f811563f07852a800bfa553c4026deb0409e9dcc6127a4614b2e0aef026c3437fdc41a12459ccb32934e799daa75a03d219352ec053032aa9826fb658c2d3e46d3fe115a989e108665c580ecbba06b77145f448d56cf53ce62cc9cda514be07f441ed87a9c34457ed3e63cf21ba234510077c2c9d90e6d100ba0e2dcb2dbc188db058d739eedad14d582c3fc67603d224e25d32b8a02e3f0b28542e6ca74e3fe01b299a2f4c9197a728e6d4a791e3b9cb80d2fb3d22d88227b139e2147e3b31fe5177ca428aedb7677e76ee649a346df4f17be55b28b4fd41929ca9dee49d5a0793634eb20fa9fc81df63f5d35ce7224dd3bfd22ba4fbdc62a08a1c1c231f2e
get 5a81d00795cdbebe3b12 f59f08d25a
end
case random-148
step 1 29d66d56bd3c40768c752f9b8d9b726dec8a5068e827b99f5dc4ecdf2733ecc4
step 2 c068dceb3555e169e13355302276f816427848a0143e0848db727a6ec5dfb7b1
step 3 7321e6fc7322e930b943c66848232eec1069bbac1d0b3025ca063a7b72fa187b
step 4 3f34c4aae99143107124f84d959a9e9efca5a09b2f7bc3c8a449dcfd8e0af7ab
step 5 86a56c2f97feb1cc9f7ab332076956215b8de661244c77a014f9070aec205e2e
step 6 3f34c4aae99143107124f84d959a9e9efca5a09b2f7bc3c8a449dcfd8e0af7ab
root 3f34c4aae99143107124f84d959a9e9efca5a09b2f7bc3c8a449dcfd8e0af7ab
msg 5d0100d345d47aa70373c8d5386089a61e8f70b84d9e7bc42a9b92a8723a321a6f4ad11a502550a002f2533b0cd73c5ed8175eab9ea41a5bc573207b66296f
get 2a14005e4a67619ae78bdb02ebd573d4834b78ae64 7b6629
get fd38f4d41cfdda6a1723770ef015b4ad0059b1fdc2e30b null
get 04c9a731d227034734667e97e82f5610cc7ceb25ff4260e1ba6d971f40a9ac8655ffe40f4746c6760ae5dc81f7b0ff0d5d ea5a121d96d55fab3efe7eab3ed03731423b44001b0473e0117dd915387ee3
get ae05cc554dd0 null
end
case random-149
step 1 dfb01c70301ecd13636a2ba1f4eb81dbb6e4b6076722bf65bf543cab4effa259
step 2 8690df0ccecefd940909e48dc039120e08d7fbed699ae8750292987f69d65772
step 3 376603865ad498608e1f77944de02d92f6cb3c9dfdb69130bc5aff096678609a
step 4 185c04e324713ce0993076c3f3affe7f7a6ff3607139e37873ebbb31e2d20923
step 5 b70d97bb148abbf4b05f383758fb6480afe30c86f36cd16875a5e912ca87c223
step 6 22b77568a73326a86ff626af54a144282146fdf7c89f7c6a8ad26f2c7bb68962
step 7 c286ad772f16b4fcf5983eb68cb0ae336fa3eb25004106619e7b3c13c0e51858
step 8 c286ad772f16b4fcf5983eb68cb0ae336fa3eb25004106619e7b3c13c0e51858
step 9 3d78f5e504fe678a2b396e4909d733f2a18f87a79822bdf56a36bd735be0d9ac
step 10 f288b85efb14ad3f909b08245cac87b8d514b124affef49f412935564f2ce1eb
step 11 064ff4b63aedab2267bae9ac576c750f2bcb948ec54be2bb18de44eb94112f40
step 12 9fd7680da5519fab957dfa1831ad5306eef2d9bc75ec2d99dc95e67543929699
step 13 2361fd23b10c38a29bbb36340a7c5118d49e7e5847c305badc0b2cf13dc1959e
step 14 91ce1bad5bf580ac9b92b700cecb336cdc2108ed6eba969de899946a4742d858
step 15 80c336ed09b6ba13155acd3acb9349663790d267395ad4513885086f89dc65d5
step 16 1a06cba50a2c19b2deaabc8032040746c53f3a4b3f0389e3ef0c86c9b9693282
step 17 c9b3a4f230cd401ace148477736d3b38b7d867109c8b3820e6952718f2355e4b
step 18 b89fdd1ebdb439d420bac21029b6aed241582b37ede13fe5ae8d72ba2e415241
step 19 a2fcf4be055de753cc052a580a3b8a27e2838f0d229e976a3b5967fe1da25336
step 20 7ed5e032ff8355ac2a17ab73712d0cc46b7f3a01e0861bc9cbed0e9dd342bf33
root 7ed5e032ff8355ac2a17ab73712d0cc46b7f3a01e0861bc9cbed0e9dd342bf33
msg 4cb8a9339fd665568852fabc766f10f651153d0b222c1a18c557c9838777a82394c04e4f35cead837705f9b830e2d4aae3defde94b03b20c57e4a7948bfc03e751fd0a03
get 69c3441cc3e8ac5192949c18e1403523eb600f0065 900d1e2e39b4d4b32ec6deffc3b9a8cad83a6eee971f57c0e95113fd84e788a2f3
get 5ea0db13f265de851015e78f3a8579665120a5a0264549cdf96dc52b2c9ac8fcee8f669e83f8321b5ecc57307fb8a58ed53b1015e7086ed9260ee6b27418 null
get bd null
get b60a3a549a0cfb8c2d4e483abf2e8b8da4f46df1 null
get 72 null
get e1d7d9674822cf760d6511f93256a04c962759de181f8cb9286e3b53cf5772bb7dfc67cd182cd335ad14799a6a9cbc null
get e1d7d9674822cf760d6511f93256a04c962759de181f8cb9286e3b53cf5772bb7dfc67cd 0455
get 85 7f8df753591dde70094d11a0e2c61e354ed15dfc1a71fe687402904523add657377c273e90a978dd
get b60a3a549a0cfb8c2d4e483abf 9f
get 5f38556737b4 997bfdbef5f78551aeb8cafa1fefdf8e8a2cfb56ba11a88922b05af827bfa7679c5fd10f37f6258724686798d729db8ed613e06dcda9fbcf0f89dc89d3ffc2f4a66c1272938352a2ac525eb06a5c1ed79295bd39df179ed9bbbac1561082589f000469f2
get 70 db
get bf 2fd3768860f8778e4d4181f2547913a9491f55c7be6672b5440d5c039adff7e5d5
end
case random-150
step 1 14a8f31fbb23714312519efd970e8105074f28e1c72ed3ae24bbe82fe1832091
step 2 56e81f171bcc55a6ff8345e692c0f86e5b48e01b996cadc001622fb5e363b421
step 3 e96e953567b9d7f3fd3280f19082e381edd1593629cc5200a9313039a735a518
step 4 8746d511ddcd6f81ab31a1dc3c40bcde80e148ca0eb2a40aa27f25c97d5e7fa0
step 5 f10bcb01872ac1337718520ac779898ce88addef2c5af36555a7a6a5e302bcc0
step 6 e0e5b3525e6f79d6eac7a9265adad62d559280167a800acf38ca5969ccbc9d25
step 7 54b7c4380d099ce2372397e4295fee4d32dc5bfabfc9188e8d2fd080f16202d1
step 8 407a3169f8fdc7fc463d762bb07d1cb033089f61d83bf8bf9f7f43f6fb07136f
step 9 0d6d75a22a27aa4a5932fb3f2aa144f205f9fe0ac17d5beb982f1d0fbfdffbcb
step 10 fd544abe65d55adc7f0fb19d2e0b3be00796bcbfdc8fa7bff43940d788938adf
step 11 8310db7c40c21b63a4919dbfdd3732dd8f1f53da07003579bdf7c2df32a4a2ce
step 12 8310db7c40c21b63a4919dbfdd3732dd8f1f53da07003579bdf7c2df32a4a2ce
step 13 106905ddb70bc824611b13108bb7977172e05ed8ced0a0cdce0e80833398ae9d
step 14 54dafde5a8f55dfad448c89fa22d187c6a17fe35fb2252e5f9d71c77eb2684ac
step 15 51d7f7eb2b0a0c44bd3eb5a00abb77c9158a0ddaf6bef30f534063e804555377
step 16 940282b5e4681fc54ff82a4dc06e72ce593d388bfa9073654f3440c9f587cc25
step 17 c9ecea1cb88f73be4ab34621c301ebdef814af9270e9066550b0044e0b42d316
step 18 710b1d1f7111fa52bb4e32773ce30851bbd6700c9278ad2572ef2d54d8876d02
step 19 710b1d1f7111fa52bb4e32773ce30851bbd6700c9278ad2572ef2d54d8876d02
step 20 5e6dd6a354cb69700214ebefb589070dd61c7676e02be09b7c0c4a3eae035731
step 21 87cfdd0a916d02b76b95fd79b723f683903ce9544f47aba7ac8bcf6d86fe874d
step 22 2f8bbf65741d7540b2f15f43ced90add6c88ebe8cd6bff6a5c60b0f56def4484
root 2f8bbf65741d7540b2f15f43ced90add6c88ebe8cd6bff6a5c60b0f56def4484
msg 4ca94b1c80d4de7f5ff91e1d4c3a9e2d0ae904fd8a69a49a8d4c07c36ac1e352e6d5f5c65f915877175298f65e998b7931864a88bf97649822514b52457c31b468fd9a01
get 642ad257aca65bfc795123865210486494f9a170eaa53b1215b4a0fd7cda93261cd6094a99 null
get 8e2167178f1f91 null
get a32d5cecf47b1d3fa5d26d39cf1521a7ab90fd9033e49ccb6950431cd2a602ee8f230cf33c171d8875 null
get cab088e18e35adb56f9cb25cc92b4db368ed8e383aa2 0c53
get a32d5cecf47b1d3fa5d26d39cf1521a7ab90fd903be49ccb6950431cd2a602ee8f230cf33c171d8875 null
get bb9a3abd0eab720fb3c5da199b30c52282f2523b 9947d4
get 98176a53 87
get 98166a53 null
get bb9a3abd0eab720fb3c59a199b30c52282f2523b 384a2bcb5604858a6414c9950c723b36aafa7383
get 78d5b6b1d40e1f03bf5cbec72042d8ad1bc3be1043ddac88 d6
get 78d5b6b1d40e1f03bf5cbec72042d82d1bc3be1043ddac88 008123
get 258bdaae3970a41341d5d5510127a4580b68e51c af
end
case random-151
step 1 045bfca3e315aef2a502f0dbd1fbaca6a69beed364aaf0fe4664703ea46ceebe
step 2 3b739bd0ee20f6b5918b50aa313769354e27960c6fb5b157154bcd1f1fdc301e
step 3 782a41d336bac2d657bdb08077e6c950e649ba38bd8af975aff8652b8b78740c
step 4 15b2d251e9ad24bd495ded15e1c0c06a550d41d7cbfed7f4df305c00225376e6
step 5 15b2d251e9ad24bd495ded15e1c0c06a550d41d7cbfed7f4df305c00225376e6
step 6 15b2d251e9ad24bd495ded15e1c0c06a550d41d7cbfed7f4df305c00225376e6
step 7 0c6ee03fd751040d5e846a56e41d9d51d1be15be9125e6730db64f36b9c9dd9e
step 8 15b2d251e9ad24bd495ded15e1c0c06a550d41d7cbfed7f4df305c00225376e6
step 9 804b759252083a8bd4df55b059a984b7de383aad098d8592890bd34249a03acf
step 10 15b2d251e9ad24bd495ded15e1c0c06a550d41d7cbfed7f4df305c00225376e6
step 11 75107dabc21534d5d8f0f38d4e114a28bea188cc3769303ab1fcbe8f09ec89ea
step 12 784fbee315313bdfe2dfd1ece6e5c4b1de1c450d1fca6463dc0e9c23fe3635fd
step 13 817a6ec259afe94d4db468d5c875ac6379b33926be1cf9d91a450fb18f81cd5a
step 14 817a6ec259afe94d4db468d5c875ac6379b33926be1cf9d91a450fb18f81cd5a
step 15 6dab99e50866ca5288cf12c2a69c174c6fa18d9419376ffe9d27dd3aa53272b7
step 16 fc7a0e8d46ead928ccf76a3f838a0fd2d751f99bd085e9fd68288f101570dfd4
step 17 d263b871c0e50d9ba75876fa36b673356038e6f2da21385e32e7e2c5ad4f6190
step 18 470bf716415418b29b7e57893c8286287dbbc95917a639c54f6bb187955a1d20
step 19 d263b871c0e50d9ba75876fa36b673356038e6f2da21385e32e7e2c5ad4f6190
step 20 2f04c50dab602cd50dc8521ea8fee90939e08e5c755005ea04b25cfff4934d74
step 21 868bbd8d327b9d9391a78740760655b22ee47ee74be18f6ce37014aed2870fc8
root 868bbd8d327b9d9391a78740760655b22ee47ee74be18f6ce37014aed2870fc8
msg 5d0080bc69ece2e5b81d091ced2b2cd1b005f9b3f9083d4df79dbc7e528b1ad6b73baf09500d2f305d36538ecafd1b02
get 8f0a25c11a6ec78c2db59b4f35ce65ae34486a0aff6f2b405ffa19b9f838e31fab922e8f532e1e98ee1c3178d27e77d1 5d8f360257e6489bd9b50d0377246791481342a2eed78801eddcc94fb92168fd02e5502cb5a8b214f4b263da22ef429ac7978587ca5a21588398e8e9097ed3250d032992ac1b434700955bc6e5a484f498abc4974e1eb393c626adab98e260fc00c00961d6aca5c861723499e23927a51774b495cb00ccee13f31a9a6f671c08a91c0c398ed4fa576b7afce400c5264cbacd4f300d0326bac0d909089af42975cb56d1d3cd54629b35d88d7d492b1e7fe8a6e64cf9995142d4421f5593aaacf574df4b6785696c8fc7efd6cf1896f2e26390dff5c958856e543606db31b1ae42ba133b41039b388b441da43eff0d317dbc736216ac73ff94aef8df19523c0d2aab
get 7963677db98fbdeb1c02b0bc4e92b687e96a2a7cb450668ad84b91715ae8d248091bc670dd8fe85789585f4a5c6fea9a null
get b1c22908c9136f7e552d71d5f02e7da34e3e22caa07082a70b9537f42b9ac91d6dcb7d9d2ba66d3a50414d2859ee null
get 40d24901d3 null
get 25fd33cc5d8b6def83c23adcfd804c90e893e4a667eb3bc83c257555d3f8bf3c99bac36a1cd5e29d5d71954889c5a6063d1a null
get a36673dc38c7c5d37603e77a7dd7d645129a27da5a4be6f46c93e1c48b8d33a1c50cfb145a1e243939d73b 6e413acbcee7552da18baeb52c17cec7c6711248b765870151bc95370a8fb1fab3e0cc66387f9763
get 6c2d69a0f6 null
get cbcc 5d36538eca
end
case random-152
step 1 b91d7a55ec33b621e32713e2040b65bf6d40494d8cbac1e3265d81127309b257
step 2 cf4cf390f5c617f92d2f484de96b7577f15057b61ccd40a4827d1bcd1f9303c1
step 3 b91d7a55ec33b621e32713e2040b65bf6d40494d8cbac1e3265d81127309b257
step 4 56e81f171bcc55a6ff8345e692c0f86e5b48e01b996cadc001622fb5e363b421
step 5 0250581f3113d91a228d8c95a68ca235f7ba53db2631597e594e2ecae0bf6b17
step 6 3705fc9f61f41fa897a7c4846d5396200592c54bc4d137ebbf598e3b53384ed7
step 7 91cb55ce75dabe0b51f37d1484891dfe33269bc9a2937880523a61ac0596d69e
step 8 27862ea9de9801cf3471cc96d183c81c66626fb0e6919888a3d1cde29f2ccaaa
step 9 e21bd9426cb23dc0d6c1a544da495e10dfa6dfb7a2fc05a5410241b3f548f207
step 10 778ea64d1b1385a985a45a6464f0f8226b8fbf965e3679cca94292ebab75bb62
step 11 c6a968d5103ece1a36d622343144454f92df259875cf055a63f028a232c09aeb
step 12 0bd6ef68cc4976d67a3bb47153b8ec5c31c479fb2aa8c5dd9fbf541e2f6c57d4
step 13 1676103ff1114f0c76dc6957d94ce6eb230b81e9ec0e61f463005b3e6701711c
step 14 1676103ff1114f0c76dc6957d94ce6eb230b81e9ec0e61f463005b3e6701711c
step 15 49cd27f5fccd4af102149d7bac91d5624661d4e2f32a14c85fa7b1be7335ac0a
step 16 b7bb22eb164d9170296bba395e7851469f33081c7b6f5212dc8cc771cb4daad1
step 17 e48ee234ff6e5f26cdee3ee2196b4fb7a2ff452ba63eb6c0dd1a3c6f43f33a9d
step 18 da4222048428d50b516434f22b187c04c5eb0b5b5a47ae057a5010f0264851dc
step 19 da103a1787942ab88550aa75333e2a019687098c76140155da8522daf1c46d04
step 20 93f3601e8c86bc63ef928bd8ee66c9a83bf222f6364d8e27b0c03bb12673afd2
step 21 50eb2d14812101b3e2b05db2700d7c2467bdfd00ca31871538098af636c00346
step 22 eaeb93771fc7e40b9edd22ed91c47e39fc1251457c63d8d1018c28752b0f0346
step 23 233c06835856947c11c80c61ecb21c7fc38ab5282472a97db3f02d3771359fe2
step 24 4d0748825aba662b4a7f838b2e72246a0342e9a5d023b52192732ba6101dc294
step 25 72ca2652a7cfdea4bf8ba4b29cb974f9de9cfe3becc95344e95bb890ef57d1e1
step 26 ebf4098612607ea09821201f6f89274dcbb15a151eb7a30e7676a32aa2a7c424
root ebf4098612607ea09821201f6f89274dcbb15a151eb7a30e7676a32aa2a7c424
msg 4c17496579eab9007a3c6a1a7dca0a14740ae2bf5b66a762aaa1daebec1e01ab342ca4e21a293eec668bafefc5a7b4b4d154b15972d4d11054bbf64f4257d9182cfd2604
get ce ee403a41775f505cb0850d18117f6543c2d668f16733cca2902cd1d00fdda7d460c6
get 83dc0b6032d49bb6cd216644559573f330be97ef0fea null
get bf405447987ac04f264f0ebf9e9875003a0a44f71e880849d7d8ca4775f529dabe94cfcbb150e3a0ea21ab null
get 9a6677e961969a53ec4fe67db956d0f7f28f74fc0eacbc 2efc17
get 2f4588b4228a5ce902dd2a9e5114bb3aa2abd487e2da7b5e0db742 560849e77426314820d0b3bd0a271bb9841d76a9d2442185750dd0c43c1be8cb
get 9f 644443
get 2f4588b4228a5ce902dd2a9e5114bb3aa2abd487e2da7b5e0db74228d64eac9a88ce0f75cbfcff39b5ab681bf80fa310b0 bfd67fbd94472f2ea268840bb20e70f9ec19e835be91cfba2d07d8b081b38ea162f74a62123bcd1e
get 1f null
get e348a4 d32b39
get ee 976156
get bf405447987ac04f264f0ebf9e9875003a0a44f71e880849d7d8ca4775f52ddabe94cfcbb150e3a0ea21ab b0ec6b040514c2663ba30d36cbfef5474f4d42d32e41c016bcfb69b116f075842c6216b30b4cdb32f8ea89b654f0f1abb659bb46f331ee175d49037284a9268b1765ff9bce6990e38ec3d821d7743c11f5b8ab182cc75b653524245b2ba94115571607a3f23450c749c2eb9c2687f599c1a172bcdc2fac696821620ac7e495bab68d4496c42c6cebc786680594345c7a854916a39258f62d41af31c85913b4529219111dea61237d92ee0892abf021e7d7eb72bb93fbf391123a29d6ea1c9a9ef245e10508abf210aac9679d2cd00e5b1e372ace818db9446f7db9c631ddd6d8a3c10786a3933170f8749bbea9dfb9c81251ce78e522658ae956dd1ba324568d3c
get bcf50f8039d5fa773f63ebb950b80592a3878f5b22ccfaac8fa438b2b2db91ffe9685418ba70afd2 96272daa5ac6c41d1808590c261674cd06a5fd53627e3486aaafa9544b966b
end
case random-153
step 1 29dca043e320d7634ecc0a917cc907eb655ca068ef39b77e7c67b6aee1e62ffa
step 2 56e81f171bcc55a6ff8345e692c0f86e5b48e01b996cadc001622fb5e363b421
step 3 038806c79c98001e7b05a032a6816ae947216f929e49785d62d8609f1b97bf33
step 4 56e81f171bcc55a6ff8345e692c0f86e5b48e01b996cadc001622fb5e363b421
step 5 e56caf384dded3f4823624ac736733e16d98d501b30fab66b910fcf8fd14da24
step 6 067c1ac6fe083eaba2df04f087dcb016ddabb137ae033fc61bdf606f90a8577d
step 7 f569173bc6be03d66893a4ab5c5bc41748c247e21ee7c5b1c94902824c8aacc8
step 8 252b29e9e15548cf07150d1a88e3cb66a0fbf722d2c49ee15d487356a0c62d9d
step 9 eb62c1d6af2b2087c0c7ebfb4729a1ea3519d38653dc711408ae66cd858b0500
step 10 eb62c1d6af2b2087c0c7ebfb4729a1ea3519d38653dc711408ae66cd858b0500
step 11 9104b44461ac90d045027c45d419361bfc5a93d491203ab0271462f8d37e2c07
step 12 b34c0bf57cb425b98688b0c0dd7e7d4c3da9da4e79991a89e1aa070500be9342
step 13 4812bcbf5b1973ecb99ea121de73c4167dd4230941d32f0c99f99345f02d2e64
root 4812bcbf5b1973ecb99ea121de73c4167dd4230941d32f0c99f99345f02d2e64
msg 4c54ca5739f57f45db7da8cdd667eafbe5566d3c946c84aefc8676de73fa5b9f0fc9dd49be7342af12a2aa4050a6e64e994c7b4741092747378430af17dbdfa7fffdd901
get 11e83b6a938c 2fae36fba0941217f89a77d8
get - null
get 69dc986bb1acd898710eedfdc89d1dcad3f83ea52e7b6b53821de92a68c45a31018956588761908d7fe1471749907e92ca null
get f9b61ed02a3574 c2ebd18d9ed1f76f7eebf9caf086f1efbfcc1387dd98066a43f6422eba909044
get a63b8eae87b3 f2c2bc8ef65ad7a811117261
get 05671c7de5654b9b7446cc7c738024d8d9f0e213100b558d1279a911be50c69ed4110f648a558e13259c3ef72a7262ca48b0e4 null
get 28abc0d649c4899201a289bdd0c99a26e1c17a8f91359db112c49ec91fba11cb6099c50119f6c36222ef4ff63ae5a531b396fd417d4c0840064413ccc7e1 e6cd
get 69dc986bb1acd898710eedfdc89d9dcad3f83ea52e7b6b53821de92a68c45a31018956588761908d7fe1471749907e92ca bb2b16c6cb7694dc5c2546b1337678e7fc22f45d0a42deca00ecfda2c7572b99b546f1011f5ed3b9
end
case random-154
step 1 72a03676237ce40af1158c1acd90dd229b2cf6e883a97cc4b2c9542e33967ca2
step 2 7b00ba1804ba4ee7cb63f0e38415c81c6fbeec824ac1b2475756fb2d7dcbd37a
step 3 d03005c97d37f2b7bbae6037966be18080febb0ddac2f2f816b6f2c12c700373
root d03005c97d37f2b7bbae6037966be18080febb0ddac2f2f816b6f2c12c700373
msg 5c026042eb51f0365daa50f27260cce80cb1e4bc80396a0bd4757713705a6b909bdab58241742e29e7c0b369b7cc7479a6b62b080e08a273afb0a01cb5d8b9761b6440bd
get 70cd8942e494dd57caf8181e1072a6220b58d8eb0c0be80c 22374769c221ed33c36ebf7bc4ac5ac63ede1b26
get 61a915dca85ff0be4088f40d729a4112b9830041697d90197a5472fc2ff68d5f43840c3e984ea8d1883702b6dad4c48127b311585b42a94d9563a4eabbc98e f5e9c0c04d
get 70cd8942e494dd57caf8181e1072a6260b58d8eb0c0be80c f8abd6
end
case random-155
step 1 868f83b5d220dabb6522dec097cfe0806998a8fa96247ee71aa6a4723c71da22
step 2 56e81f171bcc55a6ff8345e692c0f86e5b48e01b996cadc001622fb5e363b421
step 3 e5b7a6f04955dfe5de63e9fc4fd19cf9b297adef6d99f81a7a125d4c97a73a6f
step 4 82f7914e763e16bce28d5d46a318cb315ee8bb1b7f093dfe53a4418510186277
step 5 52789357b21f9ab674902882e1f5f6808f651944472b7bc423f53d53090ee40a
step 6 56e81f171bcc55a6ff8345e692c0f86e5b48e01b996cadc001622fb5e363b421
step 7 ab50106051a362c6b2dd2b02bc354348de6f039dae9d7d90b4d6bca707b02eba
step 8 a8881e6b2c914d9665625b2757c9f1ee7422e7108801c889cdb88b32ebf5858b
step 9 fae511d22db8f9501e7820f7f17e922620f6d00393885c99d1a21223de4922ac
step 10 529b51b9e27f05edacf8a0c85de0cb3aa6184407edb535c775b8f785ec30021c
step 11 ab50106051a362c6b2dd2b02bc354348de6f039dae9d7d90b4d6bca707b02eba
step 12 6453c1383b0b946ebef048569b2574b3ce76ae699f03179907eaba0cb4e43009
step 13 b6eda413531e9701cf8d1e50244bc81c2a57df9380330bfa5a9bee5f3b802257
step 14 c976c8229cbc40c279af9dc554a587e9f1320fc58d3d449846b91b1763c2fc05
step 15 cc7f39f0b4b692f778387c03598a3cc8470cd80af3ff75a43d9f76a006efb919
root cc7f39f0b4b692f778387c03598a3cc8470cd80af3ff75a43d9f76a006efb919
msg 5f93e72dcf67326d588517e775ec3e09a6f8de0fda221b24aba1edfca4fedbe1e29839fe401550ff742810846fa76c6346646b3c8aa11eb05ecf401350ff742810846fa76c6346646b3c8aa11eb0a828
get e72dcf67326d588517e775ec3e09a6f8de0fda221b24aba1edfca4fedbe1e29839fe52810846fa76c6346646b3c8aa11eb a8
get f3a37ec4cd6da7f0 null
get e72dcf67326d588517e775ec3e09a6f8de0fda221b24aba1edfca4fedbe1e29839fe42810846fa76c6346646b3c8aa11eb 5ecf40
end
case random-156
step 1 69b9360efd350dedc1439b3b7fa04e57f8f4de04054c7efd67f2a465190d4867
step 2 d524026d5a283090eb773666a2c7976c8e4d5b7f50cd4efc4d7bac3b21433cf2
step 3 282a5ecb6ebb00c4f933c08faccfeb7949d1a4284868b5f1c50e97f8b7184091
step 4 d524026d5a283090eb773666a2c7976c8e4d5b7f50cd4efc4d7bac3b21433cf2
step 5 ca0df09967df7c993a9c5b02847d34271d3554c595e5424ce285831dcbe297dc
step 6 dbceb3121459c7aedb3ba51f767a4bcbf9da8fdab12657b66e45fcaad2e56dc4
step 7 2dfcc97a9cdfcee0bc557874b8c07a43f81269358dbfe2de634906d51fad55a5
step 8 37db71c0ea9c04fd8c5ff4c1ec737b5098903691ae8b74dcf727e4e8cb232c64
step 9 59be40e3f4bf49f132436147d08447fb7d27b5946c7df1a64b689de785cfb798
step 10 ade400f9993ee1743eaafd8241381c8c9945ca86069281628963c26c9bbfad34
step 11 12525369abbadf8bc9a8ee3cf4077f559871af6fb390485c4ecaf02e57c3e2f2
step 12 da83fb4c6a533e7d414db52a877ed8999b7e8b1938f7774e10830bf66005eee5
step 13 0cc285f2a1d3da098324446d84881bbed6cbf9b6c51cdd3d6a635704c8d64452
step 14 b53796525dccbaab919bcce7931b54d40bf2394f8208d2651ed4205fb019f602
step 15 a77ffdbaa2466506917c846aa369bb9c1863a350d16c506040c6609944cdc6ab
step 16 a78d32b4a360076fc742cb058f1269b463840e1d40d18ac80432a32b456d1b1a
step 17 5dbfd62536696fb9f1a47ce48b9f142cf03533d66c105176a224b7128edb46de
root 5dbfd62536696fb9f1a47ce48b9f142cf03533d66c105176a224b7128edb46de
msg 4c6618cf415e28bdb1a6b25fd5d690165066d407d14225bd6579e5b5f0b928b9b2344529397be2bc16a085fe905208ed642d38466ce9bbc3e77991dc31a663fdd0fd9302
get 9207d024ff4bd42efb1ce6ef4f587fa284a917f481c1656e087741778c0e860c1d074688ed95b4ee487eaa90efbba9d257beb3e85de4421517486b315a 101975d393486fb72419158c
get 32f2c379cce56ba49a96fbe8d206360c9a71002abe9b3534c70441a125991b411160b7dd29d615acf900e51af563b70b61ff31ca65d65c55c1ae6845f9 null
get 64f416e935b1b20fcf9e946c6fad13d322eb2feaffced6 be136a0278f03d7863b20f377307dbf345224aa31cc3f53468ff620f410742899712122ec71c1c3682eb1c31d0c5fb7e341cdbfb577e581117747dd3ab285d100af4cfc57524ecf925b8b3c5e3c9ebcab83717cacf8f99fac1973e53ad19095ac020f21730b00a753da7b67d422a45f049af36a254c85148e24a48d75a38bb9910e629e64ccb9f69752c1f0da621ce5fd1b79413ad7eead2d2c2387d1a9935daec832c8a772af7a4bb6b2a9420d39289d78855db9ada2b729bd61d238f91472b0e8b95c0d30b498236498882786fac49e0a12ed0ad2b9ddba9f1277bf0f6f38c5aa06225c3c2950d0b5448b979d4b687bbdfdd874a2fa8afe57b11333aabaac169
get 32f2c379cce56ba49a96fbe8d206360c9a71002abe9b3534c70441a125991b411160b7dd29d615acf900e51af563b70b61ff31ca65d65c15c1ae6845f9 4ce0
get 1d0760c5d1a2e214 4656f28d23367182810877c1
get e8c2b1 ab
end
case random-157
step 1 0c4747a548eae07b015974a8fd14290d509eeb723bc127020491732e777818f2
step 2 9f3eb8cbf2aacd8d3cc6e05646373c1cab67208bb7ec6067a5237a3d31645c0b
step 3 0c4747a548eae07b015974a8fd14290d509eeb723bc127020491732e777818f2
step 4 6896436a0ed246398e31f1de5b8436e60dcda5e201a459bdb3c8d6c27b88386b
step 5 bb165ab6cffffc259836c3efadd9b05ed983541037ffae6e594f43fb3817deca
root bb165ab6cffffc259836c3efadd9b05ed983541037ffae6e594f43fb3817deca
msg 5e0478095009d880234f6b983b01be8d179beb29c76dfa56b71e42cbec450856909ebb657ee81c9a7776328febc2
get 7b62 234f6b983b
get 7eb1edaec4fa5085b2be8a80a85c68792305f1feda71c568974c269fbaa651584e9c5b7f7c8b0eb1f9e42d6383bff586 73a44c22472baf5d57a7c2dc28a8b275b445a688d2ed1f38855a5f7a6f775d5f9547d61fe3cefb9971b96b7459eec679a6ee96006a5bc4712d58b914a58e7607d5e8f3ad3fbdde0e7b2f8d50f68a0a54bf7b81e3389cfe2abd9d742efdb1922d4aa1613d
end
case random-158
step 1 bc7b702b462059daad35115456c06bf7aeb7fa0f17e11bae23733d896d6fd562
step 2 56e81f171bcc55a6ff8345e692c0f86e5b48e01b996cadc001622fb5e363b421
step 3 0c0d9d7569f3f6585d9f4c6198c299f7f672e2818fa9659a2f774c8d0f80e5aa
root 0c0d9d7569f3f6585d9f4c6198c299f7f672e2818fa9659a2f774c8d0f80e5aa
msg 5007475fe2e4c3c8
get 2031cd null
get 47 5fe2e4c3c8
end
case random-159
step 1 db726941852744994cc2d009c5eb474217d4518b0f56585cf88f8cc0ddfc75c2
step 2 4a29ec5aaece13aa0a8feb6236a4ae835b74fea63971fd7dca5d4b52657268f5
step 3 4a29ec5aaece13aa0a8feb6236a4ae835b74fea63971fd7dca5d4b52657268f5
step 4 d047ce3f8c9fa0c8f06c82a7d918a55c48066373b5f20c832fbbe859054e0138
step 5 c6667abe8c8b3fd1a1b1c052188e0388bb9a34fa60d6b849113f73f69fbbe4bf
step 6 269cb568883866d1662f0fcdac48a5a3a85501680c1a742b04875cf45fc70f6f
step 7 15fae913cad7e8335da2b0ff39c85a820dc3684d96db80f5cafc23d069299810
step 8 54c34c92a276ec5d15732f80c74a3883927d60d3992f65f0f807d194964d3a65
step 9 6579077fe43a6eee20fc62408d625b13b474803cbc485a7659af74a397e61eee
step 10 13a6a1cb87ef3c011d12c9279958738a93d08978902313c5f27917bdfa18a823
step 11 7dda812ed4d587f0d236f00c952fba2878b082a33321646df2410df7f26a4db2
step 12 ebf5d60ddbfda99efe83fbb4232aa76977b6ed79aeb42474eba561a50fcef8ff
step 13 0fe5b476cb62400d539ccdc2da6785f83701562fb7b2b5c0e7b1b7185e6e55f3
step 14 086067501e46f270e102b137f01193b3d6226376f93e302e8fad97fab93f56ba
step 15 7437b6e5aac45707927a7fcc140b813fae2ed5822458cfcc646279fa2a22b6a7
step 16 91b3ea275e0db0e91d79d665d9bee97fa82d925d6ac2bc627405c5494c26c996
step 17 482bcf2dfa524d36cf1107a6b993cd0a5ceb0da85a50b229610330da82406334
step 18 0ba2b848e091b9aca60e1e3e1e92dcba9ca1741d1fa1b7b57409391790415843
step 19 2980a4b22f24c3f8b4af04477efba1fc678cb4774d01c134a6f42f7cb1f24b73
step 20 1c5a24b85a0deb37df0bd3f171bf1514cf4748f14a5f7360e140a15ace9918c1
root 1c5a24b85a0deb37df0bd3f171bf1514cf4748f14a5f7360e140a15ace9918c1
msg 4df1babdae11deb83ab29e92d497ad930e3525e8468e327a85f5f5efeba490fe4f24500ec422a272e0caa033611b4f3a785305ea8b946c56a00989535dc5cf152f39ee13e579fd48014a
get - 4a
get 3ea6276354596a null
get e211 a272e0caa033611b4f3a785305ea8b946c56a00989535dc5cf152f39ee13e579
get 3ea4276354596a 93f0e6551d73de595a8d1b88566bee5e7de3b1658af1b28498dd2c073d09101b
get 06e687b2fac80745a1d31aa358f56f70c269fb52609b435ba0f690a9b82f13444372f52f6d4be7fa2cf98e49c7f4f68bafe1 9237d93f5b
get 06e687b2fac80745a1d31aa358f56f70c269fb52609b435ba0f690a9b82f13444372f52f6d4be7fa2cf98e49c7f4f68baf 5d17fee7ac580b8f42a511cb613a11cb67eec0dad513ebd2824286a49c806b5f3815d469925884eade04ee9c7d987bbe0676ffb1271cd71617ff21c4cb6a8a60
end
case random-160
step 1 55a7b474f211dcf536d43a314658f445f368a47f2127af67660a01b74fa9a80a
step 2 579b74ef4b927f012f9b5cef6976361f6f94a135886bd1f59804107ab2d1b65c
step 3 9bda9f0e57f678c37627d438b531c7a0a28066dfcbb02fb9380e36304117f98f
step 4 b694df57990b678706f6ef7ab4a600e24bf827bdbaee112d72951effafdb3cd7
step 5 28c9762cf571300c6590d8fdeaba6621ac07ea7e36f46423e57b209abba0e13b
step 6 94e380320d5057baf50f84eda6ea0bca8eb80522c25d3c6f45f964672dfafee9
step 7 dbdd4ad3847cd0a4c036a36dea28b701cad06847dce37955d8b5ff8179d1cae4
step 8 f6b93125c2b247743c6ff0b4ab10764756fdd8f81ac311dac0585bcb93fe64d8
step 9 530758cb0ae40062a0380a245a888360d668b4efabffe7071c0a4239c6b5730a
step 10 3cecae778e748229d72dc5b3949fee7e7d57f293a600adef4816f2fd5ece2193
step 11 dae2e016ba71736b2e90d327b9659db3fac6fffd37dc6ebc8cc23109b5154ca0
step 12 7002177cc18338425e79d0618d2d20c7b0783ae6558307b3006ff0ae019b1620
step 13 cd124447d1dca2722a09ca7984b9171e756c4500aae1069a8d2b373791650ce0
step 14 8f28b6eb1395ad2aa2b4394c32e2fbfc2aaf8eaa9f9467e50d3848ba1450c33c
step 15 9c390cd530f8dd27435a4161325a3e6a55c4c0408163bde2f5d946bdfdecf07c
step 16 e1117554228ece93a936f22364470002db3a82159cc59907253ea4c67d003291
step 17 9ba501ece25138eb07d8dc228936ae24112fecceb692ea8f3b4a8b90ddb21d78
step 18 13772afdc7df37296b1fa38d8a2d6a8d4745ede30f7d61e0d485229dacb049ed
step 19 47a77bc99ef209cc5e66f52699817cd79680945923df97a4a79ed8ecb00d2df5
step 20 87b6d9a9660f10c13d6645e666fba583feadff7e5cf70e22e8cf04e014c72957
step 21 2106499b5a06c19695fc734b5f28f9ba7ba10bfc198e42d9d03499a5650833e6
root 2106499b5a06c19695fc734b5f28f9ba7ba10bfc198e42d9d03499a5650833e6
msg 4c5e55346912a43a48dc4a9bd1d1389f98f3d88c590f8c02302d17b1cd91dcb5fd4f2c8d1411dc4efe64d6fe3f69ea30e07cf4ca0413917e3855ea17ef04e4d217fd8802
get 7626a5400cf8f4052ef950c58e339d791b770e0153b0d6b34bfc81c9826320bb5f12a3d12a3612ee9ab3c32f81c8372d3980801250207807324fa414c2a0 null
get 7626a5400cf8f4052ef950c58e339d7919770e0153b0d6b34bfc81c9826320bb5f12a3d12a3612ee9ab3c32f81c8372d3980801250207807324fa414c2a0 416e3020511c90936619d5e4223974a939b287c1588c697260b64352a6717c1930
get c497cfe7b3 127c3c
get 50cec24348dccb181f457f09ff572ba99fcebeda3310633c2e060ec69176327712c78114adaf2732d75230cb71abde4e 7a21eff3e8c9d49bd83bc3dfcb72bcd4903d06c5ed51c294359a68e2e7195f2c593d
get 450a21295d0174365a04dfa599353fc94656f99f3c null
get ebc596d391 38bb
get 450a21295d0174365a04dfa599353fc94656f91f3c 0a814da60ae17ea412ff0ae4e7a05279d1d98bc9595b4922b260908f605e236e5e
get 3fca775dcbfcc1fc7933c9421e58a38fbb1cabd828056b30047ff4c1247ca47cd9538fc48b019455c1bf9f80e136684a7f6555 null
get b65a null
get f2a34653ac26f57c5ed6710847d24ccf7193ef c827a4e59893436704a808ab9dda45488d12175f
end
case random-161
step 1 2753d506725b87024ed19a02b7fdb450127b1fb86b2bcff39249684983eb6806
root 2753d506725b87024ed19a02b7fdb450127b1fb86b2bcff39249684983eb6806
msg 50ff307593dd207ae845d86aa48f
get 7593dd207ae8 45d86aa48f
end
case random-162
step 1 2de065583bd31816072b61fb87475e1012b2f0b8627df44e7e243f5e2e66aec9
step 2 34103ad42407ec2f4b3f3ffc9a9a76d7c010191f1d8f0241f66fcee58adf7bdf
step 3 5c657e85332bab0709216b99e845ab2ff22eded2d1518a174177fdfd60b5dc71
step 4 09138fe72b3477da5b608ad7235309613b76d0e3b96e32aeea03c893c8de508f
root 09138fe72b3477da5b608ad7235309613b76d0e3b96e32aeea03c893c8de508f
msg 4e05500e8a9a246bd1d8061c15412796ea52aa57bc3a4cefbb0e8f6cfc08098034fa4de5699116ac
get 9d0397b2 4bc06d69bc856d9e06b692a953618b581624b363a7b7b2a73111984f47dcf8
get 454d 24
get b8609c7adcf9b5c213a2534a5e0eaa20ab57aaa317b051 1a30b9566aa45f42e8e17e7125656a0f1c5bc815b0fb6e35e57e1493352731
end
case random-163
step 1 b8f0a5716af1b44995b770c4616cb55c9df348e4d859759c964a454c7eba66ce
step 2 8e273b8167901e2fb32727aeca98e21b01dc85a4c2407e40c984a39232c0efbf
step 3 b8f0a5716af1b44995b770c4616cb55c9df348e4d859759c964a454c7eba66ce
step 4 de15749192b245b3a3736cabeb3c52354cd3487a15993f3ffaa825ae2fc0710b
step 5 f718b3fb172cad4dcb7ea9e856fc23a581825f8bb3754157333a1c3a71b84da8
step 6 ec98cbf6ce67fff9ab607537cf8a9d634d60028dea7bac660e4a5717e814aaf8
step 7 61c9847615abbbb900aef9b5ca9b566142f96c0d011e417763a7307f4fcc9021
root 61c9847615abbbb900aef9b5ca9b566142f96c0d011e417763a7307f4fcc9021
msg 55ff303a8f294ca4c927700efe46f0a0a5858fca7677499258859c51ca0692fee03e25560db650d598395d17789b0000648b42a0702ec9991ffc1e73f64d2636895160188287b4a521da98320dc43e32b8
get 3a8f294ca4c9ff23 61e1ddd66b245d407699e9605dbd615618ed8dd60460d4e14fe58af5a445f00c42a28fda58480945c660e6013e063dc55887913b63e774cfc9700aeaa96d5b712fcf9474e4c81dfd3689423c6f19ad16f1e95399fac51cfe27caa6cd05c6a24599c25db5
get 3a8f294ca4c9 42a0702ec9991ffc1e73f64d2636895160188287b4a521da98320dc43e32b8
get 3a8f294ca4c97f23 null
end
case random-164
step 1 010a4f971564802d902218e776e305bdfa549499daff05225a86f5219f8e17a4
step 2 a73825ca871755730847dd22a9f131b8c4df2f8cd223072d2a2384bc34eeb3bc
step 3 b06b9cff249bbc7be4d7acc63dd5ed077f69e34d2059b9379cbc52e0a51547f7
step 4 cf932ab15f004c0a4f23cbf9334c8f9a7e397f35d7c192c1ab81bc7b5a4edbc4
step 5 27d7b31f2ccad2a19f16a989241f0ff1503f93ab7b84ed510d05537e67ecdfd6
step 6 04e82716f75cbe499099dacf0e55be037ac913dbde436b2eeddeafb8aaae45a2
step 7 c98eb95d6a7662c6991d77a4778bbbb1c76aacb0b68b6a250a9db9a53f1bcbe0
root c98eb95d6a7662c6991d77a4778bbbb1c76aacb0b68b6a250a9db9a53f1bcbe0
msg 4c03fd0035e76f6619c75d5a89f84c47ef45457a24f42dd018b2e6871f9e19f9dc9f7b9aecfd64d16a9377bcb4c645e352b6fe434d4848edc07fa92a3eb1657b7afd3001
get 8fd5bdf7dee83fe80e33c748fe3a6de4b16945 a8e0bc28a1
get f21b5f12 f058e1d3d413ac54f9737d397336c05e3498096b563dae5c35e693bc0d091b1dbcae2d5ea2de44105f975b04fe7fd98c3c21dfa03b1674e0550772f2fbc7444f
get f21b5f92 null
get 242b8b9ae228baff5c153380fa0b1422e73bb63ce8a0a8b54908ef07645a0134d2c1c31d50e3d5a5987fdb1cf0d3b7cab6 4e
get 58 20fd
end
case random-165
step 1 89930f393a7f997f15ac3fc0485bb49fac022e50a010e3596a28e031b4d98ca1
step 2 56e81f171bcc55a6ff8345e692c0f86e5b48e01b996cadc001622fb5e363b421
step 3 8d366613f8cc7ee66c4535ce8ace897053ab119251ab3bf5965b919443569abb
step 4 7922e06140e2292ca83f65aea9a460043663669527599e40746a9b2726bb8268
step 5 d8868720f27687e159bb5b0fe02f7f8de3149df7cb14c8dee62dd1c9d521fe7e
step 6 9295086222bd3401775e55c1a503fa287921318f3b24d03fc822b91e0ed0e79d
step 7 2e967b4880910d0bf9ee66f46edd4cb2dbc54f3c2b52998e2063ca7b35411949
step 8 81b38d0e38fcccf3d32f50903ef08da093e8bfc5cc8405d4e29ac9528e721898
step 9 ff40bdc60549d2dc0cbedc181e4471fbade83890830c070720361ab96b3f1d05
step 10 f713c9f09879884afb4d152fca94841172928a566f842765c92f74025b69d6bf
step 11 fcd3ee9ce5e9e22e005e871d7bc124a9eb4f72d6626bc4b780469df929c78231
root fcd3ee9ce5e9e22e005e871d7bc124a9eb4f72d6626bc4b780469df929c78231
msg 4c0d9643d5be44bebecbd788c2664754ab420262b014b69d62370d2eb6b8aad638eb1b87b50ba11a4b47c031b95a956c6fa0712337a085cb364412ddca7146eef7fd2403
get 0cf2ba29ffc46a7f057ce484f7145cf5d547267840efb31eec79d1ead134d673cf87438c49c6092aef9c62d9681ab13038 9e2559dc7f1edb298ef24766
get 57 1d9e658f23dabc13ad1f16de81f9aedf5f6e2c9666b6e15b84de1d9460e79cd85d1c
get 84aed25b98d688 null
get 53 5764bad210e71cd26bcd8829526e77fdda4755df24aec3da83b26c7322c031f4be83cf4aff4202b74d6f28e104d4535490f1d8438abf634f475059ebb301d28d
get c403a69b7b9649d0f0e10f6e2d60b4c8d37ca7e345fe286c73e81525797886b305cb261a53d28af7ded71a209d2231a11c37892a04c218e9fca7097a47 238f
get d2da3e117a9380e8017f02955435a44686f9f94fbe0e222e0eeb00b0a1b97cbfe8b1711a24edb49c13373513afc192decf44ba3e398883b0710a7a254f c104
get 0cf2ba29ff846a7f057ce484f7145cf5d547267840efb31eec79d1ead134d673cf87438c49c6092aef9c62d9681ab13038 006025367107c7d9095e5e20c18a9a29c8754a227af94653cadc9b19e008f82ea064b0f2dc85c32536d76ccdfcacaf254be6b240aabba2afc1c30292f4407c16
end
case random-166
step 1 550297ec2cad2dc61c82da48a7e5cec75cd131faa1c7bcb35e5531e36c62a444
step 2 56e81f171bcc55a6ff8345e692c0f86e5b48e01b996cadc001622fb5e363b421
step 3 1ec47323f29f6ab245b323301614be014540459c65dbd14c1e2694e020cae2a4
step 4 51674c9295aec363bf929460b02741d12109b89f9f261a09c118d28302beb9ae
step 5 d8e5279068d0984e90510a086cf442d7a1f6015e4231a0e3f864f771a2ec0d3b
step 6 708f3d85547f7da29a506d60060ce3a9179e7228419876b919817b2b7b361e03
step 7 b0526e39c0b4d9072460e938889ca963b8315d5b7343481eaa5d633bb68084f3
step 8 72e0b01e1ff05cb1dfcdc11288c093eb68392dae4e91ee4fc37a3b64564a44f7
root 72e0b01e1ff05cb1dfcdc11288c093eb68392dae4e91ee4fc37a3b64564a44f7
msg 44ac9b1e153f3456cb32b6e66fb61d52849ca607db13779c369e69aa72de2455326fdbcc3c4e90
get 77df195a9003b3 null
get a387 ee4ea0216b
get aec303ea98c74cf36ce6599cc33d462bb964f5cd147e4f 18a7d4
get 34c701861838cdb1475d6e350b8d6fbc270333e434 null
get - dbcc3c4e90
get aec303ea98c74cf36ce6599cc33d462bb964f5cd147e4d 059cf26f80
end
case random-167
step 1 7b16244067b81c7cba5147dbc388c0feeca45de44c8d3713df1abe39c2ade7f9
step 2 56e81f171bcc55a6ff8345e692c0f86e5b48e01b996cadc001622fb5e363b421
step 3 5672c3996597212be476758378e1d710cd7b273cde11973a9e569ed19c2f7ae8
step 4 56e81f171bcc55a6ff8345e692c0f86e5b48e01b996cadc001622fb5e363b421
root 56e81f171bcc55a6ff8345e692c0f86e5b48e01b996cadc001622fb5e363b421
msg 40
get f7e6e515cbc7b7b99f87abaa5c737e0499afd16c8451b62edf242bb0bc3a5df7103a7696cc6288f986acf5c1625fc9b4fea945c63634eb4f7f11d2399312 null
get 7958b53e9e null
end
case random-168
step 1 d1051b280c59ea8fd9c86b3258d0ce4b6f786229c9bb47d075610433b0f59c3d
step 2 4f3eae865b8ae134e5bad5f15ddbe32153a79691dbf5e9dbcb955b91acd2a02f
step 3 adf012b16dabe65775264b0d2b3937632b3ff9fe53271344c696a9b7b6db5da9
step 4 4f3eae865b8ae134e5bad5f15ddbe32153a79691dbf5e9dbcb955b91acd2a02f
step 5 e1f2aa7e4a27447c59a23812f143d9d10700bea5e664ccbb6ce9246f9108a95d
step 6 6637306b9937dcdab9e9076925d0dd6f4e81ac40bea9ca5749794b11ecd6ab83
step 7 d3fa2ec6b9ec46ef076875946deeeccd5808d634591b7c62486ffb849ba1edbb
step 8 6033692087ab6e57e1a9567c6342164e66e58eb20df67af159b1d07120891455
step 9 000a5762b9cc5a5139ad03cb86f8532e3e6e2df04efc48298bd5cc978127150e
step 10 16b4cc0f08f3bf55b2641da9fd9368635412c2fbb74333d23bf1d3910eaa886d
step 11 0e7169429147c5329a8cb1b3676f4e6c0d7dca7745b01b55816bdcc5fb71a878
root 0e7169429147c5329a8cb1b3676f4e6c0d7dca7745b01b55816bdcc5fb71a878
msg 6c826ab47c066fae4ffab12d193094231080a1c724bfb00a2d794bb0c4b421b0d5e028ace9a233a26330decc3d6d9f092090db54cc3596a100fbf092ae26e3ea6afd20034908407afe07d3c33b813d72173beaf4dc607a051bd577b3a90843d111ed1ba8000028
get 4f92 3cc864070812659a1c3e7d538ec7c432bd92d6e8d7bc7444f43ce9c129179f098ff69335061da429093b10e076279bf777787d9460080b0320137833c5b90659e2e5e017605d76385726ef6d7c4555be48156f26807a9c9066ccc28f09992c07ad907d5ec389fd526bb704f01fec301e99ed3a6edc68dcd3b8e391f916cef00c32cd0df020ff48bb2d6fe4af9ee205e0b2acbcf60ca6368a801281ab6b1546e55b443229e9c0182c4f4c9059d643400b0f6c30249bc8544326d921642b24ccff164f2ff1846733789c58ec7787af53b51b4b9bf664803b5d6ce37b7470fe71f7d6c504d661a38eefa9ba88c4d47536bfed04c50cb7ae075287d5393953f5c8d30b
get b3165f7d31c8ee null
get 48c431e192e5136b5d9ca924d160154da8136c723df7539e3c6e559c6b85c5f0cefc77eb081fa9042450423b827a026a65f45b91a80e47bee590d319ddeb null
get - aa19b071a0feb8dfe313e17c8374b1882abf7d638632415ec6d308bed9be3e717ad1e6c9b6a34639
get 736489df50 9678b915a9cc759a9729601d49a1743e28e23c7d6f5ec9b684e39f320201ed6b38
get be 646a8b805c48a265b704652eab34cbc9772d998de8fa3361f4b96d98653c1e1893
get 9e b2e055cc8c93a6911fd4436f8369e35d2c1194064276f0a8bc1e54b5c9dea01e48f30d9009b028d7
get 0f92 5f306d5ef9eb6d2cc2f97a9444e6825b8bb4daa6a9cd36a74306eecb31490f39
end
case random-169
step 1 9c16f19eed4f4e2871d0f41b261c792db3f315ce7dbaf55938ecc9e906055b8e
step 2 ba702612a3dac9402f6d2e88a4a14065b97460c81f2d23ca842d6b57e482f41d
step 3 b1fb97e125a26cc33c4dc1dcc9f2d7a25954f564763ce429fe247dfeacb588f6
step 4 73fd6269882e5b2c6eb85355f83719652dbcb85c48f085fb8c8c6e7c8eba9dab
step 5 40ed73cb53a0e114fa56a8b6fb7b48a363928822c2d27d71e278a46979ea73cb
root 40ed73cb53a0e114fa56a8b6fb7b48a363928822c2d27d71e278a46979ea73cb
msg 4db7143f21de3d8a09686782b72d67e188db9c0c43207709497dbbc002c79381a80f50ff37f1d22084a6b036e2a9fe0b6b5fc6a6e0
get 3e ec7a3c96a10cb20d9ce2118189ab62e6696b783d86d640125cc80a26b4d21e
get f8e9104253581b e2a9fe0b6b
get - c6a6e0
get 46 61
end
case random-170
step 1 64161ec2c742765f6587bc8ef7bf4e252ad4e2cd3551e5cebc6587c289df409a
step 2 56e81f171bcc55a6ff8345e692c0f86e5b48e01b996cadc001622fb5e363b421
step 3 572d0d56c0ea5104cff23de27d31fdc16b8bbfba8850e814f70742cc50aa8a5f
step 4 56e81f171bcc55a6ff8345e692c0f86e5b48e01b996cadc001622fb5e363b421
step 5 e312e3d003ebbdcbbf02d9317ce643c506dcce7a2a02cd1778b5ecdc4129eeab
step 6 62d545ea5a8bde38e979fc6c8dd0dc4bf83764ed75c02086cf2fd86683db8dd6
step 7 e312e3d003ebbdcbbf02d9317ce643c506dcce7a2a02cd1778b5ecdc4129eeab
step 8 0382b9a2171db28e2491d5397c72e19fd086276806a46a138480457225e448db
step 9 fa52386349d2e7c93d9e6dcf70add11ab1613bf8c809f3b1d5b48bbb4bc7fba4
step 10 f71ab9cee73bccc3ceb662f30c06fb1304e5832fe8cdb2a2d05b938455fc291b
step 11 42ba5e7b29548fc6f3a28202516b46692aa198be6e3161790fae2d49d2a7951d
step 12 8c81546256717dbbabd9b3a7474218bf54f5f6b682529fc34debb7299d5e4649
step 13 896ca13c0aa374978e43af4df6ed318679389798f5fc7312734bbcf24f504760
step 14 51fdebec0eb60a4772021dd2d83668b0009f0f7037c9864360f44d32bb41e626
step 15 80f63e9e0f63199e894afdf8744d0ca15f97985a50f6a24aea56c60ed3a88d91
step 16 c00ea83c5ebde76074cecb90e7d628d4c0d42acb9be1eeeb91fc0f93fb9b06e6
root c00ea83c5ebde76074cecb90e7d628d4c0d42acb9be1eeeb91fc0f93fb9b06e6
msg 4c7d6ef4a76c95a8981ea7f3e0dbb1be0b32d4a448f9787e396bd22af6e6d3464ab0271e0b65125d26ef30c0f172afe53cf3b49c0faa68b1ef5d67d680a478d597fdd503
get 39097966 null
get b8e58d a67d7e6b96a486e2e15103b58c2f28c8da0af31a26d916573c07e8c68e34a34c6e94fb6e4b88ee7b77960dbaa82fd95e32e80bb899dd33adfe0c3b777b4f93875f6f9d515f75dcc4ff11745fc50bbb515cc2d513fcd8822ac3147747ec5a681f32a1c83a
get 75f1332bf535a67da92bbcbc50e695de5e7947 b1979ce1785c5bfd62a6006c9bc010a77e61c234cea2dbeb528e3408ccf402
get b8ed8d 98ed145e20fe1e71e079205a907c6b6436673be1a98906fc2e844263773c7c8e23
get e3f122151d84eca111cfede9ae51b1d4c659044a27 600033b17b4d9e726afb0c064015f5bc22764215be2d7e23ffcd97291766fb13015c2ccf35611fb4b83b44e978566e8a530ea0a8b2108c41492315b036f1e35ff63b0198ec1edfa2130ad04016bdef5a8032161cb436f976d6e2951b85aa3436b0309e2e
get 39097964 9df9
get 9cb2e3bf77796a1af636675b3177ebb3e7a0f5006e579f365575d88e86555f5808f2acf62b798c7f9e8f55cd23cafbbf246255 815639
get 542f011eb384442ce2ed48ac993f0e8a7f9b0fd2f0ae0b dc8d2b960f0bd8acc66f0808d9f8f69aa1f4684ba0c88e0acf991f200d3097e781749763b49be0dcbe3421a491f9e52738f36a8453698973c6188e7dad151701fade084a289d6b1be06f2fe86f1fc8fe6cf9a957adaf3d3747a94ac78fead76a389423bf
end
case random-171
step 1 25bb00e2f24aecfbd7e7c366a83106fc4183d3146fca9e386e2b5f931b22b922
step 2 690b8b7b8909c9c666ba8d5d254799fd67ea327b1d1a7a956b11f46051d125f2
step 3 b43316219872eea3bb9a074e7d0f1414699cd1f4c4abe8bbbe3b7631873999fa
step 4 adde67cef4a607c187f1d019699b247898765f7629247fa4863d5bbdef14c8e5
root adde67cef4a607c187f1d019699b247898765f7629247fa4863d5bbdef14c8e5
msg 4e267006e42aa008d8f490085933624a6a19b6a668c51f217fdc343fcb73188c4bb18913a300004031041a3ad5a6400c58abc9b2098d065de61d598d16ae14979663d485f79b131efdc001
get 0538ffae null
get 72 d45f6d2663f402a31ab1d2bbc7253a2e4f6f820189f6227466b99a7a4341ba18ab9b8aa67c6397a9dc38284cb161f30e03d6070e18a54422fa4ed2b5bd41234f
get a6525db9a172d353545fa8862a1aa2727b74586868921dfb7fb3ade15088ab6c35e14cbb30fc1a3d414dcf1b42ac7773a6 ea2e2820c4f56a87f6d7c0147da51e5373db5997f9d369686118eb4b817c17f1a3470ff25347375f9940ecc88e332903914c4af0f1a5a00e3d11c481654875e340491a0484a57aeff9c002dc81bfc93c20e06a972afb7047c67c0441231aa5850d7c906088b181ffd643adf77fa30a7148adbc499013f9d2c277c4b6e2c07da6c68a1a54e514a1c999bde1ee2f90f26a9015b0c36efeb5f1b2c72f036a5349b7c5a625a3c7206339873b2a6703234aec7c1e090993e3e5ad7a0cb875f333628460bc2dc0030758bef5eff86990b2c1ad0dc06dc4fee1b22e8b87561a66f857b7a96f1ef7053847b40b19f3568a94afba7bb064eaba382f60981f3e0a57cdd3ab79
end
case random-172
step 1 5448a926132b49d2867c8494b02bd69d5e9c656e3681eb0c06c70a61565801a7
step 2 777cc32b5ea18ac7dc28d73442a541a9eac16f0f776b97601a6f46e0031c67cd
step 3 c5c13f40d169aa4e2fbbeec0e38a6dc25a72249a9f267cff390038d4697960f6
step 4 3b744d7c49937250c4b7ee053eddff5b7333848934e7db9b79103af63a842dcf
step 5 373fb2b7c1d35b86b0111161d026c5fa1608163380bc6d92db17f88ab9c346f0
step 6 d3fe7a489cb501090d137b834da087a8f62aa700033cc07f1535f3f263b7443b
step 7 2f6e8daf11b26f06576cced6dbb07bed3fb0db764794188eb1172a0bad56bfbc
step 8 a5acfbd3c5a8bdd4da025362107693e3ab09dfa00cd84d5e6cbcc942d4e22687
step 9 d1fe0e4cec98c103cfe90e18b9e5a0f7cdbd5f38270b44889b3246a033b3d41a
step 10 a5acfbd3c5a8bdd4da025362107693e3ab09dfa00cd84d5e6cbcc942d4e22687
step 11 2f6e8daf11b26f06576cced6dbb07bed3fb0db764794188eb1172a0bad56bfbc
step 12 d3fe7a489cb501090d137b834da087a8f62aa700033cc07f1535f3f263b7443b
step 13 4ead991c719d6bc442f3e9fd03c35cafd0250b901141d980b15ddf84a68de1f3
step 14 bebedd901c1160f695666372f2a381e0047a60dc32b36514fc4612467eb75645
step 15 bd35506bc58af31a22818aaed1160775cf49b00e4bdcc785ac989160b66237fb
step 16 fc828c0bf96ad54e579f43b826297960e29e7ccaea450770d2f7d1663d515402
root fc828c0bf96ad54e579f43b826297960e29e7ccaea450770d2f7d1663d515402
msg 4c965100e38b15d611e746a75d56837c598e614463aaca9d96c4f6134558bea83f8d6064c51f7a1fa0b049ccb367039336428e3bf2c29faf3068cc23b1be6a1972fd4a01
get 235cf0fda301f0ac7722a40327feb5ddf358e0150b79655d7ba2b179879a91 null
get e819 9b652f249cc5b61d3de57dd007937350559fa4e3dfebbe9dc4b78b19ea578b68
get bdf16490544ed1d527a3ad9a3e15051eaee18ed907ef97b2c13abb0fc6fa37b4108f07e97d94d43a2f464f83573346f451c5 1556f0b26e13c70c04bd8c8490291d902e8edc9f
get 57ad0ac352fc07819ff5e49c380cc5fe3764a4fb211a 48391b8be95659c3075f8bb641e4ef1968b275de7d78e64837e0b34ccba1a7
get 0a1a null
get 93af11 null
get 925633ebdebb 3b32d8f9990a69c1d8313999be423a03ea6fdae4
end
case random-173
step 1 8015a35b907dd70ee7fb810843070835e4c664bc797a1ba03bc2c7aad54b76b8
step 2 b3f52ace2c2753b7f1534a2c3ce93c4848ca51e769516e2adc83c9c391b6b687
step 3 b7bbc0c78899a7bce794f7ffccab90aac38a4e2bbc035617bc7f0865e3bf8677
step 4 a204383e09a492d01bf072c7aada00502f0378de9713b01c170e6b792743e69e
step 5 83b83173eaa142a629068a08df75e8b662c0118dba54109968b192911475e721
step 6 e984cd7e093c94084f3c89c3b67e9f8a6d98f4d58132d3a4d1e1f47e0e6cd6ac
step 7 f0ee94473f6ab77a54a0a89d18301a696f4be1d6aca351aa13b82c866fc3404e
step 8 f5c35a4fc3b94e576cd31ec5f94c5f6c33a4f6abe7d54c20af8305774bd4adff
step 9 058074c7f36bbd00fe2cfa0d48b75cba2ea6a5023f2b71e362eed2bb30b37225
step 10 489c6d3024274b8569c154866f5147dd39b857f24f9a6e2986ad26cfc61a2664
step 11 8c0f45377ad245ebbeb0f90aa60b3784731b08b0dbcd60eac182f96569a37801
step 12 94f4d058d525d26553cf9ac9d3f13b564577da3f5602f62a9fee957c490d6424
step 13 2a1fe3ce214f3d6758ad68b65ef1837dd705f86d04d5ed29f95672270dbfc8ac
step 14 07546b6da312b3aa7770235d95feac3f08856f384f3269a1f993fc7fb155bb3a
step 15 0fcd85c17fd508087f33373b4995cee7e8284921c16f6362513f9e8c00bb2482
step 16 0fcd85c17fd508087f33373b4995cee7e8284921c16f6362513f9e8c00bb2482
step 17 272cf851efdcc9465b42ddf3bcf3f747fba8177fe2198d9bd31c7de4432af22a
root 272cf851efdcc9465b42ddf3bcf3f747fba8177fe2198d9bd31c7de4432af22a
msg 48fc0eb6dbd1600989857568c2b480ad06e1a21faa6075c86b9da5cc83b05aa26db0e13e010ca037c89abbaf1aa382a7b75e52e3b77ae3656bfcea67eb03f587ce65
get 28cd03b322bd5d95ddc9582061 f967b2ff10fc07e285b91c491b2c12e60100a71971440632de0b3bf4063e4171fd70
get 33 529a
get 6899971b608ce9db0e60e448a60ffd0865165e5f722217dbd99747bab7f56feade7c6c469c4657b424ed8add0b28af84b75b752caae91e47af951b7a3c null
get 9ca856f7c4e3a1fce451e419c327360221a249ee null
get 331fe00cb6 3f1e
get - e13e010ca037c89abbaf1aa382a7b75e52e3b77ae3656bfcea67eb03f587ce65
get b9fc3340786fea1335f734940bec501359aa967b8a2a10117dd98d04988ca0da6d36936b5abb70e9a8 null
end
case random-174
step 1 e26f7daaf5b0f0f5374e053ada02d886f68cfb514ae0c213ae4b4b75f6178da4
root e26f7daaf5b0f0f5374e053ada02d886f68cfb514ae0c213ae4b4b75f6178da4
msg 50fffd8801a66bc5f6296011c50d00b2d99e3451650a964dadd88c6cc6111cb0aee2d8644dfab188c716f60b9a01731a6051209e911ee703fc7b6895f2fc42f6f936
get a66bc5f6296011c50d00b2d99e3451650a964dadd88c6cc6111cb0aee2d8644dfab188c716f60b9a01731a6051209e911e e703fc7b6895f2fc42f6f936
end
case random-175
step 1 90bcbe832db330cd3bbbf19c8f8714d96fd4070446346f470ef09e0d77930142
step 2 90bcbe832db330cd3bbbf19c8f8714d96fd4070446346f470ef09e0d77930142
step 3 90bcbe832db330cd3bbbf19c8f8714d96fd4070446346f470ef09e0d77930142
step 4 a1146af301b7db41889e7912dc0f67f77668fdae96a4502f636973b8372aa97b
step 5 3355d9f07b8d2ead377fef99ad0ab4b480b15901997f9b1f79be42231d375e1b
step 6 44455d93255cead6a62162d14d1380722fd08ff33928496adf45e19e9c97f3c9
step 7 a02128a33a453d0429958b505671da7918bb3fc012c44d1d267c28c690262870
step 8 db16cc00c0d4e71c8bdf89053c306b2f6202593b2440cdf9a2a8a692530c8eda
step 9 71ee6d1274d8fed5eeeb621a4567e85e5ea541a70aa3ea3a437a5b2000a2bcbe
step 10 f5a4246ee5b8ff883485dfc8cea434700dfe1709affff11012b422ba903e8507
step 11 6d60eaae56798182af4e43eeeb3cab3804f04e414c0d57e9972bc09fdff2e7d5
step 12 4245373f8a398750d25ec5a98d4e790a47a07d06dd7eb0a160bfa7f60245e96f
step 13 848eb2fdb394e1412f8eedf1a0f64a8a644ff1c332c43f2bf44c930f93a6e0d7
step 14 adcf84f232aadeaf538a2bcdccc7217e1238f10c1e3b2600bbbcb5c2af6f277c
step 15 5160774d5e67d48aa24f6284b7744e8c605a6f12e0f48b6461645f06a4f7cbb5
root 5160774d5e67d48aa24f6284b7744e8c605a6f12e0f48b6461645f06a4f7cbb5
msg 5d000026df678d4705f054f3d16777800d56dc5fe60bd4f00ec940fcf8db25bbf22af2287015e46ab42c63c611e0fbe450fea36318cf2fc4eb1225734c1d73bdd2f5f17ffacb01faf2000021d3
get 3446de6d null
get 86 null
get 96a44df47cfec720651a76f8e2aedac5184defffaeeaa4 null
get 14ad2e8e1501c93050f6c906e22ddc1ccd9304867c c42c0daec18e68b29f1f754424b4b64af1fa48eece9128b02e4c80499c6452ed
get 3d74c96d864da4afbbd5f41d94787339709713e766 4d
get 791aad bfceca60dda0b973814bc21025aab0cf9550f068d7820e98f741b55e4fd8f5c73b
get - null
get 96a44df47cfec720651a76f8e2aedac5104defffaeeaa4 null
get 87 null
end
case random-176
step 1 ba96db4f47f0eadf18da010149a9a490a054ce455822aceeb1f59b9bf023ce63
step 2 abaab99b54db37a0ddc66b59480f1169b0bd91440ce2295fd1505b19e2772da5
step 3 ba96db4f47f0eadf18da010149a9a490a054ce455822aceeb1f59b9bf023ce63
step 4 56e81f171bcc55a6ff8345e692c0f86e5b48e01b996cadc001622fb5e363b421
step 5 2a87c9bacd1c5b6a74e744f771a8f25c2f6172c137c8043cc09611a5a3f0a0eb
step 6 56e81f171bcc55a6ff8345e692c0f86e5b48e01b996cadc001622fb5e363b421
step 7 09d0ee4417feb186ecfc9856c4e72efeec0ae726e4f1086258515c4d48ff5011
step 8 56e81f171bcc55a6ff8345e692c0f86e5b48e01b996cadc001622fb5e363b421
step 9 275bcb133eb8689d50c17a7ec7ff0a0053a2a495bd6dd3383ecae6ee36ebb20a
step 10 e0f1db597c3396f0fd46a5796672b72f1445098b6856cbf9bca07ad1e3fc79c5
step 11 2aec59cc594f45a58c0d1ef10b8f89a2e0af288aa949fd64719a3faf514bda04
step 12 9bd693b72330efd5bab8fab2188748adcc4b17b3d31f07b1ed75f9c6b5de6c43
root 9bd693b72330efd5bab8fab2188748adcc4b17b3d31f07b1ed75f9c6b5de6c43
msg 5c01001066f1a08c9494a10746a747969f7d08eb2cf20d6df9d4ab45dd9903a98223060e154ec19df150b11377bc77802bab2534ac0f53e9794324f7d63b2cdedb0ee4fd4602
get 8e937aea6134 null
get 390a64979f7bf6951ea80e03462e19c0c0f111c85f316a770e41622517ca63d9a95b7cc86845704432c4 null
get 15afa20907bfa2d90b356f05644ab201915dc69a0dfa7c26 null
get 01e7a5455155d164a58ec4084e51500e86e63c2a6584fbb1a3a56dec873c3e96554645cd6aae7f3ab66f01f88d8829dac962f67733872d7f893956d57c null
get 3bb0ba3aa411c0d9e3e935df8353ef9b2c0d56af0449089bc5a5e9a366440eae3d30f628456a78506328987c0d17dbd911d4fd 96575dedb0b9abe0616dd94ed879edf5ee507312094fd2ac0e4a7b38cdcc0d7001961fac3eb80e12bf3d707cbb4fbda6e7a8861b883c96a5299f866198ee5548644b802a92835bf46246b49e02959a85489ff66d1c76f0066264b37a02957606d104d3deac04c725fa3cceb1c20cbe308e63b7ca847f20d374b429a3a9ad6725619cb105537a6abafb42e7519bdb88fcd43fb3545b789be5db60b5a8eda7cc9e2b220859b8800b46b8d32e0eebd584013b76af3ae293688238f4c90cd78801382fa2ac86408c59a71ab1dae4110e3679aa66d959ef861f19b8fef070a075186620db7881af1b6474d79ea17277c400e8dc9d8ef214cc2a5d944e5c4373f7cdbb1e
get 3bb0ba3aa411c0d9e3e935df8353ef9b2c0d56af0449089bc5a5e9a366440eae3d30f628456a78506328987c0d17dbdd11d4fd a3b84b392458638d94916633ac1048f5875c99fa
get 15afa20907bfa2d90b356f05645ab201915dc69a0dfa7c26 d6b62f550fd6417f446145a23a6046475c3356edc6da5c7b3e592d4cb0fabdb0af
get 3bb0ba3aa411c0d9e3e935df8353ef9b2c0d56af044908 fe4250b199
end
case random-177
step 1 f5593c71c811a1c18d715c2d5a7444b98d91ceb876da0d6f316f617f1346f669
step 2 56e81f171bcc55a6ff8345e692c0f86e5b48e01b996cadc001622fb5e363b421
step 3 725cfaeb11579f2b58dd15ac1914310606ac1bbfdd11a205b55d1def50dd9402
step 4 7df34a3d997fba282e3c6ad84036ddd3b0a77e8a5dac87a1cef3231c6607e34c
step 5 53458afbaa30301e53942c102fead1695e6a6abb8f79e49080f5ab97de2c8f97
step 6 58bc2181bc13c9bcb7ab4858bbb7e01f54bd9c44eb71ac776628ab0a14ccad51
step 7 58bc2181bc13c9bcb7ab4858bbb7e01f54bd9c44eb71ac776628ab0a14ccad51
step 8 53458afbaa30301e53942c102fead1695e6a6abb8f79e49080f5ab97de2c8f97
step 9 c62aa68f5d82d76f83fdb0259ff0a4c9572feb5916afabb12252a28b893cc8e4
step 10 53458afbaa30301e53942c102fead1695e6a6abb8f79e49080f5ab97de2c8f97
step 11 bc3a123b84253a7cba7ecbf6057e4bd306aa80a81a101087b6f3e422d17a25a2
step 12 ee84fb644b748e55daf99735433bfd4748e6a0c9874615e85e47d0dd1562daf6
step 13 31715c102a6e2e696394328128290c5fbbcf55aae5a189856f60ba190669f98f
step 14 f965d0a8ea2368d729dbfe013bae97613fba8486045918e9f0208eacf280dc07
root f965d0a8ea2368d729dbfe013bae97613fba8486045918e9f0208eacf280dc07
msg 4d9a0b4412a378d0327417e4c756c747835f7e68ad11c78bf2fb34831e00e967041750ff97469fee74760f090b9ed9fb936a83f8f07661b29dfd1202
get ef87 null
get f1670a0f75c80c null
get 51df863622 22758ef42a5f45721775e9f0ae791bfbc5b9bb982496ed3a8a4c48fcaa00989df70a2a88990d09237f9311292754b872794e69c3d5c5dcee6596c7bce69d8a21abfce4f5d9910d9c9e55c1cf32100d401b46578f89f6a791cba5b9d86f5720c30789c608ab3cead6d20c7c6427011ccd8b9f2ca8aa8e3e643fe5c43358b65916dee826a6a1db745f754a77a564fb6ab88102168e159287e57c7bc2a004e398bb9a6ce8e1294b691c8c05f7c134e1eb8c16eed6fb90146379e77388ca2858c91742a8d5b6417d786b1ae8e0e967a3e84f5fdaa5d1715a093775a326dfe440a4337470a72d783aa9e0da3437eaaa57aae910a82741e9dfcc60b538bee106af314ec4
get f3 null
get b1670a0f75c80c null
get 797937dc2dfa7f24150f50f679f82257e91976259f5a8546f0a78ea951a2997d0c0b0d3f22115e90d83473a2a035462f91e232 84929ef7eea2019dd2e4a0e88386acd7cc90433d5ac69d6310dad158a560b4808715
get a34ff73a3b078485cf6cfdc9b541fc783b30d9 9d
end
case random-178
step 1 077f458e2dbed7a5be4f9715e99ee13564a36b1d6281b22e4b27c581383e6c49
step 2 56e81f171bcc55a6ff8345e692c0f86e5b48e01b996cadc001622fb5e363b421
step 3 621ea6ed453db1fa7e93877676b68451d18761e44f74aaeacabd7e6262c167e8
step 4 94e76f7811f0f8ff672493609b0c0e12d16437850d1a7b860551a407c1d8216d
step 5 e15e95452f8fe0eb50401c77f3910e03770daedd7f4c9d2996efb8a148c71448
step 6 3322e782ec30884cc4351f99d5b1506b022af519806f31570f5415d9f315bca1
step 7 947f82f75a16e9de7fa159731e4ad9816f0a131d302baeff861e50037107086f
step 8 ce904e9c26ac62abc8bc271170433dd59cdac116b186fecbc4f3ee0a9d55a0a2
step 9 7917f274f554ebc0c2ef24d08af4b1666ac86e18bd0e723e1d67b00a86d53d0b
step 10 49d0d834669522ffa0991f8c1f8708541675f39e0808e715ee61cc224287c486
step 11 6069000a3b3e9bdff0ae42cd6c1ebccdc35fcc87571ddf7c3be03f0f36a19444
step 12 ae288319980cebdace2465632832f19945812d349b18d890b75fff3351c03675
step 13 2f2e31b88720f2c3b905751478c9a03cf373deea8cdb5763c3df4dcf18fda1ce
step 14 2a705f15ef15e210ba63a08531feb28e259d6c5566510617a19710fd04aaf1fb
step 15 c319cbe8acf0430c84933197c33e96b030dd8829b98d1c1a85461d9e627c530c
step 16 bcd073a358cb570be017c407ba41256a85a3565eb2de4134da5c2b02016e7950
root bcd073a358cb570be017c407ba41256a85a3565eb2de4134da5c2b02016e7950
msg 4e0a5016b9dac89870a12694c14731695ae479f841bcd5d1d1e82200c0b818bfddfa28b7d68ae132176af188e4
get 11da7e8e7d3e4e null
get 5e672e6abe283a null
get cb25822d0335bab78999d699e7b4183a4e0146047c9bbd131f0b5cb17de4c18885b41fe822c92ed3678905ac6ecd2d82 f0
get cb25822d0335bab78999d699e7b4183a4e0146047c9bbd131f0b5cb17de4c18885b41fe862c92ed3678905ac6ecd2d82 99b41d8a3ef4105b13975ad5bcde0b9b6c6ca770dcd75fa19e538e24701004e2260cb737b218f7be5e418ff1e6b2c34a6d5d2a76ae51c8a201d4a2e8e459f265
get 5ced64 9870a12694
end
case random-179
step 1 8d4ab9e535c84b1dc2315437f4829c8443a42a019e4e3a0c489ab4bae984bc7b
step 2 d501a16708c1945195c6fcdade87ec60f485040536dd92f6a6b6d73d6188e49d
step 3 56e81f171bcc55a6ff8345e692c0f86e5b48e01b996cadc001622fb5e363b421
step 4 b340a742203ad66fc5ae8b52b38455e9a9e3d55a52e87e2d63eec171a929388d
step 5 fae228465ae06d1a526a66a8598070e8e2ce09ba924108ea9551c063623adb24
step 6 c95dcc8b40bb82f50af09ecbdb630da3ef73ead37f6252c462e6ac01810cddce
root c95dcc8b40bb82f50af09ecbdb630da3ef73ead37f6252c462e6ac01810cddce
msg 4c01ee24c78f4df6a1ab8a65862b2f92277d281cc90071094f70e5b1c4fc873c53b37571cfcedd9cb040dcd8c0e756b501d279f90f73c203793c118fa3bfa5d52b70
get 1f8f9c464ba36f32dec88a null
get 1f8f9c464ba36f32dec88a6edcbb15794567ad460a 869c0a3f9d9f52a9000beb1a2163ff47958467cf59b84bb3185f8291efcc5947
get a23a4c5ee55400bc513296efd050ec4d5b6df9b6f74c2c 037c70c54696896f91251d8df2840bba5a36c07f3acb9a4d28b6cc239126ce69
end
case random-180
step 1 0446277e968beb638fcf9161b61c8d3806b75a25f79a48838e2d8f42d644b59a
root 0446277e968beb638fcf9161b61c8d3806b75a25f79a48838e2d8f42d644b59a
msg 500fd44a0346ba
get d44a 0346ba
end
case random-181
step 1 151759ae5a6e338396e02832731758b69ceb8bbe24acfc522b85d5f8ed6a19a4
step 2 56e81f171bcc55a6ff8345e692c0f86e5b48e01b996cadc001622fb5e363b421
step 3 1f51108b7e45abc0f3983ce8aad2f1356bd97b10dd0e796a8b1cd1046b1a6212
step 4 56e81f171bcc55a6ff8345e692c0f86e5b48e01b996cadc001622fb5e363b421
step 5 02d648ce2e2b7d9775477c7269218640b5f69f3e3f7ca86079693e8946abb7ec
root 02d648ce2e2b7d9775477c7269218640b5f69f3e3f7ca86079693e8946abb7ec
msg 50fffd8001bc22ec388d2000c7238c9d92e6010b1cdd421187e89c7fb7a2e832635b44a776481a9a45eecb6f0965b9e4260885b58b19b95b
get b9da49cad75ff7b1a419949d9591d4fb66a34c212888c2f768317b5ae6b549e7357ffaf63d7cdccaebb34a8a3a2a72a227a3 null
get bc22ec388d2000c7238c9d92e6010b1cdd421187e89c7fb7a2e832635b44a776481a9a45eecb6f0965b9e4260885b58b 19b95b
end
case random-182
step 1 e88bdf41e8f378cd1b4c40a8cd202207e3624a9e29415140f904810cc7a40da2
step 2 87abd04d8763e2c937c30d6e9c843cff02810cd475cb5e9c23c80c8aaa6cfa6f
step 3 167e54ddfe9a58fe473df76f34925de7cbad9fad25fc3d924a537603d05cc218
step 4 87abd04d8763e2c937c30d6e9c843cff02810cd475cb5e9c23c80c8aaa6cfa6f
step 5 05d78c24f9ea472b0bbf7e2bef27d9699001ccb688c7c149a747a474c84b6722
step 6 3e12445ed5edb0a71db3ffd8834461e47e7e1d91b540e2d5fdbcc0e6f5aafd97
step 7 05d78c24f9ea472b0bbf7e2bef27d9699001ccb688c7c149a747a474c84b6722
step 8 09514e6d179396262036dadb3d846ee1814d6e478d755e87fee98d9ca80aa5ee
step 9 456972b722d3667e26c7e40a90a771dd63e0d54dba712922fb308c8935397e53
root 456972b722d3667e26c7e40a90a771dd63e0d54dba712922fb308c8935397e53
msg 4e1750ff3fa12fab48b568341853764376517af7c661e2dab05a76b27339662d8e1597eec07ed40d36d6d2a2f53826f948688cb317ab1659a599
get a04e5a6a17fa4d4b null
get 962e9e0c2f93cd786ea8c209e68815c731eca7e200b8957c29445b1ca2b79f601c33e4b1830759d1f55ebee7b231c97fa42f c8c417f825158230428fcbf75fb54f312fa8433d5de69934eaf7d44017e59b7e6906888316415496
get c9e388ecebc45fff52acf793b6623edcf5cc2bb8225f4aba94085ff90ee1b52219f9aa24c732089449d36481808de71b63695191f56fb88366a2c6ff80ea3e null
get 7ddbd55b9ce01fc0ebb6a044f9deb18ea3ed576103bdfe8fe95a23ce6b088cfc93bc073f9445d6268afb4e476a87288419 null
get 5097d5a45ab41a0c 53764376517af7c661e2dab0
end
case random-183
step 1 6bb0178d7fa0ddb0d3686fcadcef4837c37e3b61725d24e2014b5a1b3c319800
step 2 9f2e89da56e868f2f3bc9e6db070a81eb9dd67237042f21c0bbd7fef0762ef67
root 9f2e89da56e868f2f3bc9e6db070a81eb9dd67237042f21c0bbd7fef0762ef67
msg 50fffd880182bf3921a21658e31d6463e3373b9e64ce51583fb220536b46c3fa57f7d990c31d40d48128ad54def3e7ba2f3f49b1ee4c921f271373f4e20ea62e9c70
get 82bf3921a21658e31d6463e3373b9e64ce51583fb220536b46c3fa57f7d990c31d40d48128ad54def3e7ba2f3f49b1ee4c 921f271373f4e20ea62e9c70
end
case random-184
step 1 78bd06220b40d488dec6c86480ce57d18aeaec70367433bc9c69d9ec53fedc57
step 2 e4baa4084540fd1e629084658f66468cab19623a5daaca5205ebd7b0e052bab3
step 3 830c095a8d7d7deabad5774b020cf17d078812a29be2a272c35a01377a006f96
step 4 50166770b0610f0ab86fe08de2f5e9100190d7c938c6763e00e2d2a069170b5a
step 5 6b9ff35916e01060bb0a32eb2f823ef7569db28f702d11a372cdcdfb3144d919
step 6 3bf8c4b527fad71c1aa2a25cd7a3e0e6ce1907bd857e0c592a588d52513fe0aa
step 7 69fc0b58ee1541ab9392e2d60a6b96ebe458ed85cab14a12d4fd559842b4e946
step 8 92480ad138b02515d11605b37ad33413f6a2650651f503a171a79568fafadfbb
step 9 db65b2d28a1018d66cc862a928ec7aaec4f64ccc44adf7882976bccbc5a589e8
step 10 30fd47db2728f2714adf838f64f7e5cbb9672a77ca31a7583dc04ba745a1573c
step 11 0278df8a8d0717c880e190fa548efa0fc6b67e2748709ebaa4b37219fea15c25
step 12 163290587607fda17527e81ea339cb8228add73dcb92fedcf693c86d766fbe31
step 13 dff9bc79e4fb02f2b5fa13a3a3104aedc870923f49cbbea269e812baa514c4e5
step 14 65fd36e840bf8ab081350787419a90be00e0284b83c5e5ce62299208e63dec3b
step 15 3babf4ea97e8e4fc53ab9d180e9a1a6e87d07bbd5fe8ffb74a8e9fdc1b14c74f
step 16 a712187bfac5d612a7f6e2ec48d515e4168f87616f9722e129dbfe4f5c069a8b
step 17 3babf4ea97e8e4fc53ab9d180e9a1a6e87d07bbd5fe8ffb74a8e9fdc1b14c74f
step 18 d9dc51bcd742849f5a781ce35b73a4b1f1518d5a9342e9125f0d59480681699f
step 19 d9dc51bcd742849f5a781ce35b73a4b1f1518d5a9342e9125f0d59480681699f
step 20 3415f8ab74238bc503149091d8bc68abc2490f0b716ee31b9c93b481fcaab1ab
step 21 a3ec6d72088598bdbe51526fba034b7a792f4e5fe108d3100178a27b1fe8702a
step 22 74b6dc2a63cd6b594226a3dcca7c2d4279382ccf84a2d303f3cfee0a913459e8
step 23 910878397d97639047811e5696b3bbdb9782bed0bb7170720dd767ff71222858
root 910878397d97639047811e5696b3bbdb9782bed0bb7170720dd767ff71222858
msg 4c92b3d27dece1503df9da133837a3ac1b0cacf5601fec5c6a54137bfb5ae777be75f7bc7ced64f9e324eab0789381726f9da6cbac5c17bf6359ddb22a25e43f70fd6503
get 9c10beb958d5a00925f35dc0648424e68639e35418c0 null
get 9c10beb958d5a00125f35dc0648424e68639e35418c0 c26a52
get 07dfea 38dd9e4343239ed91a1cac2deda35b2858994227
get 07dfe2 145255c8da8ef766226478b4571171ad1c6907ada87d585a328b47ceaf0a5c7ec9b7
get 4cc079fc8c6f null
get fc99a39a 4299
get ce187de58718bc9dc4d2c6ad1610fc6cf2324291706da84e3fa7a4 2c2ee509344add16dd60c465b33c908376f2aebb08b3a6e091b6e6bfc0c57045800c158ce1dde1aa7d23676f44a72b6976e783aead00e447bb8dc98634850e40
get eca61cf59501 42d3d73f04cfd45749ca51a3f77c61c9249443e09d1704797ca9cc89cda6f1c9
get 161afd c1421081243e26394b43a9970cfb0772ac6cbdb2
get ce187de58718bc9dc4d2c6ad1610fc6cf2324291706da84e3fa7a4267cd89093d6ea05291983e4a3ebdf03e4bc8670a411 null
get 4cc079fc8c67 61514966fb343be50e5b310d7fb32329eb948693f842a99337345e95fb04db
get fc99a39ac79ecab1967438cfc5918fc1dc222062365840e7845dab445a6cfae8a20ef194b351ded23f 70dbf09783
end
case random-185
step 1 bedb0805f7cb5cda72b4cd37007453a0a1c08a3e0b317107b08d503f32637ce8
step 2 5f5609ac262afbc472fddeedb698410d85cc2fd97ab84ee39600153b4c3742d6
step 3 bedb0805f7cb5cda72b4cd37007453a0a1c08a3e0b317107b08d503f32637ce8
step 4 9b2b4aa405422ef2a7e098cc41e7f304855feafd330948c123a136200ef8b0bc
step 5 6840a0dd4a3819e40d01f7df3eadb1f526da01482233e05612a020a3929535c5
step 6 c55db7812dddd36360f93b98c54106f8513d983f98f3e296744416f81a30b4d4
step 7 bedb0805f7cb5cda72b4cd37007453a0a1c08a3e0b317107b08d503f32637ce8
step 8 887c9ff79b699c6774689ea50c5303ce6c8cfd64149b14c391cef43dc30da051
step 9 25c4d66f2322f5c0dcb05213d95eaaf3833069d7562696bb37037f8f088f7975
step 10 916f994a97f8dc0df706a806849180627f38bb83c962fbbe302c5119e0c0a304
step 11 ca68fe2dba3d7916ddb0353258c7e6d7ac0e1c21c3de9940d409f84641a63354
step 12 4f713981c810ec89e32c8aca3b1d41a351b91f593c8ff86dc2697c6094e36fc7
step 13 94af7c16989e83083e41ec6588b1d2e970f28795d21e1a1f7319832c9563d622
step 14 415ba8a7fbc03a57b2858c2cc088c0871f4528ffd8b591e08c3bd8db41d6125f
step 15 b72814cefc0c35333866ba9e3ef43b5c397c5cdc3a58a3ee2a761776088593cd
step 16 a1ab03161c3d08ee50dbca316b52ed93cae31c333ddd76853c6caf781827b49f
step 17 b10dd9361c7f1ddadd18917f5fac944fd3114381a700accbda6067287d9c5031
step 18 b906ac660881ccd4834d79a4319f67366b724754ef38e5c2bc1aa5a8a5b2b4b5
step 19 f912cc02d095690e8a564011dbd9413dd484a9f69739a6871c56a8e9878f35cf
step 20 b0eee110db018db30d7e392f10f738b31d65a21d3c728ebfe37f068e4eccbc75
step 21 015efe7b586de7f63b3ff33a1374ae154a88209cc723fc88f4421aced7739cbf
step 22 cecd9c2f7abc48e34f94738c5974d1255ec1580924835b4213eb17bcc6b6e14d
root cecd9c2f7abc48e34f94738c5974d1255ec1580924835b4213eb17bcc6b6e14d
msg 4c43e632fe5db7fc38f65a3a0db160014209dec93606a32a7ee3b8e6bc30584282d2b38875b4602723bc5448a36387409d4db8800eac803f6c18010cae09c56b63fd9703
get 56 null
get 4fe776 c2b2e779b94fa76f14e22dfa7adcc1456b9c6211a1b38e47e6c6d799432df9369b
get 705bdab1 null
get 1be8ce58c1 null
get 4f6776 efc9b33c67
get 1be8ce5881 3a339304037b680264f5a778eaf67b238f3219e9cfdd23b3e6c13992744fc808
get d8e79d420d9715d37e1f018aa59c87cdc5230fa42b680786cfa0219e4cb8b82ce7cbbba02d894665d941b8 58bf5d5326e36176ae842f63ad9e28e35807ad3253ef5ab8058e766f3a9a36434061
get 660b33ae768a4167bcde14ba1eb78c6b6842dc6ceab153f589df3d96f6553a2c0fa45563e1ec57c8aeed706048b562f0e21a1f 28d680e2b2b990d93e273b814f8387637e009933
get 57e75d 850bbe
get 46 2d633b
get 705bdaa1 dd9db0575f91ef5fb5e1576cb27afc24b250f98f250f9f16d768a80d387435c0ce2b
get d8e79d420d9715d37e1f018aa59c87cdc5230fa42b680786cfa0219e4cb8b82ce7cbbba02d894665c941b8 412eba134bb154edc740b6b86ccb37a6012dee5c46a6138c13074397ef4984b05f5c
end
case random-186
step 1 34f8ae0195de3dd95042477042f0b5a6de80509fa2baf86561ebfff011528678
step 2 3439017261c2414843d92d8267f08c62a95acb5d63763c033a7d57dea3b256d0
step 3 e28402ce2550363742bd66fd82e1f0f190d75467cb7ed5fd94df003206461aa2
step 4 34f8ae0195de3dd95042477042f0b5a6de80509fa2baf86561ebfff011528678
step 5 a03ab900f6cf9ddedb623bce0cf107231783366e9196a5681969e5d10794039e
root a03ab900f6cf9ddedb623bce0cf107231783366e9196a5681969e5d10794039e
msg 5e014027700cc97024ca4f38ba6f4b3074b72206539fe90087aa3ba01ad05011a86b2eefec72ba59000064ee670ab9bdeb374329dd51f4f29fc47fd54fd6eeaf76b255eb8b427cf288da9ff0
get 592e fb347b938d8153b6bf96548ed3e6d8f56493cc195589b84210c9ced7e8b874e2dda4a67bfdfdb606efd119fdcc363290fecdc4c543e4858bac6bd95254e2455730fb2b761cc87e046ee77490a93a770073c7b1dac4c2c3d1191bb83b6e6cac51494c226e
get 592f null
get 6b3da7eff613a1df129505216d7a2eba604065731cdceddd 24132a831a78bf53607ed522fbf378eb27cecc410e304d5ceb0064def941e64cdd212e944f0565e5
end
case random-187
step 1 a6fdf78d4be03af150da321e85c6b0787e46879b0b602838eea0cf6c556f29a9
step 2 34bd4889c9303f9ad2dc07c0f3b853b0675cfd5bfdb687ee2b3bfdb5543c124d
step 3 56e81f171bcc55a6ff8345e692c0f86e5b48e01b996cadc001622fb5e363b421
step 4 5387917be8898c42c55677b3ee8a16488675112b000f8fe9f58670f0e473ddb6
step 5 afde15a42a8931124be2c9bdcff73ea7a90731ddb3995cc047e29dc9c6c808ae
step 6 95c84b3abc654470f872b948095c49b6e555937b99d74404cffb70a783bd3dbf
step 7 19b5645351f571c5253a761248ce9e37f68125d18a211dd7a0555e7bae697888
step 8 bc5e2320a38dbec331685d72f3e5c82454f89b1d17b19519b780459fbc57ac90
step 9 a45e0a4ee1c649e11c34514799067d720565e5fc21509c566084a7ea789ed157
root a45e0a4ee1c649e11c34514799067d720565e5fc21509c566084a7ea789ed157
msg 5c03606b0ff5e988c144e956e81999450c7ccdd65c528b01ff046b05f729bf61faf6203c5675cfbae2ab170998cb243a5b37b5c7b1ec63364eab341ee82de3f8dd51f0c2
get f7ddefede7ce3f2da0401197a93ce5a638a6aee5 null
get 6181750125 4209d7cb28f3b011c8f28f3a10a12754919641fa
get 6181750525 8aba8041364f8b301e24d726c5c4f0e3f2a448920cd06de6df398999ab665751
get 6e6baa303344fe3d44cb5a4d8f43e16c796cf0e3e999d691f7f52d09bf82fcbfa48624aaaad4f412067c34a00d35c1346a 8f96abb3d73374df0521c4d1
end
case random-188
step 1 54818759e586897c8eb8bec9e43a95d139e1bf1b9de5d10ed1a0fb9534ad077a
step 2 8c7ab1f87ddaf98a2d753d2778c8374be077b5452beb6c33e4a26e78ae195185
step 3 5d343c6c7336791f4cbdd056afbaf3b95fd979fea47ee51bb330e7379bbe9d03
step 4 5d343c6c7336791f4cbdd056afbaf3b95fd979fea47ee51bb330e7379bbe9d03
step 5 b1f3b87269676e36eeb1650cff06026a37911dbd2114b472fcaed5570ae5525b
step 6 d65996f2ee604fc75ecc1f21a94b52f04857a01af4a06db4267968b2d57944e6
step 7 ce24660c079be49fd0a1bc42708764a42db3617e7f33dba9cc379ac942baa82c
step 8 7e161fdd140af03c1b11ede752d1db3f25bbb4ae30147f268ea331d8fd73f14b
step 9 51475c1d7faa9ca03d694e662aad576efa0a3baf7fae41593ff75d5372e94011
step 10 9227fba1f10f0213c374b12d5e6788523164bb020c05f48ce5517a7dafaf5c9e
step 11 6e3ca060e6ecc49c57e4a53bbaf06ce29817fe261bb85a18e1da1ffecbc570e4
step 12 39448ac0733a793c88488222690adad08311f349a8e92d34abdac90dcdcc500c
step 13 d10528843a801740e0703692c590e12b47c316c8f2a778f6c97dcce8a028f8aa
step 14 8f33885e35251122da06cf0b88b042f16b301549e7861856fc1a92bf5385ea0a
step 15 e89debe7083005154cbdc4e72d8eb20cfedc4ea5586038a5d58a05cfe35e6a00
step 16 81c6719e26df9b6c19fd0d2fd793cfe4c213ec680868617de96939b6cab51ca9
step 17 010248d57167e7bace9ff5fd8bdeccd09f9907666a1775aa4a3d02bf0f1d92a0
root 010248d57167e7bace9ff5fd8bdeccd09f9907666a1775aa4a3d02bf0f1d92a0
msg 6cd5757cd2a22110bcf22e38ec91e016825021d4abae5c4505c8a0671e00a1e06000eaaeda114c03f93b3f8c38c024faaf0b72654e2715651aac78bcce92ea22f9fdf10283a2a33f276084aa74e8c38e78f0089be249520c5dc1f3e7e044207ad21f74eb000040
get 458f 5180ff974064cac4b004e680fa9c22c0991eb8de68d311c6082cebc3c38af9a574838341bd5ab37364d02e7d8317ff0811a5a295523e63dcef63e61a7e03f7e9
get 00 null
get d6c43b21208652766a732464429e6bc6144ede9ca1 945d7b603b
get - 135181f786b9305794f6c8cd549ea66d169c9552737300a29238ea9b392473e7f8ea21ef3b5ce5287025b5b489875dae9262e5a3c2ab646eb609f5bb39f62e75
get 19dbba8a40b69d6b347f82591b69114b852f15 null
get 742aefb47793c57bb062fb958a3340d18aa2b4 b4347ea80f77da010f9ff5e7ef396c8ff6c621ee7046b299a02e37e07c874e9568
get d1cba35a60388b3189f82915c97f1c066317c963bc7e9972c46df70807169b10079cf68137ef092997 cc7f892320193f55373fe8bfeb6867fd974f20fd56c21a5eed0fd391f096c41866f4a8346c387a7504b4745007c382d020a8c42e4b56834bbf3cb4601a2df33b6d3f58c16ea66a4e6a311bada157d5923d0a5a8dd426a64b51978a29906e02746592476b70cf8bf729d4d6cb55a8c762752ff37e58e35e8e297f43a17981d44a4418a839f4c982269ca12402da1e7ed56390a28f6e14221dbe7da62c48722d21f14bc8617e62ea7c563b7af7b88f7808fd128fb18b7fd12e43c124b7520685349c7fe6e01d34af29d344a2be52810ee4e2739518b9415563585c40c663a9904cbc6de85029c0ca5ddeda5f055348bb685295321ec092b61de4b2ae1de737fbcbde
get d6c43b21208652766a732464429a6bc6144ede9ca1 2f2019
end
case random-189
step 1 9e13c943aa92df12857358ace6ea4196fc91d4b4498d1bc52557b98f57fdbb97
step 2 56e81f171bcc55a6ff8345e692c0f86e5b48e01b996cadc001622fb5e363b421
step 3 fa048d0378539299ef051f282addfb9a8f308c291e4731cd3c0904994d834d58
step 4 b91bc5b245612fb7a703976a69393b5299cc4563e01b254794ef550c4449a695
step 5 7bfcc9a4ee71e1c3286b8a8ac3a25c21c614112adc365ab6642e62d07591510c
step 6 d57a3f88435411c1fe085b78f01c54064ed755888e8707f849f5983c8f207df1
step 7 7bfcc9a4ee71e1c3286b8a8ac3a25c21c614112adc365ab6642e62d07591510c
step 8 f57c9d3dbb011301d74f1185bce6ee2aa74b3492e3f4d1ee0b86769fc97daf24
step 9 0fda8c76bf69decf6009364a8a5536ceb5d45461ca5127bd09bf56f6ee808740
step 10 12c49200de3117f1a0742007d60fa5fad9d484ab4c0e4cd9b189e8eb1f3132ff
step 11 207216b2a8dfb7ac63999c4e9fea6fc42e63adb49c71fb3e752e83be46deb778
step 12 d1cd29460375745dcdcdb2480694ac4f6b7692ef8a68f145df17b3299718797a
step 13 a20f8ec86b0720f47eef3e07abc44e0972cb9c658e9c794fb32857d1e639fe83
step 14 032e5b8d23d8c669f3540169085b1d6a88554f5226b49f9fd14094764f4663bb
step 15 b991cf8d94752ef25f52fcc187ddbe953a0bf914459fe8ab0cd6f61757d3576c
step 16 de4e7dd233b4b5223da8558cb8ca4f1e8c0cc2c6e5e3e77194aed95e70ec3f5f
root de4e7dd233b4b5223da8558cb8ca4f1e8c0cc2c6e5e3e77194aed95e70ec3f5f
msg 4d12d611f03ef3f8c45147a5acaf40573a4e3d352913e2c237b24a47903fa460420850061899cbc7e008fdf401
get 1febe0a74b29975b bb9029
get 7c1ff29093954e6665475af7a68c692ca276051ed92f69 790ef7312d8e5b2273de4cd8f654e4f99232582d13690dca2b592263f12a0338eadb726f711c29ab
get 2cfd26832969b1de862e0d89f882c23817e5ac822f5e6f81f4e5c233cd6d857bdbfcc71a17e6ae2b96d1c2025583a16c48 null
get 8c 99cbc7e008
get 1febe0a64b29975b b90403c9094201cb51965653394db16bbfdf04089b1efb519cf7e087f8ffd027
get 2cfd26832969b1de862e0d89f882c23817e5ac822f5e6f81f4e5c233cd6d857bfbfcc71a17e6ae2b96d1c2025583a16c48 e344261db59a1bc6cae342b8042a97c96acbd8fd272fb7db5d66a11f0bd724e09917ce50515c09c09d766a0362b27f53c104784b08f2b4bd28bf9570b79f258b
end
case random-190
step 1 0f3a2169e43b518e7986a7bc0bb817f204c134eafb5a645e67caf9545f75db2d
step 2 56e81f171bcc55a6ff8345e692c0f86e5b48e01b996cadc001622fb5e363b421
step 3 b9d7d192a8755a690ff50326902757d6533b37f40f792e7aa56b78415f623be0
step 4 56e81f171bcc55a6ff8345e692c0f86e5b48e01b996cadc001622fb5e363b421
step 5 b9a8e6e5ab8974a03a97063a454132d48082409df0d054b7a1540a037068ef4d
step 6 56e81f171bcc55a6ff8345e692c0f86e5b48e01b996cadc001622fb5e363b421
step 7 947b1ce5c654b1a1cd8bdb0ee80c9c6aa6073697b85180c9155b6ebe5aea2c02
step 8 c02d235050ae650be3d06bd3fb6569dd247f3083eb188f94a842e4024790acd1
step 9 04ff9d25643841960d8f2055cb754df17f15cd71ff62395914510bcfb8790403
step 10 ca3e9043d71d2f8e1bc7bba0f29cacf796423c5a39e73fcdf50b64f46b44c127
step 11 f490301691c1bef4665a6e1660e8f70e8103d311219190ade3b50db75ac63250
step 12 6a985779f51f8b95f02cd4557cb32cbc98ba7c6c61aaff503e3cf55571201ae0
step 13 dac172b809efdcef7f6b6441486b0bba4207ba0b767d1ec231d051fe8657e10a
step 14 833a46a19e81668d287a20c0cb2de8201eaf3e5e397ac0dc5027a4f62a5bc11e
step 15 833a46a19e81668d287a20c0cb2de8201eaf3e5e397ac0dc5027a4f62a5bc11e
step 16 e66a6078717b04f903df109aed9edbd5321d44c3969185a41adf27c27eac2106
step 17 72d9df58d160cee2987b388ebfd04ac014b157f057bea221b670016a09ec96ac
root 72d9df58d160cee2987b388ebfd04ac014b157f057bea221b670016a09ec96ac
msg 4c169f019150280b5669c9e7b14bc8bd615a4eac057a3b74fa03a6fcfcac2ab9ce65d37fcf352dd6739e14bd6c75b79b25d675d46a62f8e4c82d25630d3e0ec679fde301
get - null
get 4a55860103ed7724c8b7b2aef4c5da3e67197dd3f5c18e2af8287a91d72b85bbecaea028ce2cea06253345bd29c70431e23a null
get 4eccd88efe0ed59e46cd9402905974ee2842efbb94a0713f6ec2878a12af06a2c988155280a5ef0cd24ecd48a0ade13b18 null
get 09a5f9b8b05bf18fcd2b42eb5eaa7588423feed5e6641af05c352daf1ac3a6ca233177856f7dae9a8c47fb030982eb4a82 a7c320c058acca1511ae3e39292b6f7d182f44d8611da6de34d5c684c24026c8e2d8cce8efc56833
get 8d4d1cab08f615a5b99071208eae6448f26bb3bda9da5290 c41df92f99e84a074cf1880ddf135941acb6665d4419f1505c3144e4ace9ef5a8e7cc2b2367c320539b30d7496d01b268a402747f5e9addf07f6d1c4948cb4cc64aa48ec1d2b163675b203124f85cc7784ff016491f2c9d49c476739c37b7189eaa9ed63
get 9f null
get 8d4d1cab08f615a5b9 null
get a69608f9f7d2005ab64e4532ee602681bbf980a34770 ff290a27d36ac81167ff64e2a569c2f30b63f6e2134dd9fe2ba0eaa81eae8f732706b2a4b93d02b221aa4ff2b45dade75952bb3357c3f6c9a67d836e466b397a
end
case random-191
step 1 14e4f57bd6fc8ff9adf42a752ee796ef6bf113d8ba4e7887e890f27fc0e24a59
step 2 14d5a571d4fc17a4042a9c1ba86e1dcd5ca9fa4a8d34224af71a9b5499ed8eb5
step 3 14d5a571d4fc17a4042a9c1ba86e1dcd5ca9fa4a8d34224af71a9b5499ed8eb5
step 4 14e4f57bd6fc8ff9adf42a752ee796ef6bf113d8ba4e7887e890f27fc0e24a59
step 5 f77a28a4e84c231e0ba7845a7cb25e30545c42705f0b75dd880d3469d0e04bd6
step 6 e1f127e950a2d8f03f9a57ba54c273705e53e044fd6674f80d9fea17b5bbfe7e
step 7 f66772638e491443ee873c7d0b6ee2f671b8fbd5781fe8471b2c28a9722aa6cf
step 8 fdc7ce15b72a039d86f70932a9f4ad299b5130e30e21262ae53a3f2394739ae8
step 9 03406887fbd38498020759542a78d59b3f01c5eb810a883eb88e567f3355adb7
step 10 a94b54362dc40ea54ca7c714e22b6d67331196914672627ba24683a87c27700f
step 11 d3202c67964b3cdfac2b57000eac6994ed51e36e20037e1408da008ee5fa4074
step 12 dfe9d84a9a711c5f92057c72ceebe0d18f67ff10ccde0e5f804a8b6f55f8754c
step 13 3e7be7f884c3a97efdb1cd151bc5ee51000ad00f8b08816ac4c4b44a84458a30
step 14 8b70682850a522da73514265a581b9e1f0152b80a7f6143a48718e20ac069dc7
step 15 7f28850ee22399b364369b521d8acef4f1ed4f617476c5c84e4b09014e94eb77
step 16 6f318b07f151b5e815839694260b448a9a2c2edf5fed1362a32820e4e34ce2b6
step 17 730d6345acf536911ab58c142d71e150aed8bfe707e126f1d25ef98a39d51a5c
step 18 05999cf8089065156bed58aebe1ef0d7db007b3b7c13d7799a127a4d9ae91337
root 05999cf8089065156bed58aebe1ef0d7db007b3b7c13d7799a127a4d9ae91337
msg 4cfad5155970c45c646280322cb28947283beae319bcde3b1860094bbc248dcd1f4a9f304f32269dd694d859b1c032543167926c7e6541f8ca692ec6d092a8de7ffdfc03
get 4e85ed62ab35ea7c05a92160bff2449380f2477e80 5f2b5987e86e0876501363a79fee36730483e5f3a24e0aa535e932aa1c00566c
get 4e856d62ab35ea7c05a92160bff2 null
get e5 5babc75c10f98a8ad920a1f51af4929ebe76dbf1d7f0419431b58ba180d99e64e82bb9987267f113b7f2f45577e02f5b8a0daab81d239deea89eaa843a721c077d9c09ddbb1558bd5645a477ce35da90c1aa7195050435c2852de2ce66f7185ce179ba03
get d55330745cb344 null
get f2397cea651571d7df1270804f7fd867e97a1b3f13d2a7176cd566d4d782076a55293fb7b655c2772020065e43fc3437fff9ce bc5206011d80e21de044918a631ce1f1369f6be69d44f1e3adb4a94451c4dcc592b0a9646708b38cf4c7ed0fe32ceb0ccc59e4b334642bef12609cbb3ad209308026cbce00808acefbe4c4b3f094c546d1315a7a12ff8456e4f53b08a9ae603015ca5449
get 95 2e7e512804c64d58937e6846f418fca9178c52bc0b3e6efee666a0854aa91a57357c09313a4548d2e10a17a917bd233e088d10bbd264b763464f8f64f3c8e62705526a223491b7139430836791e21d598eb768a318cb515ffd1ace1356fc0428004e8072a3e33a5ed1fb61413e25bdde8b67914ab22d85e2624d227cfae14fa0b4b7e0b1cbbbe76c89e85d64197a6c7427537da4157a5a15e404cb7d93c9339a8e3349517a1f93d9666ab2f269eba3a36d90812ed90b8f83ca77b8d8eecc9a71d5f59ed511edff323c6b85432fe122614c26d5e85a6952eafa7188a6aa9ff01b6df74ddc84e4ea50ec73b3faca19bf39e3c2aef14b6f018ee4128499b6bf9b0272
get 289daa762ee46713a5901f04622da417c950f8b9bad8728f58a0dde887a117e0ac7de374da67596f1526 3d6903e730c0fdc4e3c31d2d
get 95d3d6f0 5fef7ce26a872a0d9aa3d2cca37cc284c273caf4a83ea0da6afcf5afc9f0c8
get 289daa762ee46713a5901f04602da417c950f8b9bad8728f58a0dde887a117e0ac7de374da67596f1526 null
get a67201f187eb7b79c53077933a86ec26a550dc782ed8ff null
end
case random-192
step 1 f7f4a1d6a1bb03c3e0215957ef2daf9e8be1b2564f7b42a020f32adbf64777f3
step 2 56e81f171bcc55a6ff8345e692c0f86e5b48e01b996cadc001622fb5e363b421
step 3 18c4c3fd13eccbb55a3491b69016d3b70bc28b945613ef32e5304518eb89fce0
step 4 8ad45304464184d0e3d21cf606191c38f743d5cb90b32f06c3a6d53e8526262a
step 5 aea044f0e7543c6f7bd1951ab191f634d5b5f07e090e1fdf4c329eb48b79d180
step 6 90effb42bfbb65c1ec5e22018b23084ce2bb0f2746a330e861a18a17df4cc4f2
step 7 1faaab5a466baa042e0282b00740df6442ab8072d3c9576b9a5d6834a32227b9
root 1faaab5a466baa042e0282b00740df6442ab8072d3c9576b9a5d6834a32227b9
msg 4ca53197eca89c074682b4033a0e11820b248dc2269b1b65df153a49a9b975e4fa5f74acaae5ed4cc367eb5a3718f74387929144ccbac87e29b63f0155d551c59efd1301
get 9ccb674d4e592e4d8b52bdb476abd26f77e5844fda7195bfb13b797e77e07b35d9f6efbb4bcdfdbcba93b8a84c82befa89805e74cd11244df0971fb8a63800 null
get 724ac358d931dfe6467b368f805ff4de4caf2c6cf77ca686bfa1421666c6ce154b7912f4f08db11695 c6f21fb25f0fad72351b18b8e7cce195ae39e81ef2ea4ef9796e775393524eca49
get 1ce1ee15e807df9c3cc80dba6e794c035f57ea null
get e70efb14abfd2ee5d7b9b98aada91b111be0e6daca05411b8c0b74fe558143ad95066313f6690c1ad1dad4420d288b5b4f9438525b88f92fd2f43b51 9fb7d1db8524360f2bbe0beedddc4a4456ab203e52c7ba986db096672953990b45b83bd29e1296c4df8d94ed8bcac8ceb46c1f86523c750eda94287226bfe94b
end
case random-193
step 1 adb2ae376a3171103dbe0e48e3f735931dcd835f6b5012d107d40551999349e4
step 2 fc26733405feefa367b3a50fe6340f917f9b8132f685bd00b4c86ccc630ada87
step 3 640ffb1f90600ce02f2a3507ae3046996580df85062bb93d43c18c75779ad1ff
step 4 ce74edf722b502a7e63931b9b0141e066551dd96de5eb2aaad470ae17e74857b
step 5 768dc9230a19d4b0b88c8998ddd07b510ac6b55b965ee4ebaf41a51dfd6966ed
step 6 2ac96d14a70fd9fb165e5174b2dfab90e2cb9e5b850a522edb5d41356ab66346
step 7 e8dfaafd929f7091b3088682c0be41193d2fabb5f79e43d6412f13b0a5fa28c4
step 8 2570469f5ac4c27e24f2cccaec3e7ab62a3633108c6959b2469049ff4e9083aa
step 9 cda93b93e3c0d2c122e3271e5d77ecfc5cb5062a9e09f7ac005e7d5b0b710e3f
step 10 6689bbb6c98ef34237283547dac578013a95c97a97556be38c549c05c0619026
step 11 2f56392af265609fc95238cadcdf5bf71468e47bd00cf51e28fc3402ea4fb99d
step 12 fc8d7676c4b5365613882b112b9b59bb12daabb8be64d89ddfe356304b3ac9a3
root fc8d7676c4b5365613882b112b9b59bb12daabb8be64d89ddfe356304b3ac9a3
msg 4e09501e439be2503d01ff2df4392a2613a4f743bfa57244abe9a7b53bb364a48ef0108ef760c4fd4bb8f4fd4c02
get d98ba09f32a492fc69e95b910e58deb08aa620 569bcd66fd64963ae0c88ee3
get 975ee8e504715bb9fd18ed51160ed13d08b7926c2178399cec1c7dae2c1f9a26b173a449e33c610089d7eb5d360197fcbb null
get 21cdf128 3d01ff
get fd95c5d33c8637d23f277ab716b07d49a7e3a5319ddf4a4123ae3e08d02ae27ffcee8717c6dce8f7e94c752b04b65d2e187a3907b21f85bd7e230ba6 42db8c471599c637d582524e53fe26f1cbc3e0a07c7ca46ee1bbe6eabb88b28bd9
get cba1e0f95a0822f5d0debdb646b3d6899652083360c95b7ffbbdf93a8c12169a46c7dd3b6908beb02fd90b87bfe9d9cfac9586fc702d0e349fafbf3c2f 99f729
get d98ba09f32a492fc69e95b910c58deb08aa620 a765ebb07dfebc8adb0f364068f2d9761e7fa9b4bc342378567ff91f8185ad0f729f89dc386c9bcf67002f1a56b6dcd3cfdd3a6b171a0ee16c92223e8c35ef26ecf607b1e29a5bf5cb32f963563b23908beb72a35e6e8545e3456a1bebff4f4245cc4cc4
end
case random-194
step 1 afaca29c989323c27f73ae8b3d5b77eb800145a9557d1435c649c1b45e129f6a
step 2 81c274968e0c32b56bd92a913495f7ec2c7dfe3757ab501a10a34559b304a4ca
step 3 81c274968e0c32b56bd92a913495f7ec2c7dfe3757ab501a10a34559b304a4ca
step 4 afaca29c989323c27f73ae8b3d5b77eb800145a9557d1435c649c1b45e129f6a
step 5 c559c3e6b6dc8393494f04f6bb12e5d7eb615cc8e40978b998c128fdd5e35c98
step 6 7f296bcf1f073bfe37da1f91c260e908dc41d4ac4bc8778f410ae521a986c62c
step 7 3853bd5b59df311561a14937ab6626b096574783d6f494b6bb38572f1f1fa8b6
step 8 465ea2368fca5c1cf500cd9952b678a31b46c3d515a483678f58ca1a7b8943c3
step 9 9505802c056084220db20f8353d5273900fc107eaa22e062d538d49b04e6db1e
root 9505802c056084220db20f8353d5273900fc107eaa22e062d538d49b04e6db1e
msg 4e19501636b550bc6067977cb1913059e22dcb0c772ee3540150217ff825834efecfd4d369694e59acfe9c44239bf5f07ef97a17518d6f4d613e1950
get d96a null
get 0424b9500caff3a344ec6725de01b13958b7df60dc null
get f6ba1e2c6b06a73014b5fa189ea2886252f8d7b015a2734de608cac1dbed305b92b56c87d617d827797d3f0d397e3996 8414
get 1b5aa8 bc6067977cb1913059e22dcb0c772ee354015021
get d8ce3c62e32e83aa32a06a8348e20fd8590843c2d6ec23eeedf9c10632b13afeadcb4f0dff55dc87 null
end
case random-195
step 1 7332bb2903c53dae0d04000a3fbbf4a41b7f081b74d998ac28ed8a5dbbdc07d2
step 2 4b12d3f50d49bf3008ab3f3c172463d2930e2d6cba7049f6acfa8a82f7d94ae8
step 3 7332bb2903c53dae0d04000a3fbbf4a41b7f081b74d998ac28ed8a5dbbdc07d2
step 4 ca33ff265f772d8fd890fd8642ec1c5d3e8a5e112b5ba5ef44484ead72171a9c
step 5 9ead930f0d0334cc2e1e08aaa8fe6f7dbc95865f50dce4a28f8c721c7173a953
step 6 6d9b59c7111b1c42aa1d530d933316d357e8acfa44f6c0cf970c7f81c8c55f6e
step 7 f1c64e34e993316ba9e6879103969d8a2ece52ecb3aee767834a15c46749a03a
step 8 ca33ff265f772d8fd890fd8642ec1c5d3e8a5e112b5ba5ef44484ead72171a9c
step 9 86febc27fdf729624694f57f2f1beb5d3bb14238fc810f69962be93f9f697b06
step 10 13cc49b08f7f97e3aa0adcc016cd0cc4e0fe8d123f52c6cf7edfda1b01287738
step 11 b276e3b5e2e99bfcd5f038715ab38722667c159e6641a9766b6d68518d112a24
step 12 ffb5151e166e2ac36abcc47cbb8c79bd99c9b4a73d127cce2bfa7d442a4f0c4a
step 13 af18100bb6e24e3e99631f9bff9bd4b8ab79944141ec5ecbadd261fa4bfbeda8
step 14 c68e5befa10c60f4bc7d1cd83228db1aa70de59fb4f0d5d355627abd8a7e6937
step 15 af18100bb6e24e3e99631f9bff9bd4b8ab79944141ec5ecbadd261fa4bfbeda8
step 16 2508964cb5d7de099abffcdcff8c302505dad7b248cc93e216a8b93cfe127efe
root 2508964cb5d7de099abffcdcff8c302505dad7b248cc93e216a8b93cfe127efe
msg 4ccde04deb7871e8745d391460a986c4d504e5302874c80d6c8fb058cda088be8be247106e12ed6d4d0cb4a8c290ba7b686950dfc28156f67615065821eb10135efd1e01
get 0c null
get - null
get c5cb32ca52b3b64195fdb461a518f89cc62921001a3ebf6312c0b40b97ec0250a43aac3d410d4a6c63fd6245f6e1a6d2 4f
get 1540b155d557f65bc9d7c5518cc93275a3008e984235b607139df91af0fa498791670d63fe008c914628653bcae31ba9 b5cf50a546363cf6f72c09f032804d3d8c15e017e92e09e88917ba5c67d4a4d5
get 2c 17c28000361a6f3db0b488747fae49966e8e18cf
get 1540b155d557f65bc9d7c5518cc93275 dae38bd6527ae705c2cbb7ecfe5b3badb1dbdda978fd26b253039a470e1dad
end
case random-196
step 1 303131140081c538c143d3b2a8520e1351a775bad0260810051449e3c5bb3eb4
step 2 56e81f171bcc55a6ff8345e692c0f86e5b48e01b996cadc001622fb5e363b421
step 3 fe65237771c5c6487be0b1119d0c427c170359b88eab1ee26ce5a9194008451a
step 4 56e81f171bcc55a6ff8345e692c0f86e5b48e01b996cadc001622fb5e363b421
step 5 4850c7a1e5d61ee8003582d1874777df94fde8537c71f0e63a17d2c99d1057e4
root 4850c7a1e5d61ee8003582d1874777df94fde8537c71f0e63a17d2c99d1057e4
msg 70204ee7a4a9266c94744c9cb79e4dff98e4bee7714d47069022212415f392646b4a02ce906f6feb9dba101f72c4a381cdc489c59206000101
get 36786768eeab1687d28d2bfaf811009918e031a58fc8b3a77c2c309a4d4bf873d42e7432ec2108ebe5f42c52d84d3a8def09 null
get 4ee7a4a9266c94744c9cb79e4dff98e4bee7714d 346f11c3acd3afafea09ce151cca30db13f463a3cd13fcb2167aa102b06fe0d166689e04541edb7131586001fb4c5ddb3f47d41bed83fb0c35abc08def51fc75691af6153b561e57f4c197599fc7738d21a46bc799185d4dea022eddb9388c7c2c70e9d6dfeeda46d5b7bbd92707077aa3d72a8d4e6a8e16100f14618ee11aae3d9883ed42bbd300791af5e58acead55046673dbbc5ebeb7825b5b35ac1fccfb856bd6d02fbdb1027e07cc238a2c0f2d71959da4bba9c344831918df12510e31649be7781874b2fa6e4a4024840937baf989174f30bf83ca94c3301eba9d96044c838a5964d7a1ba2377cb70b91a0e43c03d38738fb82ad728133cb9b220496e60
end
case random-197
step 1 e9fc669c73713434c2a485bbd5828b5fadadc282098313df04dee98be3cade8d
step 2 56e81f171bcc55a6ff8345e692c0f86e5b48e01b996cadc001622fb5e363b421
step 3 227417eb1f928822cf090d0bea922ac1ff96ee5b174f8d1da3e542662a0afbe1
step 4 10918ff528a336327a636cc8fc0b667f0bb9cf136142dccc99b57fa4f7132554
step 5 227417eb1f928822cf090d0bea922ac1ff96ee5b174f8d1da3e542662a0afbe1
step 6 9c03ce0ff99f53991efb045b5b3e50c36bf3b096fe2e2ed24d25328c4387d52a
step 7 d9e76ae8cca17a6df886bece88374e45e42359f76f7b2a07dc9ce456132a320f
step 8 87e9c1517f0dee9ce3d5e75e50aff35c259856d2a2f205f48e086c97eb1f7517
step 9 5d86e3c3079b85ee5b5e34600a5c2646962e45c4a7132105ba6a479d688e8ca1
root 5d86e3c3079b85ee5b5e34600a5c2646962e45c4a7132105ba6a479d688e8ca1
msg 5e00800b50ff2650af257e34317b2a1656b667e2fc5b3bfed75dda24b77da0d22724bd2d219412b4a6e19496d3d52cd7
get 753262463e0344a4406da59aa369d8616ca016a0882f08 null
get 942bc95f0d null
get 8b4327520109329cf8d8466ecf6ac711a0869cb7a21e83393e5a20e52219f17305794cc4cdccfd9c2cc6bab4445162c5 null
get d9930eb2072122da626b20af984b83628913dbbcc7a3913dd81e68e7abf7743cbe345e6dec717af94a5e35969f1e32b5 f0ca1f6c8db967714b08664c29febd8340e0b19b13ccd5024fae83ecde3c2153
get 942bc95f8d 317b2a
get dd31d45b05a750e38b1733e5d1de08018dcc1a26 2926ebb8abc68e2563583f2f581e9f4108547481c2b738f0c8c08959357d45
end
case random-198
step 1 5cda1c1d1ac75da6b3c8971be3fde0ac199672d5a6850d911ca0806b68de5eeb
step 2 5b7cbbc661b4f29d34cac2deaab350897b9417f6b19564787c1d817f911ec3e6
step 3 030ba8fa49a6a35c235ba992f2a27080552de4ea1566cbe27e9f94c083cff2eb
step 4 793d2bb9bd67d7108c8319d4aa2de32653bfbd9cec072c902603f7af76385b23
step 5 7dfea4eef9b1dbdc2853e01a9cb6b3b8eae841fc8c723e85b165cc5ca74293d0
step 6 793d2bb9bd67d7108c8319d4aa2de32653bfbd9cec072c902603f7af76385b23
step 7 56e81f171bcc55a6ff8345e692c0f86e5b48e01b996cadc001622fb5e363b421
step 8 a49f467e99f3da06946df4c74940a47be12021d1bce595adf976fd682a5fd13e
step 9 00d5a68df3bc6f68fd39f6d5c27f24c0498d6c751e1a9f01b697d15b9ff57595
step 10 770ffce10d62aea95162ffac52d2227630c575892904455439bb06e192e1866c
step 11 358d019c2f8e0817e78cb65bbae0b1b7600cfa01c949baadcb8d15e6642f3384
step 12 a18a8e70f533b2ddac0dfe0375f2695ba74d93936773d64aabe60678e238bb22
step 13 0dd014d9e0c146cd400ffa348591c9c323126e59cd4c05e2e587994c2c9fb1a7
step 14 437f7e31d038c5a13658aae4b78ea075c86fc578830022c5b97453c7fae834ec
step 15 740a5f2b7caa9d9be95717ef9b4a64db690da9719bfe4f06ba0ed9f8381e3496
step 16 a9267314e0bcec6e55c85b4ed3558ecebd9a2203740632a09ad749e0c8599600
step 17 b911258c2b84c7c30c5a67e3f84211810be5633ea0852560cef2868d5e9229db
step 18 4f62f26c52e84382be171728656ded75d291ae62c3d4d7b6794486749f64ee99
step 19 4f62f26c52e84382be171728656ded75d291ae62c3d4d7b6794486749f64ee99
step 20 caf854f9f9e04c665d285816f16d17987434d8f899bfd8a4d321baab9e5846df
step 21 731564ffb0bd50529038adce69e010398287726141c8062fa976dbf6d6a633a5
step 22 ac7b1f1f2e1b3204f702b79a6c52bdfb7cb5c510ba6167a374b2ffc7243a580a
step 23 21905cca29700690b7d0604510e45f0e9e188a48fcbc3d17cd4b772b875b8595
root 21905cca29700690b7d0604510e45f0e9e188a48fcbc3d17cd4b772b875b8595
msg 4c08848922df88c60c7d40d5277343c63a0a2564c13ea62eb4c537bb7a851d4e3a910fd60e763c2a1e57c21a7dade9730a086548a8683ff790ae9b0dbe5a850bb5fda401
get bcdbbad0f294b7fad2b27f2e6f1b9d3e7bbef5a682b6b0d925ea3b83422b417a3813b20a341f429a5ac996129df6ff5e0683 08a2b3d3ded249330d61f30ae84d3480da6494df41eb40c46de221cfe70416cfd4f6
get 1f0065a1582e b152d3c2b283952c87ef72a8b87ed8821fe8fb4328aca5d7c6a25590f826c75e773b1f9fbfa71c7a2052701905d3e50ad4141cc9423dccd0a2f75f7563478261
get 1f006521582e 55dafc454d4864a9b4130c228cb1cfaf6feef7ab971f73753dfe0d733ff66c7814c0a3378ff7b7176415f3180ad20afc1ea8636abb7453d22bbe8e7f2f873cbe
get bedbbad0f294b7fad2b27f2e6f1b9d3e7bbef5a682b6b0d925ea3b83422b417a3813b20a341f429a5ac996129df6ff5e0683 null
end
case random-199
step 1 79a9da1d3e975793d5838567e48e61c0109e475951fcb100ee846c35045e5110
step 2 eb249f18737dde6c53517459a555b5b88e85fd8c458b41c9f710c575b07787c2
step 3 eb249f18737dde6c53517459a555b5b88e85fd8c458b41c9f710c575b07787c2
step 4 539b308d9805f5a8a36f22e49eba719dbd8b32921f6a5b8aafa761a02dfefc5c
step 5 c61349b10c77a789804b05714ab3d1872ec35e6412a5ee0f0dcbf1ffbd1a1a92
step 6 45ea5fafec925928ed2ba2ca484a0fa12d0f6dc3b0e62e79c305aa04a1c01463
step 7 cb2f56489dcc4c0afc18579084547838a95e7666c0c5568a2e47820f069ff237
root cb2f56489dcc4c0afc18579084547838a95e7666c0c5568a2e47820f069ff237
msg 4c0fb55b8311a47abf8341b424b27402648faf5c31cf6c0be7e1d6a2109d4ab7312b3e5cf605c987875198381f476b965ab1ab74fd239a53d620c2c9d4c565adbefd0201
get 621017689f217804ca57bdaa1b245883265bdfe36d8ecf 6497
get e7a045a627e06db9862c704e440286e05317cefa null
get e7a045a627e06db9842c704e440286e05317cefa null
get 239fffb328d7c78b7efbfaa59988eb2688891732ca19776d44423c3806280dfa16142f6cef3b223bd41190 69e5dbac2f12de74e95c0a33f982c8fddaf85f77980bfab777be75190eb7ad
get a730ffe1c76cb7c7f25ab0fa00d40b6308c5a9daf4ff55 9d0bc62af08f0aa08babee467cc2890dbf97d057f79bdc8922727201719a45ecda
end
case random-200
step 1 3c4c4eaf8c1736910c3b235e83b180ff283375048f16c88ec01f1faced02e757
step 2 56e81f171bcc55a6ff8345e692c0f86e5b48e01b996cadc001622fb5e363b421
step 3 27f242d12dc18da4f737d194088d41e953588c3b6601f51b3af9372c5759e87b
step 4 af296cd66524c8d3950a381354c7bc4a8ba10cec1b14757416d26587466c03c9
step 5 ad8e796036ca226c89494ea688c67f371d1810668d1a3fd3bbb55c00c4f4136f
step 6 07b336caabf2502caf8679469ca565ff804723151e02a098119a8f84e8d86a40
step 7 50dc438e24ed1daeb9d3f5b847f35da79fee6189b545123868cad3f336c1996f
step 8 4641d357d240cdeb87153fb5d965b51f8a4076d9a3d516e04b43b22d1d7c9df7
step 9 5e880054dd5ca458fb5f3b170d952a01c47e95a60cc66ae1da0ad39be27f5fa1
step 10 4d35303e9c964fc6801d878344c889be81eb1a22fbe6dfacdea996e2bf5cf150
step 11 adabb927b61126a2241de5f1186137c947ad1f462bd302fc1b8bde4fe5af77a8
step 12 e1e1ab1d018981edafc2ac3e230b04250da811a848c07a91cb1d5ca780bb1677
step 13 90e3ed0c9447b63fdbdf88b5af852948d9964ca6ef99a744c644d51b2aa9bdb0
step 14 fcfdc1343ebab1ff2537bcc36facf5ae85b320648e653af5fada7b891d29d7ce
step 15 cf66bbe1eed2f7d9ab08ce39a51fe0c4f2ab7df6d3e01f0115694f6f6c66e516
step 16 8d11d23d95a0ed41643c33d6a382001d5d4ec82edb1b4604229b0566c50c04ef
step 17 d6cc82e54940fb98b6ae716ac477c2e24587fcafe8219b0f35319146afc30016
step 18 a4a890c601c400e21d7b2294486c6f170174dbac4238d2a29bb0cff47fa7028b
root a4a890c601c400e21d7b2294486c6f170174dbac4238d2a29bb0cff47fa7028b
msg 4ce30d3bc5633ed423aa6c018cedbc6588e11eea70bfe16f6b8e33651bcf463c6ace46e8a8a05f067e72d03e48cdac3cb2c80769316816ea5b0c8e1c2341557363fdb204
get 43f2283b66 760d4d47dffe67a65d10975e8182279e97bc59e5ee9845b3f9cda71a441ff7
get bff64e6a95664f 1d794d21e4c3c22a11007177b93491f565c5722dbae2ea656971e9c832081c7cb8bdcf7c3421e04ca869cf72ccd6d84fd52ca8d0121f23a397bad89baace9b4d
get c32441334cd1d458b8dd215a4a706ad069942300fe d05caf6754fb6490a59bc581
get 88edbe24921c f399afa5d250e224f234288aa31c04df4d508893
get - null
get 244214fc518660f343db973a30b9aff76f6bd32719d9516bcd3571822b45b0d52fec99f14d5aea03724f22 ce269adeb967762651beede994420b0f1dcc39a1de3d234b149da43f7f24aeb9b3501a8aaa25c4e2c3c608f2dd68cc0783b70ac510fdb1285ac9793a2350cb70b5d716c7a9f52e5d2ee78c6ef99956eaff34e57902414750f5e6d3c43be4d91c219cc57f1f94fae7fc41726b5432a795a2cbae3a73c88ee9c505d032fd6b94dda8b1773e500a862d981c96e3472626ee1907d925ef49287ccf9350bf7841d2311bc8a5788b9478c0f64d944d25cf24ad6bf01d36283d3199171c9c026496ea4c0d77e584a28fb553ffe74980d0045275b9ee327c44867fc7d4420c4c6ef8922951b0a1f76acabe2994a39aee92b78a3e6acc3926b1c12db0b56349e33c1aaa13a7
get 88edbe24929c b10815b62143f98ffa4f6e04c8235672d378bca54e6fc2db309433078b3deee35704019d372bfdc2fc290240af8a820b8394ffab6d082f860a01896d850e446100aab227566c928affd0428f4a81a5e3cf2ef2564515dc8ffaeeb258ccd328e32b6674d25b18b7eefa5a9d1bf0e34eaa10b4666bb420f52a387e90bc5b3a2785a6f625592ee714bb3657fb4915985a220b4a460700c44a9c002e70c02718a160e8e05c36376df556e8d49ed87e94f780a281f1dbe86efd0deedeed40ac23799ba0d29b43a0ef7bbc592f01a17dc7d6486c7e3f99f6f807fe3eeb552e82191c698ce802bb55ace408997e4569538663b5fc45294e2948d051254bacaae7083370b1
get 244214fc518660f343db973a30b9aff76f6bd32719d9516bcd3571822b45b0d52fec99f14d7aea03724f22 544e
end
case random-201
step 1 05617378faf0bfe5135a18b4884b6ba387d394c7e423be3a869976c055459eb0
step 2 56e81f171bcc55a6ff8345e692c0f86e5b48e01b996cadc001622fb5e363b421
step 3 6a50211927797f6887bd9754877f2ee3497c6b4c938ce1f62bc3b1ceba9b0496
step 4 56e81f171bcc55a6ff8345e692c0f86e5b48e01b996cadc001622fb5e363b421
step 5 ee0c793e27966277952889325f7dc7767198e034f6f6a2c14b30cac40297abcb
step 6 56e81f171bcc55a6ff8345e692c0f86e5b48e01b996cadc001622fb5e363b421
step 7 ec77881cb60eef5d72ed460517aa7cf271f3a38c50bae5f5dc8bc39072589746
step 8 c25c3c7c5b87c6b1696c59c7b16d8d1fd46ffc02c56f5b3c6abfca0cb5877883
step 9 0b1c02916d6f67d5847f082de0b8f4772aeaf887c0ab0bad059f9245669edc29
step 10 3fe3a230e5b8d1f6cef3fe01a0c2a7ed7bfaa7f3bc57d96130d3c0893e02ad30
step 11 bee07eb179c1cf70a99c798ec274a0189617e3556e19241b6264a01ad0e06500
step 12 31826ee1d32780cc0f3cc7b8abb1b49d157e55d0dea0e6db440c51acbb014779
root 31826ee1d32780cc0f3cc7b8abb1b49d157e55d0dea0e6db440c51acbb014779
msg 4ce616954cea88ad695fc64f0d993fcd8ed19ad9445d98c1672046dc4de89c5806601a1ca9e631e63d00f9549bc6aecfc73be45619089f8273a6f67fe0b04901fbfd5e01
get ddd3de 8cb9
get abe0f2cd807c0b66522541e20c61e6bd26428af5 464e913d6302c2ffdc4a562e3b5559d081ffe53e
get 9a73 null
get 1a73 140817e515f0bf2fb36870e3e243f399fbbdd70b
get 6e998dfb4243f7f9b821298bb1818a7c27f8a5 c9dc627075f08fc7cba0919e21077aa374751075b21074683af4de9fecc7ced5
get abe0f2cd807c0b66522541e20c61e6fd26428af5 0b514ae75a9f47c2388bdbf3
get 8fa7cb 68
end
case random-202
step 1 61d92082deb7473ff89087c87221f8cc0ddfe32554dd38fbefaf1269d054c3a0
step 2 61d92082deb7473ff89087c87221f8cc0ddfe32554dd38fbefaf1269d054c3a0
step 3 56e81f171bcc55a6ff8345e692c0f86e5b48e01b996cadc001622fb5e363b421
step 4 685d0447af4be4958dcee71bf189329339ad549b2e2c65039bcaa2d4dc0b1ada
step 5 0e0994a22d3b06333f0412fff9577751f3efb5b690f8bb23c9c498b8eadfa52c
step 6 6ed619cda4871366622b466fd00c1bd11bc73d3796af8029732b40aeace35aa5
step 7 e0a21a7732b78cab19bfc793fefa6c93439e04cd973c6b5adc66bfaf5ede7ed0
step 8 b4a7b5dab957911256338460ad1615c509ef96902b2d195726d86fd62ceb9652
step 9 259ea34378b454d2d629e443aaf685708b64ab39cde171cf4559e89cf0eeae17
step 10 b1e8b14c1080fea933ac3620e977b56c0df388eb2bed509b13ea9dc62319e1dc
step 11 8760eb8ec8fd8cd3e460a0b0d630191418d1672792b51a9e03fb3b014b6fe29d
step 12 899ac338452ad0994e70ddb2991736b8bd458fcaf980895251d9c6d3bded3fb9
step 13 704e29899ed44e9d3dbed0a3d03878ab8492ace45756d1eece09598d68dcea8f
step 14 e37aeffb4f399bf033ca8125734284078d7d653ac7c4b6ab3e58875a9bdc4cf8
step 15 57ddca9e32cf60b5366f65df4d585bf7ec7b189ba57d40c9630edf17525f2ede
step 16 ccec0434bd87dd617f860f93ff1beaa07ba36536843052f06e1239c850acbdef
step 17 8e60908f67e15b150d93dffce429264dce478ca2493e2c972d7dbf2532e0e74b
step 18 949ce3c9fafb396e64f4b403e617885bb0a11024d22d147a8a3e483a742abcaa
step 19 d82ddac65075fdb080418b73997ef1ec16948da247951670668bb6084ae2b9bc
step 20 21e1179aee5b5f68249daf3479bbd4d3451d09ede3909b7f471cc7cdb8b0aa12
step 21 af9c445386f59204f5d5e69f4c5acea36cf6478a00f3bd3279b54fae564fa2f0
step 22 a319bc525399de4737ffb0266b31405c434df850dfaf41663f92554010d4510a
step 23 fb54538e27ae56b2c5337b7c66662f6c60e0d2417f57b5505e1c77775a362bf4
step 24 136a7d870e7c733ec65b3a6c4b91651c41b3550ded9da95942f304b8510eb17f
root 136a7d870e7c733ec65b3a6c4b91651c41b3550ded9da95942f304b8510eb17f
msg 4cc8f659ac6108f90d025133c9eef55bdd62b8b62f01156a9f49c2dea8b78b2f32a36524596069278a312088b024dbd989253d27c4027cc105880fb554a773a1bbfd6d01
get 7b19 e7e5d06f0c57d9542ee60b1d
get 5b8071 null
get 68a85b1aede2 3d1819edfe
get f876ac3ce40d2242350b604e0fcb307351da6951685130 75b47aa761302b610abbb1defff9c21e01a655ce48f33372d25c45a850a0608a8ba0
get 07982a46ba1853bbce66ddfc54953bfd66f08b9340d2be18 8a32649cef30a175c08ceff29a8cf228aa4da1b2aa29f2900a88f2585c78acde2c
get 7368 d1
end
case random-203
step 1 4e82dbb0884124b63e0016c1e5bfffc7e09ebcee66378b1d0da113b09c9d3e17
step 2 2bde8ffa0c40c1eb98ad38d40dbcdeba58a4b6ebd21ff507b42302560c9a3c64
step 3 da30ca4f456267bdc4d8360d6ff536b7af3ee970be9c0036bb6616baa303d077
step 4 b6ee54405148c38c592a451ee26917c2e9beb9e18eec7f757eb07198a6d95c26
step 5 d7fc177b71a3adfa009a91d419f52c96b7473e23d20e908ced15c472bfac4ec4
step 6 2762c5f685a032482f6fb83f7cb38eaa73e099a4f67790160997cc102acd09df
step 7 72b6556135c21f5b3e66f63db278a832ce106233b256fc2329eac1e6743b7727
step 8 3be270057ab6b306fc647c685dbaecca6fdd122b35f55db7abd3c3b7d7a74a9f
step 9 bb7842afcb44cffc4a57adb323660164ac11e43e04af96c0a72a3d8add9c5f50
step 10 583275ca7222cf666de0a01338e4181f522caa484fbcf3845e358423f782245b
root 583275ca7222cf666de0a01338e4181f522caa484fbcf3845e358423f782245b
msg 4cab5ee5622163fa3dad437e01e259ea54d1fbae3a305212344d6b8554e17bbe7a5934e8712282b04d2200938b27474ed77820f98fd66a14d91d40919ef5fc437afd4103
get be139370c067d69e5e3c13525e491a439c8de9581022 9e77c192e2e343da63e39220
get ab1c 9557
get 5079e1d6415cb7f66b116020278e55c054687f8200da null
get 0928ad9b5aec7ea5bd460d0d0bf95af39baf39acb03ddbaf5bf12049ca1426c298b4893e67e541450eaeaa1ecf57979c87e5 72faa4aea7de86ceeb1cef4684e322eb03ba0933c71e04f4c0a84b2f250dc7
get a2c95012be3a8d96142f70ba07fb 09636cccab1f0e849b12543939fa4753e49f9f43ba5d4f44d79c169f90ab04d1604aeec7bb95badb
get 4f44e4e1f189042b4320e7d8cbc54105e2312b5a16c1de820ad4b952504a06699fb45819 9b5069b48bf2ac61062742b40662d7312296b2d56ad743203ed5c32ab19b609c967c
get a2c95012be3a8d96142f70ba07fb364756ea9126c434 d1c968c9e964edef7a5ed82bd4c85a5709af31ae76c8e9288f11e859653599d0f6d2e990c3195ce152ee2083244d835b45b9ec105becf6c22230fb1ed5e72992
get 4f44e4e1f189042b4320e7d8cbc54105e2312b5a16c1de820ad4b952504a06699fb458194cbdad30dc96f3a5e4d88d014c5b800e56911b1bc52ab2a069cc1a 9caa4433f905929cab3ceef06fc950680068d98d67a8749e65ae4ce86f1ce4d2
get ace3c04fcefac69fec7c26e79b44e2a472fa641e91 04
end
case random-204
step 1 69fc16b9aae7400a5901f664b83b5151a6686b8bc1a6a79effeeeef45d766890
step 2 56e81f171bcc55a6ff8345e692c0f86e5b48e01b996cadc001622fb5e363b421
step 3 9597b8ef0df86c829bc52bdc67963a24ea2f1a1bb192fc1a953aa9fbcf5d9afe
step 4 375ebd55cb17b4b4865d805f33a8253d596b14bd665dae990e02fca91d654055
step 5 57429363255dd858d373a08c6ed0c5e062321be1af836966b60d49cf75e589c6
step 6 071144c6a5d1e2e27cb2ee689cd75642d3f15b41c5e9c86f20acf3bfb2b7f5d2
step 7 375ebd55cb17b4b4865d805f33a8253d596b14bd665dae990e02fca91d654055
step 8 9597b8ef0df86c829bc52bdc67963a24ea2f1a1bb192fc1a953aa9fbcf5d9afe
step 9 6aae9e936d83ec4b6e3ef8c4ceda47a7b87ab255da1c27051b9ab15509f6cff5
step 10 f6b721499c9688d5e1e59f998b59251f722f537be1ba2318f975544f167eeb83
step 11 8f2c5e89cad74d6cc09e5314ca77e1a29a5d789669e80e32fd4d39301cd27dd8
step 12 16a130abf24dbad7314f0d668344dcdddd24045c4fc68d85dc66b6ce195daf2e
step 13 16a130abf24dbad7314f0d668344dcdddd24045c4fc68d85dc66b6ce195daf2e
root 16a130abf24dbad7314f0d668344dcdddd24045c4fc68d85dc66b6ce195daf2e
msg 4c9b3d9d8d27f7e8e5a118e113b62531ca5e924646edfafad43deda238804197bd8a4365e071d5ba9a34e31bd8bcee56301dc95ac303f7a9bc8a773b148100c4a3bd
get 3f86b170491bea863e438c76569f69edacb083438d24b108fe87d864c747e50357d63b911a9948dabaa385 null
get bbb6bd5843be1420527430afcfd9d72ee52748f9f5233973 7d8bf983982804d03c3b58dbdbf56c50f08708715e25d883d1b2cdb524b934
get 7a95 null
get bcde084e null
get 787b9d0ea13f null
get 58de7d46e428 40b1f863f82b2fb717a212d71683d704e6f8c16c82606c65fe5093bb053970e9384b
get 58de7d46e438 65d2
get a6914b0bbf6cff76f8eb6cd00203ca587e3dacb0084ccb9d8d526e2f95243faa9b0b93cb2b24563239156284017d77aa966fb49a3b72dcac995a2bf1d171bf null
end
case random-205
step 1 881aa06cc3385322e21e4cfbe62403904c9435f4434431a8a331e001bb65c422
step 2 6a72685b95dc64a90349eedeefaf4ab9a1ddeb767383ad6f620c761d65f713a8
step 3 f24b2016d96b07089e092295296fc35270b31b61c4767c1d16b6eb4e45f899c3
step 4 9716192a0d50cada080c9b1dafc053a9a935fa6c805b5c0b8bf04b558dbf2ee7
step 5 f557fe13dbe8ccb5a8206fc12f4e710ca11d7165f3e7c45b0d30315dd10c766f
step 6 ffffc210e35544b0c1bb00a1b59b1c0791bd5256faf10aa9963b81a3d99319e3
step 7 130696b7feac925f2d100f55360764e7eb37db0d0604381232abde4f024139c2
step 8 56e81f171bcc55a6ff8345e692c0f86e5b48e01b996cadc001622fb5e363b421
step 9 4b75a44d31bbf6da4e07447c79b0a85a8f9ad104a755d706978b862201acd2ee
step 10 1a787faa29a414700e18b0602efbb175e9850ec6218e28f17f89122104f9b15e
step 11 51be8beb19f140736f23d8bfa8b20c143302f0f4e481be2e070e9455a679dcd2
step 12 14cd9ec32b9b3b2f8410ec57901499d4bbef1c28f25307178c47b552dcfc38ba
step 13 287e1a336576a51a6471988890a2bc9a33376ee0e1eed75f2cb15b1b5d9ce0ce
step 14 9a50379d84456008307230e533e762ea1b28bd0b1130f4228136994e92e94055
step 15 6bfb80b42e756451df3a80f61e7089c0484bdd02c03a4a0d7745a728655d756c
step 16 0e3cbdf8922daf253b4ccde4b6215871c9b7d77cdef884cae5f220ca4400449e
step 17 5d2f2e37416e696cc538fecd6f9e30d68e60bbc1e507313de7a296a3779d1a7b
step 18 e1a69cf69e3bdbbccb61e7fcfccd646501e24e9a86144b6c44a709c4e1057375
step 19 19cfbdc0b0c35a7e806c55c9d0a9531a35e30fab132626a3ee94638d2fa85c5f
step 20 94cac3481c0071775e4a73b0daaaa449e28344ee47a29f5cc17832747bf67c93
step 21 a1e4c3cf34d6ab5867d84a933b5402692c1e2b26c83a545b6ec401f5e1233c86
step 22 ec7b86c061411a6e58b6139238ce79cfd7460255e9072f759dfd1a383f1c46bf
step 23 dc25759ac3b4fd3d619a0aaea5670d5318a86f18c60b9375653c111f4ca02641
root dc25759ac3b4fd3d619a0aaea5670d5318a86f18c60b9375653c111f4ca02641
msg 4cd92b12ce534d9e3dfa6aa99b77bee8e7641a31740196a6a3a28ac2f81844472b183f340660dd4194784b35a08e692515d471279a84c7149b439b549b81383a23ea
get 89fb618a5d89738caf36358afa81e21ab2f036401c3a228e3d766ba91f6cc569927f3b891272bb657cbd15bf986562845dc5bdd677978e8e00b622b23f fc400ba35356c4785b0c351b21a7088b001e4a09
get 89fb618a5d89738caf36358afa81e21ab2f036401c3a228e3d766ba91f6cc569927f3b891272bb657cbd15bf986562945dc5bdd677978e8e00b622b23f 8e73
get 53df40cdea6cbfe9c5aad04505f7ad2c97e2b0db4e62798666cc14e592b9f4cd1896b2fd9632eecb99a0521a204761c9825a8421f1ad589b351e88cf1c8d d1b5
end
case random-206
step 1 25f5ca007962d6d1f8f2b003828c704603b1c74e6b3ab0477b2381187acbcd35
step 2 15fa2c2c300e6761efb864c13f91c70a77e1fe146f80532eed77440e570248b4
step 3 5d7ebcc19fb54c9c30a42d53a0fa39bf0bb0b8ba9267f5841e4f21131aed3f5f
root 5d7ebcc19fb54c9c30a42d53a0fa39bf0bb0b8ba9267f5841e4f21131aed3f5f
msg 4e075016dd9e54ebec3b4849232a345d053c1876ae79a660083de412174b4f5d242029255694999ff3c2
get d0019183 69978253b1e4564f928c273146c2527370386b62b59fd1f48d1f09e75fd7a75c72ac
get 6ecf2a ebec
get d0019183b0 5007a3ca9f5879a440d1f6b48bb54e7e38736c467deec77e65c60e2453cc96a95982
end
case random-207
step 1 612df06d8df2a829aacd5c41bd29ff8d0a3f18f9770f29bdeff61f6a32e8d195
step 2 612df06d8df2a829aacd5c41bd29ff8d0a3f18f9770f29bdeff61f6a32e8d195
step 3 56e81f171bcc55a6ff8345e692c0f86e5b48e01b996cadc001622fb5e363b421
step 4 4563dce32b297a62fedbe3e3b79bfa107f6eba924f3e7bb9de214066f075011e
step 5 ba00e51bd9192c0fe56e601c8c243fdb464b004d49083ab5098c45a17cbf93f4
step 6 410b43253f6990b4c61664c3ec30ee9f83b3efe1f27fe272e6089a3bfbde8f0e
step 7 56e81f171bcc55a6ff8345e692c0f86e5b48e01b996cadc001622fb5e363b421
step 8 55903303f0464773178e1a2c41248615e891d37cf657936310c33d1ccf73db47
step 9 56e81f171bcc55a6ff8345e692c0f86e5b48e01b996cadc001622fb5e363b421
step 10 925bf5695db133cdf08a8a4cbed3f9674d5e078982a7de9bb56d06ca8e070ed3
step 11 5d642bb853b8f4b334c75421459ccc67d9a215281ee39244bc34edf914874f1b
root 5d642bb853b8f4b334c75421459ccc67d9a215281ee39244bc34edf914874f1b
msg 5d0000b5719b998a4a8cda8c162f56d40d30b8b3e43453a5f0ba46576cbc809b567ce41450ff261a3910ff444ec409fb1c83a6bcf4c2eb32fd4f01
get a7e6ff211c4a5f0c94369cb8b710cdac878d1cd5ec null
get 35029bdfb701aed3ec50221ec5ac5fa433aa9a4e16 be6ad190320c1ebbeef4db6167f163462c27e4323ed524bacec5d60d3d40dfe2dcaea3d9fc51f9d37ba2289795afe519e9cfd894054ee81c0c0cdc2d8b6a227aa5e1ed7dc785067011bad74106a680b55e4e410ecada38620d236b57446eb573256c2aeee6835a3a250122143a27cd59ee827bd73635f9b49593fd29cf4f94d7893cf16d40b54df3856753b302764435805632f58105bebb9d9ef9ceed2f1618617a00a8fa1922fa8887c54913663b0d68a6f671a3cacd08b1ae19cc684049947cac1f579b80e70de1c275de3db6e3de0e77fa926b207940238ddaa6b7deabdcf40293f743a8e337669493b4f4c9cf4c27ffdd6c7efcfd225e3f6b357412335296
get 3565a687a46f52b1f44892cdfd249b900fab459264 null
get a59a08d946eb603662d8105e067225a37fbed8bfc9b18d59badc1e7c790c1a50c7c62e2d3b921390d4e6 null
get - null
get 468e443fd1 4ec409fb1c83a6bcf4c2eb32
end
case random-208
step 1 2c6d001ddde78c450ed637e42fa2fcdf1a19e0f8cb7ecbcc4dda907b6d056b50
step 2 04a2889edcea2914745c13dfc0a4728b8d0105e103334aacb111169e36cc91d6
step 3 8f7df0d3d3e4b545387c48130e1cd019a18d8b82d4bcba95dad09d4d02605d5b
root 8f7df0d3d3e4b545387c48130e1cd019a18d8b82d4bcba95dad09d4d02605d5b
msg 5e0000267005d83d8774ba1abeae8b6195cc0edd13b6d0ae96df2d4a03b2b00d8853464d20986e000022bc66a9a5e45116e28be7477de1995110d2158fef9460c94438eff1c8a4ee7cedfd3201
get 36 b3e129dd83e61e1a433073cd4fbe99167c59bc5b9cd64e90230eeff18c23a139a70f
get 67830b5da32e54c39e9be653cdf9e5ac6c2b902e06c911e950cc120ca4a5d525aec5d19ae0d1ff709a90a9ee1c7c49dd8e8636138da42890b42846e818 08a84b8dde1fdb9f986f312f
get 6c1ad27c90 cd1f0803fc4b9e168f451f3f29346e017359a9f3347f8ee6ec5ab1568c544813cf
end
case random-209
step 1 bc0397de3547342f21699dcc31aa3494d66a9b7455ff24247dd0f8b391cfab70
step 2 8beb858f181d955b7563cb98df51282afd440c68763148477d037d14de3f10ad
step 3 a96e3eeb4c485a7c4fcd56a3e7585dd2087fa45f40b8cf10d033849dac86159f
step 4 8fa5eacd972d4dfe6212f84bf197574263c71221d26cb23ede94e8844fb201d9
step 5 bc0397de3547342f21699dcc31aa3494d66a9b7455ff24247dd0f8b391cfab70
step 6 e9fcf40e9c83cb1e2d1a9be0c4a372465b4df71fc63a0820e15c3cd2d797fd95
step 7 bc0397de3547342f21699dcc31aa3494d66a9b7455ff24247dd0f8b391cfab70
step 8 56e81f171bcc55a6ff8345e692c0f86e5b48e01b996cadc001622fb5e363b421
step 9 be806fc8fe9ad0a91b3c870383a4195bb2a28919bb6eea0e279628474208d4f9
step 10 be806fc8fe9ad0a91b3c870383a4195bb2a28919bb6eea0e279628474208d4f9
root be806fc8fe9ad0a91b3c870383a4195bb2a28919bb6eea0e279628474208d4f9
msg 70c0c009ff81f1e48d1851f886230fd4ae9c14ecb45eaddc5a089989bb951c9fc24812d0373e5f8cba747c03ac6032436f315ad1bef0339275bac7b0cfe95ec642a6a2dd173247da9051000021
get c009ff81f1e48d1851f886230fd4ae9c14ecb45eaddc5a089989bb951c9fc24812d0373e5f8cba74506a4555e9e5289b1859f9c15b2d71244e407765 null
get - null
get 767d null
get c009ff81f1e48d1851f886230fd4ae9c14ecb45eaddc5a089989bb951c9fc24812d0373e5f8cba74 9d221c8d23ce782243a672b3cd17a55cd4e4bd2d71345a28e24bad3e11712537db
get fe null
end
case random-210
step 1 21a30e79937d6141757bf61929ef3319238b1bc3d932c873a0bb5626348359e8
step 2 21a30e79937d6141757bf61929ef3319238b1bc3d932c873a0bb5626348359e8
step 3 d39cf45c8e60ed341e19ee39f3826ee756bbaa159165fae686962074c5858e3a
root d39cf45c8e60ed341e19ee39f3826ee756bbaa159165fae686962074c5858e3a
msg 5c0260023ed8ad776735f9ddd15f011e56302cba19064be06e5af4cf45cbe3ddd95786a79766d14f55fc692b0b1c988ab70be92f84586fe30e02536d2091a73755cbaad6
get 6dc2bfb31f6ff9132d2c437b2b25bdff7e29e46682f62d33eb2785f903c28cd4f41a13983ea86f80409214 ec26f1df9b02668944c1bd9d9797bc964e39bba8cad5f90060557d26b0ac55a8e7
get f7c148 null
get 78fa6279a592e2767ba92fe06c4691a2ccbdaf14595c213a 0a7477ac05c51833db5a09a4ae67c683d9337de251b45685d6d2cc2aa844d65fc92ba5a3bd12d1ee
end
case random-211
step 1 9361eef5804e4e34c7893cb19d888056fb07a47de8b920ecbcc8899966aeaca1
step 2 62d77a3d970985a0ea33f352a4b0837449df08544e6e8c2a055ed70d4b114c65
step 3 4f499224211b1513dab7f1a3e00215827e8f349a722a82dae7e32e66d4daa7bb
step 4 780e2b6ce17ab4f0b6e95788736e01d32485b60a943e08629f26e81807de2fa2
step 5 9361eef5804e4e34c7893cb19d888056fb07a47de8b920ecbcc8899966aeaca1
step 6 ab2f28bda26503172da789139e8499c01159e2b2321b6051a1aa8d76a0abac99
step 7 d04a3a2e85a0ab8bd48832581063977225a5017efea876904694a4b8b9339ead
step 8 ed27f30bb751f38ff4c6212cf48100a423765e592429839511dec3b934706e63
step 9 904d9eff851574e93dfad80a718bda19d5ecd90c724985273bfe3a5c8c229b64
step 10 a488ccfede8c31f8492db9e2b3c53999fd6aba3fd37cec831ccab63601c60e64
step 11 c4331e99751a37eff1f7ad2df44a2d3808e737be2208eefd3dcf3c21d87af5c1
step 12 5bd49000b78814b7d48e5be6c67c9d0d29bc04ebb1ac796c3caf231c61e8bdca
step 13 2b97381d410c3d4f7474195796365206be30a65e6f9f687fac0c5c20a698a0e8
root 2b97381d410c3d4f7474195796365206be30a65e6f9f687fac0c5c20a698a0e8
msg 4c1bfd410ac3ab7f0d4d728434ecc230d785139bfa6310a1656c7ca61901376da40b3d317904f4edc1e62b780d1bb3e1a8e191ca8e943d0d2abc433968a528fe08fdf001
get 122e a92680c6a183fa0e3499ccd53359ccc0166d96fb
get c65b512cb1779cd4f1441c710d6640ba52a2f1829b570176f93bd69cf78cd8fc802c951dcd null
get 09457f18ff493b851a26aec6b3aadc9525ff6eceb37cccefcf0fc5613e5c5dc4271a90c0b1e13dc000d63a 322c3ac89e62a690eea9ebb37391e9d504bb3bc4af8291235f46adb4a392f565c4ef6c1e2486a1f2578b39a9d83879137dc253c26e47c61e2662225d20a0595c076195761c2d99f83d2c999e85123c490e475aae082d1e935ddf2c2034898997d465b37e
get 52 aec369bcd6cbcd3b0f6458d690f80df5415195c33112d9e728ed9a7a4cd205526f63b0c6d3a60a47
get c65b512cb1779cd4f1441c710d6640ba52a2f1829b570176f93bd69cf78cd8fc802c951dcd971d0b302e47cf915cab488d163d1d6e1a039ba54a0398cb acd6d0e9243581f74ae16a7a
end
case random-212
step 1 253521306ed23ba5fe64b3a233398ecd3b6a61e7b9287aa0e4523cccce2b8864
step 2 253521306ed23ba5fe64b3a233398ecd3b6a61e7b9287aa0e4523cccce2b8864
step 3 c3aad0413acc92b2fe53f01e7e49cba43b59e6424d4333a2d3cf02daeb5d92dc
step 4 227945699b7ace2d2345621114ddce9c5ff2af0022074c3e9843d3968612a58f
step 5 5435419f8713d933478c1e21e763ad77dde8e6388314a13e6f182d7dca22db00
step 6 d1525b7d6dfbb9d3da6b831834479dbeea0e336aa62ffc5c5e77b45224b8627d
step 7 a2a7ede782c56c1760c044b4570d108953275898ab46176adcf8d1707efd673d
step 8 4624dd43ddfeab151a443b5bff11dda6416418e8c5283e6854d2bb1a551f6d41
step 9 73c3247b1af543443c9e4e825624bc283ee72d0dc0a93480ebe015594dbfdf53
step 10 18b11939964ddbd6d0a4473e1034f2d0d37bef5431f656786b8271ea000ded8e
step 11 21328736cb475e09b9d5c7b865565eb5b1d4b68d8e766f30e5aee63d431dd7a6
root 21328736cb475e09b9d5c7b865565eb5b1d4b68d8e766f30e5aee63d431dd7a6
msg 4c1bbed0f6d16a0d61ef304842603ac80abbb1dfd96c0a83bbb1dc9e93b571451462f970e923ad319138415107413f9dab8b740c88b018b4ea319b510b79fe67c6fde4014bf3079993cc565f06266407c90901d70abc4db2121e2acbe185f05e89cecd80
get - 4bf3079993cc565f06266407c90901d70abc4db2121e2acbe185f05e89cecd80
get 11 null
get 1f0a30a9df9d 7e83
get 580294e2b3e7dc315fd0a001bc2146e6f217a1247924 b8d2b5c566319aca3e47c1587f07c889ce9f38c40e251182bcb51ac3b43953140b9c8f90d1bdd81a
get 580294e2b3e7dc315fd0a001bc2166e6f217a1247924 812fa2225e824e5423414b57f20d57258487d4f877d8ca66ebaaeb396c785c8b02
get 9de88492766bf752faf613df9984a38c59dc7f265ed7df1b8daba233d5202df3c5e6f34c888fba6f30 9cdc6e2a409fa2b9cda1c48d8a26d00b551cbbf6ac869f25391b36a2e8b6ceb0dffcc2b1c109ca2c799850284285713d2f83d64cf15303bfabe2641f07e8e85aac825b6fd1501ac2cc1f5c497dc3cd9de9e2bf4eca34e53fa8b39e49207a2bd91b694b73
get 26 null
end
case random-213
step 1 96ba908d4608c144bb8bfd5ba3239c01c2cf6d6989893f048ad8971422f35c73
step 2 89ba170cba1144309d5b6f04fde618a4310ea5a919418c69995c6cb904e63893
step 3 e0b1cd79efd687ff647e06b6f10c35dfd979fcc011ccaff1b7d7fada749f0545
step 4 338114932e3e3570a2216335a0749d2b2bb7ccb09c3eb2753b97d4faae6cced7
step 5 0ab53fb10944972c61bcf74d9e8d5c06dc5d79ee958ca64f9e92a1ec804d6a4b
step 6 56e81f171bcc55a6ff8345e692c0f86e5b48e01b996cadc001622fb5e363b421
step 7 fac5ad2cd04286efd7cc6a1cea8590715b2f6a11876217d63ae836c431e4448b
step 8 56e81f171bcc55a6ff8345e692c0f86e5b48e01b996cadc001622fb5e363b421
step 9 a36887ac7f8985a24cac9a2beeed4890c21ff48cd97d512e24a6ea091c531a26
step 10 554655463ad3c61178701d272f39851d13e5b30641c5f68dd92600813a324dee
step 11 90c1bacc4fb4692b8e114effa45f43d8c5cef4f07c09b9a5f1791bb2e46084ed
step 12 fd31a52b149c2731e742254676c9cc6ebbb761e87b4db5b8e0e694eb229c4c3b
step 13 fd31a52b149c2731e742254676c9cc6ebbb761e87b4db5b8e0e694eb229c4c3b
root fd31a52b149c2731e742254676c9cc6ebbb761e87b4db5b8e0e694eb229c4c3b
msg 5c01c0275248bffd9f16aad11c0235246e2ebb9f8a702ed065b849194e4bba33c8930e30fb8f6a85b8e9546aea3f1d1f00b42ab78ec5f323840e9608bf4c3225a9eb5ffdf601
get 363c2296a80a92aa4f892dcd1b800aaefbe41013c6405b57970f108cb6327c3787f11b1fce4d827e7ff1 null
get e2fdbfb2299d5c237ca47955de3b00df465e7e596169b88ad5088f7d1a960e6d4f4cd80da5fa83554473ae3cd33b3317 f942b83d7a60d479d30a3b6f42cd8f291594cf36e186b156d788926745f5ba482b45221f41b2d1e10a23c7c7fe7646f4f6a6a890ca634eb6b5a8cf5902bc2e969d2289e30770acff7de49927141d5ce16ea4bd94a5936c9506aa395839567e651ea6aa8d
get 363c2296a80a92aa4f892dcd1b800aaefbe41013c6405b53970f108cb6327c3787f11b1fce4d827e7ff1 null
get 50674819680b96731a9d0de43be1aa146189aa96e74de7b01ca33278001a73f589ab19ece31adbcc17b79ad9d6166c8703 null
get c2888757066619985153009ba1fe9ec206c3d0782d3e4d 70bbc7f8c50cd2b4fa2d2e14e2e2f5781d7eed9c61b40bab68f8b69ac6e63288e5e3d930c73d566cac0323e2aa39e00d4488342c2f374362f229e46e438296e65615c5d23b09dc969da5b42ce19dd8f48bc90bee0a4c069a821ee12960885e4cca4d47d4bf309cd8898fe2f529ef3713dab18a0aa5aed894c2b2a4068e605b08f58419d9b124488f8a22d2eb8fa36a0f23316f8bcd931b72d95ef0e0d13cd8a1b13bfdd57020ca5f6ddc1b0edc8bf47d33c84517e2f730b3e9845591bc7ab370d79cf3a18620891b3b48ed95a34bc61d2ccb8a94a89026985799871e361264da609936ab5e2b9bf173db2bc2fa9ccfa942d0a87d8454951cd318f9c0d5d6d27c7b
get e2fdbfb2299d5c237ca47955de3b00df465e7e596129b88ad5088f7d1a960e6d4f4cd80da5fa83554473ae3cd33b3317 null
end
case random-214
step 1 8f9ba68113e73e6d9b6c5603245fa177c8d55694028af159acc19ffd5d635a21
step 2 42b7c5590d74b6d27ea44ed8e078bd09be0321b334c6e2826018bdb5cdb9e1d9
step 3 8f9ba68113e73e6d9b6c5603245fa177c8d55694028af159acc19ffd5d635a21
step 4 f2c803b5370408d5686bebf424f056b81c20aaf8b5bd5deafde291e96f82e968
step 5 8f9ba68113e73e6d9b6c5603245fa177c8d55694028af159acc19ffd5d635a21
step 6 5de65021dc9af3d20d4c8c47e45056dcb573ad8e86f88015341d156bc5854569
step 7 5837dcc01ee7ae40e5fa0178162c2053670b1381327cf1e1c133db8ed4595c53
root 5837dcc01ee7ae40e5fa0178162c2053670b1381327cf1e1c133db8ed4595c53
msg 5f000010500deac4c9eef44492c8b377f53215de2450155d180080dd68a03af019a541c4a0c3d1bfba9fd72c83a4c2b99febbb6bbb129efdef34
get 574600 80dd68a03af019a541c4a0c3d1bfba9fd72c83a4c2b99febbb6bbb129efdef
get 2178df26d262 null
get 2170df26d262 null
get 3ab1 c9eef44492c8b377f53215de
end
case random-215
step 1 5ce2bf694acbc0ab71e6c9d85fb1d484ccfee2348b15c266d3675a94404d2775
step 2 50792a70c5fc39d981e04b0e0c5e27ca00c900ba861e3ac09ad01996407b4ebe
step 3 00f0e776bfb726899c578df6c83dc690c85cb10fc389407f538f3cac2f52f1be
step 4 cd709d51a8f32d49385fed9adfa17552cd40289f0a8db24449ac0cfa96e7fd94
step 5 90ab1c05f777928e46817d7b11e34d566f44d27b76d5d057745b69f86762403b
root 90ab1c05f777928e46817d7b11e34d566f44d27b76d5d057745b69f86762403b
msg 4cf36accd564e803a641e87759bfa165ac3f7a80ed44f7ad9e77c2330b14894161028242c2fc0fe4ca737ab62ef6e583b7967661aed7527836c1185feb8d45b52afdc801
get dbdd55ae18bb115f14a165cb40d04f419112a744 4f32917cc7d9243bd4a23367b99c5336a44545b219fec9e7bd727138f05f101f8fb7b4e1a0be19c7
get f47f 31f6866427ae70b9a0410124b89f4a539662233528ffaf90d48cc36f879858
get 728eb04f405eddcfbd0b187ca9f3f50bf96a4c65f5c8 a8979be6c3adf3e56dcedd9ca00eb3472b85e74d412535f28fecd8818d6f0a
get 0025b310bfe032de10eef90a72d8e38627dba1c6 5b
get 0ca0339f b1be0e83eb3d8ec6387b866b25beed10ec7de3816233e7eda4cebe24edfa3d50
end
case random-216
step 1 22505e124be002492f804c78e4bec2a2d25b7fda6f2139944840b55b3a8ab6cf
step 2 1898eef4231d4819585e4638d5b7a7f0cd555edfaf50de1f242aeb0353ae8dff
step 3 aab63c0b98bd1c7e9ea50ba811812866fa52c29e3172c1100517b2877b0baba1
step 4 ae21fe0e63fa44236265ac673e5469f28741d8986f4bc96822d35169339c4552
step 5 6e7fc1cf781793aa4ab3cdb06139f2aed934e6dc634e95b5346ad10b521c7299
step 6 ac69a61ac1db3d2c9e2f9284e6887b6816de7b0d42f7b1faeb30bc8bc794fffb
step 7 ac69a61ac1db3d2c9e2f9284e6887b6816de7b0d42f7b1faeb30bc8bc794fffb
step 8 22505e124be002492f804c78e4bec2a2d25b7fda6f2139944840b55b3a8ab6cf
step 9 5120f5ead002cbc16f4c895573865bf0e5d59840aa9307e93142e1668be834dc
step 10 22505e124be002492f804c78e4bec2a2d25b7fda6f2139944840b55b3a8ab6cf
step 11 56e81f171bcc55a6ff8345e692c0f86e5b48e01b996cadc001622fb5e363b421
step 12 20f4c7cc904dad2ea9635ca83ea2acc2c38dd0eb8a5a9e3b985300124b05071e
step 13 a48a6422dd9b07d32f207737f80ebd70df293c15d2e6b81a6b10dbcc15e553a4
step 14 d571a521efc70decc7e473335299c400581820c118d7e6db06d679a0a486f1f8
step 15 3459b83d5a2cf98ce016745ae16d9e9bb667722dcd45874f8bc994906dc7f89f
root 3459b83d5a2cf98ce016745ae16d9e9bb667722dcd45874f8bc994906dc7f89f
msg 5f01c018502531bc375453c8936e8fdc5801b34442eea55c904f3805267004783b5b909a9d34791dcb6f4a9b0328a733901108dd7cd3a490c58d8e5c114c635300002866
get c63786ea8a79126dd1fb8b003668885fd4ab9209e7 null
get c63786ea8a79126dd1fb8b003668885dd4ab9209e7 05
get ef 7792fe1e0efc705184a6e0d05f0c048f79321504b03adb7280dd54dde9c04c106d49e90f24e5b8a8
get e7 null
end
case random-217
step 1 818a93f15919d0b3907bf09991128ff2b9a2e56423f992a05eb737903a67513a
step 2 ae01c58e60a1b7e57561a718ff70b745cb4d7f568435a6b1ff37149aac941c95
step 3 3754fa720e684f5ff7d6eb0acbd3157997ce4ffa444fdea325a0d5a869184806
step 4 2e3b280cc10464725ea2eccaa0126324fe7953c715e27d31df7c7235af2c4465
step 5 0c234e5f7e1b67f130780ff9d8063b11fd8905e51460abd41ecb41c2feb1175b
step 6 0b870c484a4ff7d499fa5b0fbc5aae5ca69c64494635abfd7f8a40db4d8d8442
step 7 1537a95d6595a33d0c216f674083a1d6940c7f01eef277a4f67cc3b3581806f2
step 8 6409618c7a914c50951e10cf45ef908b7c6b4ebb080c7384c4354c9d2a7ad0ea
step 9 87536df3c8d97548f91fde31b36e07028ce358f661483eff8d2d65346107f89d
step 10 dfbe9354f56c4245dde0af441721f9654b837200974c9607c610293e134f2368
step 11 cafee30794b81e8a0cdaf6eb322d039f6c0f76899346a624d03d2e4e6587de8b
step 12 68f78fde878bd6bff597433d1e591497519d9cb5bfca3ef60938563fef0bd9e3
step 13 8f4babcc213fc2fb81c409ce301b496d715e2c57fa1880aa99d91e7aa7fc3694
step 14 9534a3f6366769011e26add59cf5598820605630959c2d1d7fcb10e35eb0071c
step 15 0b9a3de551e684f4ac6ba30fec3b4cf7d4a6f7fd2ce49f695bdcdbf4a61aae1c
root 0b9a3de551e684f4ac6ba30fec3b4cf7d4a6f7fd2ce49f695bdcdbf4a61aae1c
msg 4e1d502fea98336cc64a205ad670424690fc8ac0a6a4e4d02a3c270d5ece6c117b5bf21da8cb011bd2d06c3ede9696e547dc3f31643855e9717517daa96200e6
get a62117d5cbc7579ccff04ed9b86ba3d0c07464667b546766755fee856f1bb24d18d29f5dd807939518e464ca2a7cde99d28238dc8d7630b64597141cd9 222dd6d2d4fcfcca1c34a5ffdc1d0d68e810575a7b01cf4e2849f10de122204d7669ef45eff5d6896b36ce34d100c6b361129cac84805b39b4d45efce1bef1d6e5037cfe8a68978ba2ded7fefbb89d61fff933c5bd04fb8274dd72e9aeafbcf4932fb598
get a62117d5cbc7579ccff04ed9b86ba3d0c07464667b546766755fee856f1bb24d18d29f5dd807939518e464ca2a7cde99d28238dc8d7630b64597941cd9 null
get 754c19b66325102d6b382123487e476053527268151e null
get 754c19b66325102d6b382123487e456053527268151e 270d5ece6c
end
case random-218
step 1 e30f73c389659981b7c7723158921bc4082a8953eb7382be140007c1e95b3766
step 2 94c996a5e7f08e0bd876586b866a89676b061abb2240d2449f7c4d18d6c505c3
step 3 249c9108202ddaec4c071cf52e09896f88c6787a4c7170129fb7b40a859fd048
step 4 919253b783f6aeae14c9b6ae05bdbe495407b517acdd20ee70e017ae451441ec
step 5 074ce688cf1e021ba3dd6961e716f4136813738e9082991f6d44f946a95ab630
step 6 e64e7279d6ff364b4d666435859a637579e6f11c2cca65e8408f554ec5135072
root e64e7279d6ff364b4d666435859a637579e6f11c2cca65e8408f554ec5135072
msg 4c474307fc05c0d94e306f4d2e71ed108476e2afed7fcf67ae0fc734e8cc2c928284dbc313df9e3c4292153484ef1296f2812791403d88b941b6b3aef10ab0884dfdad01
get ee65dd null
get 03f6a20dec8e8a493aaaa2ffeacddd5cb11374dbd90683845b3b 8a2eed1018fa85d3748604d443405e8879daabe2748bf5241a02423c30983d
get c670ffe9724d2a2210bec665620a6336731e615d288e19b882ab34e50bbb8fe3e0f1c433a13d2428dc3a4910002eefc543 a223b5fb47a539da0d0132a34b5113b5656b6270124343aad590ee29e14e6e2ec7c0248e60f5f9650baf33ee7d98cd33776ef1585d19c47114b1b47c292ee207e03349d57c2b51052ac59f3574518f2db3a9d84a6ea59e0e7d415b63a386da876bb2f083
get ae65dd c5c900ff1a5b1a8b0897a2325ffda091ac1dec43a27b4e20c35464a9e263bc3bb81bcfe5330eaeebeeff2ef5fb3e5e3650eca95b63f27114c7c83e057b58dc1e
end
case random-219
step 1 0efe8d9a12a040008436194ccd2c1d836b9b4ff09e97aeedf4dd868c077bd20a
step 2 eb6213f1d19f68ac01ea5698c6a1231f2cb41865128005723d0d1a6c44ee24d3
step 3 45132b0e4f25142a09504e587deb69c466f145af37f57c4bcda5fc48fee46bbe
step 4 d61e7f4189c96b7b05d1ee00be88a09edcc2fa40e1ad68ebece5cbf76aa6da67
step 5 94401034a54a33a454a5d8f06137b34c33751fae33e9045e55550f547a810ce9
step 6 6452fa78483a7ae47e789801011ea5a531556531b72437ffce2ad9b5a092f0b6
step 7 83320bd7cd176194b5d6e2b8b52eefd187a42f378c9dd08fd78340049ee7c282
step 8 99047e7e16fd20d3f4317e6feeb2da7ab7144c7bead227215cb9c8f21a728e12
step 9 99047e7e16fd20d3f4317e6feeb2da7ab7144c7bead227215cb9c8f21a728e12
step 10 8bfe819f05e68e448f08c92fb57f6816b109f9d1e3ed61b9e310584880f8907d
step 11 8bfe819f05e68e448f08c92fb57f6816b109f9d1e3ed61b9e310584880f8907d
step 12 8ef2962d10cea6cb591a9825ae31b1463e7230dec558bf39ade69ed342f8982a
step 13 cf9f6575e0bbd54c0b614fabee859a2a0714f29a61713e40a3dd5dfdd9c65e0a
step 14 ccfb626e08661a05243feb87495023fc586f875e240e68889df1a679512a934e
step 15 0e8e2d5d780cf4e9ba16ea9f400f926ad8c473201581dfdab78020b45f353334
step 16 64763140b6d8d1b6b381d31370d249a455b63e860c15001a4145308edce7aadc
step 17 061a35679efae59b95d122e62a72f5fa7fccb2dd2ec98bd1d9f0fbb43afa9e25
step 18 c3d4a1ba498da09115ef937b74d35853bcbaa5973609d3a9b8680f8d87393b7d
root c3d4a1ba498da09115ef937b74d35853bcbaa5973609d3a9b8680f8d87393b7d
msg 4cee3c7a3c54a1cd33e8805cebc4a96446f7ba66a7d8fde98f46ce8ab9ded5a1b65acfb28066f6a423d8f4bfc3378a2bdccd22abb8b150c05d81f682db56facb67fd4b01
get 9bc1098b6f7122d4e00e0f6b14216070ea242cf889c8fed33a4316cca250ccaccb30cbbc0c83412526c4b617812f20603c114fdc9c0995bbb96e275f83 null
get 32d177a16168e7119b6c6b9e81e734477b283513c711 7a89433d1aca7447169c8c079a641b7902056b695a73a0c4ac1dcbdc4944a4dfdeec3a77e7f46882a504418e2b8d27cd5a5eb1e5af505ab56b64dc47f91e2fd4f3d4c585c98b99f6ff77e467c89c995566b2adc728bff136908db554fc21fe8f797c118c
get db8953 null
get 9bc1098b6f7122d4e00e0f6b14216070ea242cf889c8fed33a4316cca250c4accb30cbbc0c83412526c4b617812f20603c114fdc9c0995bbb96e275f83 null
get 9bc1098b6f7122d4e00e0f6b14216070ea24 null
get d8a9227cbed2 null
get 32d177a16168e7119b6c6b9e81e734477b283513c711ab null
get dc 9e4f0c05c00903844a635c6e0f8bdc31da4fed0c
get 953962ea 27ef6a030874595d9899ee43359ce285396595eedc43bab09bb2b299c38a69e06902f6855f85ffb0
end
case random-220
step 1 3990de726d3ffbe94b5f60d3a928e9174d0b21401c99504a9efb9a61a2ca719e
step 2 7a195226adfbf9636632bca9e0bdf623e8b33b30c1725d587edf061f00aa49ae
step 3 4a8e6952423015b61895aab6d17c1c324204aa48dec78303d73cc3cc4ab19305
step 4 71aba2e78b84da73b7da47a5d1a0a113b60a5d330ecaaa1e361acea9812e1969
step 5 41593227e29cd1fd07035c4c0860cb2c9e269b14713add63a361c3ae97bb38bb
step 6 7046a351d393442ba2a4877820d264be8484db3fd5f5d486b80575948df46cfd
step 7 034e05e06c10865fadaf0854049215b7c1834fd391f48a0dc81ca9797c836967
step 8 fda1a4b073216ab3272ec71734c49773eb59ed02e891c24c0e83d05d76851e4d
step 9 f7baee2ef8fc6d927bc0c8fccfe01258e40f141e5bf8bcf24d4eab6e85632915
step 10 8f9b2fb338544c23aecc4b24c751a107e20b75b12ff1b8c772559e79450dd856
step 11 98d0c25aa222136726e1836b9b13d3ea1aec57da1297ceb6bf1a9d701ef01fd2
step 12 4394f4b3cceee7abba942f53d9b5c29e72b445d48612e7b0b09aeda8dced912c
root 4394f4b3cceee7abba942f53d9b5c29e72b445d48612e7b0b09aeda8dced912c
msg 4cc5f414a326271ab34e48ac9834d0c5a3eb58c22e80110189ea98665bcf5420420f7834b61f36009c20ad2cf912cb46bc8de7a1908af9bcf0213d33a523ea4151c4
get 8d7f null
get 5dd467e4ae3af7d6cf858ae3b3bd1cc81c882f68255d700ac1cf1c4b94579052be6d573c9b5ae574426abc9beb9af44c15 5d
get cddc null
get 4c0d2f null
get 0d7f 5a8043fd54
get cdcc 3e15
get fff5 6d3af047eb232fccc36e70f639f9c8de11209e9ab266172f80b7d1723b65d6
end
case random-221
step 1 28110844e261a38a9893127da23036901e98cbe7f25bc0bf19231c89914b0a26
step 2 56e81f171bcc55a6ff8345e692c0f86e5b48e01b996cadc001622fb5e363b421
step 3 819fb7d05ce9db9fe928b0dab29af6e9f931f9dd858cabec1fadc777a9cca096
step 4 930555e4b4164bc971c7682a6c5cd1abddb16af886096061f7bf629b8eeb8dfc
step 5 16a6bba189f26d9114cc3e5b534a5526d38dd3b3f76607508c165275adfa22d6
step 6 50f6799ac0fb0ca13347154de65febe78fcc26b1a64fb6c8cc36cb13190446fe
step 7 4902cd9b05c815afc8cd03b0f554c572007a23a53443908c2cf0ed473fd21e48
step 8 e3b995cd93041940b0af3f555b51870a9de5bc147910b849faabe2f1432d51f6
step 9 416b55fe583acf15488bf4590b76b24229865b4796d2530e8c32ed6463da3ba7
step 10 f8af852271f2c0f9c29f69b67c6ca1e273e460e1354081e54775ce7dae0e1828
step 11 233d5b21497d106be125536172529964e47950e06f5d2921d6c9a36394ff6ee1
step 12 943e3b918ab2f0233281fc9d9ab93bc4ed70337f04f51edbab27e3d3570f5578
step 13 4405d48f064aeb56b9207daa4511fae30f007203f15c2d378e401136a1d595a3
step 14 f91135ea9619de3082edaaed2344fc9636ede7e1fa8ee722ab07745fcfc5c4e5
step 15 8947ab18cae6b376e4f396c2c79379305f5f5cc7f53bba3b288f4a42e9a2f200
step 16 1d67b43a97790b0a706f359d8921e001b25230840c2341010fc43c76c30ea9a0
step 17 f06a8a4b144645b92706a1bf0e8d08c6996858174d13594a6439e4a20c292ca3
step 18 41ef8fcbf13d47159dd0ba319a5fcfff977de290a08a25a6a3e5b055608650dc
step 19 ef8c6193ddaf5dc8b0205400063b0728f411659b2eeb24d05a41768059f18d04
step 20 8a72cab2691a32dfe7e21c7e00ff9f7c39265db6c48663212e11126a65010747
step 21 118caf1a942047ea310b1d399f0e379f6324b9b796425bb15379492bbb4c99ac
step 22 117098be2df85a2ad220ea034bbf22be08de7497dec4c05dde21df4fe706d98c
step 23 2165fc0b7b1043b8560ed4970a11a73ab9d9305829d4b2eb330ee1394de66c5a
root 2165fc0b7b1043b8560ed4970a11a73ab9d9305829d4b2eb330ee1394de66c5a
msg 64dd53f3e658d6c8c94c267e533514d7d02f7d1b6d63ddd229e1171fbf2ac3511dfd0503ac853f31c0658e311363d860ead428a544762cb3cb292859050cf86fe9ac043b000101
get d9fb 4a72bdd7e6fcad2ff9587a3416f19ec489bcbecb1e9746a8bed77f73c0f5baf5db5f5f36e270f57562848698587f3dd904ec0e1e5b86fe9184855fc9bc199345e4869b9a5b935ca31e24fff133fb101c5f23799c3be3240056b43b3d5dfb9fbb08c27e5c66332be13decd9a832527ad13f576eec333d94ed295d59e5e48344fde448221ed82f5103fa6f9d9cd3f8f272fbbd8809691d3199167b9ef1033b47283d31e10497a19d8fb71d290f311a78daa523304545d3f59913f0dc56e1e09fc255eabd6955b2d7e2c8b7c4c614c000d333c7205dc975a6b103b980b6f367526c588a52af3649fd511952d85c407665b2889584d6eff778a0d6b62336fb4f3bf465
get ef673db58a054e738029d0221ebc94009f23f8322f672ee3114c8b391e42c836994b25e4509dbe57a035477cd6ddd7f04a55 2092721671c7748693906387a24a0d54cc006b2640bceb2d2d3d024fdb97c9b679
get 5daa806faaf7e8c7821daba47f7647fd64b2a3b8473ff8225152a12fb7712118b26c7edad7a104db26ffa5eab3157b4a45927b15be43047f97252474e470 null
get fcc23b79fbffbc8db99a166ed18c3e039ea7eead9b 15b7d1bcd215da6cbec59beae3a363342d1fe97b63f916229b88dc710e455995
get d9eb null
get ef673db58a054e738029d0221ebc94009f23f8322f672ee3114c8b391e42c836994b25e4509dbe57a835477cd6ddd7f04a55 936898c0768b229b8831701868d97b05b4d3a1909f7c116fe94ad74ec60cbd6ea42a1e4bc503f176
get - 44430484a8ebf5b1c1db19e57eadc62f7642d954580093f67abbb9777b559b6b3f0761c3b9caa99e8d54479958dbca4532e5e5db617407c4e6fcf208148b3dd555cbf2a6db921ace455ea263c6982d72cc04cbc6b3f4a37ee1e83157764eca9e710568190e4fe81c1e523f2555b116cdbe97b4456b997c7208c944196c62e34509a0e5dc14cbe9f053a8cb187cee0579216e92bfbb4efc8d7a62bf85019c29adc7b8ea311617c35566b3b4492ba6f21a4d50cd4613d01a7d59b1cebf0c7d0b68a68cc3586ff58554a33e479f6adf092a21b4dcf5d0f443ea5d7419cefcff998b265c1c887d0a6182bed319f30c52f57947714ca3a555f67c35d0ae96466f220588
end
case random-222
step 1 1e5dfab4735965614dcceb52d4fa3d46885ab7ee10b987676d8a136a21968727
step 2 ea9b67c8fa996c384a20ba737fcbca5765dbbdb81693763d29b507ab88ab380b
step 3 6fabd13ae9c5e9545f9bc34b99ff0bb16b471d84ddb6291e353b4d47642713d1
step 4 3807ec1140bfd135ec70b62ca9b0d7261d77bef3712e672cf5273493df421c13
step 5 dd43cf4c883098b2e76b25093094b1da31cbea82ef190b7936b803c0728e2f44
step 6 88d50d0968dc36038702cb6f42030140d2f95a99cf5e2074da539fd9888b1487
step 7 27b320542e969bf4dc1d88bc94e201e47c56919f2308714df12f6cec7d13467b
step 8 f7096bc77d52a0a3cca87f4e29af1d0478a8a7a03d10d3379f99144fbc011dd5
step 9 7984db0440d4232ea92e859740ed2e310757f1289e0f65ab3b85a430281645e3
step 10 ee4acbd6dd86b9815f9442285cd9040b7676f358d1ce8fe7b3ba7e8db9d20af1
step 11 525588b274d532097c1baf72adba227acb2c60e4322c631da552ac17026c9eb2
step 12 925a46e252b74ad1d5e102bd17e1945ee79ce0a405248dc047d7d61296649137
step 13 ccbf2cd64228395d408e426de5c61d6e8df56940f46a01c4cc65f431671d2494
step 14 448972c3a41291f83219a2913115ca63e640934173cfb09eb75e43d630e322dc
step 15 75e419f9743cff3cca59fd8c7245934c87f06631aae78f1be1256a79f6e736cf
step 16 77aca01dbc863946e33dc9775edcbdaf45761cfc8ccfadaa775136cd8088ee70
step 17 87f300ad432efe564b3515fc84afc36ada53786c1be1200ef24b29b23b8ff35f
step 18 e1f8139d6f1702bf2f2a4c5651d6fd70f99d1c612e62fe95208a8931aa702ae2
step 19 937c8e1b3c0e138c4e091cb399ab3c5080e3fd6d01968f488e55e695e757b9e0
step 20 3459489f6e2ed08835c463175e6296ed1a010498bbee39ad7e99dba2c8d4c7d8
step 21 247b79e3eec2363047f4bf750eec94412c3f0a9eb68091622481e3faeab03e65
step 22 f1c7fb013cb27f86f308e3e14abc22d1f029678c9426acf1cf7bd4c97ab0cd33
step 23 6918bf4e6906606008929d15edd3d6f8739e28345a2aa588ae52657663b7e38c
step 24 709dcca0b298311b434ac496d84a783e7874738cbab743373620f60405eb27d8
step 25 386b14b6fde96b9fc08ba987aaac195590feedc59c76eba672735cb009bdadc1
root 386b14b6fde96b9fc08ba987aaac195590feedc59c76eba672735cb009bdadc1
msg 4c19eb29ef69fc53e22be532244cdbe6c4a373181ad3a277fe171fb5119b705727b75c89d2d7da3b95769920a60c2f1b6cd8535909eb248c3de584a95385bddc7afd9503
get d24b9c401bd32d75aa1f318388083690c728f88e0e8ba83f61e1ce9ab5b6de8f3281b95cc875f4e6b199483bcbba3c33ba null
get 72c24f19bc07787be956a9063a4eec49fd85dfe2 null
get 7af24f0aa1f8e6014e025cf4d5476e2f1ad3ff725ab731a9 4ef4ce034621e41b2555bafc
get f6e6 c8d95de5ef8ad54c0b4a0ca9a09a45d0d37419e4d2dc930ae2a2f997248fd0465ef56ee7f86a9b75d4263267b38ce578cc3bb0340b7920bdd20a5c5e92b9a7b745bc01dcbaa9af114302bab58c01132918fdb407034f2d8fe3ca026ef51419b5aee63b3153cd97f291f3169fbf0345bea5b0a1e44cad26437925871dd732f337fac0f0c52a1891964e1767e2c37402188e781f3c43892f69246fac31cd165e51b2dbc2d13d3b4f07549355f0a5d8e9f81edb58295bc9bc3bae147bb91b435daec58309006d1c322e73affc3bb661551c8836e5ae0d451a43a5c0c28471cce58336a85f42b63d727bff512dc97f4d61eb662547d6415fe7ed6c568ba0d4a1c0bfc3
get adaa40310c241cd6a0e97e383443fa7d7c8a63 null
get adaa40310c241cd6a0e97e38 null
get 9df2 3afe
get 9de2 null
get 3aff97ba3454f8ae69906379f68c98ee842e169c0f282a9a3c517298523365f0bf7fa70f96ed09ce7d024817474ba1f15bb6bc161b77ba2925d39292 b690e382fdf942f74aa37aab235ea7dd69673a975dbc58d401cd29bc62bf792e1831aa1eaebb483c4b27e13d223997ef1f7bc25f3c600d24ac659a85c5121546394674af334c6fa6a9cd05621f200848fc37deed10847b06b9c30f57c81c4cf03acd068f
get 7af24f0aa1f8e6014e025cf4d5476e2f1ad3ff625ab731a9 9c255afc92
get 3aff97ba3454f8ae69906379f68c98ee842e169c0f282a9a3c517298523365f0bf7f 67b41883b10a8d31edf00915928478ecb98d536b3d192ddf296a58770c57510b
get 72c24f19bc07787be956a9063a4eec49fd85dfe259bdb8c57c3eddf0ac7ad450a24624da41ec29437e98854f3ad8408bad8fb50f9f64d223cc7279cd3fdfae 7439dfddb9
end
case random-223
step 1 ba141190256201e7e082e2213d4c18652444c0737c275834f09f102573f24b24
step 2 a132393f1288c3b7a74cf31def82a387874b495502fb03a26dee584d86d26613
step 3 ba141190256201e7e082e2213d4c18652444c0737c275834f09f102573f24b24
step 4 766b37ec2cce8a34b2b530ad557a3ba1d0db8bc75709533c195ddc1d4c0e06f8
step 5 78faed154ef58cfc5624e1ccc2342110bc50d378fe3dacf7ede54706eed50820
step 6 febb9ad0b6371f6685fe607e05e90700168a0f4722f1c553374206145b5fc5a8
step 7 bed639a2e3f03dec8fb920226e7d73216fd202d749b564a9e3c22677c8a6aba7
step 8 94d58cdf453fc5d1c765e5d6388cdbdeb5e76d7f462dfbe9440c9ded76f17b2d
step 9 c5ea1b0932dff7e79cb4f81f3aa5457bd2b2214b19fd1b3f8de69ac886abbb1f
step 10 b9d9e76ca20128e2495fbacb0df7b507747e2b0dc060b6fbf42621ad420ee3b9
step 11 cb3f67d0472bfc00687613cf881dad8c144d2752acd97dcf50ecec356eb46c86
step 12 40cb24200d1937888b116747a5afddf6170ce4e45d87763e2f4c94c90fd0fda8
step 13 e7b6f26f2cd2f115dfd71a57fc75bd2a301730b84941c0cfd2a3f025a52edc31
step 14 dcbfcf49c0586b5f4ace4e02497915b198daef298db5d65d0022aef08e4ec383
root dcbfcf49c0586b5f4ace4e02497915b198daef298db5d65d0022aef08e4ec383
msg 4cc0592e76db6500f2443c8740d731045efb22b3805dd18808978dad9d8168aab6c5bbd39b94e587f38b71d33f24626aae344f4db9b78e5476332cf1bd8e193a3cfda503
get 86db4297178a37182dd882565d108850694cbbec 33801a5c49a86bf0c32ae491c113c32f0b4049ea82b3fdfedb1c9e841bfd86d69f
get b179f5c5993f193d1a7fe516b1192fd134ee02287eb0a4ef3b132648413d4fb7236a54c58f470b4ebb b6ad1eac4b5c8c3c8bfaff618e1d67356e4e6fcd3e617655ac035b499234fceae0bbde040e5e888e
get 4fe4e932 null
get 27dcae6d abc387a6d58d1e45dff43303b481a482c8e0da4f811e328b07676ba97f47ef
get 86db4297178237182dd882565d108850694cbbec 9ec085390bd7ae3fbf515a0bd24f7a3a52f35043abd915bc008587e76a92d8db03
get 4fe4e9329e29 996b9230a05c0a427c83b95b
get 4fece9329e29 65f1d6bacccccb30ce49dd8fa6d4209e95c932ff15f521b19de6d279bd4b06594d9ab053bc55e95849cc31d69fff61e74cb3827ffe004bcbff21a321b588da614f8b28cc94e4382ca61293a3b2c3f5e30bd5131876285054ed8600c9ad583b4a2f556a5e
get 0f53f6 36ba510019f94fa79d648a27c3bafa04183a827fab30029a56054aec765a4c3774c45c0b026ee20f
end
case random-224
step 1 62d7880cb15991bd2b37154a1fc67ba3e723f519797c70ad3d6bd2199012cef7
step 2 56e81f171bcc55a6ff8345e692c0f86e5b48e01b996cadc001622fb5e363b421
step 3 67cf0d00cd74293a5c3937b06b4e5082c34cd2abfa4d0a11d110a80f994f1782
step 4 56e81f171bcc55a6ff8345e692c0f86e5b48e01b996cadc001622fb5e363b421
step 5 c85800523bd587e8bd4738e354c063186a95e6d8172e0a203a871a2574b9ee6e
step 6 56e81f171bcc55a6ff8345e692c0f86e5b48e01b996cadc001622fb5e363b421
step 7 458769cbedcb97444df78e33c302589929db3553b49dffb9e5508abdd8b16d8f
step 8 7923756bc5aa170bc5b6e51b888574e832b3e333d3eb0180c875fbe30e741805
step 9 25e5873560955ba53f199d25d5b081f6984dc7636c134ab7e0d1034f3c637b8b
step 10 e1b809f6db07c149d462da6e75ab1bfba3b607f1c950ac0d293e5d5ea757f6fd
step 11 34db69d88883e01660d7d4b48699de1a64641b19c8934bb09febc5d2b23c4ce8
step 12 9b51b46bc55c63a01ea82a86da24ca6f688bce648ddf218ca29291839e618852
step 13 6d5c482404095c0d4cfa89772c0042380d21830d2218c01942bced8a04fe0b09
step 14 d9c63337db8f48cbed3c289ad58ff4973877078a04a7cb8614813f2c615e57b9
step 15 e66caac1e232bcba5243f8a267da54d0eaa1df66c73f9676bc2ed7391a6cd5b4
step 16 8d50676531e01bc6d832dc9fb18b79d6ca3def0706e665fa1d94dce930b24f25
root 8d50676531e01bc6d832dc9fb18b79d6ca3def0706e665fa1d94dce930b24f25
msg 4c5f680e507bb936a1b201ba34cf519c22d0effed5bb6cd407593027cee87bab74bfd7f219d0116b1bf0234daec765415c85f5717156dbd579eaf8217d62b13673fd7902
get 8f818e d544238946d6a9d8cebde9a9357647e2052a2106573129794bc9e357be51d57eb32ee314daeeee8a343284973697a6b4ff7840935d344410f6f3973739bbad6146cde57c706fca22d5cb0aa2e3b650835ad79ca2f3de7a8bb0ddf080b4c95975ef88b8047d44bb372d022d47e3e6f2e2520e446b7840767edc02b2769498e5014ac8afd4786a51a96967ed29b02d7b019d03a0bef65f4f4da61ce3e3f238ab142971de759239048f7dff895bd138bdde85cd633113d9411ddd922329f071d88fc18865bd6aadb8a757d0b89d340109f920ea98e14521fd290fb06f257714a4567d5aa8a57f3eb419503d5b5a2ce99bed83c676ea0e3963be347d135eabfc564dc2
get 2814cb null
get 9feb0dbf 32d5fbe7874a2a23217c12526ebe3d14525867f173f69048e8bd07193cd36fc50cb1a0d233785f42
get 0f818e 24da5c63c65c12883a0525ae6143711bfae54d9f
get 28 924aa4609bd075231b0ff6a31e75919b395198e69021b61dbd57fa60e12d749c5597
end
case random-225
step 1 18188297c0747efe54748d221e30e7ba73caa75bfc789a8cea3a1080bcd9f5fd
step 2 360a45b228525ecf46fbf6f059573759b82feef52fc7e61cb43d56d70d85a00d
step 3 3ee7cfdfadc435aa4f6a9447a313e2c22de2218b2cdf9b89eede38be00cb9118
step 4 95575f6b61cb5d4df5f52bcd1acd5d04ae39fe6a2cd6172bdaa527d576dfa9df
step 5 8840933dd15d70b8aad473a98865ed6caf451af60f5bced6294bad70e636428b
step 6 31bf19dfe93d83f0f81c168330734f0a1a451593244bae564cd1b233d4ed9284
step 7 66c20f63f7e27f97beca31ebdb94ecd3837ec34818b51791bcb12068ae6c9fca
step 8 7ff07d2a258af14f8e23b1f4970f87fb7149f543fd69a84ec13de0e906e1eab7
step 9 5c0b758a73bcc81b962847f0f088bb737da2e1909d5286dc2ac18635361d11f9
step 10 d1160e3b85fdba8b0a9913a07988160c3b7e8e3818bfc17f7b3ea2ec0ceafeed
step 11 743765b3b8e57018110dd16d3367591515f647a1ae7692f55ec61429e7002a7a
step 12 9af19d29224cc906e8f11b707e351cd922be5cb600868b469eb3b8731be6a797
step 13 82a8ec3501cd182b7ae536e3989a968c8f84bb9e41f712be58333e8b7a6c7a9d
step 14 e835f513652f8ab1774d9c89318426d1fd64659eda490bd6c8f31f49481c0a5a
step 15 a3939228244989148aa4d2a36bb929d247c00434fe464bc2715ec0dd7df06b27
step 16 bc4759ab584feeda5de8eb8cbd705cec996b5bdce70ae480b75ff8fc5b238b08
step 17 bb53e06c7fb4a397afad6117b8039d5f658cc4ad276cb5e90668f95338e6bac2
step 18 6a8f4123d7f4fd48e7e39307e8922c754b3a46ce03180b3e4f712ef384d077de
step 19 561dd409e9c81f41a414f7d52ce394a882c11ee97b039708858e14e1c5414fb8
step 20 dff64a3e4e9ba9fb7e3940cb6f581f29cb1dc79b03c9a24ae1393cea692aacca
step 21 372aaa105a9adcc4dab7d093d329204d658191520f212dcdc6ede2afe8a2af93
step 22 f1ca14d70cac1ea40137fb0aca50775194de275cfcde6552ad86a8120b277f23
step 23 fc6ccf98898dccedc385ef70832dc7421c9ca8faddb7b2a25cfbab17fe091103
root fc6ccf98898dccedc385ef70832dc7421c9ca8faddb7b2a25cfbab17fe091103
msg 5c0100fec5f441503966426a9088090e81e06a2a2a506c58e88c804bf2687403c285161c0fec2b9231601cf7a3f0fcde70dd27b412382d67d4e19bfc72a8e585d65af7fd1d01
get 1559bf4fec2c061f9874f4f8b86134da74ac907852a6c7e173b0740d39dc88cb66d9fcc75e599918bf9ba510ce147b7ea65bf947bd147ea46d6f484498 a3f07c183269b9746150db7d4bc1636ce2ae0cfe9f88bf78035833fef8ffe38816678f6da7f747547b24b01aa12dd21984b1d5075e0271c3f74a5edeae37006d59352f98850eadcf4ebe7ac1ee2e6d6476a050946a20664b778eaaa735730745c1bd2b5b
get 37 f2
get 33 58c9c3f34a2c45741f1aece7361403341637af831c23b562f76b8423b027039e
end
case random-226
step 1 e170ca6566160d94b10835c5fe3d72998b36deeb488c94108cd0708a274f0eb5
step 2 56e81f171bcc55a6ff8345e692c0f86e5b48e01b996cadc001622fb5e363b421
step 3 6ebcedf63d4d46078ce4c4433ea5e4ac62dded5bc034da07d01289a2ba83967d
step 4 c48c72a8eb09e875253e818390e95ad211e94c4e5211266e8cd2333ead0e570d
step 5 15d27134ab17d4f2270541e9e5d919542ffdea581391ecfdbd159b3dc2ce5eaf
step 6 5b6f0292fd06713604c9f494be8dbe2425210ba0de1870e388dcb7429df75703
step 7 172a8ae301f6a0b2d8e3522f3d9ae7ee7920a9f6f7e30ded359cbbbce31954ac
step 8 e159283d925fbeaef3ad14d25b7e3984daadd13a2ca13dc8a824cb06f908baaf
step 9 e3b7558af1e795a61ba48ed5e30ac17daa7a08aa512a53c04d9d991a9267225c
step 10 2d11760bd385a2fa60870530d712cc781eb0db01bc1708337c88b5c04bfd3cf4
step 11 67ee021e5d9d53aa685dca0b167111bcbd0bd0fc0c60e4a3ab8d4727df498422
step 12 ae5fcadca26dc781e54af591fc0f319eb3d96ac8998a45d05d9e6756175c0197
step 13 bcc174e31aa478fa7439a41e489d88384b01fb6efd1bdaed023766721ca93115
step 14 990b3c41c2494117bd214fd0cad98bd3b39b0a2ab849d168d376fd4904c9cfbc
step 15 bcc174e31aa478fa7439a41e489d88384b01fb6efd1bdaed023766721ca93115
root bcc174e31aa478fa7439a41e489d88384b01fb6efd1bdaed023766721ca93115
msg 4cd8a425f5f27e2d164d589e1501f2da9630a23f3201e603cf7b1c4a6853805f60080a7f9a018949e34b793fb01965703d0df8c6b73d9cf8aba4cb4f756dbfdfa7fddc02
get 4f0cca93a37dc930a7c8ffd6b568a56386782768 e73ca61f86
get 46509648eda998 0766a0d78ac1fe8c6de7203e
get d216b1 974f
get ebd9cdc0d0f1 95
get 465096 6dff8ba0cb72e28dc9843feace21ddb0ede38f6578c13655508c15ed89f613ec4d169a13d4defceb3c552d8b5d5ac75f6a541c965e7adbb2441e1fa59599335e9a1ea006222f8b6623d306cd8e7ccc5eb2b053e258e39002a13bb9f995b29e05c730f82e
get ebd9ccc0d0f1 525ef9067ca71a708273cd1fa7889bb9f1a8a2c39325fe4fce63548198e69c80dd120eddbf22165cc025be3857aa7b75e40a49ec79947a522121f6611fd90d63
get 552e64ccb69c2e979bbcf778e1065e5f58b5072c715dbb76b445dd518b931848fab8b8137c0cb3a90f7706f04274affcc2 2411
get 37db1ff46f6ca1125a0c24ad30708403f040b4 dc0de2b360eedc395bc199d44af6247be092582e09e4ac6747b54af9840410df
get 4f0cca93a37dc930a7c8ffd6b568a56386786768 null
end
case random-227
step 1 ac2dbf3b09110ec4aacf4e8c56117f41bbf97caf2e89c991e967ba0d3ab56b4e
step 2 56e81f171bcc55a6ff8345e692c0f86e5b48e01b996cadc001622fb5e363b421
step 3 b0378e76438d3f9fa39925c1c26875d807c14e8bc6d1a22a01ea6a889a160b63
step 4 56e81f171bcc55a6ff8345e692c0f86e5b48e01b996cadc001622fb5e363b421
step 5 6576615212c3ab825246586698cf3c281ea916f673afc1e2c7f816707da80f52
step 6 317af283234370fdac9b3bf82b281de1efdc0a7e98d8bd063aa2f2de9149a2b0
step 7 ec814a45a21802385f85065bfc13c276369d61f6e22354c106d32a21f2e438d1
step 8 d3f1f4ca972e31e5fc32b781c2f256d9b9a45f2b69b9715da7aff8b384ac66ca
step 9 141f06034899eb51dab5a3d3496330151bd52410a948bc2b7951bb03e58af5d5
step 10 8c93110dd6bbf39c903e73357fdefe1c24826516ef259595c88ef668eca34aa5
step 11 bc202c95c334509bcfe8eb24f439187288b0084e3c063f7d6ddebf3f96c12a78
root bc202c95c334509bcfe8eb24f439187288b0084e3c063f7d6ddebf3f96c12a78
msg 4c07cda6b38534e707a86fd9f0a4c3bf0c3a2b0a1af2281f62ddc0ddbece51860a622e93dcd6dc1d53609947989ab1749030ad9bf43b56c20f71c036b35b9ab466fd1103
get b044520c7ec14457c6330429fb5ba0cad96535d0df250f2fbc73121f2c12f30fd0c35e930d7abeea59dedb null
get b4e68b null
get b03145f814dcd76a2a57d672d8c73266328856f3f7 6da180a6210fd07f711c7d67bfe386ed95652b0472e2efcf8adeb5da48750d908e9477d414ec2a1f03405ec15361b36da02d9507368b18945a8be3d90de84ee7
get 4e3efc094fcd2472e163da956ff34747bcfdd27567 ab7a126d04c81df852fff3e0fdd3defa6684c8d4c17be6fb973844e7ea581bce
get 4e3efc094fcd2472e163da956ff3474fbcfdd27567 decf233b52df00fd701d13aeb07f1ab14bc30f79b71df05a6d1e28c24cc4b710da951a8a08866dba4991182370705cbe90d925ee6d5074080375fdf8d99c265f8e95111fb2642d20ed8f10bb8b420d90767f189bd21a403cfa225a9678f4361c0364117a9d292debea3a970a5811676b9bce68601de0f3694eb6cd529bc1cf34d23117b0e377c5822a902925e8d25bb0b3b8acd2a6fafaa37800c4e03fdddaba84d2975f37866bd2a026276c2db3b126d64232d7cb6ca3d3313a59b799c98b55bcde00b52c224c3cd3b9a9479cd0bfd0be4751dfb44ecd7a5ad96226daf4af618c5be1061274068eac3ad95e023d4bd5e04f426f916c420f64db7fcd45075fb578
get 4afaf9837e6b012aa0906e745c72fa18320329cec8a1cb63ee61146cf6ffebd5a57a6f03768e32d7c5ed09d09f32385afc39 3bb371
get 75382b4db5c30834 42e5c522c1f6d8ca6f166f49
end
case random-228
step 1 c054721dca6ced7cf76900324716eff48215778ca5b31542b0669ba6fd4de7f7
step 2 e02a066b32cbc57f8d0d384b00c738c65ddcc400e219c32f7edffc5dce9ff1c9
step 3 c054721dca6ced7cf76900324716eff48215778ca5b31542b0669ba6fd4de7f7
step 4 c054721dca6ced7cf76900324716eff48215778ca5b31542b0669ba6fd4de7f7
step 5 c12ab0360275226ddee294d6293d7903d20513032ad87bcfed320b2a98bb3b5d
step 6 393bbe3075d3cc4800767f2c36ffae5e55e2e303161bbca3311f3bf5cab229fe
step 7 56e81f171bcc55a6ff8345e692c0f86e5b48e01b996cadc001622fb5e363b421
step 8 f29af5b8dd119e017b98b991d9a1192ad7eccbd71f326419c07f3a8a59681650
root f29af5b8dd119e017b98b991d9a1192ad7eccbd71f326419c07f3a8a59681650
msg 501f4a3bf626e90e
get dd2e null
get 649cbec669bb5064976b71cfd28787a01e7000769118cdc5c87ef138433d072970509d6b15f7a937b2cd null
get 9c3edc142a null
get b5ebd17ebe2290eda27f51b9ec77b0a204e22fab8f9e63987936792892e9ef975307111d1a48d81be84b8f57f7a52c42cf270adfd443ee63bc07e8bf1a null
get 4a3bf626 e90e
end
case random-229
step 1 2d85dd24492b0a26dccf7377198ad78ef73fd1fbb314295f2880d0aa725dae88
step 2 56e81f171bcc55a6ff8345e692c0f86e5b48e01b996cadc001622fb5e363b421
step 3 33bb543ad6d2f82ae3630b0fae96c2a15bc16892e377898b041483fe6a3e9c18
root 33bb543ad6d2f82ae3630b0fae96c2a15bc16892e377898b041483fe6a3e9c18
msg 50ff30c96bdc5eed4fde7c550a89d732cd38e7e5daf1146ca9a2cabb683a70e89ef4f8671859c28ceb
get acdbcc1651 null
get c96bdc5eed4f de7c550a89d732cd38e7e5daf1146ca9a2cabb683a70e89ef4f8671859c28ceb
end
case random-230
step 1 22e55b0169b93251526b7f7be5979194de238f8f30b29f38c3b3fd8a27550b15
step 2 3c600be2c7f1b3d5b61a3568bcb350f3c37bc5ce2457825d77378c3f13b31cbf
step 3 9a06fd95ac4bab4a97ad3f99e0c836a0b9371ebed1a8122db3ea5792c76f2e21
step 4 1eda8331c129953f550aa708ceb0ae3c5386d45f4af1a4e8d2b29f49b77f67d3
step 5 4d600a24c2c52d901bb09f3a834c05adc3bb2d1b65a3ed49f78bb0b713d37a67
step 6 9742bfb597843e934697f63b76839047f6fe8f3856574daa78e4feb1417d9d2e
step 7 77fac50242117e2bdf98889a4a06232bcf0b7416ed18e6e03a6612720badda39
step 8 248a0de46aeaaba39056ea3a517fa6674706b29972bb12713804332e7be63163
step 9 5228adab75c30a6def8b611efbefd8f5034208e7b7c5289c85e1a4c2d847d8c0
step 10 50585c79af59bba4b05c54f9a819e3c958b7911155215332ce8351cd2024c5a9
step 11 85ef7249af5b91cb173446b64a77043ef02a266fa057a9aa57f996bae6a32f98
step 12 3443af17331d96f77a1703523693150c29df51b8ca0e409944a54fa15b29fd44
step 13 ca0e307aa5fca0bc4d40daae6d69cd1373c1e0ffe3ef190b440fda9bc2ac462c
step 14 0de5de6e4b5dac766f0aeeeec72fe05faffe027a77bf86c32a116268fce0f701
step 15 9764c6606d099ba0f88a5aa78b6177cfab5f9f808044e8bd5ebc53902c7d5fd9
step 16 d3f5ed5c359dd0131e102624fe94c7f6b6a1dd5451de966770be84022de732ad
step 17 d3f5ed5c359dd0131e102624fe94c7f6b6a1dd5451de966770be84022de732ad
step 18 eb9a41b26958615197e6198e083806d17f9718167118a8d9c717f5ad7d1e6b66
step 19 905655184618afa7ca406766d1b2aebe2bbbeb8b4fe6db13cea2e105649d27a7
step 20 3593f3c11910d03203065eb5ed299ed79bb67dd4789ea19852bdf14001abce59
step 21 00d428266396ebb4952dc683ae9f32fd1f6fe17faec40755f1bbaf7b9e48ee8d
root 00d428266396ebb4952dc683ae9f32fd1f6fe17faec40755f1bbaf7b9e48ee8d
msg 4c1ec25cc07d69f433a6d2e5078501593d5636b4cc3300b73ec729b619dad99be1b99ada8fbcef467b083aa58e14cf2436e83327509d2d944af8d1c55fce51080ffd1102
get 73e209 d36054b8296469dd1048697801c26cba541d10e0
get 6d aa7899d63c49f4524af770f4
get d40cc9badd0aa187e083e7d0d4d0145f9fa4de3b3f95be176dac2b31edbe30a780efa1cd2cb552848d16c2 null
get 4614b1 dcb28270f94c62a04bd641447fe2891d8a6449e728610d15d5de3f4ba5b4fd32e14c633ee24e13c71675176d32c3043b4098b90089520179e1d2147f7bba98dbcde6cf0e5f79cf1062b10595f498d58cb84ac295e1f7f5db5914c2faa26d0e395c67a98d
get - null
get 53e209 1fd9abf82b7c4be8d3892da78c1dae19e24a7fb2232dc930bc8f05daab0e3b7520c5
get d40cc9badd0aa187e083e7d0d4d0145f9fa4de3b3f95bf176dac2b31edbe30a780efa1cd2cb552848d16c2 bb5570ddfc3e46965a1f642ff338219426175c5708600acceaa2e22f4aad7046
end
case random-231
step 1 fc745b1da789e4f6e147fbc56c718908779bb3bbdcfe0bed0a042efb6f86dfbd
step 2 3b2ef8e7247362acb2affaa30191516a00cf178efe3d4024692e162cc8c2397d
step 3 7755d75636b363058cd103aa47e6f554ff60b0e0e0770dc54183322386492a64
step 4 744abddced44b5d5af3ce5cee9ad3815e86434470171aaafd2221029c1e21cd1
step 5 49fd091db42e7f888d34bd2b0130d83d21cca065fe4f3d3efc4f5d1701925470
step 6 1a74d1810741d2f3914ebc11e817b90b58f50b4170ac1fa6c1ca6fed94dd6a97
step 7 cf686e81fed9dfbeed3926b451297cff9aa78d212fbd62a9a44acf2073ee4999
step 8 0f45d525d01d5d6b063fb3b604a1ced11cad18f1816f9a70ad1bab1cca630652
step 9 cf686e81fed9dfbeed3926b451297cff9aa78d212fbd62a9a44acf2073ee4999
step 10 07f04541988585059454a21703d349d2df1a6ac1b7baf171fe8584d45dfa52ef
step 11 001bb93d40927762bf45d79c768d11f9a8efd60c3cc801ab1ef3824426062037
step 12 39ff34eddd16933754623c48a42d329a5ec907bcb4f5bcd572917214e09e48f4
step 13 5b330b3ac9f8fb0f85d11701f7f5c55cf7bfa669ebc63837252d359d163427ff
step 14 e20f0d52af946ea618e79b0b87c72ed56ecc56593338745beec9a9a0c448d0a0
step 15 828c752fb96711881edeb25d8557061ff9bf9baa170ab6c524afc7b626e71c7b
step 16 1d430effbd8bdfb4189ede3b094cede914b399c609a5cac64e4a44cafc024870
step 17 f53189349d395c8c206e8658a36c0d7f804c8dc35271e60fea8914e13985c3b9
step 18 2bcdb0f383d5885ae1a0ffac4466fec196e6fa9fa1e200a653f23f380ba7e257
root 2bcdb0f383d5885ae1a0ffac4466fec196e6fa9fa1e200a653f23f380ba7e257
msg 4cc90a98a7ea23737ffe6029add7dd86d6c598866a04ac9dda50bcd474693e499c20a49c9b4ceb39eda010b5663292b59e8c72f1ef3424d2a6f427ebec94de5301fdbb03
get 1e89d66c48dbe543eeafb260baa2aa8461124965 eb9f43
get 1e89d66c48dbe543eeafb260baa2aa8461124965de null
get ffe1fde34d377a23f87f4d721a null
get 35471856af0e0524c812320b250d556b06bf1ddd57fc51f242c9bc4a573643c4f130128c78d46569837b6a72acdc1f703f6c1f9c05e7d20c8532236bfbe458 null
get 1dc5 2aeaa84ab6527bce7ff4f2344031f13582eb5345
get c271 98
get 9794ea9f6bd0f24942fc7bed303688247d4e3e9de9461f25a518e8425d7ec7eeac73b69542108cfd5a null
get 35471856af0e0524c812320b250d556b06bf1ddd57fc59f242c9bc4a573643c4f130128c78d46569837b6a72acdc1f703f6c1f9c05e7d20c8532236bfbe458 9d90345ab731b7a0a549b21ce932c9ce4a499411e1ff9dd2dc279cf35f97e671f9f95e7dab72f142b3371745295840caf23b6423ab1cf55d2047d6f07653215f8afe6db100852990865146ccd12bdcdeff61e1aeb9b2c9c9470e1e9d4af9751fc070b594
get b348f52b96f083f17bf7f1a029129ba87f6bd6c98908d13f6a615b46c48796f07c4aeed88ba9a09293d9aabc0ce0d37e06 eb96be72863bf49d7557b4968d576c4c1b01f5888a320d4780d1b3a4039d037907c9cb5a8b0e8565ad695ecee0d415b83dc410014bcdff2d2f6acd36c001e48ca762732b81750e807b3e275153bc9334ae0786d2be6c895bdae3ef01dd52001854e459afa82076846943f460ca4a58741c387bd1d162232fbccd8ba444006c47fac097a25551b75857aab626eb49e5f83a57017eaaabb25bdb6f082e5436df168caaa19291e7243356b30a4a4755ec184beb40d36a772b65a8d9d0d92d4552420dcd56d5979347724d461eb4ee852761e531a3b2f3416d23027db4e3a31fc47600a4fc680654588b1cab1b48c067fc93af5ea656addbaf436b37d5897ea8f1aa61
get 2d194fd2 2945934c9ddb217ec509ee3e1b06ee1cb17c5fa433155f0683b8a0f736d5c0
get b348f52b96f083f17bf7f1a029129ba87f6bd6c98908d13f6a615b46c48796f07c4aaed88ba9a09293d9aabc0ce0d37e06 3c
end
case random-232
step 1 ca3437d1e24f402cb1ec0685aba7cdeacdeb583b9359f01b2920c10631d22832
step 2 3db6d8fcd334eb1d603ea543f28c807deb8c162548a0b0f74f10b4a1aef06c14
step 3 0c859044e67ea2b511f74c3ebf5001b843ee4ef0d8344a9e83f89b0590ace2e2
step 4 57574c877f661a9b6c9d1ccfffdc47c9cb2dcd387ae16b3c813525841ebcadd1
step 5 1685db9df7326bf7c895c9395291a5d14403892ba845334bb73cc706f3c3a275
step 6 57574c877f661a9b6c9d1ccfffdc47c9cb2dcd387ae16b3c813525841ebcadd1
step 7 643c0457780685c72eba34ddddd5da338a10ee084337bdd86cdbe5ef054edb91
step 8 4f816bb67684999d42dde6b87c4039694f2d83f5aa8a4bf762258615c07a77d1
step 9 4bd8ead3b9e899722cecd7a941fd5b7056ee84fedc339ef2b1ddc53cdf59db69
step 10 97e2fd94e6582190d18cfe8c583b3035f71501a4c582f598db8919255d9b13e2
step 11 8f9ee5792dcc55dae43e00ea7f4bd91db7525c4957f23844b85cf13b5258dbb7
step 12 ee6d5e616ec94775dc6a51b3d44da9307eb488254203cc89f231375509126df8
step 13 8f9ee5792dcc55dae43e00ea7f4bd91db7525c4957f23844b85cf13b5258dbb7
step 14 baafd346fc6308518929c737163e15a5b5752c8118a992d675d99bc141f2ef59
step 15 f8e708f3677e16aa0131eeb5560f0d68e1dd6a34ebf2392f919c425d6e091a97
step 16 4098b350f4d132fcd3d67c300ddeb29ae7c2f403c3fc87b0044415b4b857834e
step 17 287ce16473a6850f1896bd41550fbd755a0f795b7fbad6df780f8f40d707f09e
step 18 3ef468f50319b9ea8567378a8f8cc68978923d4a4684b0a1af93fc88043f78fe
step 19 28853f22384022b9783532d4a7269fac7afd678bca274d72da0f1eb7a8c0235c
step 20 452e52b8643481a53f04c2d7de32eaa04256228c185a468541082dd39fe22d76
step 21 def0aa4cdb9f04ff93085aef22e99413a6d362f6c700eb0ed777ebe21c15304b
step 22 7bfa35543531881a7c71418f9975d3fdb0f9b9bfeffeb5ace5ee5e47e01e1373
step 23 3e25dd4752ffeaaa1e34d543c463509b0e247e7abeed36ce5d091ac645eba053
root 3e25dd4752ffeaaa1e34d543c463509b0e247e7abeed36ce5d091ac645eba053
msg 4cd89e3786dbe6e2adbfc0dbfc75f7678d66b709966285824efc93bc88f3f6c5387a3715da3150931657c679e577e247e04b84ae48b1f7ee03ab251d81b2e6c73efd8d03
get fe7fadbc69d3fc4e4e106dc560063b3489344b885f8d null
get 89 b1f863384eb5053dfb9e7d585a35e43ad0181c69ac151f3ccad75aea6ef90d77432670a040c8d15390a163150dc600d17f8617ff2e5c277ad17782cd09029b8a42192fc85ea45967778007dcd178d7fd830f2e57019f7bdaf2b11e69144659e3d933ec41
get 655b10c8290ebacc6d0ed5323dca8351829e91ee6658a75b5ce8f038729a44793f3d77b9047cd949ce1e12046334f86940 3335fb58558701bc57e47a63c8818df0ad5de016f8a62912701103da853928c518f06efc64165c08
get 68149a03f9a82d55ba0f928e781be4d55dd5fc77b3a72b 3c5308
get 655b10c8290ebacc6d0ed5323dca0351829e91ee6658a75b5ce8f038729a44793f3d77b9047cd949ce1e12046334f86940 null
get fe7dadbc69d3fc4e4e106dc560063b3489344b885f8d c9b5a711cfd84f3cdad541fb559781676c7481b620313c268e15cf529e9271e3f768
get 68149a02f9a82d55ba0f928e781be4d55dd5fc77b3a72b 394ce030e918334d5f9d7db92e46b53b698bc268647979a751c676681d4a465cfee785103b3286bcfad191c0a374098f99c2feb30aa4a562acc50e0f6390bda8628cae7719bdfe877f6b7185f1b77294ff55ecc58d4d07f6baa3fc523af2fa74f1357c1c7a07aa15722e7d6a173b7fc84932c00a45356a2d514448954404b1dca7b09b07fa5b9d43a95b28e4b2c2e96487e8bde2b13fea17da934cd93f6947943ddc0a12689f07d25b1c42bcd188a15d018d50e7d059f3960e85314907b1ca9f993de19dca8f24b9e0ec17a9a2f59e618e0e5bf056fc55308c0a916f98f5402ba93e571eddc6bbc36331eb1c308a87a2ae1940c8fb93a6f720a97e004472cec0e1
end
case random-233
step 1 f0ac401d8cd47ee49c26c3d1a6c26ad8c513e8acb3bebe34e776f43c1c5c5556
step 2 3305f4d83d099c162ee3b42d62021c2ced6328b161be0f43628ebcbbecefbba4
step 3 5651282840a0542480d31ff7e6979b9c5031cd5314ffb0209b36ece321619c22
step 4 a08f4c52d0026688127a138b0fddede4ec97b78b491db3dd747e8bbb6d5a3d53
root a08f4c52d0026688127a138b0fddede4ec97b78b491db3dd747e8bbb6d5a3d53
msg 4811127cb3f110556860f1354f499e0c1a50c37f8e49d7b041f3743fe7f31e2cff93010221a817
get 6b76e923cd 26979dedf17c58acad1e926d7b721b00e3f314ced479a72197cd92a7740357f1
get 60e9e2 fd837d
get - 010221a817
get 2b62 52
end
case random-234
step 1 a56244453515608a277d193d7bd9128bcda4add2c7b70877fa5d2abf8ec2b3ae
step 2 d2be5aa03b647d664893011fc1023c32ef25ef04457cc3cbec211ce6631c7e6e
step 3 56e81f171bcc55a6ff8345e692c0f86e5b48e01b996cadc001622fb5e363b421
step 4 1d9123b577e4f2ca23c65abe56925856d06e8390e77c0b1930e102b691e24cfb
step 5 4432dc9982f256e7781766511b0944f01927d73221f832af7042102573ca0281
step 6 81ec03940e12af8e118a22156930f4b0711b557b347c63940d38e514fca580d3
step 7 64eb88187f0d3c373da90a7ea30b0d9e253638094c68addae6af520fd29015a2
step 8 47fea22d62dc7adb0d7be5264e129633559da4d444066ae1ff5c3290dc907d5d
step 9 0a8b1600e39582772aaac8695021526539e48e84d17fd3d58ea56567057c431b
step 10 56e81f171bcc55a6ff8345e692c0f86e5b48e01b996cadc001622fb5e363b421
step 11 d7260c7ebcb913fe7aa8ec5ef39e7c15c089e636aff1e81a563b74ef1d015342
step 12 d96639b44f37af0a44109c042751bfde15d38df2bca1c94db14df65846d08cff
step 13 d7260c7ebcb913fe7aa8ec5ef39e7c15c089e636aff1e81a563b74ef1d015342
step 14 8a4f3c3495857442a05a0e1305faa45bc0cab1e609384f9bfd46276bf722e358
step 15 5d224db16dad9fbd09fd0640c47be46c23bab194408c778652e3981abb5bf7e8
step 16 52863e6048e817ca2e094e434bd15a42df0339dc64114e8671dfa4267a1dbd52
step 17 855bafd2eaf4159c79f50dab2c8c642e8be786a145a9f39adb86bd022819ea3c
step 18 6f330bb460fd959459bd1bf07aff1e4e7e4d72db75069d5cad87a242040e8f29
step 19 ecedfc54cbdccd28587fa827135955bf8a092e4cbfd0ebd58a759e224aef2c06
step 20 55ef2624db4c1fedfb0a2f8306055e4e0987bb24c780b390aec60ad9f502aa95
step 21 b281a06abf318ef0772d47e066f9b206aa25a036b6af4735b69c8a563a13d734
step 22 b97c14dc8920e92a87a9c0c55423cd0b4e9a3e3febacaac50f74d8d10a7bfe49
step 23 dbccda27dc6d3069cfacf0f1beb1a245003f8201fea0f2eff538d55de00b8da9
step 24 c9a11d088a99c7a2038dd24460fb6325006a8e30ff7b1980f8eb259ee3dbfb60
step 25 ff02e50ef181a315169a88ffbb43d24a0460a89c62f26ab5c974c96cd3419ebe
step 26 2b3c53c49c679cb3d3790318fa2bcf0bdf99fd439b4834d02e0851a8f4bbaf77
step 27 53ab88d1597e937b762d749b5c17d13bf57a072cc246bd446d4a1fd47541431f
root 53ab88d1597e937b762d749b5c17d13bf57a072cc246bd446d4a1fd47541431f
msg 5d0260da6d24537d951ae17bdaea27be4d4cff6a7c0c0c873ff431be8c611beb1bf3de2b50ff9cd9d7e3d08d9be7178125a8f293aec867c6d8fe10f6f301f32b0f97c7c1f0d6afad08b899580ef73afd6601
get 6e396460c9c97a2f9088a42f6cf98110e33c222309 ad1c5364ace9cbff21aa7dbf86351b58bf4c9512883fe5226607c167f2f0ed283a5e6aed4680d6ad0270e31220f347668d70edf52d723562723e5358092ac87f2f796e8bf1a1324324b0631850e13ef3f59cdec561d0d61c81ec848c770b1a95b82363d92e750c14e5191337a798b16cbaa47663d764cd48a01ccdc63de0a9482c8ba1a77bdad15b5fcd333ccd4e561f963786a1d71b16424fc08a2a4575f7d978592a0dfcbe8fee70e10c4e933ba7df705ba1bdc37b02aa3370fdccffa605444407ce27a3b992dd0d373a3c2a43d1f299f0b62983e55925e8e20a1333e95cb7f8c09ed2b17cb5d5dd39db040048b2061d85e7d4718ec26be917076ea4d74eb253
get 7d9d7e3d08d9be7178125a8f293aec867c6d8fe1 f6f301f32b0f97c7c1f0d6afad08b899580ef73a
end
case random-235
step 1 4bf0bdb954cff12770ccb5c80014bcf7541f83f6283c5fe140cc501a68c8a85b
step 2 d6d9602a04f5ebc88df03be037177cd614a07c6db92a0fbf83eb065c45b083cf
step 3 405295abfd3f044cbd287f1a3416a78f83672d33da5ba47400f53d72d2e06c9c
step 4 4bf0bdb954cff12770ccb5c80014bcf7541f83f6283c5fe140cc501a68c8a85b
step 5 f667000913502dc43cb939af3391cae791213401014d7ef026ff910d93e9f2ee
step 6 974c316a4a851de22300261dfac8d47c9bb46bea4a21c8118b7073cd0d95df72
step 7 47c0708adfdbcdb018c3aba049b0ac1f4d9c3990b676e56df9b74d5c52a9704e
step 8 6d0e51f968e27f86cb246415773ccefbe0a102ef8e129a1bd640091bb0db222c
step 9 61b8c6dc7754880ba32e7765c5276a7f7138beae7df29bcc172e35f552b6b8a9
step 10 d833b7eb83e2de0a29bb5485cc9ff624f43072e96e5e6166c316654677d17e3d
step 11 e0034b6420a4fb4dd47acfcf306a3975729c84f5feab1571a938ed85b5f786f8
step 12 f598d4eeef04bf9244edf0c38e57a86a84e22bccb277d0f3ad7793209d9bdaeb
step 13 f598d4eeef04bf9244edf0c38e57a86a84e22bccb277d0f3ad7793209d9bdaeb
step 14 5dd06d4360cadc1d7f5c051a5374875993bf2238278db0215034b1665365c83d
step 15 57568fc416a5eaabb65bee7f24c8de0014b36f7a93aeec945d785c17948dbb3e
step 16 7b70de9268db861a2bcf29af1039d19d6ff0310d4bd22b354d06d6913590fea5
root 7b70de9268db861a2bcf29af1039d19d6ff0310d4bd22b354d06d6913590fea5
msg 500f4e43b44b5db581
get - null
get 136c131b2ed2d50a4353c41069f398ad5195dc6ee539be84d53bc9b107239cce3e26342c81cea2c5a7d691 null
get 136c131b2ed2d50a4353c41069f398ad5195dc6ee539be84d53bc9b107239cce3e26342c81cea2c7a7d691 null
get 4e43 b44b5db581
get 5f7e null
end
case random-236
step 1 a4d982ffd93812adfbd2fda88dd49afbb6ee3a27cf30920c3a23d47b5ca1dedd
step 2 08518fcd57771fbed26f8679706fca777c3c34d929f84eac64c309b8c9b039bc
step 3 828dd40a99bb6088e226ca1ee6369ba5b0976deb21170c43dd5a781f140adb27
step 4 c49243427e712d7b09d60dbcd5186409f91dcd6fb1d76b5816ff994b459b9c55
step 5 1f6ed7400d01e9786b57d98297793ff428e021419df5b93a1b40c98bcfdb655c
root 1f6ed7400d01e9786b57d98297793ff428e021419df5b93a1b40c98bcfdb655c
msg 4c9e542c0ec9e01982c83d6006d48478b8b1592ea15df69348b900ce6244bbaf05e011ef0cd3cbc268e61f60d743fcb2de511395f207e732085bfb62b61a1a4d1bfda802
get 029fc762f118c60e60406134623b4cfd8756dc05cc64cd88721bcf7da1bc0d1982816400c96f06fba09143c7c0573d48aa0c4d 1f8d4d
get 029fc762f118c60e60406134623b4cfd8756dc05cc64cd88721bcf7da1bc0d1982816400c96f06fba09143c7c0573d48aa0c4d32daec7cc4e9a6356c09 e482
get ef3b4094b059c133 f64e
get 85f8146f402ae819decb50fdbb06df08c61c8a8be9906c49446beb787c5ca359220b5ca6825be1dfd91e69b79eaf2c1c86967b29e6c9cdd40281e918a3bf50 5d567f08339f0601becdc02e5a8e45ca4348f961cfba4b70378a2917b984112c
get a7264022c9fc326c225b8040656db3db090b6e45ebe4225a5790a928e33cc5fefbcfca4f084d00fb511cd32b008cacce628038e103b36398b3ea2f0465 6e3ee2710d0b3557c78f7e599d22734c0fd04973e9ad8ad7a0e05136db09ed58ae6208bfd24bce4411ed0b28df4b206f3428498b2badb23f23da129753971c0545b36ed6134229415e15384a20a6e9f8ef254eb02af0b1234bf33464eb9c50a928b6a599330d08faa218252e533dbf2a30d1330206fa2d211f9011e401190df1c8d0d307b569e68fbdf031066621ded62171f8b2e87190b70919d75e913e992dab01e35a0e4fb3a635c2b4969bae518885d827d31d1f88f4d3ec7670083b7b9ef36e9d17d0d1be88e2c40b2c9e95e15ca7078bc3da20172498766631cc43d854a3700cb48350138b4dd98592946d79a7992b40d66b3ee493a0f86bb02de5da3338
end
case random-237
step 1 5560c0944d57492d2ed05440d1db4752593995778571f530ac170d35d728106f
step 2 56e81f171bcc55a6ff8345e692c0f86e5b48e01b996cadc001622fb5e363b421
step 3 f753841bf5f8546ac8f98d84679505cac805838f895a831aa823af5843244a3c
step 4 6ecfd5f613b4f8db6f8baa052f757d415d78b95ba495003c0e5e50f5b203c27d
step 5 44ce5a7610f86dfb222bf5690add031497a3ae2723df83c02f7a3b734095ea5b
step 6 0ba6f0fad6b749c34bfbdf25d6eaa3ec8ea8d09140d55eac73d43a82e6507ab2
step 7 e63f425377beb2a50981c1a6b8280cedffea436496b6dfc26ef6d1c3eae5c0ef
step 8 7b352eabee86ca4502081b956d81a35e958175e0cab54708424ecdbb6ccea77b
step 9 56e81f171bcc55a6ff8345e692c0f86e5b48e01b996cadc001622fb5e363b421
step 10 88ac2c6240b6ae7ace5ac34d75f0af6382b71ff598f964a33cfd0a5057d61351
step 11 c1843819fba1c95e6e932680ea9ce12200ece751338da127ed62d17c21528381
step 12 69c007b65df09ffa37e0320bc132fbbf799f591fa68168dff36bad949f2dd4e7
step 13 88ac2c6240b6ae7ace5ac34d75f0af6382b71ff598f964a33cfd0a5057d61351
step 14 0bfb8b22606f569eef50d29ae01a46e5b6e75390b737fe9ae139d73cb9a9cf34
step 15 1baac6247d9ef849353c2b71c0e9728b6d81c107be648dda4277fdec16539957
step 16 4ae39ac7f51e7a234c772598d36fc277a554e4b29ef44eeba770bdb0f3367eae
step 17 7876f00046867fdbe735538d13b5543e09774b77aaf9c9800b782e13a1440604
step 18 cc10d786b9be403665fbd13e612b51e96885d660b90299ed6ea18c29225b3078
step 19 b78399a1b2cfbbdffa5161f3c27a7624c135d93449c8a14f9718981aea2e40cc
step 20 790d8de6ecad6a2cf22e814273ea600b278065187dd99493f0220b0c761b9793
root 790d8de6ecad6a2cf22e814273ea600b278065187dd99493f0220b0c761b9793
msg 44dcdf0dab76fb84f7ddc0215adaa1adcab19314a56b7438ec7bf32a721849cb2cfd6b0160
get fe 6d
get ff 321c73642ec7ef5fe65675f16f5cea5c1debdb2afcdfb58171a8a069afc52a1d1b38c39b31c7b995d46a238a5b4ef06313b431c2406834b8caab841fd17f136a85e955f6805b0ae33b6c5e0ef13f6c24eb3952f433f8921bad6bb22aedd1c94150239175
get e5f4 1664a3cdf634e35bc363f2ff6d8c9cc4c60f45ebd9377658c612b31b28febb2c75a9d81f5923b73969f5c0861652a35b61d7e8fdc257121fe303e3eb66b2c23b
get - 60
end
case random-238
step 1 0aa878348bc2ef204ddb1e07b07dd03ed49b4c5098de76852364bdc8d3023122
step 2 5c9f875c6230e91bda847372635cc9231cf6bc8485fc596c242f22ee5e1d6846
step 3 58f0569ec9f0f581694d5858d0e671cc18d246a593a9d998a59970666e469243
step 4 a43dc70161e22af9e6943b0e4c7582d430bec0432b474baa7ea8f0b3c542009b
step 5 ddc1d6dde860dc251e6eae80ac825fff75efb0ddabe06d5ab94b23c106741ef9
root ddc1d6dde860dc251e6eae80ac825fff75efb0ddabe06d5ab94b23c106741ef9
msg 4c033e610be77173bedf2db04df9bd7edfc45e6cd35cebb708dc9af6b4ec14c43d491cd77fe87ea4380316d698f7c1a6077394b31f57d085e3d46bf12838d3a813cb
get 27119caacc9edabe1a22c91978f7b5c07f0648ebd3287cc0c1c25b6f3e6f2acc3e7f2542280d756cfd2c964c1383b8ee95aa 503a4f
get 962d3cc5e1456e635733fb05553264697908d944b2 9a3d0be034540e540e738c12002943ff53648641efd5c9258d42fbb728852adc3d7d
get 3e 4830991a08
end
case random-239
step 1 757e6d0f65da7cae72fe59dd8d6f056a33becdd237d41610a8b872e6e0581037
step 2 56e81f171bcc55a6ff8345e692c0f86e5b48e01b996cadc001622fb5e363b421
step 3 a2b97a994b5aaafad34390030280f7a24836df443cb66998ee31361749a7eb76
step 4 a66ad257b686f53fa17b3266724657e0e82f66a001116fac2c1668ca708bcfe0
step 5 ef19961ab20b737b6b7d92a4b21152b8be669a8f59a0d7ba008659d26f8ea7b6
step 6 56e81f171bcc55a6ff8345e692c0f86e5b48e01b996cadc001622fb5e363b421
step 7 6ca0f7c72b0d908f59cb812675033dc47df7bb96c1aec531d5c2551cf3eb6498
step 8 56e81f171bcc55a6ff8345e692c0f86e5b48e01b996cadc001622fb5e363b421
step 9 9cd38191634d00c258194d0d9ee83c957cfecd2ba7ecab924875901c06e8f365
step 10 6ca7d71ebce70024605005690d6bc8760b73a686e07a1d0b6325f985ccf30712
step 11 6ca7d71ebce70024605005690d6bc8760b73a686e07a1d0b6325f985ccf30712
root 6ca7d71ebce70024605005690d6bc8760b73a686e07a1d0b6325f985ccf30712
msg 5f0180185025130d7fc4b9c6c97318251eb00f5284e2630e3e7da85a1950ff957f27cc1e4c286357fcce2451f05518139bf420e50e5431
get 1c5bb70a7ec3 null
get f5429740605e null
get bd516063bda606228a1b73a2c0bfa2c576632fdb9b07049ba56a4e18c7a5f1b1dfe8339e377ba8b9caaaecc731bd9fd2 null
get afe4f983c9850c6aff99c48a3e0aa302737e84 e50e54
get 8261aff89738d92e6304a3d601ea509c4c61c7cfb5 5a
get 8261aff89738db2e6304a3d601ea509c4c61c7cfb5 null
end
case random-240
step 1 7d82f264b41c78e17a62ce059b7b2ec5be8a5f1cdb52db2b7adedfff7be3df25
step 2 b7312a51d60996a7a3f49d7a031f6a7c5e1976880f8a255b98421cb6de8e9c0e
step 3 aedd96d52d39fb20efe5ef87a225d8e804b5449549eeefdf42557d21791f675c
step 4 c8c361c0b1b2667882d74e87ab010c4ba1bdbc223533db51d79ee05e85416450
step 5 c267ab838d7447248232f3772109de0f26823eb9a9ecebc17d74585e6e0b97c3
root c267ab838d7447248232f3772109de0f26823eb9a9ecebc17d74585e6e0b97c3
msg 50fffd9001780cb665cd7463814349c7f63cd3609c62c5de2fc850e06c47291262dbcd9fda33aeb01481fdd0cb8e4f64fe83b7a75776dc22b16b12b04e4e0409d19ba0f1cb81bb89c9fc19
get 566cf48d null
get c6e320b57172c31fda5accfb421d67dfb6eb707a71 null
get 780cb665cd7463814349c7f63cd3609c62c5de2fc850e06c47291262dbcd9fda33aeb01481fdd0cb8e4f64fe83b7a75776dc 22b16b12b04e4e0409d19ba0f1cb81bb89c9fc19
end
case random-241
step 1 fc52cbdd92ab61fc0aebc716f18a3128a38a20065b3db9d6297e838fb2422063
step 2 f7f9ea6b65f50e4fa4cc8ecd17c42bc0297941f1806295283986e07cdfb6d82c
step 3 ce20549bb0f51fc1f779d1c68a362bb897fdee743566d3041804bc39f0c44cfc
step 4 108b140f92cab79f4761a73163f492e4067998b325e69c5ef3a94a5a3ad8f90d
step 5 f9e0ff5ad910b7c184e5fe07e4a90938520fbf41ef773dcb75187487e7fe27d7
step 6 9802c444bfd5a54590e1a1cc35bbdde4768823df723b4762e9f259822e50f3dd
step 7 f9e0ff5ad910b7c184e5fe07e4a90938520fbf41ef773dcb75187487e7fe27d7
step 8 f69bad5be77365c9f18520f31443720125e55f7949deace7cf17a41a549d5b13
step 9 36abd00028b6e698c296ea0a09b4dc82a36d8c730b0226e3314355737486ac2a
step 10 56e81f171bcc55a6ff8345e692c0f86e5b48e01b996cadc001622fb5e363b421
step 11 87fa50e6c8779c97d0a413b795f0d854bfb00febb7f1c6a06e6116438587d930
step 12 a73fb14f9f35178ac39c03dee3274428e500e2cddb18c0d22e04d2284113c4c8
step 13 4a4a1b9a9f12b84bfe7815e23ef86ebd5565821b025a793415646ea3d9fd58e2
step 14 09ddaf5fe66b87e0132bfe574188128bb01fca4a046473d2d41ae3ff77087cbe
step 15 f005d99507b893f634e970a9f54eb1181fc688cbdef2ab2565890acc1120e5b0
step 16 0916b44ac10a5018ef484b42f4b45840482d7e3c94f6146763e43a96a6bd06e0
step 17 aa2943e0a3a50a098a015b1253616b73f6a498acaa56e83f61d7cea448aa8f42
step 18 7ea0e9c12ba4228c54ffab6a8d92f628bf3b4cce9a5632223c4b4f8be1248007
step 19 7ea0e9c12ba4228c54ffab6a8d92f628bf3b4cce9a5632223c4b4f8be1248007
step 20 ec8de1ad7d8f3dcfd0d70663bf21fdb9efad697d3b0c952ea34d1856921e79b0
step 21 87fa50e6c8779c97d0a413b795f0d854bfb00febb7f1c6a06e6116438587d930
root 87fa50e6c8779c97d0a413b795f0d854bfb00febb7f1c6a06e6116438587d930
msg 50fffde801007f6baefeb04f7e05d7b320caabfd1a84111e6abf1c3f269277659d5871b7f55321765a4331e9066037d7571ccb3f394175a38ed6fe9d8e98dde64753f48c5fa2eed338ba206e97dbfa807cc6917e42b2
get ff4ca09745bb46df4814236142dbc48c1f76e327075191c7e3f08dff6aa4a138 null
get 714b1e1535f83e65bd756b06747423b634ec0a72e082f8 null
get a0fc0c null
get 007f6baefeb04f7e05d7b320caabfd1a84111e6abf1c3f269277659d5871b7f55321765a4331e9066037d7571ccb3f394175a38ed6fe9d8e98dde64753 f48c5fa2eed338ba206e97dbfa807cc6917e42b2
get ea4de12ac9f998e90ed35ef0323c77543b1f3b null
get 2cc26e null
get ff4ca09745bb46df4814236142dbc48c1f76e327075191c7e3f08dff6aa4a13852ab1a4128d9a21804a9ab null
get ff4ca09745bb46df4814236142dbc48c1f76e327075191c7e3f08dff6aa4a13852ab1a4928d9a21804a9ab null
get f3a9c234e4 null
end
case random-242
step 1 2c14eb78347f29f8a0fb203e90f168f2575b6429213a9b9e5ee5bb1cd9c765e1
step 2 c3dce52e7a24caff5b00c97c13a5b98eafcc6912c9c7ebba31b783c421645155
step 3 2ffed2cca1597823ed3b46cf6c8a426b75e917ee398dd696830ccb16cd6412d8
root 2ffed2cca1597823ed3b46cf6c8a426b75e917ee398dd696830ccb16cd6412d8
msg 70d03cf4a3d48b2eeba8ac0824d11ad82ad9548d1d97b0f2127fe6b6f66c6de27467d892edeffc312c5839fa49a40bc279eb1be3ef3018ff7a72dc523207b1b9bd612e7436223de885947ff5000021
get 647d668b null
get 3cf4a3d48b2eeba8ac0824d11ad82ad9548d1d97b0f2127fe6b6f66c6de27467d892edeffc312c5839fa e8023e8aed1fef13d628c3061f32985ba7b094e0198af5f2e3ba81dbfaf1924bb3
end
case random-243
step 1 e78e9fff67185b7b36b88f7ce99a57ba566c94c080b3f3c4ac1765225b3ccaaf
step 2 191698684e7cb14d6edf494e2314da7f1856d452deddb888a592426a0cec1bac
step 3 9d7a8d2c69acaab52de6521c0b35ed1117447d658bd31f28eeacef2642f0b450
step 4 694649d9dcce58daf40339734474361c1792ae78d00a465fd00d9d5994194bc2
root 694649d9dcce58daf40339734474361c1792ae78d00a465fd00d9d5994194bc2
msg 5e00800d50ff3eb37a868a6fda53dcc1a3ed7418e5729063396e0c8c1eec89bbc045bf9334cec73663fbebdc25bdd17ed944
get cd250eef8d6496558fa3df58535aa27344053c9d60 581503abfc0a1fbf68d48f6a50674f49988efd3e1b1a8245facd8c18bd0420e5
get 250692715f75d837863dd127d5c3338118b29f5e45e5aea0129d27db1e4a93e6c61768374af0ad043055caef753a33c8995c87f21ea2b792e701e186c4d447 null
get acdea1a29bf694f7 c1a3
end
case random-244
step 1 77649bc997259a7cf2307850c732a558cfb0cd424d2d9c67a3821b7812dc8cf4
step 2 56e81f171bcc55a6ff8345e692c0f86e5b48e01b996cadc001622fb5e363b421
step 3 2d57a6cd74ce02475ef62eff7e737e719f6b1d4b64335899d2ebe72e7ff3cd42
step 4 788beb7ed3330aae9465554e0da4e158a14411b40885328ea59a2ac6cbb0a224
root 788beb7ed3330aae9465554e0da4e158a14411b40885328ea59a2ac6cbb0a224
msg 4e0e50ff2f6a271a11056c48504790bf15bb61131beff47ebe428792454e9c20835fa367cf2884825b2166007099a2c148
get 91ffafa648bb12e475e3aa34fa47be623b5c7b69691cbe096b92193bd23ffab809e45e480d6b00c5f4543b04744f9c93 null
get 35138d0882b6 48504790bf
get 91ffafa648bb12e475e3aa34fa47be623b5c7b69691cbe096b92193bd23ffab809e45e490d6b00c5f4543b04744f9c93 03b8c211c5
end
case random-245
step 1 f486448a911713476d71cbf7242cc814ce2cfb8e84af5e856ed1c3f6e3245057
step 2 cc3cb427105585c3fb397f9d4d1e17807f8b78c0a4ed2101fa9d9ad687d88740
step 3 f486448a911713476d71cbf7242cc814ce2cfb8e84af5e856ed1c3f6e3245057
step 4 f486448a911713476d71cbf7242cc814ce2cfb8e84af5e856ed1c3f6e3245057
step 5 d942f4f622c8666b5d54f9ab1d64b7680843002253f2bb2843453abf12cc9b84
step 6 398bec604b239353c9f04d4646910453f4c0c7301b31da0963168a9d6200edd0
root 398bec604b239353c9f04d4646910453f4c0c7301b31da0963168a9d6200edd0
msg 50fffdf80134840c54418759f8b58a020abc216fe1c8f6dd2ae37a140349c20b3f696647ad31b403e0ec67c4f241524542bfafc41f69d4c7eff70eede5b0f3e7df6f6cc0677ebe073334ba396af764d01a6d83668882db16
get 4dee null
get 6871498d null
get - null
get 34840c54418759f8b58a020abc216fe1c8f6dd2ae37a140349c20b3f696647ad31b403e0ec67c4f241524542bfafc41f69d4c7eff70eede5b0f3e7df6f6cc0 677ebe073334ba396af764d01a6d83668882db16
end
case random-246
step 1 da2cbe48af63e6134220abc00487c4db3a71fda70109d8f173110ab90f383965
step 2 5f4df4fd2d985853c0d30bf8c0decb6f0849bedf780a2b6a1ae17208e557871e
step 3 9370c27cf0428085038bf5d5bd42222ed0905d671a303df70ae107ea0048b885
step 4 1e3f17a373962a324a794213d638cf3710d2b0d80f1dbae3c102a36f0cb371e4
step 5 3d2b1c84fbb03af09f4b1b178a48b93ac88e8accd213d2ac569e3e70a8fc73e4
step 6 aad4dc39d512b183d55e6e50f32091651ebf4836d651f55a2c35b229a9accde6
step 7 2d1a4d969f230a1430ad91f46d2903e2a5774f4e9b478779531f262bc8dacc92
step 8 6549a20643b04ba987e9d4e37233b67996571479078a48e8cee3ed06918c6bfc
step 9 47129b2e9f24c6823cb1240d2d4c4881f12ccb30428d257ad6e9bbf09c57ca21
step 10 44b1f854d9266bd8de77e960342a6f8077f473cf2d76f66f0b547e78646ac2a8
step 11 56e81f171bcc55a6ff8345e692c0f86e5b48e01b996cadc001622fb5e363b421
step 12 26a0031d26be655e094ac388d00930ca1cb200686b628d5768abd4d73e378d90
step 13 63d701cd1cfb3a9e71953d3dd86b1ba4423a20a1e97c4b49855df5c985ac542c
step 14 ce1e211177b8fb4bf48ba7b0a37ab5f436d273b6d099cb55fc9d374ddbc279e2
step 15 b4b3daee8ddfa1a5cf0e8ec2d26dba23eb97a6c10474808150bd6a307c326837
step 16 26a0031d26be655e094ac388d00930ca1cb200686b628d5768abd4d73e378d90
step 17 93f5a8d27a51e120b8be74d77b3686cab592a46f4365e3afe4eb356fd64b6ac7
step 18 38c99a267232a2ae9550f986213ec8515050e806795f2103fb2e335ade0f41ef
step 19 809f48cdac97aff5e462a5fda67ae317d399740e7a005d3f306fcf99f096a1ad
step 20 cdd326cf918e0daf2f2bfd53c0526b13bf891eb69f9eac4bd2a31e9b957b4dba
step 21 19333545e05ba3f2caa8cbf1d0a6eb5047dbb344d66e7e370393bc6029e1b880
root 19333545e05ba3f2caa8cbf1d0a6eb5047dbb344d66e7e370393bc6029e1b880
msg 5c000088155b1a697cf3c277aa36a0f998754a348570fcbe122009de95a9326b45144b610377dc694883eb4627d304967fe1014ee51f0c678927d6eb030cfaf3adc67ffd5b01
get 45e3f2269200ad449afcdf58c31a346bcf9a7abc21996669ba19c0bd44d20436f97b4b5d06b8d29991bacb072bacc2ad8eb3a0dd7ce45334cd71da0dcd 659d16af17644df72ee7ba55a43439ae9503acc7
get 22b3d86c05f3b550c32a9f5fe4f1a7e557c122810858f1 null
get 45e3f2269200ad449afcdf58c31a346bcf9a7abc21996669ba19c1bd44d20436f97b4b5d06b8d29991bacb072bacc2ad8eb3a0dd7ce45334cd71da0dcd 5075b22b527c35d2e1130d992b6602ba5a1d4e7465c7104cdbd582caabc9573905
get 22b3d86c05f3b550c32a9f5fe4f1a7e557c162810858f1 e1ee10e9e67c585e0a919008eb20d076931f4b38fbb6607c7694898c5619625bcd
end
case random-247
step 1 6b30a0ff7c4fdc70086f17c2ccd49636137465f0766b669aaeae18aea7a57a00
step 2 e79bdb2852952876c6b52c24fc708708563ca5d98331dbb235dd1b2a21bf491a
step 3 8db9c0a7f7bce796e456ac240b7f4f68ec950cf89fc1c76282db9ff39277a3f9
step 4 8c780502eaac78812828b81805158b73629e6a5d62f6dd794a64f33df12b5fc4
step 5 79b09886eb98902865366889c1466d4f522523b7993d8c0277fb6f10eb13ca2d
step 6 42e5675ce01cba70b6813dd741bc19980beb68e93e929b8b91df9c7a2443b844
step 7 4de0a9116e70bb076c8bebc5512f1f82bc93e6358a8a067482ad4aa92c337953
step 8 b7d8c0a505d8cf98f96aa433bbb21768708e45193d65c4c289832b721e12a587
step 9 38971fed5fd58de79edb30cf6ffdb346cf637d475fc466f1550fcbb7ff911812
step 10 d43fa0e2cc0066ba295a7d33c06665dcf84bbe7e9bc08a9d4d99a58656dddd4c
step 11 03bc1923658c1296c782355a53876232dae68f4df3b8576af89e1fd90fb3d956
root 03bc1923658c1296c782355a53876232dae68f4df3b8576af89e1fd90fb3d956
msg 4c260c2c5b617f92d3d484d9a98b43ee46dbd9c226b10b17018063c073647910dacacb8aff01a91caea6e48ab52591056129a0ec965ee1b031d1efaf915b4c649bfd9b01
get 847a24814b825151ccfc5c25b57a831543f8a40841 89d24c4beb78b4f5e0a1fc5c768cf6d7aad1d5cfedf9bba674e34d78e31da95202a10eae6e5eb6a3
get 06503cb4334e66ce495dcc55088c1af6b3325a3ff0804ec2 7f48a5fbb4af77a32996bbfd1a6ed0c7e4becf17d1bf2a58dee38ca94d3d26
get 847a24c14b825151ccfc5c25b57a831543f8a40841 279418a3aea6e3ba3d20001b629762145680f52e417b601f4157083fdee0894201020739149d3dd2
get 06503cb4324e66ce495dcc55088c1af6b3325a3ff0804ec2 b56809b6a9
end
case random-248
step 1 eabbc529fa51ea419d66dddecd900f08ae4cb3e833ee18640524d9429a4b9da5
step 2 feac8050558ff0d85036ffcf46bdc8fbe6265d36004e876433d0dfeab53798b9
step 3 81750eb21047c67bdd721e00afc8d86319da6698fb09e8c6e54927bc8d249553
step 4 f25622c5fa2b160fdf9ed4a7ae3e6dfc5e060607656a8496fd2f23b0c1de1ac9
root f25622c5fa2b160fdf9ed4a7ae3e6dfc5e060607656a8496fd2f23b0c1de1ac9
msg 4e19501612dba2c27a8b0512494a5be66f11685377b56f4005f7e4b3ee44dc1444bcf7753ede3bcd7866a9498e39ad648011c3e1ae4aa7f5ffaddf93
get 096dd1 c27a8b0512494a5be66f11685377b56f4005f7e4
get 096d51 null
get cc878c5ed95d5d7222c8f23c24ab054c9e42de4223 314ef9a959de4502c54dd05433cd8b38f93004661a9e2d0d15e2612a4b744b0b83e5dcae819f178432d6379177fa817fbe01764b9548b0c11792f605030c99a2
end
case random-249
step 1 0cc052adefe8dbefd22587b64674be569746be73da45f8ff0c214bf18733580a
step 2 c18a0f580c3eba97278516d3da5db6b35d7d7996bb2deafd633c9b9c27a22db1
step 3 5f19e330786de247e022a3393807f0d83c7bd8b19ad1688b093e8e85db3f3708
step 4 08ec5c79a10b982dc497683d4b4d86a102038c6bfa8f0b09abe415546760be2d
step 5 df9566e34befa069d0d48e93c323a2025f65d2f578d6d1e4d1f2c770826f1156
step 6 676e28db1fdcfb40b6de19b75658b14381da48bde96eb5924e302c836eb1a0d2
step 7 a58bfe12f5cdfac592389394759deec634c44130885ed28ecfbe643acc232874
step 8 2bc9b1265c1be936bfab2ed83682b4dc3bc0780cc1e7a0c91c8d55c97064718c
step 9 d6362553d4c52d5fcb18cd4a035dbddb56159da478b5ac83ea8b2e66dc2fff7d
step 10 a073b085cab86fdc3714bd0c8a61f4de56f6fd64934f07610a0f82bfbfb4ee34
step 11 4fec9b6233e9a5dffd73942cb3101065aa7362832c0f7644c6a8848b488dd5cc
step 12 6d04c0e1c4b55ad63635998a6e4aecfc152a396261d91f8a998c6125cfcf746d
step 13 d219fb66c9b7d183000be52b9306bf16f55cfb434ebeaa9ee36a3dc15f7d50c2
step 14 21d2072551cbb649999080c11976d61600b1328a90aa16948ee8747e4d662d03
root 21d2072551cbb649999080c11976d61600b1328a90aa16948ee8747e4d662d03
msg 4c05bb17b7bdc1498bb09ba63b1ae9216ca7b29e1ab91655f79b158a0f74a9ae0e551662f1bf45b4f8d77e02291350a9ebc33979f3102e14678da84766015e93aafd9902
get feb76690 1b89a1b8fceaafbec813859fa0961abe84ec92c3188d3dfdc46f2e78ecf32a4e77
get 2370 d6f033970f97456787f7b4bb169cddb83779f8361bd7b8f2948ae7f262790763f03b8b6af01cceccd84456179a4c6dc87f8399b0a20429732828d90f7e22189f
get 0fe9 535c17ce64d57453bd5516df36428e1709ad4c4012ed9d101ad83500505f5382f77bac880dd29324a7605a790d164b30f2e2ead96187c827a7255ba2578dfb39
get 48db6f5bfad6649bb6da66767b887d50e1bc8ad885 55
get fe376690 null
get 9e3213c4b3397ec3f90d23be7fe7c24bb82d6aad4d 139e0d22190371797df2c013
get b1 e1c42e357f272c168537c38535d7f92715ee55491154fea5b6e8c606ae9058
end
case random-250
step 1 7d4e4be73787da9759c4928d1b77916e906145d6f33a522d8128cb1f86af1642
step 2 30c6ed98c34d9f3a75bf3243fe52b275068fe34f79dbfcc55be0fe8d6b5f0010
step 3 f4ec47dd7a6ccb6605a2658a54eac2b4bb5f6cd61d23f1c3d2806a2a5c48e824
root f4ec47dd7a6ccb6605a2658a54eac2b4bb5f6cd61d23f1c3d2806a2a5c48e824
msg 4c082c22a1279247107bba9586fd8c620313646c46c2da1e509fc1dbeb1a15ea024c02847de8a5e0fe92aa346a93192a6a396bbc687b56942f46954e15e283666cfde401
get 74a375 32f8944a0f6b781166b7b4c96c3f8e9f3e4255e5f74821d33de971e2526f81c9
get 7ea9ce9853a20177de533c8d04d86f417a3715eb 443e319bd0fa8641879cc9e5de13a3a5d781cfe07a04b302b8173ee164a7f596
get f907a1100871eece6ec7df19962fd4344a22b688d8b553a6 2f0bcda0fc4a5b31e69e689fb907db0c979b0b05c6e8c4499ac43618e973d7eb8faadd1d8414a20928f4fe4b1b1da015105e3583b09e7b9f07f03f94fb5371f38338f88d96568cb8cea676366fd301863228a4415f23baf20a161cf1422cd3b315682c167d163a87f8ac897580477a6bd3f4cffb4bb51bdf830d50078609c6e8e95ba89ffdee6a68b18d985fa2b4608d950c6b7428c0472db70783645594725b0e85bf9ba69afb107f43131419438032fbe00938d24085ef09e580b5d9393ff78c7319b832bfe1dfb9d800fc4d677aa37837328336ca3bf356ae0c5f79e13891b483b19636e60cac6eccab1eb6de45a84dd11b915980ba84d979659b2bd241b8ea
end
case random-251
step 1 3e4ca8f14bb66465337d947feae2e5e524a1586ebf176b20475cf4d2a5d28c98
step 2 3e4ca8f14bb66465337d947feae2e5e524a1586ebf176b20475cf4d2a5d28c98
step 3 3e4ca8f14bb66465337d947feae2e5e524a1586ebf176b20475cf4d2a5d28c98
step 4 6a41d41911048fd01c5b8b2bc4cdf598f59521c37de98131e634b669884fb6f2
step 5 6cd3d918346d156eaf11efcbc99fc3989a71a0dd169531e6918356579b92a111
step 6 9803155ed98e5c2c31cc3d326a638a8954a798862cb9226f1db47a9e4a8910ec
step 7 4d2bd21cadef893df7aea8c3070adf6b87ba19981f5b5486de7a12f23bd401a0
step 8 7e7cb1cffcba618f80d286421e5bd484630e4ec146f96033699405597241dbf6
step 9 4d2bd21cadef893df7aea8c3070adf6b87ba19981f5b5486de7a12f23bd401a0
step 10 4d2bd21cadef893df7aea8c3070adf6b87ba19981f5b5486de7a12f23bd401a0
step 11 9803155ed98e5c2c31cc3d326a638a8954a798862cb9226f1db47a9e4a8910ec
step 12 58afb87930bb84b56ab9b6fc24368408c38d0194ad369d997584ea8d4b0c801a
step 13 d43eb7752c1b7a16fbfb05b3e36c3bbee31a08f76cc657c7778f3676fb95de9a
root d43eb7752c1b7a16fbfb05b3e36c3bbee31a08f76cc657c7778f3676fb95de9a
msg 4e0a50ff277f44048d3cedb03f3595dac9e454a4dfc74a678768f475c0dc9f08fb71bc3682ea1dcbafb322afb6
get 3fa202469e edb0
get c9268cd56ff9d065988363de9f003b89894792a25caf6a7158118e08983425f76f4ac2bc47ebe55621e9 5a8a35b66169634075c5263b6a8aa013ec59d63b344cd0789421444a76c87d950f08209e5d624da6
get 6b10580e0643abb2c76c930c2ae78c23cac45fb368bb47 null
get bfa202469e 5f
get c9268cd56ff9d065988363de9f003b89894792a25caf6a7158118e08983425f66f4ac2bc47ebe55621e9 null
get 76d2ae8d1f89 null
end
case random-252
step 1 8671e1266c873bce64959c89485200859d8df18d33d92ba777590fbfe21b6916
step 2 56e81f171bcc55a6ff8345e692c0f86e5b48e01b996cadc001622fb5e363b421
step 3 a1eee5fc78b41d171743e440f69bf6ace25bf3dfb91340865ab86cc67934db5f
step 4 8038ca7932802481523607fb21b2a1a6c8fdd742d8476e9c231cb1a19ce315a8
step 5 bf7e14008d8f870d311102b6f45a863744c53e86e3ed8236bfa74e2899eca38b
step 6 8f505c20aadafd265673df70eb380bad715dff4a3b3fed031954ee3d65617939
step 7 37b4dd3cf7eb04c5fdc11159554e543e18352252a55ea2f4b83bc30ea6fbaf1a
step 8 fdb5ee9792905daa1e7266ac5f6a178e4da07a53b834cf4ba8d662d5a1def6ba
step 9 56e81f171bcc55a6ff8345e692c0f86e5b48e01b996cadc001622fb5e363b421
step 10 89520751906075f50c908bc51cc8d0ace28c3f6d8e54bcb347bbf86055ec4025
step 11 fa6926ba5ea29386f1aacfb184893389a45b6857bec384d4a4f2e5914683dd30
step 12 89520751906075f50c908bc51cc8d0ace28c3f6d8e54bcb347bbf86055ec4025
step 13 daf3b1cca391e193afd2bad91e5527f77237df58c5fc0a6a0c17f1917644d780
step 14 7696278e838f47c1aa3f5b38f063657f027c77a94363362331e3d0464d6404e3
step 15 daf3b1cca391e193afd2bad91e5527f77237df58c5fc0a6a0c17f1917644d780
step 16 89520751906075f50c908bc51cc8d0ace28c3f6d8e54bcb347bbf86055ec4025
root 89520751906075f50c908bc51cc8d0ace28c3f6d8e54bcb347bbf86055ec4025
msg 50d87b4723450f239715dc3f3e315dce068a1315dab0a17845e2d5635276545971ec4876d28ee951764f1b0ec906
get 7b4723450f239715dc3f3e315dce068a1315dab0a17845e2d5635276545971ec4876d28ee951764f1b0ec9 06
get ed253d0d null
get 7b4722450f239715dc3f3e315dce068a1315dab0a17845e2d5635276545971ec4876d28ee951764f1b0ec9 null
get 56 null
get 2d58b776 null
end
case random-253
step 1 bf4ba10d888e404b376fe9557bc0f10e980343468b75dbe3d2108e570db81f0e
step 2 bf4ba10d888e404b376fe9557bc0f10e980343468b75dbe3d2108e570db81f0e
root bf4ba10d888e404b376fe9557bc0f10e980343468b75dbe3d2108e570db81f0e
msg 7030e52402727c4b0060365dc895c0251af2ae09c659906188ace1a50e331aa7c385b017bb61c7ad9c546f16e799e1c3d64bee028b59614d000064
get e52402727c4b0060365dc895c0251af2ae09c6599061 d109177de233cf0193736f734a18132b4fab859af5d2ec536d02d79483b550783b057a01701c9be2196043da065992342ac4e86c7cf84320dbcdc02a61b0f93481cbe17a7dfd1fee8447507ec87f24005c2b3eb9218ff11aa4d381e365289d53ade28886
get 07a6 null
end
case random-254
step 1 b40a183efc4d972c3792ca893d9f09579fc82b7537b5e13d5b8fa4c4137eb71e
step 2 3d2bf2b3cc566a416fc01c8f3a255c970f8a6bb981d0a7e37abe75af49135bf0
step 3 b8c672743770761330f67406564a55e36e1d037da6ffbbf8e30128a0396ea787
step 4 93afe4b6ecc56f53d720cf01626c3b86f232c2d2cababc6c8564e63f87313c5b
step 5 a167905f6924c915b493c107140fde02aa1c4ce0784fc5a1060362d336df9e0d
step 6 6f24dbbd1b320509c429892c25845c2f0096715692cc77ffb26090ad1f1f9418
step 7 1be18b28e222429891b7bbc1eea320ff9f4766cd8a838b8a410ccaf91910a442
step 8 95b76ecd1ae3e4289ea1c6686c6efc6475cf2c4f281d567653a3dbd24e2400e3
step 9 95b76ecd1ae3e4289ea1c6686c6efc6475cf2c4f281d567653a3dbd24e2400e3
step 10 e6dcab3cff1b39ef44c247b2286c3660c53cf57279365ac2799575be07e72741
step 11 4149313b08d918f6ef53b3561847d8814a1ec76e033583502d503b3238f7eda4
step 12 26b0443c8f31910ca32a19d3ee28961790592ba33d0b5a83fe5e085ed69e3d5b
step 13 4149313b08d918f6ef53b3561847d8814a1ec76e033583502d503b3238f7eda4
step 14 492c718a4fabb0d31f44fad097628ede841f0c77a2bad60ae817bd04dc9a1b93
step 15 660f36d1106220ef5f6b98b75dc64875f38296c8feffb841d650d9db3a1e7856
step 16 8c1430c7604069b86448bcf1988c73dd775a53f78d5c69023c4408ddd35e8421
step 17 3b33571e1eb91bec39a9b2712d753befdacd25b7d449f5f5951723fc8bec0d26
step 18 3b33571e1eb91bec39a9b2712d753befdacd25b7d449f5f5951723fc8bec0d26
root 3b33571e1eb91bec39a9b2712d753befdacd25b7d449f5f5951723fc8bec0d26
msg 4c6f7cfa9ab053d403fc2c9f9ecfbb9e1f668d89fc79625c354d44f9f0d9d438f8c049cac73e1bda7e95aaadf53b23bb3a84faa207d17fe0ed277c9248d2c8b4c8fd5b05
get 22d8ccc5bb833f a8f4d141cc45fce821120bc4094a4b2b42085ebb8b526a12a1b3384519a3a42dd890a2a9f9dd98b3d9c97bb3ad3d0cb73c65ed62bb67b117c60faaa7d51a0e72c2fa74e9749519f6e59b44ec336027106da30f20136aa3e1cc92178c44f5ce98fa8ec0a11b8ce5a1f75a6838aa3a6f8470412d7c7a7bd797532090663070f13e4b810a334bf6d5ccf077d588a3231be3577412ab45cbfab982c954151d8e356e9d1a4bef5771f2a96bf7c69f7a1a49c4740d98be82f95bb9371d74a2c862fb28c719a27de74bd0aa289879be05f26dbdad753e726c41e9517e7e03e5924d87af66c340f84b2f96b1148dd4cbda4c59d6d4743d2d8de1ed2fa6170b2d6579aa3ed7
get 792f213c48533fc3c08db9857fb838e08d6471f56c8100698ef806a6103b1581839c34408e1ed94ce0 4a3b2e19d4cbf7c9320e704496b3f0ba6a9a4027f9a810310c0a45f9b096fe164ad30fee3814cfaf390d69aedc1a874ce40fdb5329d33eef0c6bda587d9bc10d
get d9fe4377556b057023ef856af1878a8b8acafe0a7254 9eaa26f21d
get ed9b8b9c61ed1ab19b d05d3200b317110211e4ca5baee445a9fddcd857b01b557c0c57c2bfab22358c178ff6cdce6dec19a356dded353c42dbc6099d1d98bf21ad4cc199e3b6ababac
get 69e6e2879bd2708e1007dca5ca3f6558d294b9fa1a3c4da11845e311c0b54fbc7c4201b354c6336a0a31ea6530b93cd060e3c0 null
get e8dbda4dbbdfe36fa5b67a8db154705d8bc9f2dad6b97c7ceb3ba56f30cc6ad693c7445d3b85a4cc69 fe380a1de9e6deaa9299b737345033e98e983b5c332396a4047a2a3c60006209e11bf7729f606e955c4cdfe2832269147dea2e0ffb3e4d7b5729f0fa33c935ddd7a5977b6cc627d63c8296da2a4c299eb98b722ed3677cf097507ebbee1491bc07e19c59881d806d95d57e9a49416ae95d340b7fab8bf8b554fffd74a2ec2d80038a2763de5cbbbb27696ac88f44202d93950bbe36fe71285f43e1310730c4cfe2df309536bf9c51000e04ded556120f5244cf5a3b373b5005e5db8afa5a23ba90eba5e098d78057cd88b664e45912d0fa4cde1dae8526cff9be458c6d538f0c29b42c072e14d54396ba0ab4a75c8ef3419daa093688ea34604794ed6b94c2933e
get 792f213c48533fc3c08db9857fb838e08d6471f56c8100698ef806a610 null
get 011bab2430a900915000961b3e901e60f782ba6203d3f605a45178f1a2ce3c24a9d5fabde785a0cbfe 315cc017ca740d6976ac5c3dcb6ef411432dac10ffb8026f68492d25b67110ff05854ba55a0cb92c0f860e5d752db0532119b8e38631e278c162d73e389e8443f50ac83899140137af1945bbdd97d0efd859de456238334c2b0e86dc0827ffd9da5310d6
get ed9b8b1c61ed1ab19b59e1ac5a108a60510e633cae null
get 69e6e2879bd2708e1007dca5ca3f6558d294b9fa1a3c4da11845e311c0b54fbc7c4201b354c6336a0a31ea6530b93c null
end
case random-255
step 1 4873e842164c680a43b3cf73f31bbc5e52e405d9cd3a0e4274b300cfb06cfe31
step 2 c44a75498320bd9044a1cb3f7f028ae2b78a94d1251271c92d73cd3b22ad69b3
step 3 4873e842164c680a43b3cf73f31bbc5e52e405d9cd3a0e4274b300cfb06cfe31
step 4 36665babdd0527207078bc98741ccdf391a857c47d7413d1f80964d7ff044971
step 5 f7e984f60718532fdf49b1d4bd843231d2ca20de570421ee54142e211a59189d
step 6 dfa4fac39d36731178d53498c6e017008515c6e62cd05785b43968312cd18d3e
step 7 8d03105ada55a67d4b7f2a71c2ec205c58737b61b693a44e5df8992d011d482a
step 8 2f48412d9f404066cee7f400ba77992822122d24e28b27686387c4506b840553
step 9 3eb42ad80f8113f89a983fc21d3c7b6929f0998da3da3954526d07bd6b575b06
step 10 5eb1b728169124c61337a9becbe85cb888f2b0ab45183bd1c9962905fd874c84
step 11 bc07080cec1e30b10f1fb245d06d329f241c7c0a0ab42dee85b1f07627cdf4da
root bc07080cec1e30b10f1fb245d06d329f241c7c0a0ab42dee85b1f07627cdf4da
msg 4c25377df762299038b4d55948fd78e6b781e4078282ef1f16a808518c0f9173c739736d35d09c3304f7f4807702210bfc919f58f7808c837c535f0dc80a3d5938fd4102
get 21a63bef0cf4427d6991ccb0a8279b17db6dfd50a8 512e4bb6bff423aa96424a29
get 5db9335d56bff3 null
get f7211c9b735044 72392f8e4726b336f7918a21691682349f0a2c986ab4ebe9da8b083fbb330eb64704b0a6cac40c7992d20bef9287db98758a239c70584e8a253253f73124c63d
get 8f0dd28f6eb0220dd453ee03b426d5230ece83e191f71835ebdc31ffcee45323b28a75e6bf674f4ca1197bbb348aea7e9fbd6d 3be2b7f8465214c1cacc4be05ca7b9ac649f368bd262acc52457eea9575491cd6a
get 21a43bef0cf4427d6991ccb0a8279b17db6dfd50a8 6e5a9b7f707abd39b1f2de48cf6a8d7d96f3985ecfebaf9638f2326b8b37e7
get 9f912789cb1552f7bcdfdd 4ad448c6734d9cf88353d7b05453a820494bdd4002f8bcbf3eee4ff9d68cc3df
end
case random-256
step 1 4a477b64255303f3476238298a55f25862ec5f34d8ea05bbd3802952b136cdd7
step 2 56e81f171bcc55a6ff8345e692c0f86e5b48e01b996cadc001622fb5e363b421
step 3 699121b2e22c2146b869380144332225e9fb31232d8587dd460194ec7d84c1f7
step 4 399fe2c91c8739b55f9ae5a69d0ab51256c3a5bd08d19a81bc4cdf191ee0f05c
step 5 6ca987290c3a27d6ef48823eb392469767583afb64e2804f8d04faebe335b376
step 6 ae8b8e4436304b9fc66b51d1beacd174a9089cf0eafa5c0f83a24fc9b8e11eaf
step 7 625dff2011f982bf82a5c68a5c5a1a4cf1a217d1e092e3a817f295feef80d5a1
step 8 c33853c6640beb25136a444d610385fcbd270406683cbc21a7058deab35ee3fa
step 9 c63db44fc4b3523ca919fdb7416bf37749bc08f8612f14a7c72a997e995566f1
step 10 7b35255e407cd9d3b1f6326667cb105b64d9d6c15ad76925ef111f86de371bf5
step 11 cea9842d6f7605640f8c88f3469b0a0b22f4aeecf2e503fae6884454a90e1b37
step 12 43fa0b71d5e7a1ee336ea435e32f0bb982a8728219be31983517001cf885dcfe
step 13 c7d5d510ded5855cb10099e3f77843a8066098cbd9d2d170c8b470f1dc8eae9b
step 14 aef84b1af914b0c093856059d0e9ddc6222db7e253a73d94b5fe98d699022fd1
step 15 d7d291a98ea407576672ca6ff3e297cd0b5c111ad6c312ddca8a8dc590e265b9
step 16 10e350db6839f8c45072d79e983a387b8d1d85a06ae7a48f16bfd412b3c5b024
step 17 948e140b59a346d08c2efc33223e812d6ef95a699312e80939be81bf3f983a13
step 18 66a8a7828fae750d380e6a7d45c10b1deca835dccee333b24888811be86042ce
step 19 c58851098fb9c89eb9c59f4409d0dfaf641c48ef40ba3d5773ca9b0f9368bbfe
step 20 c36198d30a4952f5354cdea453bc92fcf007f0817c99313585a9863cc9f42a2a
root c36198d30a4952f5354cdea453bc92fcf007f0817c99313585a9863cc9f42a2a
msg 4c7315d4a2a1a45a4eb2b4d41e48fb0219e3b25592605a1ebaff8546656b32149b775bba5121d1adf84eda6407f254b72083f4434403a8c5df894bbec183be33c8fd0005
get 88 7a508f1b6eeef8307ed190e02c2b564a046c24cd25102d5542510fc99a96039c
get 6c null
get 238f09764e75b7205d953148933176c63789e58bb0dd null
get 68 855874e37d88e93264e68dcf
get c3e1b80cbc014cfb6538eb458466502daba7b861f4f4c4b022d635feff018d7095a20f2ef0d4ed55315c25386408f6d5 53c9d7c169111fe405ab47a700f927619f219dba487fa95c744a8cccdf4c2c5445bf1e386963110f757e4238da8ca43b113055d05dc484f644f6ee0ec91b83d9f586ba33038cd11cbebedd23372a9e509d9f41f17e4139d020ff569274052ee5b70b97b0a45fb10b34b5e19f2d7af56556c5bd73876fd1604e4d177ebaa9aa897ae7fa117280156a89e39d91be71c5a36fa3d536e6f5c6cc443a78b64d74f7c92c1be824fd3483621db0eec359ef14c85365ea060dafe8293ce2893d86ffe54f896e688107b64c6f3c43ce90f2fc1f17ba027b9c8fa41a0e1b75440acbc6a01e588ecd3d705e8c9dea08cea31bd6f7b1aa47cd16dc9a79e5b54286fb0980a0c876
get ed224d823d291aba84eaaa3488b043ffda04e97a38787e4506c1c7a85f468bdf06dfdb135143e87646f4f54788d5a8b2f7c3ec3b71ba2afae2650771af9d 0fb3c57290473c01ca186b893941d690fd51ba6b6acd70662888ea24fec675025b85
get b5 null
get 4d3714c8ac5a7ef3aa376bc56e74ec40bc9aabdd 980eb65757fe362482c5993fc90849ae4640a513020703f21143e4b439b3bfd5c525e03ea79485454c55a987c74c51b960cb3fbd870e034461dc0e28b2c592b1
get c3115e 9d98bddc4351aff1f6fa5bc596bac7598cc054db4bf8628042e5b7e85e30d7a80a4c
get 641b35 20758a077b3195161a51ba50d42beb71be1aa3cd1b441d6a17b89ecbc2d4377c
get e3 06dc612e7c06f5be6042e367d492c30de13996c80dcdc6c6ed1612b2dedee692768d6df7179cd801a523c504b01a8f4e5aec140737ebf0f64c0a65a29e1a0983
end
case random-257
step 1 19dc1fa080b7f9356fbb2cbbc53159530fe087906a4463a2526fadbe025757b3
step 2 a5d4688d85708795cd65e659e9ba227bfea3280510843e36eac6a096db09cc7f
step 3 f40902faf56fa89d9a1c9262ca8b523481620ca59f8d85659efb7f516327022d
step 4 19dc1fa080b7f9356fbb2cbbc53159530fe087906a4463a2526fadbe025757b3
step 5 56e81f171bcc55a6ff8345e692c0f86e5b48e01b996cadc001622fb5e363b421
step 6 1289169594f3500f9bbc915987cc3729daf7dd3e1a8a509654469c9663aeedfa
root 1289169594f3500f9bbc915987cc3729daf7dd3e1a8a509654469c9663aeedfa
msg 7007eafee39fb90289aa0e2ee31caaebb8535b0fc5f641ff5e8278f96100f8581dabc8000101
get ea 49df73a935b37ca8a413047ffd7ba759cbd7d87d609799b115aa465733ec51254a9643529fc934aec13d682352bc1b1450cc486140ec433bbb105d82f9d55177aac4625ac8c6bd5b44419de2828349b84ea3eecc486cc32f1055209a7599c004f8bf7727a49152307a597c75b3ee268bffd58d620f443a6e90ecfa91ff78d306102f118a01008548877c822cbdb4e65bcf4821fc7b1f65bb3152fb6abbac726b54c364447347abd84999ffc212ad4e3d54e061f30894a7ee98fce717df04758c77e9a5eebc7a8b2bb4f88fb0de792ec15df6c5179c34908d4b5a9ec853a5ee2087b00cc3e64eed066e14c6e84ca1fb2decc5281822e57ec81ae8027e6cd8d5fbcb
get ddd927c63d070d80acf3f7a7d1b3c8ddf85fc2349e14347621a74910fec9402d1c9a41d32f6de08b2df8e95b561a73fa7d5771d4b246fc2a87d22a03a7e9 null
end
case random-258
step 1 1b39f3df0522e4cca31271d920e9e2db8e3062565410862e1bc78b2a92e2ea0a
step 2 9fb84d1ef6572c62541df837fd8b01ca6a61ecefa86ee8c0b09e54f1ac5696ad
step 3 1dc9f323b194da93d032a2cf8f126ef2c9bb5301bd8b0912a3ddd8aa8aafef17
step 4 0ee3c1df1d8c07d80cff3036aa558796e676e60e89e187395571e1dbe3c434ae
step 5 1a5e3d7fe84f037b374b254a17a486ea799bd7f6a678e14a60f018bda9134d15
step 6 56e81f171bcc55a6ff8345e692c0f86e5b48e01b996cadc001622fb5e363b421
step 7 515174ec736e89940444f460bd30297559f01f4fd222aacbc80f8f5528d547e3
step 8 daaa94892ae02126d6938d280f0a6af97925b55e919dff129d2fba0c6dbaecd9
step 9 cdd9b0ea01b4012fdea739cf07dfb502c3ce150e7a6c9c928ff3d8ecf88f4a7d
root cdd9b0ea01b4012fdea739cf07dfb502c3ce150e7a6c9c928ff3d8ecf88f4a7d
msg 4cc137bb73c81a8c83031579ca7c45e9cde971a04180bd1ce53868fd186b03883b503718e84d793432936363fa5c65101045de64fe27b8296e068a2313e56d2d83a1
get a2e77c4a214e2b207a3ca72000071b9c6d0bc5348fadb52b47a37b7b1d0e86ca223833f39996f42fc11ddc1ba39f576c596fdc83ef1a7c3e4a7fee3d5f null
get 4580afa6af621ff2ab42aaa8eb2d03d3e78ec5a3d32b91d8f3753a6c1cdfe7c36a879c5b0149676649e1b2d1036d84e3e3 null
get e01a9fcbe46b77db49 601a7f7802a25d51d41314696622990074e70c72836a39417ad24e7eb9facce7d42c
get 47a1daed8de9ec5b7c15304ed7bd0ddf90750fb01cd7 9c
get 0ec0c070516e3f bc8a68
end
case random-259
step 1 f1f19d70c5924598648c4b8a51dc0e5a2126865dc0df8ccb3c817b2d8e341c06
step 2 f4fe930efec6caa476b07e6d2c700610c775c08229075df9a68e1a035b683554
step 3 79e8ffe02fc95263560e7fc571271eb2885546bf26792ea9cd72574861b5fb0e
step 4 f02733f765e465f3d4b9253b82553799564a7039276a14ae77be0b685af4a125
step 5 e1169350b2067114ae15bde4493cd7c8d004e25692f877dfef93cc41dda31e3e
step 6 4f75a6a5e38b8d890b75329219705759354ce56c52eabfbaca3dbb7c88c3027f
step 7 65669937dc534a49b958871df410dbe2f30a1eafd0d746ef9d05fa1c02aaa90f
step 8 5e46cd2fae288d2546dda2ba69a88b46e7cde5c81817796b349960012dfd7c97
step 9 5e46cd2fae288d2546dda2ba69a88b46e7cde5c81817796b349960012dfd7c97
step 10 9ca335b3044fdf6f18d211a56b63f654d2ee1a53cc22e4b8240f5d7ea41e4e61
step 11 7b7f702201eae69c2c41304de7b81820a9d9eefa4fcdbc7571c6c35bfeeae9bb
step 12 dea13b4a67610b3109429de4c63d43e674038f4850aabdb3cfa3f6b6141119eb
step 13 b6446cd26a7d20f00be77f0f31cd9951224d7a58b9d96dc63947af4da0506762
step 14 b9a944f97568bc7cbfaebe16310a56db8aa848dd314fb1c4bc34cd76381bc949
step 15 589257a1fc430614272d0f99cb1f068d3a8e1ff26eb77b7021e48c2d6bf3149f
step 16 dece97613ff875182786003a27c26dd9a1aa233ed3bb60f716dccfd9a2343535
step 17 589257a1fc430614272d0f99cb1f068d3a8e1ff26eb77b7021e48c2d6bf3149f
step 18 4cc596ce452c98d5a9f0c12c9217d1be8047d0596daceee415de5b7cba567414
step 19 1fda32d654b25862d9120d5fa985420c6aea29bf6bc8ca2018da6a5d6013fd5c
step 20 b431cc0abd672f5e7631eb716076494781700531c36c7fff5122f56e6f5bca24
step 21 d4862513a063b5f586e91b3de81169544fe3e74f9e0dcae68df7e79471f1df10
root d4862513a063b5f586e91b3de81169544fe3e74f9e0dcae68df7e79471f1df10
msg 4c50ab3e4a6878a8287e5071112cb11df1236adcd7fe987f4edbe1eadebf095b2502c7c96aa3d290ce704e4dc6402487558c1ca022a504816da5e0d1c2cee4eaf9fded01
get 361b8cdbf73d094134e8e66e6b73f02ff8c455e5360c135e3980e9129b4bd799775bf5fa579abaa7 null
get 70 d7ec2d53358019b85f3ab17f403a1c627cdbd0893313838aae5607cbcfb3c0
get 4b65 1b0bb4bb973e03e2acc4c3b63531d851ebe06259
get d01fe558fec7e641fc63a556a7b90fcbe0595a4ec4395a1c21bf540ad119aaae52496575d09e3dd4347f e21d450d22
get ac6e 2eef10047a8812bfa66cfb2e
get d01fe558fec7e641fc63a556a7 41dbeae10b79790f87fb7ba02eb48b1ca19ee9c7132e08ac75d0f9d46067a5867b41dee680fe34cd
get ae6e null
get d01fe558fec7e641fc63a556a7b90fcbe0595a4ec4395a1c21bf540ad119aaae52496574d09e3dd4347f 42e5a6ef100f97b90e703ffbcc95c6f6b3635de8f6a5b6356f683cfdaece93968d6a
end
case random-260
step 1 4c0bd42e1f8ee5f98f5c137bf3fe980a3278dde3b95ef821be5df6ee5594cfdd
step 2 b87b4c2462fcc9ae15a43035bedb62b4bafba0f0998e7e8fc25b6d91a54cd555
step 3 8f7b635a4ac0c70c2568f4846c41494ac0b8673ebd5c6cf3b5865439017d7f04
step 4 ca7969a321754e9601d2bc8fc9fb4e75ad6097d4fbfbcc0680348e81c01551d3
step 5 a1a107f37756b34fb2bdaa26ac1ea8803ae9f775247fcff12aeffeb563d289e9
step 6 56e81f171bcc55a6ff8345e692c0f86e5b48e01b996cadc001622fb5e363b421
step 7 5db3f1b665459e1e22b69586f2d84ce1a244aa8709ed0f0598cd6b97408ba63b
step 8 1dac0613369cfd2ea1f462e9082fd327d5951577d8e0aa4d0490c555a3198b23
step 9 ef79ad8d3ca8eee58f808dfd46adffd366130038843d7c0404f354ced6095221
step 10 fdd1c9c689a96607415fde129f310be6416abe9af2d5a7fada7687e77c69e450
root fdd1c9c689a96607415fde129f310be6416abe9af2d5a7fada7687e77c69e450
msg 4cdb171ad7afc8eb890154c833a83ae796bceea12c83df4617f45c4e2aea94b636c6e2341369a35ca0ee62fa1fd65cab1d3b4ac71b7516fdeed067426afb401d3cfd5701
get 3fe99d7c86ebd77cef75857df9ed9a40328cc3fbd31ec96e3916ad594568448dd8f92ffca14f9b306d10d5cc1a769a b722ab18fdb14e51c3025e65b77d23fc3f8c7f28b6a992be80021b20720e685188865bdd487e98b695d53c5a12a2217d450f2a392426e22b702b6b8d587bdbba04d6d8d2d47a62468629043299454ce2a9086cd5d67841e20bf4ae9b43385f8774d7669c
get be3757322b8a1746e3762b70b86bee08eceaef4506c1 fcd8512878131aca916343d0139b7bd6209399ee600653884bd3555ceedd7dea55a0229d39f8df22d0d455e0cba294bd66733ccf0b7fba53ef55c0c45898013c63e56d4ca1a3cb2ae81d1cfbc0a0e614f85bcedbc450fb811a0093bcc3dd007fedcd1216
end
case random-261
step 1 697ceb4aed2e58f49f2c4965c8cd41b33a79b72078f9aec5a029492db4ba7356
step 2 c22767c677efe160fad5220867ee95bcc281805a14369bf349faa6b00093d0fa
step 3 c22767c677efe160fad5220867ee95bcc281805a14369bf349faa6b00093d0fa
step 4 be2db43590a53d0c15094662a3df7d2baeb18f072a257e89c2ad5e551b4fc732
step 5 4b660f4b416f6e35ae5993cb139cffd4c7ff2cb68aeb27bb9bc2ad6c6a732ac0
step 6 cf0612dee71cf1f80d7cac1c9e27d3985465e7b38a688460ac44bb3e0b7e8b6f
step 7 1c15e7407d38249f7f467c6aaae126784f3908f4fdbe3c9710e705f58f1b07c2
step 8 3501b2770ad8181697c3d1d52c505abdd7e8c5be424fcb76687500e890b6162f
step 9 6ba9c8510357f1abdc4107da9cca9cd25ceb631d89ae5471e416f73286655df6
root 6ba9c8510357f1abdc4107da9cca9cd25ceb631d89ae5471e416f73286655df6
msg 5c0000997ae1be1a5d77ae3854630bab5faf3809455971266dab356b5bcc878c05f4daab4460f12730ca6681df32acdf608ffe63ef50b5d1aeccc1cb7aed1514f2aa8afd7402
get 5d2e05ba92 null
get 029afe1804805d448a49fdfd88a3d83b14c266fb6c7c 9aa57eafe2e47cd559ba480adeafa91d1a5d38ab487478f239cedd8ffc1342732084
get 8c08c5e5a9533c4df77d17fc467aa0c665730c2c70f1504e null
get 77a0713bdd24065bfd9c2dd169e0beb15847626d01d312bf b72f5f54a33dc42a6af8d359fb06e43e4db37942d7128a23b48a8eccd7a4c6
get 35 4a884bdd53148f2eaca3709490c016f5032f8953
get 138e5299b62d91bf8605f732544f1633477578d2e92b35 38b55a116d41f93925771d8d846d20da35dfbabfaa0c1cbfd002631a26732efe7478763cb3ef52b74b987fbe121ed72facc3b3ec274a3bc5740594a0865a39b89bfb2a804545dfd2457f4be11be842ac480fc001864ac67c082a5755ec4944707f3de3cd
get 029afe18048055448a49fdfd88a3d83b14c266fb6c7c 217c40f2e6cbaa9322132849675febbcfb30f04a5cf7c3760231def9ee1c0de3
get 1e 0be513
end
case random-262
step 1 9846ad784a4fb3c14e1b09a85fda57952a4e7ac6d9ac4f0462aeccd140ffef86
step 2 9846ad784a4fb3c14e1b09a85fda57952a4e7ac6d9ac4f0462aeccd140ffef86
step 3 56e81f171bcc55a6ff8345e692c0f86e5b48e01b996cadc001622fb5e363b421
step 4 bad7542cf64f02f78cab92b2a4c748fd734172879aebc1e357ec6dda2048d6e7
step 5 6b31fa46e7a89f98f22e446d2d4d1d2f2a78211f0e9db6a72b438e03dc41cbc7
step 6 bad7542cf64f02f78cab92b2a4c748fd734172879aebc1e357ec6dda2048d6e7
step 7 c804b07cc9aaa922ffb5791f9df928ac7211a8be6886d5015827dbe9d31ab300
step 8 e067a5a2e007273f594bacb8ae3cc1b7933fe7eee571189afceadffdd0ba7046
step 9 490cfa75e4fba02b602dc89e28b16eb8e9535b4a00508afee6b899973bf2d887
step 10 06864ae144cac515f18504081a84ed8fafe688da6ecd77837e63d030fdb4c1eb
step 11 1ed5b35f6a1228e08afbb95dd165450573ac04c05f270b038fd3a0e5ebe2dac7
step 12 988cc1bd985a819a77d020a6d95ff41ff8c75e4cbaac0b54ad4f6a0d4eb983f1
step 13 039b247dac5f3864bf5a8e9cd8741dec82edb5bbcebd863263f753d75a365713
step 14 048d5ce089269bb5fe7ac2dfc9fd0eb7a3751c1267a7edf549c4bb55cecbaea9
root 048d5ce089269bb5fe7ac2dfc9fd0eb7a3751c1267a7edf549c4bb55cecbaea9
msg 4c5b5638d9362f6e023dde5df88b0fa5101bbb42cdb28839960456ad010b70cd8e01433214d317470be05e086d0d9fd0f46a52620d2367f4d715cbe3d6e2169400fd6203d6
get ee70020f26afe07ec046c4c5126cf945f5a1c71d86cf7d5f3cfd54c1e8ec0e9e721d72a3cd15ece59ed33f null
get 6deea41de8b17f749c909c8f5e8898ce83f01d2ca2dd6042a8bb75e45fb00cbb92855d300d624d8b0a8c e423fae568483fb2a30de1303ca7de8fa5288e9cb41aecf9e1f5ec89d0118c49226d38a50af4f42b8fbc3bddfc013bf35f8f4a2f5abd6362db23fc189046e4f5
get 2db7ba486ffd6d 12abfcab4121cb9d12c21146d4225512b8709994da0339dfcd57a1cefaa47271b5b4f6e52178fcaa
get - d6
get 71 e81914b31b5acbbcb90dfd97792a91d1faccf9b4b88dc4ca910775b2e59b51
get ba7f9070 055661db0ceb84c1b1f7290d8dd660a5ec5fd7731a699a5b1698491ae10657b4e1
get 6deea41de8b17f749c908c8f5e8898ce83f01d2ca2dd6042a8bb75e45fb00cbb92855d300d624d8b0a8c 18a804e73cd2c39c1693e4612f15a182e226ad812a1bf4ef23184e18bf959326
get b316cffdef64c4999b6aa5ee1fda2b3074f81d6be3438a3254d502e3a460ed37e9a754efba39ff541f 15b3f1a2f957af75b975f6dd56e54d4f92847714426a12d299fcfdb10e5ea3306965377898f6f79b
get 29b7ba486ffd6d f2
end
case random-263
step 1 855057888b5b602580ae78b4151e22c05857e2edb5a0113d320131b4898d011a
step 2 56e81f171bcc55a6ff8345e692c0f86e5b48e01b996cadc001622fb5e363b421
step 3 f3a1a2971fdce5ba5b7d0822fb8c56e815961a93603ef86fb01461db00cfa586
step 4 44cbdf507c70ea5d927910444efb951b47aff1da52c418a2ef8c8182d9e8cd87
step 5 56e81f171bcc55a6ff8345e692c0f86e5b48e01b996cadc001622fb5e363b421
step 6 c72c9646ee548c46e10dfc00efed2d53823453ec1f1524e2c5ee49557437835f
step 7 a7d80325071a3cacd7e88e2beabe3bee5e0942066cb87e37a69d3d0e33428757
step 8 6793e8c1ebb65ebab6daa5ffa8f1682d6bfb39b04de4682512888e571eeed744
step 9 3d537696e6699d7d2c0dc2c752d6b3376bb575afdcf403799da89a8acd753f53
step 10 544b77c70b7b3f1610120f10aca6b5a8d5c07e8e1d686547266ff1e56a2e028b
step 11 0393a6d3237f08b3eff4e20886b757bf5a5e44f0623032d22b1ad07d1cfd42f6
step 12 83204db4655c79d8c601526c8fe68b2b802b40599886ba09b5137636b3bd87a7
step 13 23f4d6735afae18f43517f0f9edca206fbb200ffb0b6d5c859fcfdc8e3b4e6cc
step 14 9659f66533521f83f9d0b0b0b761cc8a3a1042d547c093bb878afa712199677c
step 15 91b9cc3367704db7c344f71dab2cca39fc441f6bf9a59c66a88e9ae56d677fd4
step 16 9659f66533521f83f9d0b0b0b761cc8a3a1042d547c093bb878afa712199677c
step 17 a8c5047ec10ba4ac8652bca0797f49fe2e953d50cfbf35b9b148dffd69f0cf8d
step 18 bb6444bd7c9e901c47b7962353e48bf676e36f11858e2f67aa9306f391987a28
root bb6444bd7c9e901c47b7962353e48bf676e36f11858e2f67aa9306f391987a28
msg 5c0080af863c8366709c66247a06d97226a8458c77c10a22cef0645f01a9be1bc775f10d43dc2a403695aac5ac54638f1dbba985a73722d3f172518268d98ea69928be83
get ba49f637addc 49ad
get 7a null
get f3caef46a1613c68f476c9f9dfb92cc30ac03d1d0f28 4a0b6a990df48daccb915782c376d07a521e93c20bea2434ccdcb4e9189a83f08742
get 9a49f637addc null
get 87 cece7c
get 9c2f01 null
end
case random-264
step 1 25e8d6046a8f1a928132c0139eba0d4dffe0201438e09a07e9ede270064368ac
step 2 f16758eb9fe7b30c9666ab4300a6448b0b28f0d03af2948da9ce31611b75861a
step 3 c65e95b3ffcc19bb9beca62e1bce0585bdf0751cb4b2a503ab51f18b949052dc
step 4 4eb97e41f291cb2145ad4f83c6e13ba5baba4078dd03682701cf91a740d43e53
step 5 4eb97e41f291cb2145ad4f83c6e13ba5baba4078dd03682701cf91a740d43e53
step 6 b8a079977688624d0c124e6fbe4ff936d49d640e1baf6e01e76dfdb4023ff6be
step 7 89cc670d468ebb80d98ff41559b73dbfcfe19600e8a602cbb5cec1105267e497
root 89cc670d468ebb80d98ff41559b73dbfcfe19600e8a602cbb5cec1105267e497
msg 48e89f6dcffc8f42d2aaac711d02c4578d36b27cd0f56f8cdc5585eeab304c1785e8cbcf14fd78
get 4ba1183f 47
get 0875057ad68d83a8bf771fbea871bb049648a126a611c59d2f7b5cc5128c8a58a0aaa009efb70438e23373b78ab37aa9f1ebc75a28879f97600673b54ad3c2 3f6b5fe6448e81ea3dfd1a242e98f527e4194ee3b000a5ecb1344a950b3ccdae
get 7ffba9bfaa3f2feec28973cd43c3b6ea93d24cbd69 87
get 48d0b20a null
get - cbcf14fd78
end
case random-265
step 1 4b3fabee4dd4398bf5d8424b818ca132b478e855da074e5fea87c0d5029a2829
step 2 1e1f7fc2452733471155d7f3ad7b3452e365792967256e02c68304431d14a537
step 3 9e107d6bdb019a39f285ec91c0916ca64ac7052aa73e6cc71bed5a8b7cb0899e
step 4 2854fcee806106224ab6f1fa57152f281f88066da5a6279e402e7d262e19c7d4
step 5 56e81f171bcc55a6ff8345e692c0f86e5b48e01b996cadc001622fb5e363b421
step 6 490ac013f52ae79c645cef4c958de642861f85ad07ebf6472c22ccd46d030676
step 7 440e7568c27a0695d4ed8eab45642f3e998d8b0194e15451c6339e80c2a7937a
step 8 def4bd3255656c554752c06cafa2e4da146228d6dea3bfbfe345ef78bc229907
step 9 490ac013f52ae79c645cef4c958de642861f85ad07ebf6472c22ccd46d030676
step 10 2ac62804293892beae36368c736983f8166f27836a503f8a95170192598696df
step 11 b82a6c0de3d131eb138c18668bc099aa3fb416417ef6284f6141d3f3059884b9
step 12 e189b3b07e77e10935ecb0cbabd6c6ec2a30de5fb79ad9445ca43c80648c7149
step 13 f9a4ebaba1e1702b159104512c621080864b7933db9be5864b7f110dca59fec1
root f9a4ebaba1e1702b159104512c621080864b7933db9be5864b7f110dca59fec1
msg 4da926ff87d25c2f05a1ca01a900f71019d1025604e6286fad5512186855b6dcb325501eb9f08a02f6bd8a04843b68510c6af6f77a8c0a128137da30a5aeea672fb4553338e846fd0901
get 19f8eacd7fc53f7f8a c255b33c65d76d2cf76f51221a85a2e53a90407a4ffd608ca601d548bf9403ad
get dcf84501 f6bd8a04843b68510c6af6f77a8c0a128137da30a5aeea672fb4553338e846
get 19f8eacd7fc53f7f8a88aa011ed21bc6459be17b6864 56451b913d651b82a03245e647744dbad8181aa96aed497c220253b41e89b6acd0681052d79f2aa1d87b3d43d51d2b5228163fa9a69cea553d1267b418541979df298a9a646c0d1229c22b49854d6e9b63a374c6277390df0e0e523827f0688807f6cd44
end
case random-266
step 1 a36e918f04b00901fc4f2e0905a1a90d05b584e05471063868b19e36328d54d0
step 2 facfd695a645a50dce403a41a00f96919fa613d92bd676a2f8bbd4199dc91ce3
step 3 17befd867db2bde23a09d90182d7578d8881b8e6468bc722d1695a297c066e0d
step 4 3d375f9da741af4cfba502cd2b978416c2a86604292c82209b9cb42a4c0ca781
step 5 2a911d5d0a362f06a32682bec19210e20028e09a3430060e72cc8fe5cc05b717
step 6 de01d3fe557bbf8748db9efbf075bdc3fc8ed9bc17acc20821240178eeecb38b
step 7 6eb455254a7519f5962369a4afbd99d9cd8b3c0aebee0c6d577eceead7bea34b
step 8 a320705377b2f8f3ba7a4fce5637fcb9cd22ade303044bc83ea82076915fbe41
step 9 a0da88c3623520a85448860fac43c504d8f12cd8e59a4c85bc30819eaedb00dc
step 10 1f954ff6c6e41c45a3fbdf638ed698074a6f0a6cb2136b396a7ea773337bdd87
step 11 9415b8d01347542b115003b2d4ca59b05ff520e00bedc6c424b7f3ae80387fd9
step 12 e9f390fa969570ec59a5b3e64676eb8e2d0a17f35dee9b7b442be68dd73c9bd3
step 13 7a126b37616d56ae96a15d28a9820cb676ff2aae45e67106c53fef869c80a397
step 14 78ca33b12f34bb9ab5eebf2a8c94aceabc83b1e4f5479ae49c8f088e36a51773
step 15 6a8150a9613678808a0370b9d8781badde99e941526540c72864325f99730441
step 16 e7c65a9b802e022de03a4a64b159ba16a0e56a305c09e6626c0c3112a7d68036
step 17 e99e06007b1112435b12c27eadc288efb49e0f00cf6faa40d45e11e2cbeb3e38
step 18 f1d9ec22160f10356343be513f87f4bee2f963b44ba7275ff73a0a74a24a8b3d
step 19 74e70ae39707643d910f761a9c42b4e03c69d47bb04d8f6880b23f85909d08f9
root 74e70ae39707643d910f761a9c42b4e03c69d47bb04d8f6880b23f85909d08f9
msg 4d4616affab51a846a6cebff7c97897d368b834d6bc67314bcbe7fb8af2dc9bd451b503fe1dd9f20b0d198459eb3bab1e09859e64df9ca48123a7f0295fd7602
get 64295c4796 72e28429bc1b7a21bbf64bd01bc6c881d2a2d10af73dc8c1249fa5fa7fbbbef53a5be6a67af1cd91489450cd57456b6662aeabbc72eeac752ebc373b6a600c27232a618222fbfad0f06c04b81e5d81f4002def0a053ee3cad9edd880f98b143c596d9c50a93377b8a4ee71fee0369e16842b6d5d5dbdc154e289c9f8c0aa81d1ddb384bc9a909da49b448441d2f21eae49a6e12b0eb8edb4643dd663635f4ad4cdd66c5a5375e1b40c011312f80b3d4f69fe35b6fc72609182b2fa352d2e0a7851b7899cf2b2ebac8f731ed87e3fc1a53bcae9e697ba52e6e6b77b8e23d0aa0b174bf191e92eac48da9938102d95fd344c722580325300afacd04756eb89275713
get 64295c47b6 c8012f2034b4a1c35f68d9163136e68cb9503c31
get 1273840c160e04debfda293677f4fdc34d0a1c6c2a25572f5b7e675b7e23642f58212f3ad3a10d6d2a851d9abc2ae45f3d 18780f9e10a6136219c4e3dbdb96537bdaac50feed2f84844d5e92063af47fb4
get 5ebd593e45 null
get 5ebd593e47 null
get 1273840c160e04debfda293677f4fdc34d0a1c6c2a25572f5b7e675b7e23642f58212f3ad3a10d6d2a851d9abc ae05ab91af2a19d781f7a8b938ec459c27b9cbab
get f0eecf905868cc22cf59dd58f04c2cf326fce524091d3f81 95
end
case random-267
step 1 ddb27d29219aebd36091b6e0518f3201aff6ad1e34941a1ed3c9aeb7880e7478
step 2 7c0267db7f9e509de98a08b2ce0b32cf9ab1249b492e7f1d8e0aacfcca342ec1
step 3 0ab241bfcdbf4f0e2f4f86df8b5785a2cb73663a9e46201f2d523058fc9111da
step 4 e72f62371114cc2e4e6fbbe0f45c5672463559d9d10563f40afa94723700d1b4
step 5 5d880189205dc3f3cfa0767902415e9f085306e34ffac8c6805214570e2ee8b6
step 6 222aad0addd201d1ba72505f70dd2f6ead71dba64b6295a9a10cc79049ba8078
step 7 6ae3ad66e9b8abd829dd0048367158291654a1ad273f917ec8bb6a61fb2caf0f
step 8 c188aa2928106ad36a766b65cab7a44c3dd05d34864c7ead92029a41282883b0
step 9 3ce0c43d284d9480779292285bb6adb8676233f3ccefc679e96983c2056468ca
step 10 a8d4ae0d491e790bdd97cbc765617316eb2762ca36b0e51697d7c5718af24a1e
step 11 17a2086736cf1b944a7af95afae6ed5c59db8432c535e267e6bf636952f5d0a5
root 17a2086736cf1b944a7af95afae6ed5c59db8432c535e267e6bf636952f5d0a5
msg 4cd3b385dcdbea94286295e37ec73892064ddb3229a3242ee1e004945fd81ce36764d922cf156a14ebbfe58bdc347ad2b6614597919d2465003afd3037d0138a3cfd94048db6cd706b31c376c07415e75fd00bf77701279e0dfe49e4077b05941e4177
get f3e76519f625067dfe0c1f661090e827d7069dad397bde26 null
get eaa333969fc6f18f5627dd8efa8daa2b6808da20efacbb81ccc378bde8560bd3ed4906a7e47c5de44a 06c861f11eda7233d8ddf295fa4230e1087916f2a19798f92bcb584e22add5b251c3027188208675
get 6e42320be9b87d52fc41203e3e43018dbe4221e5 null
get 305c5ff533e62c4c50faf5bcf0b2f8c54981a8bddff8f14a0027cdfa1887c0158f0db59575ddcf24dfd7441e07b331e937f52646fa9cea86738e15030184 1b78ee910f1b9aaceb90b039eff9523f11774e1000d6a8ebfae545575f8d58653ba0f908c9394e456bad0a54bfd8316e6f2000a860e9a3a3d7542b9d058e234a469d6c41db925910980062915e5b61f2e8e206683e776da79ac51246a9d5e5d5cb201a389e66dfde246fbb1eec14950a15733a01117a6e1b2ab6ded7e97f0cf271a14b0e85f1cc474a21b4307a07bf2d3576fa51f89a6d9280865e5c4c6c0be0f69ba08ba887f5081b090c743c7982b56688f42726144363f54b5c8198181632c3e2a73e0de305c2efa8422fb49c1ed8f0baa3fa2a1034790a43554ddb898d654165281acb62824955bc401974c2f2db515786a24175d6d49365f3a3a3a1ee2f2f
get 1de2 fa1df906142d2d43d58e51cf42c3937db7126e0e5ca0ba59edabe20a92e0e4ba327405417c7059c2
get - 8db6cd706b31c376c07415e75fd00bf77701279e0dfe49e4077b05941e4177
get 8d 4a5fc840e4b79a1a63e34db5
get 41 c7b38f9c8107ca6577d5aab9848ae5627c5119d38d2c51e2600d9c3c8c61a5248744f8f2865756c74ba0e188309d1ac7ed50f5e06c8186fe986c81e49a78c2cffdb1c0d76440c4ceb85c693e548ab6e272faee5fb46cbb66e27271688e3fc4c5899b3bf8c0fcb2d986552b5cdacc57c59e52999d523a4c02d9dbc142fa4a5a82ade78760cd032f49ebd72b42b2e9531a85a318c621e7484da8d5586430e3b269aa3c5f53cc23d2719f10da4bf68903158d577c815fd322798f57deff6492c73cbcc61763d63638fc253fcd2790e860905e0e82cdb2c80cb04e3d6b92c4054a20bcaf667d4c7a36297efb1be52ba175b0dd07cacd564e9a1fda347549a3c0029615
get dd61 ef7b0789ef6d84bf5a81e206bd653021a654e6ec762882c5f53a727c2d6a53
end
case random-268
step 1 a09453503ee4ca4ba0a3775a2835ab2fdd70791cd33a819ae2352ca701d4038d
step 2 202aa2972e1a82ec9af04eb2e7c263eb9f71c8f26320351889db87c2f203f51a
step 3 2ffa0bd598b0ca17178ff4f3305d695ff0c04db18022a845ccf174f482d796cf
step 4 61294e94c5e88043931993ded8c3f4ab03566656ea5ee789814f39350efd6935
step 5 e15c0ce86792075ad4765a9f09e4c2903a2627a3228175c5ca7860e3a8ed78c2
step 6 0823ef048d0e9ddf74b98c9b9c760c3fd508921b82fd069bf48288375fe91cfa
step 7 b9def2c72d551ab8ccfcffc3a61a22d861f4b801861c8c224e4f9476cc1c3873
step 8 f5e10439492fe8508c87cd620f7873a89c6273bb29a7de00312635ac33b824c0
step 9 4ea0ca4718a7dd562e1b8982345bc2c287e1d46245940a37fe74878b619b5dcd
step 10 110fd5b4c96d9831a8558257f24defe9699c801168e9281ebb73895e9f7fd88c
step 11 2ad648ce36d8892d0fc15f15ba119e141df238ab12c02019ee3073447cfe54ba
step 12 ff12341b1b51dc952aac35d9b0e61af1ca843764f9590ec7517f1f7152b9f3b5
root ff12341b1b51dc952aac35d9b0e61af1ca843764f9590ec7517f1f7152b9f3b5
msg 6cda71af9dd795fa78a636f57ccc4302fe18281f74f3335d279a7964f796e646f77a5d3f5a86137203a951a8a0de2e8ee05d186cfc8b4650833c925947e13da89bfdeb01a21e1ac02fc7f888a2c73797d91c6083a7404d4841d3610a83cc41a06898c872000021
get fa4a97abf1 1cccd486903e9225a0ed9a61c7825423504400ebdce44445fcde33fae0d3d0
get 9b0241cb08cbcd82dd299a29fdadf2ce67b9071c044771a773803410f13c48dc6bc796c6d99f5d844500e0712e6141142863 44b290769f64977ea5a4b65ee8ec0056ada78fc7e57fc3af317d7edc5953bafb
get 9b0241cb08cbcd82dd299a29fdadf2ce67b9071c044771a773803410f13c48dc6bc796c6d99f5f844500e0712e6141142863 null
get 617c 896e715ad2b0332747999afd83c190d81067581774f40e24179c5c2bac8dcd
get ac430ea5397e18cd5a84bca4cc36bc9e329c445b52 null
get f6d3a0465b80fe1a48bf232d676bd1fd48ee7698ea6150fee32a0f208c2eef16a69267e1c54241ed613f90e86d82c31a10a5998a2bfe3c025f5f1da6f7f27d 569e436400
get - bb20c217b11415bb73ccc166ed7f4fd60f10d35feced2ea7092fc3b051d3ef3309
get 697c 53ff3efdda3b9e94a6167087db47bb0a1e71e6bde2006ca7eedb88787bc95f63
end
case random-269
step 1 c211acbdd88d904ec4a64a50705d56e3990acfd8c3632daf97dc73c00389a24f
step 2 6d25a78091b18fc470b56836491af692a532a50bbd0ca033bf7476e2482f22ef
step 3 22a00d382b55c1431278cf1d8f1799ba171aba6a84242465dc7a776ee406fbf9
step 4 e4241de2fc00c5b6e680ca1b34d4077579ed04ba4539664678c9a9df34bdd991
step 5 22a00d382b55c1431278cf1d8f1799ba171aba6a84242465dc7a776ee406fbf9
step 6 dc26ea1ad12afcb9c35611f0e53edc9b7447cf68dc219e8ac8e7c73222a7a6c5
step 7 037ee53940a14a37649b3e8ddbf790da5a4bb4326a6fc827476b13d96b95197e
step 8 17ec92a23ad748646b00b46b161db27a25f9a85f5947f05977cbaded09cee26c
step 9 6c1cc4ef52ca4201886111d84ccda3036304dbf9753eb858d44babab28f2c2da
step 10 96d415c2db407d27f7a609258b3be25d0bd39b7100303a0cad07f820e75b0ed3
step 11 df5e72732617b4b5c500093d739045e7bdb06edd29427b5e8555d66c5d783f8b
step 12 609b92f6e3da628af38ad7bcef1b2d713d4a88d4dcb39db7ea865ef726117347
step 13 df5e72732617b4b5c500093d739045e7bdb06edd29427b5e8555d66c5d783f8b
step 14 20c2e42b6caef0298d882d9b7a5ded4a60e34e7146135c043ee8cd0b80f9f115
step 15 62d695615ae24a44404f9c27ebe4c08fc0eb9badb654d4315d44553bf8e6eacf
step 16 19f8e0d74b830b980e8c02947a9633eb7f8c0a445ac62bb84c8ef5974c44ec1f
step 17 19f8e0d74b830b980e8c02947a9633eb7f8c0a445ac62bb84c8ef5974c44ec1f
step 18 bddaa63851c1e4b899c31a8ee65bfac5d244f6c5a7022a2fdee86cb9f87c8c86
root bddaa63851c1e4b899c31a8ee65bfac5d244f6c5a7022a2fdee86cb9f87c8c86
msg 5c0000e5246bf39a2ca28eee015334581ff055ffb5f5fd6d5bee5ddb6c1d1feca1d01d636d775f69667839f411f81220b1825088b7061b8d130f0c7d09b92b1bc0e1e879
get 6d1f8079451ef1d612aa1236f6c988a3a40df2d5b9eb928bf4b024dcef197e64ec823615cfb119193c19f9 8b
get 0dbc7ba4fb67ce65278f659942fc7d74f83b74cfab4c84988e1d53256edce87bed936530950ad101e6 5692b692c0eb6b70db2f68aa3647c752fca31ac13a055934cfad7acb0c816f88
get 0dbc7ba4fb674e65278f659942fc7d74f83b74cfab4c84988e1d53256edce87bed936530950ad101e6 null
get 6d1f8079451ef1d612aa1236f6c988a3a40df2d5b9eb928bf4b024dcef197e64ec823605cfb119193c19f9 null
get 0dbc7ba4fb67ce65278f659942fc7d74f83b74 null
end
case random-270
step 1 0bae4e9243974d8febebcf4080ace0fe8a32da558847cef0732a2cb0b1d60cde
step 2 ad6243e97a401f194dac5e57176759594dfbe177cf6a48ca397702c5467a9cc8
step 3 503210ec0c940013ecd081074c1665371e87a2738ad8624f9551b5c64c0567f1
root 503210ec0c940013ecd081074c1665371e87a2738ad8624f9551b5c64c0567f1
msg 4dab00496d2892a05dba817ed511581e43f5a4df28a2c12bc24efce69521c95bca1f503f1f22d5f6f730c3bf8fb49606de739abd84c4d134d43db83c97eb7b7484fdf201
get 05fcf13a4aa08a751f8074fa0c3f2976153b5308 c02bc500906a44e5163c83dd9d8fcc20079d0721
get 13e4e1ea103e68a1e77b673b91e8cc138f60af57ba2c69469f73fed414f995518452445e89c0794c86585c1c0fad2239 8a697121d532024941eafb9e58e5ce120a22c8caa2908206f6b4e6e46d8beee488e49fcfc1181747d341aaacbccd0f906222878f0d2c08c4879a7c2b4f750d8c3cb10348debfb7000ec3415fcd69a34b9187f59fd60bb0a02994a80cc9c830441b5b426be8f86646636061d4a389d2be0fc10bd6ae84281efc20e39938d4d1397afbb25dd441c5e6eb967d31d5d2cc171c82c615d25a7be99f7005e615f9bd54221de67099ce097d5e3a888fbb77f1bc598e5de11235e84e8da9746fde9787723bcbb4acc3a026cec8f12b8a2498c5db73eefce3069d0541f8eeb2d4da1da2c1f40a7b18c66a18ec3b31f9d52bb395ad08ec1e6ba29feac1aeab9da4f7a465078b
get 8f916afb7b9861dfc7da4b036f39cd5ec262689a6a1edc1e 97eb7b7484
end
case random-271
step 1 42e04dab85dac3acbf45dc67d86ab6129e80a19d697d8344df6501603baeb77b
step 2 56e81f171bcc55a6ff8345e692c0f86e5b48e01b996cadc001622fb5e363b421
step 3 92cd66e4dbdeba46965d37e69319088def9035336397daf3686337b0932b5734
step 4 56e81f171bcc55a6ff8345e692c0f86e5b48e01b996cadc001622fb5e363b421
step 5 ba435d48e67dda012bfee33834bb62b445220728ae76b54e9a523498472d6ccc
step 6 cf02a1cc49f6daab09ced7711ab2a8e3df5a81412e07264e8e0774f16ff45669
step 7 ba435d48e67dda012bfee33834bb62b445220728ae76b54e9a523498472d6ccc
step 8 31be5f03d0c33287ae6e3dc5ec58ee0732babadcef65ed5ce780134a627f8615
step 9 a7840edb556b83687fc762c7220c1461e95811fa457cf0e4a7d30a824c106c44
step 10 adb68c9c2fa355c9deacc1b56afe7c0e680d3ce9edd043e4994271a65a79e0ea
step 11 ba435d48e67dda012bfee33834bb62b445220728ae76b54e9a523498472d6ccc
step 12 41bd9341c137cc5a208858b9d0be9ddfa34a4689688b25e997f8847c0fdcd497
step 13 ad0286ec53e2c5fc0516b12f15b07f6f0e21334f77221dd92e3714b579b09cde
step 14 bdd8ce7e21971a659adc752ebcd40ae6fdc5b46672e7813125a3e31e98c058be
step 15 c9c93505b0b1218f931388a3ba4f3b4f4fad91927c59990e64a8ba01fa09e65c
step 16 98862fc3a2855733ead8c7ed7f6a52d14be1893dcda610cf8be51f458bb64ef1
step 17 048aa485ecb62927f54370816059b47527990bcef1948effa34d3ac0346ed6e4
step 18 f0db55ebf16f3e7a851bd5947a27babf6dfba636e1ef66bd741bb5b99d34bbac
step 19 815e059acd9ec008168c0148ad5e2626719826514c4f37b0199df15cae83acc4
step 20 7420228067f421cbb38eae2ff00029b20af7b9b4092d6ec4199365403d1db442
root 7420228067f421cbb38eae2ff00029b20af7b9b4092d6ec4199365403d1db442
msg 4ca4cbb905f99e2728794c3d6ccc3b91b8846d9358c4e45141fb551221d7fe02ae19a91f805df9c31b871adca227c76c1e6a29c9a24f022167923b678f395c059ffd7902
get b48366473bdc7d null
get 41df8ebea1100e341135b83248cf94189e19e43ad721a9d66affd02b2c60ce0d60de57a4adaec283827dc1b984f731f866ae 825b6a6e807d3c20ee4e9de9d97f153ef774354b1b547249331bb0006537f286
get 1fc06198ebcb00ebdb5aeb200b450f2bb9229d8c67c48a null
get 1fc06198ebcb00ebdb5aeb200b45 null
get a0 f785cdac3507147181b7fc8711a872f6b566537bea11e3840f7cf35d2cfce159
get 9707464c1a171181644f2f37752ab31f59672399 0ed602
get 725910b7fb6cfb1f25e594bff21dfb271eb2e0fc47914b02d73b9a43d3c01d47b7553b8dce752698 79105680bd212ffe59fd9575daf000465d8441cf146974e2a618085baf7f19f2f889
get db97dabe40eeefea6cd95b6589a01bd33ef453135106 372881eda4e75d5753e875c36d10ad48149cb48c
get 725910b7fb6cfb1f25e594bff21dfb271eb2e0fc47914b02d33b9a43d3c01d47b7553b8dce752698 6a22b9932f7965b9c49f274fead17fcea868934b
end
case random-272
step 1 512ea657e57c666b951234aa80c81b35011bd887aac09d74ff80a446fce012d3
step 2 90af180c34fba755d96f05c4682bc4e89970596534b9e3a78986540bcb6c350a
step 3 ec1e52811bc130a792c055a075add944f326bde819911cb8db987baf292e5fe2
step 4 ad7371790dd33af684fa2646c3fe1f083b20e226e21c14217b37eaac447e17c1
step 5 39bad54facc497ee90b839f6104b332801a4a924a36b41dcb130c7813f524501
step 6 1725f8486cf95c189ce708ab33a99eb97e78ad66556b6c1efd556525521a8033
step 7 a544e88a0322079af82faee19ea43b64d1fcb70c9794ab13dba1a89da29c6753
step 8 aac9b1d36a2dfd612e80d0f9ac4756f76771ed0b7943d53c57d60fa12e88ea6d
root aac9b1d36a2dfd612e80d0f9ac4756f76771ed0b7943d53c57d60fa12e88ea6d
msg 5c000034cd574251399914b1e301eae7de30841ea8a19c06f8d8bfe9acd25eee698a7304ed62b3061488f2b7b49065235ee19431ce224a59316cf54e3659ed162cfe1efd3a02
get c621446febaea1ddeb80771b41de29e475834f0b null
get 7c59474e2c8aace0dcc3bce4ae6757ceb0cfee34fed9 2540b00fb29ee4d28f7b058795719bf90b71ced7547fe0ef1cac33effea310
get 0d7ad190df63077da56ab3537517e0a4d8ef1662f81cebc0d64b278e41571374ae1ee44b5e139a5a22cc7180fd6b1a640e 65f4de48b6a3d55ed5bec21e73e9bfb8e45eef2b3e9482117fb4351a3d4f9ba2a83c75642badf8a4f75c668a7fc0785001c391c1c53c8270a425e0b3d31bfbfad6899f34f921e4b445e8c811c21fe6c0cd8cd98b8276df1787649b4fd692ffe744ce6853e62cabfa1792fb6b72356f1ed4359535e6df98f410908d8efcbb12bb9930c6bc767156c8d62680bb60083f1975dbd10f0b1b4870ec00fb92a6853724a79aa3aad21c72d51c1eba32fafd69c27a567dde7eab0d8db8be2addc413d31e74fafbaafcd1c3d01c2b0c6290c0f1bddf6ce40585ff35a5b6da2f909da482c9d501c1ecaeebb925d02e119600b24e997400ca595cbc8173a19a4a5237cc5cfda5
get 08b89dfe8d1c91934236f1ff7f861f1951af4c1d459ebdad 53cf
get 7c59474e2c8aace0dcc3bce4ae67574eb0cfee34fed9 6ec0a8
end
case random-273
step 1 93336209ec91f42749b179f315d8b17a73abfc232a78e845b75ec354e29b677b
step 2 56e81f171bcc55a6ff8345e692c0f86e5b48e01b996cadc001622fb5e363b421
step 3 3b32c05afdd85b3e6bc584a70205f29438b8347a898c42945f71cfd8c37d687f
step 4 2de69311bcd98eb14c1b4332325ac12f266d196d0bc81c384c1a724919a1a572
step 5 d7c6aa7b54673677dcae5278153e831648709ba143dbb03e4391f932948a5492
step 6 320534ccedeb619979d8ca97b6270ea9d8bd56e2b9ddaa4e4906649717222785
step 7 d7c6aa7b54673677dcae5278153e831648709ba143dbb03e4391f932948a5492
step 8 af7fd2a0043c795a618e07e602b2eba501f93f60b7c1216b6dad1e1ec743526c
step 9 261c8009495ae79cba30a593ff2de27d95630e524fba38fe579c842e94462cad
step 10 019c7e4095b393177f5abec21cfa57584cd4e1755b04515e42febfdee81b63fd
root 019c7e4095b393177f5abec21cfa57584cd4e1755b04515e42febfdee81b63fd
msg 4c720fba795d8ac28d86ee2fec3209733f8bf8aaedff224e5be2b52a38f95c550ad3dd1663c28ca222c6311377634a292434ab91754076014fda913974b155ccb3acd9dcd07c3a72230ef2b401662117751f0a0db53359b56baa8a87e8e9005dab
get c80c67 null
get 2b89cadd68e2d6eae20b0244a5314ee4f49a9d42f4af17b7f913f9d3efcfb53f9b5661c6f26c1feeed2970009e14c54ea18eb72895096ff1b3db9049958376 null
get 2b89cadd68e2d6eae20b0244a5314ee4f49a9d42f4af17b7f913f9d3efcfb53f9b5661c6f26c1feeed29f0009e14c54ea18eb72895096ff1b3db9049958376 b937efa75b906fa884669e5ecfc5f574a0ef10a2f44f4d8f5fe45c282bb835
get ccafb78a37b50281ea36d8eddd26d636e49cc651a32c037e6d0bb2b8c59dc4d24001e2b2cd901b51fcd1f0b94bf9c3874b91a05e92168411d9c6471d03da22 2519fbce12
get - d9dcd07c3a72230ef2b401662117751f0a0db53359b56baa8a87e8e9005dab
end
case random-274
step 1 33d15c58171f5a317f6852db834d68083f1f88d043d90fc36d3d1b021aac0971
step 2 fa003bd3f9ea84ba03515096939e213d9b7775fd6bfeb7e98925f71580c5486e
step 3 8dd889344a3bf2bc688dc629a674ceb87f7020ca84a5e925126ac05bdbef1597
step 4 1470848b62caead863c249584d8bf8b70bee5c47000d9e7c88e96cff3d4cd99a
step 5 daf9afe5740882bcf4976849382a97e5daf35a2ab86acd01554c4ba2f16165a5
step 6 2c56943a347edbfbac95ca2cc8863a63e2898421bd800dc541fee23ed963322c
step 7 33895ab54f200faf583a9afea9b763b262afcc9b19de9192acb6e5d2a89399f5
step 8 91432824bc273d258232c675a1cd5d8d29188580b6155ebae0d7e53ad3a347af
step 9 a444ca98b4221fc1d886a9ed1ea002e090ed89fb9f3f7505570048567a19c348
step 10 add79b7ece32d21c0281767d1f675b31097b64df0438d9b9812b9a66e3055e7e
step 11 add79b7ece32d21c0281767d1f675b31097b64df0438d9b9812b9a66e3055e7e
step 12 73018f82475e699a25259d8407f8abe184252d10eb6381cf80ad37597f37ec21
step 13 5f83f0149ecda0e01547eaa977df706890ea035a4f21b0239ac97ad9ab099bd0
step 14 d4347f943b2c5de7806f9fd37db13c435dca3ea13d11f4fda87a751f77f64e46
step 15 738f790d0fa30a2838cdf2057320bfb97649b28e0973b64597d2908873569a4e
step 16 ee86ff5271207636f148380697491b08b14fbb08f81976c8fb569794d18081b1
step 17 422a3e7c7a90a002983bec1daf3df1ca2148048ef4dcac9faff64d711138e090
step 18 bd1ce567cf12d6aad528e0f9999b26f94050f2ce984bb7d0b18bce60309aa4b4
step 19 18930feeae684aa68ee4b2e3cf64fa6bf269503316b6a8c4cdb5fca0bd66964d
step 20 5dbd16bb32be45f0f6cb324331b7d3f0ff34499d0b059373bca36f525b17c556
step 21 5d9e7ab9b3c23e06b02569d2b3716a696047e1d7a0944d520b79e4909f6f1ada
root 5d9e7ab9b3c23e06b02569d2b3716a696047e1d7a0944d520b79e4909f6f1ada
msg 5e00002850ff2689e2337e80125c1b58780bdf74d04f7894cc8a6bdda1b7cc60d959b788151a6b87792a9cc16483d30b9642945e122754271f381f39c5b760fac0f5be1b4e60ccc8a2331c39fdee01
get 22788cdfa0 125c1b58780bdf74d04f7894cc8a6bdda1b7cc60d959b788151a6b87792a9cc1
get 6743952f null
get 7a262a2535cd5ece9603d97ebaeb1306d74835182c47dbbccd486c949f244d411f4100f8df2300eb373f805a6ee49cc85e3c86d1e057c0f745adbde0 null
get 78ac7a171f1e106e8350cc2b3cab5d8e65fea34621d81e13ce82ea4b993f3b3f0179858c72042934f6 null
get 4b1fd324ba620653d1b599af97e68a4df2eeebc8caf0eb null
get 813854d6c15fb04558f32d455fbb7e32963e6f64f1506cc7fc5ba50b38c973fcf23f4f140d6c0ea76445 null
get 44e38c4ea6919070b7e929d95000307303274277a523f9cea4b3e3bb80cae72467324e76ddffb5481f ef3a3c3c24cd9a21620bc7225a5d3dc356ee0e3e73823e6f805a47f666a6124a2350dcc1215e34c9d9a49e140221eb390aa45ea07d83343d3d33c1d0f956b9ea2bdd8e5f90eb5a874cbe76bc6a6175722cac360c80b04e48b5992ffe678c5ea09181c841a43b617658e25439b282098a3099922577819a10086e3d9b329b363a107a8dc2b6ac6500cb1d79bd5b943c5519ec741a773c363ad1cca27ce719cd68ac6323ff43d8122775e3c1c1050e653b380379fd4f48d7de43f5fbcb87514012756f4f482d948e8f6f4046bf736d32ad89fb19e4d144e646e439889b6cedceeb36d52dacb88a611879efaf46d5e9c6efea13a91d6e012be81c0a3f1020e495bff6
get 44e38c4ea6919070b7e929d95000307303274277a523f9cea4b3e3bb80cae72477324e76ddffb5481f null
get 3b17f0fea2d7d37edaf15bf7af200b34b1fc23912a6574b704d083c0f5a29234a430ce4ce163eb557180b7a5642bf4ea561c null
get 64a1666f23fe5ac18adaed55f2a32b35bc79e948a189b2174b63a88edfb6e383b17778b098dde76d49673c23f57b62 180f
end
case random-275
step 1 a7ded5fd88bb8350445d362a7d1cba45672d4b79ed61fad5eaca7e7bcf12f2bf
step 2 b5a02380760099176099369198f7c5b3939ba74cd804a8162580cf836058dce2
step 3 bf2a7274221103552f6fcd80d9b413c1e0d8a4d3f2c7e61311ea3e2d5465a71a
step 4 bf2a7274221103552f6fcd80d9b413c1e0d8a4d3f2c7e61311ea3e2d5465a71a
step 5 70bfe4e18f223a1c3ce3e452f9bfa14ed7dbafc92ba5c5372a8fa527584b08c1
step 6 70bfe4e18f223a1c3ce3e452f9bfa14ed7dbafc92ba5c5372a8fa527584b08c1
step 7 0b1b423a1a8cabca9eba11ec262957bf5ddba8b41faae1fa4c2f7bfef3890e2b
step 8 2cc8e11e52ee65efd124ca20ee2bbc6b0ddb146273f8245302cdc2b4118bbed7
step 9 0b1b423a1a8cabca9eba11ec262957bf5ddba8b41faae1fa4c2f7bfef3890e2b
step 10 13d17286d328eb3520b5f330f4a76df244b16ce6c50cdecc6bb248b873c7b27c
step 11 033e3c617f7dfbe41ba898f633a2f85029cb921b12f71fee669f64531f20b70f
step 12 0a215525e1a13107b2cb216ccec17f3fa8f39f186471bf7f98ebd7e8137a16da
step 13 171cbe7575913189166f2d69f41ec795b71ffe3f59e44615d6947d293d8486c7
step 14 138e9d3ab5af2a4b956c32fba90cb005e1ea37c23ada876c0ab0d533688d26cd
step 15 0bba73317921138bdf7d050dacba59f0cf690aece6c8bdf25b81e74227683a87
step 16 cc9e8ec0503ff979d89a0ec68c3c27af5875de3ad9ea8184046fed42edf416bf
step 17 6065346098260f586a6ec8a02bc607851d93239d6724ab195c464ce08d1f9eb5
step 18 1c326e0027f06d43201de3031bc3ef38402d64021a14813e2c5362f1d46cc34b
root 1c326e0027f06d43201de3031bc3ef38402d64021a14813e2c5362f1d46cc34b
msg 4c4d624547800594007aaadb78c1fdb2ac3647303c4b606196a9a466ca6c4e5a438ff81ce5689ec1c49cd1403a94d60f0c49003fe87dea01ab44361e045b4d2beafd8302
get 4d4572cdbccfdba4cff177bc4284bdbdad6d5352de439995eda16f965e53c2bf2c8983b26fa5d3380d181d51e0866fdd6d0758f41858cfbddac9a954 d4cc6789c21779ce31d80dcb7c069ef5c358324bc70766823db14f04494fc68e86f1c2dbad7ead51
get f545b9f804d5e6a9e1f398a15ed099b3aeeb507d934ab558240185a131a37edebdf6810a339f54c6c5a2e142bcfb2ebbf646aa6a0a1d3402d862c238 null
get bc 253f5308f0f2febe5dea47c67eaefa7fca398015
get fc 7b142f39248b7280a408688bc352004b06155b1b49862e32e7f68bc5693699951e7124a053a06340ee99d3e6489f006742b21cb8603ad5b6f043c461be78424e30ebd946cfa30e6ba6b6856737c57a00bf5076a824beb8f4b242e0bd5ae581e61c0b10e9
get 4d4572cdbccfdba4cff177bc4284bdbda96d5352de439995eda16f965e53c2bf2c8983b26fa5d3380d181d51e0866fdd6d0758f41858cfbddac9a954 null
get 472c2af583e2a3b16c14b4626be3a773d942c82e3e893b23a514679a1de0abced141ba4434fc6170 338705
get 367aa5e2ab6f4334416d466556274b71203003db90c04e6fd5245cc4cdda80311b9c99ca0d1dc047c7965fbae97d7a3f3b373c227e8c8ee1634beab7 124db34cf9db29a37a64c306092cf437db2f28d51d51b63f81b8027f59c3fb
get c93346f8f8 null
end
case random-276
step 1 853159f98969ac4a089f9965ac3819620e919e459c2ae4ccdf2362bfba4b30b2
step 2 10b6cfd61a4d6f34d4a5225ed3bc6a7818558d26d97afce8580dcd21af425f92
step 3 4d446e5d3baa65334e7b1d9097a916fdf0f2b27c3c66c157f1908d91f28960dd
step 4 afa07fb19fb8b3fa2633f986d71ee5f9f3470ca30219a6611a3e8f8e6b7e37b1
root afa07fb19fb8b3fa2633f986d71ee5f9f3470ca30219a6611a3e8f8e6b7e37b1
msg 4cbfc6683bb1939de543a3970ebc832567863e767951dbf11cfeac0895c0e6cf0b71dff05edac98ca5634fa80521f352956cb0ca0bc49c6394cda0102854ac393dfdfa01
get 9b9171b117f4a7997f6049b403f60f61c48b16bf9e4e042c8e42d6ee05d4ec3bfa4b4c93402391c7ca456ecbd8be5e49 504c
get 321767500d581fc51a5caf7d9a9ec0d0f59fe1b367b1c2 95aac77c9ed21d7f720ebb22be3f5cc8be6700aa
get 1abbe571fc9a8ae98150b1b0dab6aacfdd991aea93ce214b94fabb194ec887083f0b4855da646fd9cc90 bee44e49fe51de3df937c459b5b638c6d645a64e7570d1c2a5d2da03f4102e5070cb80a4c58b4c6c0a3f877825d9b5fa8a83b9ac683f6612827f7d224257d21e25140e35b9cc2955daa741f1dd29870e45c4bca13c22e0d9ec34981b81bbef386e1646acb2663fcdc155b490e86bcc94837ee719ceb698eedfe7178af30759d1c1b066ab4f18b694edc4b9fe9d52a57236a8e8d3bf8dddbd12ed6294c0fd6ffa8bbc2acba83e79f5cfff325b07911e15d629b93e1436d63bf1ed927cf05aa6b042914fb633f1aca7ccea47afbea513a5435d2b894f45da0bfd6a5c06e297621a6549663d6b36d7f6dab6df0c4ba9caf0d365fbcd5fc671d5fd8e751a03eab30013
end
case random-277
step 1 2642474648614ef9f5a52c582ec5bc0820b2c93b5b0383a3cc5cfe0da947672d
step 2 58c1b3473d5e991c47f1229b802df659b834e7184c655cbeab6074bd72d3864f
step 3 6bc7a90b411ee1ef5822e4fdaf404c8b9f3f06d4df0afbd0e75d2eb0442e198d
step 4 b630a6b809f0d37b99335e3ff2007f5c8954d42f2308ef97dbe1e2bed0593f27
step 5 31955de4923f72b13171438e37eca03bb5f29a89edf7a09a8f2829bc8e30b3fc
step 6 b73e55c45cf97e4766f54cf7b8475ac23a917b91d1f002cdfd4490a8a9cd5454
step 7 606ac19963b265cb662e54fc32bcc6bf48c625ba7d4c0c2514819130cb0c1d88
step 8 a9fd098f77c5df0ee268c87ccb446cc73da4fc00d5f84e66146d3f0096957c22
step 9 248d45d94fd52c7dc3f15195accdca9ca9600027efb4bbfdaa5d940a599cdd9d
step 10 36f96a9cd1fea70114a6501d863b637e26b6267a736ca05d9f349c3e63c82bee
step 11 56e81f171bcc55a6ff8345e692c0f86e5b48e01b996cadc001622fb5e363b421
step 12 756bf97efcb68b4b8fddee51307557241e333e77a1d976d0fff4dc88a912a299
step 13 c9871978f60872e516374281966e2379aecdc66ff115c590566210748a4524d9
step 14 2159b5097456add2c78c170921c4178831db7ba42fd47b9c1dfc118aec45d5b7
step 15 728a9fff222d46d175a4b56a234fcefbfe24bed912de69688e9033d5bec620aa
step 16 51d8578a0b3c73a30ffec9cc94cbf919b6398e54be1f5a958c78cff421244d56
step 17 f16e8e410df860eab51c73f4a021e914b113efcb808466231cd5c2e62467b08d
step 18 b96037c43bb08f6db2f339d7e1de55cbf9328c645464f740a3d9d780804af5cb
step 19 ecdc52619f761d38ce13a141cdf054ad0922b10d82a65a23b668be689e8b434c
root ecdc52619f761d38ce13a141cdf054ad0922b10d82a65a23b668be689e8b434c
msg 4e29701e6879fcb2cb68ac3c3dd646d89c76ab9c01717f967c87da9c31beec4cb9ce475404500451000101279bc99c554ca8b9c01b45a0d052ec27b793a9f8ee1fdae4c18b75315cfde754fd3d02
get 90 3ca0387279b614a4a067384a7edf148b5982987e8b5fe62b7dd582f79fb79f0f
get 84171b58b94c85 d355
get 343cfe59 cee53cace0ad28667d1d5aed80e258d8a4d8667394621e4bc6c5afd3043730be08765704b1e366f2e85130dd796ac1f862c0f7a835314c8e1f9f56a222eb7e5085aac286b9f38e15aaa841530d6370604490a3964c6659ebe60308828bbc752606a65f4dd545d6fa621e0ccaf15cc70918d6820a12b0bd305d4d3b9048cb1aa0caebe60c48d2c8759e36ad2ec2faecb17fd7860cc9d5130db20360552bc2348532cdf59f7e60c62fcfa31730ed6fcd25876f72ff1369c466448e9b15ecd862c6b8fd31c0712f52c977ad4971b11d16f98a9170afe565fd4aacf684b6c8ed6da458151794c3d8a322d30858faadf664aae68a145d407d0817251d5cfe11dd0ecc0a
get b8 null
get a8 281c3c0dd141bbb495ee8e8c3faa0df3566b2348f5f5abc00002bd2cbd763b7b96081b2268d67ef21e318adc00901814c7ce31b872766f181187a1e4abe7282b
end
case random-278
step 1 23399cf49c4085fed40d0b103287b3190ade4ca0284c2bdd06babf5431b2dc7a
step 2 3974069e940329c06b8fe4ac4b9e7adf30f10f69f5456f7022ef3ae791d153c8
step 3 1964d5c801f3a84e6762edc42503eb7c24b59b55c4c94b9e6492a8d76d487e01
step 4 d90125b1f71bc117defe5b47cfe68d637764fd37d12e1f6fffeec0d8132da37f
step 5 3df3091bebe2fc41eb9586d1d859dad5573b357d2c00771bc2a9b6df1aa84a78
step 6 d90125b1f71bc117defe5b47cfe68d637764fd37d12e1f6fffeec0d8132da37f
step 7 1964d5c801f3a84e6762edc42503eb7c24b59b55c4c94b9e6492a8d76d487e01
root 1964d5c801f3a84e6762edc42503eb7c24b59b55c4c94b9e6492a8d76d487e01
msg 4dbf43a95a6563d6e08e43c1ff2934ce312a2b29028b7c571849bad8129c2ac48f0450069c2aaf
get 061813a4ca46d41d9ffaa57c0f6a9d1d1079cebb9a6f4b09344b759ccd453eb6f7834279241a49d5d85fa64847886a 530adcf365418fa0072d1448878728ab56656d953fca9043c3c4075cd4372631e774
get ce 2a
get 1c85e8a0 f5c6
get ca2c8a null
get ff6614d77e8da2e4bfe1d69b769182c03fd50963c37b798f3db73af9ca46e55dd614d4f417a8a431cc6e0a0d36ca965ccc47 null
end
case random-279
step 1 7ebc2811238d24e50445ac0cd4973152c4d68e2a87d48b50d6a99b6de5eea906
step 2 0e9af76debacb80c274226a2a4ed1328473470db008431800392ed4eb77b6083
step 3 5fff642bcae431ca1843948d14a12d140b952a4b203019406553173f95de5b38
step 4 f8b8bab55d4f47bad8f428963f167a4b5d1dc6bab5259a17ef574433c80a320b
step 5 392b32fefc90a310fdf5bb5e70e7c4c6994f6a31674d145632599ecb07df98e1
step 6 e63b5c5c70ce20ae69344d6bcc5680a482a0c88156143882c88e4e283ff5c5d0
step 7 08bafd0535107522a4234c3815777bacbbb48bd161c8e91b94b6b4f4c0ea02d0
step 8 0cba05a3b74217348f58650840f791a6960a358dad843b7283ee71c419b858d7
step 9 a43d29c1922c5204d4b8e837c34245c8872d967399ca4a43669f4d95000aede4
step 10 fa5bf8264afbef59bc83b2a63fe7d525c0f5940927abfcc1b6671047e50ea428
step 11 cddef7eb543502e3d4f582b2f9563103c33c4dfbd109bdc2c563625119c1e45c
step 12 cddef7eb543502e3d4f582b2f9563103c33c4dfbd109bdc2c563625119c1e45c
step 13 e63b5c5c70ce20ae69344d6bcc5680a482a0c88156143882c88e4e283ff5c5d0
step 14 4393d878dc32491cf98461d3b902c4e99ab1f1ffee688b90bb5e1c405a0ec66d
step 15 59e4d78c9e52bca1106e78c4aedc043cd7fab346319711371c67902973003d99
step 16 460a30a8ceacf050d913d70352043fb687e5bc7235e4f05732aed7a0cf1d27af
step 17 460a30a8ceacf050d913d70352043fb687e5bc7235e4f05732aed7a0cf1d27af
step 18 07078b6b41638069b402ecca704dbbde492dc76294173358c275b5ae0acd102e
step 19 a13f0b7fca56fac9bc32abe3836c4cbe423196adb78372996ce4e7861d3109e6
step 20 31657928881fef5675c5e3cda42b6f6d9f740d2008373d0620a1073f762b7e5c
root 31657928881fef5675c5e3cda42b6f6d9f740d2008373d0620a1073f762b7e5c
msg 6c618efc97dc3cf3fe235568595368b58d5c8304ef9cf6160b1ad0e8f91367c9c90766cb5c30abfee1b7c2ec8fb85fb5fd3807b67d430d07e9d151591189a6dafdfd4403497da03c1bffef2be36120b04bc5493cf55de25af589a8401035d8d0335c0139000021
get f4af6b2d781fab 47065f0cfb8e7ada0a81bb552a63062e6bc41aca1a0cf7711a1f6c9a310b507ec5c7621fd48b825e4db687b042e85cb2462fa3d0ab05e230d5a6ed89aa6c9e07
get a9bf1c63 null
get a01f a2
get 9bfbc38b2ec3323b03f7381c3de6b2c767585ece648716 7179abbbd2cea07cd68391f5e786ff07ee320302
get 1430c67c65 6810a2925c83f1a6cbc6cd507ac433fe80978f1003058650a92e868ff17420b4
get 3ddb1dcc95ab760ef15cc4d1d270675eceda950e3165 4cc5a0
get 087fd470c5f8fe0276a3bc7c813094e72b12be976b909d47d505daf6894ab0e18c212008371ee4277f78f01715201752 null
get a9be1c63 null
get 34552296ac5e4e7668c5482bfba5e2a59b345ef4926e973dffaaeba408a67da412065c1c3b517edf41 null
get 9bfbc38b2ec3323b03f73c1c3de6b2c767585ece648716 29387adee87d13b9437393c8f9a043d53671b77b5a44102c2be000ede2a792d5
get a01e 093d9be02668bc8f1c16fe84f67b94868b458bdf
get 1ae369d84a994c437ebf95f6053ca8e2b3ae5c6d4ac3c93fb74c421a33f4d4f06d1b79d6194e039fa7f1c9 1d83
get - 54deedca081ab153400d8dd73718133a6de77f03ad38405c3b870bca710f45b13f
get 087fd470c7f8fe0276a3bc7c813094e72b12be976b909d47d505daf6894ab0e18c212008371ee4277f78f01715201752 d7
end
case random-280
step 1 9e61afcb49deb8e3bbaf1301645cfd3b6d30a6fb99e2af34ba056e2d2a14840f
step 2 24cee08588ff28fa514cc912cb36db810d6c0b45290dec22d6e8f4b9549008ad
step 3 e21e22a83716560bc362cdb4fb591b204a65391a26b4e17486e6915cc9d690f8
step 4 56e81f171bcc55a6ff8345e692c0f86e5b48e01b996cadc001622fb5e363b421
step 5 9059addf16b87fc4fcc12396d4d0aca92a9840704e88761292ee0dc9adecd62f
step 6 34a2af143c52f2950706c4278ae74f26f36a684e936621780196fe772383d594
step 7 10c05bf4e869145bc3df6279dc5e2a94fdb7541d5b79a511dd398bc2efd16561
step 8 73777a04069c0df2a09c3bf23bf38b19a6cca851e987a1c73612aaf308880ec9
step 9 61e2c27dbf944d2aa6528e59644851a7609fa3feb6914e59664939788dadabdb
step 10 3c5d9f6bd19a7e7cbfbec5fe64c4a8ff97b3693d3a3053c7fa67642ef14ad807
step 11 6260aeb6ca2249d687c43b1cc25025c141f25c3bcc58138e66a8334282bf4193
step 12 3c970f18ae07b4c7d53203519bc3b64fba92ec760519abeebcb16cc1b49fefd9
step 13 6ec2982516774087c9571438d2fdc8959c04ff87f142394c836809f0f1beeda4
step 14 4a5d1a144089b761deb672a41c80033571e35c3e89dfe4ad6512555c56417bb3
step 15 6ec2982516774087c9571438d2fdc8959c04ff87f142394c836809f0f1beeda4
step 16 a16ec2ef0112ac516d7b47d57a5400e0037f68928bd35c09ef98fb98105c7aa4
step 17 ccf48ec86dfd88d0f985f20d066da3f22d2aa655567b305bcc59516d8a51a982
step 18 37fa19a70effb33445ac77afaa5d26bc9c52dc7242aea12c7c0b4f4fcb0d5e3b
root 37fa19a70effb33445ac77afaa5d26bc9c52dc7242aea12c7c0b4f4fcb0d5e3b
msg 4d65a312ea7764d222dfc9cb1abc96e607eca39403f6fa6a29d5f9ad8b699b2493267006a833527f96158780fa471ab8d85467dc185d625feeacc1196e3500facc36c1560c000040fda701
get 30 null
get 19c74874d2762325b38242c7351d2a402ce8742363fd9c251e311b319766116999d2877de59f069886d13c192aced8453092a28c407001e776a29da69661 0b
get 424a04c961a95309962d2221440f4058e8ed14c632d772233c5a6330827acb1bc912d1c44cd62fa9e22f5d0a73158358 2d084b99dabbfb41be520dce63c54cb8ae9191cf61d0b3c6052259a0a9dad0485551ef4c629d6e6b23dd455d872cc500e5d6477b88c0cbf8133f7f9a9637975f1bd1a662ccddda3c40bfcab5dcf2d272765bd5f9b87e7d02ef32ec22a60f48de2fa865eb
get 19c74874d2762325b38242c7351d2a402ce8742363fd9c251e311b319766116999d2877de59f069886d13c192aced8453092a28c407001e7 null
get d4 5b1512ea4f3570281934edc0638cf5c640393e0d775c784c6a1d8588e0ff360a42eae1d8a2534b86dd0b25d56832177ff91744834299e094fca910a0c343c45b
get 424a04c961a95309962d2221440f4058e8ed14c632d772233c5a6330 null
end
case random-281
step 1 24d50163eba12af44eb432f4c38fb3b51b5c448ce0892f38bf13f38925daf801
step 2 22d7b4ec3eb70cc994153f41e8e266ef1dc63ac7207b1d7064d896620197ca52
step 3 76f3fee91121e4fd3c2e1b3633d5755f79b5967e64dc492cb99efad14bb7de96
step 4 70bae479feee58432993246dfb3f2ba70feca1f650be2801d9b5842d51b49416
root 70bae479feee58432993246dfb3f2ba70feca1f650be2801d9b5842d51b49416
msg 4d8daf667740d9b0c2b3395614eebe70bb1c5750c605a818e6a610847461de7ef80f500658625a431a66b3292c894c70d459
get 0b456912bf8bf50c7b5667b68bb6c1554c2bbf269429a71d5f8b85f70bfdf54316ffa64ce2290ab04f98c95fe4c6a6f6ca 04d93788633e16fcd51c6949d63e4cfd39a48807
get ac 625a431a66b3292c894c70d4
end
case random-282
step 1 2cc967ede24f4823e5b6df290d75b11c5f717b1c421ea2b3cacc9cc8b23cd27c
step 2 7dd596c97ac379b665b63714289aba27d2eafbd35c243fd8ff84f2667feeea79
step 3 72a1e4524e1317276e8107ea91a3073b77d120268ad149288b38a05c63d130ee
step 4 938c012940c7b66efab74508434f93428ccbf4684cdc88341db94ebe831cc8cf
step 5 56ce94ab9cbc4a33169f7d7d0b58a6890f237fb82ec5c7f19e6962e287d00fb7
step 6 527798f8455f09835c675db1f5a2a54a4b0a1b874e3d97f685e5f8a1e27c6e20
root 527798f8455f09835c675db1f5a2a54a4b0a1b874e3d97f685e5f8a1e27c6e20
msg 5d0000374e63cc2affb5dce8930015e18e5cbdcf4ab9d014375ea4f2a752e92e20cf1e1a5026c555ebdb36b9eaabe14068bdd077922eed34e6088c5f3e8c75
get 3219a3f286fae147be7fd0e721f3b437455c3e139d null
get 71557af6 null
get 71557af6cdae7aaaf8501a2f741de48bbb4d398223 5f3e8c
get 3219a3f286fae347be7fd0e721f3b437455c3e139d 23572cde2dd672a52cba3353e72a482d776e9dd45dadb63473f7d6044d7d289612
end
case random-283
step 1 08d5bb4110fff3ccc934eb041e475485b1460bbdbdac2bb93e9ab59fad156479
step 2 56e81f171bcc55a6ff8345e692c0f86e5b48e01b996cadc001622fb5e363b421
root 56e81f171bcc55a6ff8345e692c0f86e5b48e01b996cadc001622fb5e363b421
msg 40
get 6469 null
end
case random-284
step 1 c9fd7229cf2a53ed6921d8294bf4601849d7ce686032fc27a1fb692695e8525c
step 2 77879502420e132427f7ee6216edb38174437f6155f451091ccea1d2b2f7afa3
step 3 8424b2274492769b021d11900a947540e0ec8c726879eb0e0941b903551b7c44
step 4 8133c951611e4d3a79372a55312c2938055329a70236355e6f4dc3b591279474
step 5 9fd62664e51cef95d45ea2f877c7c7bb7beee0d0df86f957b3be610ef8bfa6cb
step 6 11fd1c246a2887e598187deb2cc3f27b38d72eaf9351dd1ff5910a3a432b412a
step 7 d33ef954dc8b9f402a532bdb09a604684ca689e95ff661863fe2b7855109a2ec
step 8 1e39cc33ebf0917217174cdf009de270bd499c01329709c74a18b93b6442678f
step 9 df8300cdc1c9e80797b055c32e811bbe28c4cbaf135faeed348ae9204df2d7d5
step 10 4776a6dfb00ff19377a0f0fe09d5eadc34d3b77de0c6c7609e5404d88c3298ca
step 11 61e6da2bc337ef76b7840542939a4b68cb534876aaa7d4e4b9df97dfa111aa26
step 12 1e214ecb75969c280104d76377c7e9071c2c5354040b9acb85c2ce01837df7df
root 1e214ecb75969c280104d76377c7e9071c2c5354040b9acb85c2ce01837df7df
msg 4ccce59d86809ad388e5fbcf5a337f6e912d23e21e8fb0953018943806efc8df3c9601a3518f123197316fa8f6380b1f66f5bb49ec4f41da7a2387ecffb9598149fdfa03
get b95d null
get 89b51ac770 7868bf51ff0b2003973ec35c376284c9afe1668ba8bb0f4eab3a31eb86584161a907882e467c0096e1f656dca2377a3575c2c8342e4e45d565973a9ae31ea5f4
get 9c5cbfcb6643 3b00f5c91c5883e5f03b189ae52d39afc15d1f22cad915c054bf2c0ba110c335
get b95d90e2fc1926fd8e00418a7ae07d3f418c569a3d138446c5183fedda0cdf20050abc4a9d825990f06e65db50c6e6 a5258b78db
get ebebdb5452cf16b1157f91d46c50fcd00fe909 575f68d177c92d803f3a5f0c7f869d4314ac4530b13687b6255a142e207e6ec896b3
get 78ce4eb67517bdf83fb9f1163a58a426647f11c74acc04fcf6ea981e56a3dc960eb1d79e1959ee8eb4a797fec8e5847bd35d0f 6a
get e837abce37ab94e74c12b1983ca81d719ff92d31f1fe6695bc8462e8489689fadda08e0f244cf9925a40390418fec78bdb7ef4def2840c99532a462dfc2b bbc4b980a1
get b95d90eafc1926fd8e00418a7ae07d3f418c569a3d138446c5183fedda0cdf20050abc4a9d825990f06e65db50c6e6 0bc6
get c966843a40db a778f40775c7398abfbb0e9d
get c61989 dc504c20589438929d2b9116af9579a62920c880c90383887aae858fb186d7
end
case random-285
step 1 c34dbe9a1df00dde3199a0e17680d69cf011eea54da0012babea1c9bda9d9ba9
step 2 ea94b0db6177fb620f18c4ff08ec1f8258014e766051ab08a5505bd895677af5
step 3 f5f095fffb390934d2a18ec486c7fe7192a6302692972cd9e879fc5c9d024b5b
step 4 56e81f171bcc55a6ff8345e692c0f86e5b48e01b996cadc001622fb5e363b421
root 56e81f171bcc55a6ff8345e692c0f86e5b48e01b996cadc001622fb5e363b421
msg 40
get - null
get 68d2e9e6de0c765492c2c2950902084d3445b882c86b773131eefdfa01c96b47aef96cd8b09c933de0106468fbe2eb2e4fc2 null
end
case random-286
step 1 9e4314984cf496ea6e99bd68e0b32261601bceebdec3de0738ff87ac79c2b396
step 2 f3025a3ed984b2d901911486484c81752ace1162d5adfc431e58a26a4a107346
step 3 9e4314984cf496ea6e99bd68e0b32261601bceebdec3de0738ff87ac79c2b396
step 4 2e372b0dd7a4e0b7ebe29271c3313cfc86caf048c581247850944a7c28c150db
step 5 bc3aa2e8d675748718da28fb84104a4ec0264f4cd040c221384cabe478c32be1
root bc3aa2e8d675748718da28fb84104a4ec0264f4cd040c221384cabe478c32be1
msg 4c97929bc86f7119320ac783a4d132ee54a23fab143d11d950cb02c72e607be700b2dc5732b5b04a83fcbe7a11e303d16a6221cec99ef174e2ec66642b9aadd119fd1303
get 5dcc430bccd4097af05c5143d54f6997342d42245123b3502a39468e6d509de6b3a488b8ab5fedd620ac460e9e342d9b09428c 9e0aef197062546910770c8c2f7cdef5adaabb187eb1d4e5d5e6af53657e4b76ea80258eb49b77a2033b5f5f73245117b29949ce1dc8701c2d2efed72427474e28f223665ea5250b495f6c6044ef3bf84b9b7a02b09483d9cdda1c1144ef1003b30c03090e373a97099bdaa5bfa2f8611279320d2ea8f648ee71ca793e28a0278f3ad670daee607036f2487aef157318128a9a76d2879159ae0df8591207f2e8f6fecda004329214f00c520a4f93eb3ce0ccdbd595ac2bb182b44259eb8b93f4422270a94bb1975eba035c53614b666e94562091461d5b8618ab2c45a0d533208c8c90b18280f5f1166fc9ecc2810006c1a225758fc60961d79f7265efbb292cf1
get d8c3596c16e9 a72beee566689a2c02e04581f5be23b41d9e2a60326853f3d9b5ffe7359c5608e4504da11193c69db6f54b81ad2a4810098badf971af0f487970ac47f78eb9a3ad7e276ba5fbecce2dbcb450829d475aa4df05d34737f1924cddd1ffc02c9dc32fdf3f67cf7d605aa69a617e137199fa4ba2f7c7afd9e62425817ce2557f1909fcc392d21861ef1aaff2db984c88e4631acbd7c9f69b9daf2791650d0c5359f775055b84604f4bfc6ed3799a5ab1964dba1f7c52ea8a2059e4ebe1e2a34f8297e5ec4f2d2dadbd0ce280bd74a89b5daa8a8942a2f7beb8930106811c9a47d16cfdcb938378a9f8d66429b4e0a226bcd1a854265bd2094da3f30cfb441b59feb8b7
get c72d11ebdd247f16ad72cbdf6867e07eff34d79fb3 b7e3402eb450e7488b1064a50a76a11a2c6db696a96052b1e48ca68954020536
end
case random-287
step 1 7be7222479ef96eeda505392dd2cbeb07f772a33b3a0b390c9a7eab92935e7f1
step 2 913f88a9262e2cef34f8c12c1c10b05266496704f959376914388f68b03870a8
step 3 b0652d2b5d8eef2a6511a3aeb2fccc1852ef4b75b40806480daad231fd4b57d8
step 4 977aa2dad7bab47a5d26f23e6a863e615f5ba3f66707bcb6ea317674841cd284
step 5 64e852a19399128c811bc5f5188e21427c776d425be57642cfb1163facad9cb3
step 6 f143ffb4db2d9d01333cbab868ee226335af29e311243a3f29ee9f0c3f2e1657
step 7 e9b07f2cffb462ee7480ebea6bf21cce80dddbaf939d6d7c515281e7a69ea7b1
step 8 b0ba041c56d5c4b607991d77e863f3a4964e6ca0e90ad0e3e9dbb0d32d748a53
step 9 26326338bec9b253af279fe086c87c576930f1f454ed874ef8a3821d831cc9d4
step 10 32bf6936890d55e4d951ffa2d6f9e950c92c68a4c97bb56895aef8e8737fa26c
step 11 2cc0e0ef9bc8778dc6282b47ff73bed07980d635d649b608b08f13707266445a
root 2cc0e0ef9bc8778dc6282b47ff73bed07980d635d649b608b08f13707266445a
msg 4ce3ff80825f4559924fa7408295c82428c9a46b0d73187e860bf24127691e8ff2db572f5840eded960574389e2a8259ff697308164cb98702eba0ca9f3fe3bab1fdd501
get 80d4bc243e0e81099940e9696ee72f2aacc0846a265a2eaa7f6d34bf38557ae8053a76b81a364a9b3b184de38972ce179599c4b95d267eb6560b2c40418a6b ca11
get 4bcc7e6dc453baf95bd2be4bffabb920d2ad0594d6eaaa51a41311288bd11c93dc607b99197267689807e080725cb2e7b77975ff2fc1fed5b10534ce ce2d9d3ecdd1edbc7fe062cca49ae63418132e74
get 18e492569c255f39c5b157b3c06499fd503ee2603e0aedb9e60ad3d35658bf1c32dcc381994658942181cb4d1fe62853 null
get 63085c09f86bf7fb40818f7d3bb5146f381a0562e9 b06f4818a9f6a1f846d39f56c401836f30a33d28ab227332456011211ec897
get 6ced5d null
get 25 7120932e9a3f581e546d49e0dc38b6344c8e7c1d78034bb9edbbfe7dafd01a
get 3daea6f35a0c7610608bc5d543641dcb98d9b357bf63 2f70
get 0d95 null
end
case random-288
step 1 1fc204c1dec9a72c055c0eb91b4ecafe19c5a6e659211485c10ce56b3521f1e7
step 2 1fc204c1dec9a72c055c0eb91b4ecafe19c5a6e659211485c10ce56b3521f1e7
step 3 56e81f171bcc55a6ff8345e692c0f86e5b48e01b996cadc001622fb5e363b421
step 4 0d6b2a64401b0f89d37607f81ffdbd44217526ea06dae69afc0cc7ad43889b62
step 5 0156a681b4c1682bece087daa8a345de9bbbba5d721a662e8497271430bf3be0
step 6 17fd6067a314f25edffd709c1af5828cd92ebf955224fc39688e007387360c5b
step 7 dd57f3fb1a0a10e32988bcf0b8c6e905227575d1149463a2151b11e3e853a21f
step 8 6bfbf09bd33c227876a046ddffb217c1535db5e5eec4622ac2160b88b884043a
step 9 56078c6258a2ac1a13ec151048f61cd63002ce481de8ca37ba34441306ae290f
step 10 10cc46c170ed8ce10bccd8a63bba4863ce9f8b87c5c6c8d940940b821f0036ad
root 10cc46c170ed8ce10bccd8a63bba4863ce9f8b87c5c6c8d940940b821f0036ad
msg 6dc3ad3d7673023dba0d7d433f76a1008f95865966cff7c1bff6fbe5ad6318eaea08501e2d212e06bcfafd0f01568fa3b9e23672da973bca3909e0206f46b1414f2e77b375f0676d072fbc9c6e000028
get 94909703 null
get 70475a4b7571c64a75d068c780e71f9cfbd8297f5b 667d95ff89
get 19635aeab6fe259c408bd4c3f6b591c2748827081d58b301d7e88053571b3c9c81f3287ef3d594ed3957167d96813add 740f4134feb097b8515b1e7b0736a0873cf66a36491880e7bf74d9601b5a97dbfa72
get - 443497eae65f5064f3a22ba3ed2f06d1cc50d1713567baf7731f5197f40f99d79e808054f106305b
get 272e08fc c34d0a
get 96909703 bcfa
end
case random-289
step 1 03f316adf3664ac5296687a90842e92546ffcdcc083fcdd1ec30247053ad8305
step 2 03f316adf3664ac5296687a90842e92546ffcdcc083fcdd1ec30247053ad8305
step 3 96ec142a428f0325cc276d44bb5a37ae1278fad5a036882a79bba163c099e9d9
step 4 da2b68c74c78376a19831c99f38749ab9c1f3695fa519d4d1c7f7710bfb3001f
step 5 858b00dba26e359aeb43b4359aff8cf8df030041d9853effb764c00c8332c7e2
step 6 6015bb32a3dbac2c42909afa5e620bf4f9dd869c7058dfde54e0935f11167e92
step 7 55db22ff9eedf33ca8300b47861792344e80631e894ed8e5c5d8adc003082e32
step 8 9cc71a8f83aa160c0dee358045a933f1d26e25eb98270c963b983b94be60bdc3
step 9 e795f365fe90adf38a47e608035c49e4ecd486af45d6469ce8c1e0e8e2118683
step 10 40f7ccdc45f4a425993b83ec6e530e6eea76ead2e4e233586ce384b1c9907814
step 11 a357c28c879a67d113dd533d2bbc570bd27b70f22023335b4c62a31f1394744a
root a357c28c879a67d113dd533d2bbc570bd27b70f22023335b4c62a31f1394744a
msg 4cdc9f02eb229b1e8fdac88ec634dc25d9ac010588fd581dd465b5ad931ef9c3d56f571fe5df43012b49ea85368e854a57d733f6587981bbd15f03218f4b9d8a888d
get 6d53c6c12eb7cd1b5554652c8458a878eba770db78f15b07a34f2a7305f6f4e883ebc6d7de476a7060c51396680f7e94fd null
get e12b0c056aca60f2839747162223c2ab104e676f35 null
get 972333 null
get 972133 null
get f66546c0825d355660c398e50a97c4d12de19055 ad2209c5827a0d623f7e42176b878ee69af166e66e83c2aa6e93af649838ba36
get 6d53c6c12eb7cd1b5554652c8458a878eba770db78f15b07a34f2a7305f6f4e883ebc6d7da476a7060c51396680f7e94fd 57de5e004ff9bf2aff6dec1d3ef29205ee47f19ee4a09f36fc67d486af64fed8
end
case random-290
step 1 eaee45e4b4ab45c0d8fd6a884eb7f69ebd29ad1ea487fb8d860cd3b5121f2732
step 2 56e81f171bcc55a6ff8345e692c0f86e5b48e01b996cadc001622fb5e363b421
step 3 148472da10fbc4e0d9d44732304e8af0fb50048f57128149f5fdce046530771b
step 4 48a3cf6049ab99cd09940a4d5ba02b8751ff193ff565beb4d5294c2e1ea2e74b
step 5 56f5c51013ae3641d28e1bd9661540d5ce7aecce8f9b78b8a75fab4515f9cb55
step 6 1fa2444023879503c87825d1d33172cc7ace24ee8f2657a83c547a93c53cc873
step 7 1590bee4560146466a97abc39ea06762e55ec1ec80f7707db234205ae149fe58
step 8 53da08fd2c9c255dcf5aa921bcb26407658d555f5aeabaf00d87d864e0a1d988
root 53da08fd2c9c255dcf5aa921bcb26407658d555f5aeabaf00d87d864e0a1d988
msg 4df804f7b89d1e4b2846006b784016fce99d3bb133ef2deb1db31dabe0ad3c92c6195016c2c8ba90544e4576b8b19fa5c7e29d1e8b7498fdcad55451
get 141ae2425034b4368ddfd8d5a134ef7809a77db566187ee7 null
get e1645d 90544e4576b8b19fa5c7e29d1e8b7498fdcad554
get 103df8a4e79f7ac2c08ef83195134450d89c92e3960bff54fddd4e15c075bd2f2612a105b58776bac68b de8f34269ed7e38aae29ee25
get a776d5f24b1ea8f71b3141bd77898a289854a89f7589789ce7278d79acd7566e7a836fa93477faa5b12dcf5d0be3de null
end
case random-291
step 1 59161929d4fb36c3670589463952d2b244fb02ebf0bec0ceef75fc3b62eba60e
step 2 0feb6203249b756f9b4ca29c832c6a3cd9cbfa6ccf6cebd1a620641bf86922db
step 3 3cf026165e0b9343ddd2636375cee5af9f08045d7eb7723f176617a68cc7365a
step 4 b26d74643400b112641e498891657ca34a4559aa2b4ad1a30e2cd29f75508f80
root b26d74643400b112641e498891657ca34a4559aa2b4ad1a30e2cd29f75508f80
msg 4c1894f45bcaf66f9faf838f12cde94ef5e7a8c8b98bb659eb0f2fd1a547b0c3841b0647b975fdc1dd3874c7186aa29cd4073c3283745a75b3066af3bc13d78c97fd9b01
get bac7fd4362 null
get 14baeccc651270d89aeeda849f4cd8659509d24c5cca9b df2ad39913a2bf9f5b2bafe2e1689259871fefe92b48733bbf0d2d3ea1b76e797a35fe28d36de996053ca137b2c46c8ef6e2118d2566cd989450cd7fcba46fea9a1a37f57bc75db2fa62d6417ab6e7eeb1d31a7c576e68759a8e52312389eccdbf75b011b20f287186b797a0181d3b42c5396e628c8a81a39bb6a507d31ee1fdde2b85468dd9bbea3f62375b9af4c87dd2d1f3c590dc0bc8a70fbf0d4c4842280c4f07bc128b12c918e2681e71ec2be97ce2c35b4a11a41b0b8d01dfd4bbcaee3c1039ff9cc679d9115a8eb66fbf3cbcc9d3a2bae97235c05a5c5c77bb399bc5a561a9b12b7f3f31d9ae5f7f61efb98bc411ab3c2887651895a97be21bf1f72373
get 81de68f6f103aac654f6f1a0f78bfe8e5aa8b1ed32c03e cb24988152ccc0abecf856345272c03da0e0b56c6d2f3f6e278801579ac27bc09d2f
end
case random-292
step 1 82af063703b7e5323cbde2222f7202d10eaa95caddd5ac2a4a5c31610ee883de
root 82af063703b7e5323cbde2222f7202d10eaa95caddd5ac2a4a5c31610ee883de
msg 500f738735
get 7387 35
end
case random-293
step 1 fbb22415a824f3edffa05aab4e6cca550f44ca63b8f1f0f27405a01aeea1ccab
step 2 193e6ab7630d0794b3e5b9f2694c9e0d7c4a42f231da761e61e028294cff28b8
step 3 193e6ab7630d0794b3e5b9f2694c9e0d7c4a42f231da761e61e028294cff28b8
step 4 91771e13465f12feea0d6f249bae8a120c8a6af570e8c7cc616f3b3930cc2efa
step 5 5b5e0cd866ab49ac01af9321d1e2e79d28a533921a4d2b79451cdea587cbec39
step 6 621bc99d502e38aa423f7acd4c5fd6bd5a330cfc1a5b6e8ba47c8d80a34007b9
step 7 bf5984d1d4774e9a458baef6d1a4f1c4e9782a7be16c85ae831a5832bfd63597
step 8 00695efcbb87293568939329097c14c2b5f8640150b51e3573c0b65cdf6cb391
step 9 ca34d98029095551d17544533618f3cf23753700842b888795cd36f102aaa13c
step 10 f9c09136a88a8f98d712022015b32d6b2ccb6442c8e18309146a4941f8c6e8a0
step 11 f0810ec0b6f6001b726e69a103d47c6e805a8270eb53e0bd44a7049e3fe493c4
step 12 fcaaf7e3adbceb484df427cf94b0305e31de209b2b0adcbf88ee2f133ea6902e
step 13 f2eee891d437a64d0d383ee299b2bb62f2c0f674f39b243c07fcae472ade8088
step 14 af9d14af32e315c2e71e3fad505f08bc6e2ce8fe84bd7b7eeb04f722556867f8
step 15 bc0391f0dc1b2425bb770d4ac2bdb5caef0f57da5f927419fbe1f4c161ffd158
step 16 fd473a4f0a55afa814f8ed8e8ab8baa755e422e343993ec5125bf5d48d1faa45
step 17 79c0860ea94de683d773029a9d90653b51ca3e8503b6abc9762223af262cf790
step 18 4b41e6187a2b050f69da6b59e2cfb5a14833f86b588205751f1084df161ce879
step 19 73e0812c9466d8e690f30088f49e793ef097e5224edaaeb8ad4294677b53bd86
step 20 65dd6a790684566674e3f6683cdda4a09a3acfeed2a447293c3732a3bf0d00d6
step 21 c14af8fab94d6b6f824479a393254e7111343eecc7fbf8aa7091d1408545e52b
step 22 55645ca37e99c9527c4db27621101c9869e4c72c7a7db36d75027140e5055b19
step 23 3e735791b876d97849f6e71ab45ed4d406bad38a859e0d938adfc16c3fedbb34
step 24 89be76c909e653cc84c6b95266aca6873742aba95fb18ec1c45023bc1c029dd9
step 25 7a9e415bf4c63a1edb6b1ea983d4dadd05b5049107bbe22e2d41ffb9f058f247
step 26 c997a91362a593fd806efcce18c59821f28bffeac49a5ccb655754cb1e026dcd
step 27 21fcb481d2e6aae34175e73f683144c10a3d4b866dd6d3a6eaacf9de0554353d
root 21fcb481d2e6aae34175e73f683144c10a3d4b866dd6d3a6eaacf9de0554353d
msg 4c604b125666ca41c63feb49b5aa150cea01d613e829f8ea3b97fbf641695ee5e7464da878a57d7b01b2ae359709cd4f1b6032fc1c8b0b88ddab5d1e390110c0edfd6f05
get 724400c6e5835e89457df33d8d1c0af752b15e0013f8 null
get 5b7ba2 null
get fc94c9f8cf3f47 null
get d4b727c8ed8e69ba179942c13ab0804b210634c899f6921e null
get 64fabee874f692785b819a36871e672e3d12dc 79102df01875f226f8e69f075fadccdcb1486b926e510d815a4a42f7d6b8d238e8a6
get 9cca00ac995c abfc239dcc22cae8ee2f7c74
get db7ba2 2d7e13e7a9c71e0cd8d86b0626152ac36445182faa4850935f17c1fef0480edde9482a35b54cc9974355ba23bf7e22667e2a47fcbd89424a8de205e9c884a9fd6f23417197aa48ad8fdc3da2e9626779d47fa380e6dc9b223601b6e06f5821ee6d5064bbcbc319f21c558303e84cbbbf60d7d3c30894bdf3866772af1c785cb6eaa3ee3d965c74bab7d4a558e1b13ba7ccda9e2a08117da21d1afd86982c0b5f4f6668396f0dffdec81d1bbee4ef1b715312c2d2f4f453535986b47ff178d898806cd6805f34e823d3c197c98163a28d6fe2ecb1f384139418437f7ba502eeffde74ca6e3ee25ea37601cdc428d7d57d1a36dffe7ede5b57ab4e2bc517e57bded9
get 4a8454563837a1bc3dd48f4585b7ab3c2def0bbbbe2551e58d29cd50fb0eabad9c0c54faaefaad4b3b53f3dbed35a6f6 1850f9d3c6a36fdb7bc926371fcb371a86c4cf670a6dcbc4b0d26bb051423b2a98a1c2693bec0083395fa6c84fdd9cdef3d13662e5faea4c2d29c0c8414343ee00034bd5e0d5604184c959178ea11e4f83a1c09c61b155909341f423e165d3b6b55dcdec50ac416422ff3780489044e39917fcd4036257cdcb892a17626e8e505a909ba31d82383c94493a8967a0c8b7ae0d1671a73ddd7111e7a87d4bf31ba37eac95aef7dcbd17ac003ca146e1d8be9e5cccb99cacfe4e9521a548386d46774c5d9f5db057a1b1cf9c90677736dc506cf8c3cd6b071b285c7ecc5918ce63eba07bbc9e136a8dbc6e93653fd7b84f3644cd0df3b2c758d85279c859795fc110b9
get fc null
get 9cc800ac995c null
get 11cfb96d8f69cfa13574cbf7242712094dd04a97f842 6a8ba66b80672d1985b9a7265263a8dc4f0a0798d6d8f18429cca7df7ac8640c108b0f397a5ebba93dd6937cc716465eff05eb697df4aa9680edfac86a47ffcf7e3136b01b827b4bb97a03cf91e13b48505d69eb61f5726c178659cc91e64b657cf8465c
get a3f38e5c4b 9a
get 4ee4f749b723ccbd868ee34ab07efc727f8f249a2714abe556dcca78c7d3c76847158b6961c04038423a596ba5e7b058e0f5 null
get ae26 5f
get 4a8454563837a1bc3dd48f4585b7ab3c2dcf0bbbbe2551e58d29cd50fb0eabad9c0c54faaefaad4b3b53f3dbed35a6f6 0734826c145d34609becd4662fc73155da81b0b3550ebfdc34f92163f1b84698c479753dfd9f3361
end
case random-294
step 1 fec670ba59aa35055cd608eb639ce3fb5ffccfaac4dc18d68708f76da2361ef1
step 2 de0013a99aa8a06b3a36025fc816c657ca398eb8ed87e1c15d4552729bf1e3a8
step 3 f502cf56e70fae6869b24ce81942a9fce0c3919da24dfd7a543b88754b0cad9d
step 4 ccd2c7f6f5f2cb63f8b0256a3392caf8995474e5ec83f85db5b33d32d2e95a90
step 5 acc802e60b76b2657ef002455b61c9def12ad4fe4fd146fead2fde922e5735ae
step 6 ac7958a4b84d3809782627764d1c57bec53ff163d7cebfccff93de84f7fc3d53
step 7 2cef6ea0b7ed7bda758a251fbb3953a2ec581e2edde1b2688d6570e2b6fb8ca5
step 8 624eb1c726601b042493537dbc3518a4c05b0c968fd80755bf5cb1c9a7c65b0f
step 9 0a794cbcc15179337b10bed1e7da40b0d9e43a856e4a89ffd3e76f7d040656e1
step 10 f2fcf5d24231ac4e3a6b572afae796eac5948b7a76d896bfe14e96143cdad8f5
step 11 04bae0ef416f8b42b2cbaa905318549fb2927c2917286a42e1a7cde7211e5118
step 12 eba87365c921c6fef777e691d060a1171d5e3397aea70fc07ff4d0ec4b30b52a
step 13 a79da93cec70369cbd15ffa93693f8b26dde13bdd0485a371ab0a7bcae482766
step 14 a79da93cec70369cbd15ffa93693f8b26dde13bdd0485a371ab0a7bcae482766
step 15 799a7fa5a4f0ed6a10a90025c9c6484455c7d5c10c27bcd898e7fa87a704c4de
step 16 475aa9eb6956f2bf02e413324d221ca478da1d9948eaa1ac6fd11187c1dc1f7b
step 17 ba250bd144fe50dffdb87079b5ada83c0a171da66813e6256c105c988c3c4892
root ba250bd144fe50dffdb87079b5ada83c0a171da66813e6256c105c988c3c4892
msg 4c9a013d4126f6df433244f49d98740fc8c099a2e594c5269e794dd997f93af8e7b7288e873c8799932580683c0dc609f2abec525f863ad93285f0ba838fc40281fdd302a5fe73ada9c83073f47485f23281b3c66e2bcee38691854addeb886c004212ea
get ff0e 7e61c41af8dd0b7291759af5ce61c4e36390555657887b1beb0a840e0b57ed7c
get 8f789fb9fc62a9d136cd57fee233baffd8c0f6ba58 null
get d18d fdc4b476710f6a5e6f917543da5cc2acbbd42629f9776e2748b79ad28369d88070d5667df19e5c12db92b3bff52c003e3f3ac94f84f40711bc6e30acf203c59e79e639147459d5a6c1b6720e818d327cd3c11eb892269e97a816d908e331925cbd004ce2
get efdd406aacdb3dde8cf7c931eb6bf51b7c0ade043c null
get 8f789fb9fc62a9d136cd57fee233baffd8c0f6bad8 441d39191ebd60bb6021735073c3de17a8108a0530da691d000c5307dacff7987494
get - a5fe73ada9c83073f47485f23281b3c66e2bcee38691854addeb886c004212ea
get d1cd 870f
get 673e5e26df14abda26a35a8afad93bbf5b218860863c65a698da20f3e3508bacdbc1f7a1fb60778ca0f56bd94335c424 a1dc5f4b9ef29498f54c85a1c657f1d6013923018d22ef08bb022ab00226560c8f98378bae634605b8b4e448e5d3089769741a82e79f9775b09442bebfe5a418
get ff0eddbb00 7f490eef4ee54e5af2f6d92a25ab90ebf3bef53c31c724a0d80f564f7525b3db63
end
case random-295
step 1 9f77178b42b49dfd316ca08bc8f08424235505909f31f061570e734849902b71
step 2 82ce25a187fdb37de1831db39073b3a617dc0a246b2ed35fc4b8d768e253f6c6
step 3 a72ca4f046e1641a0014d445127b3a5cacc881513649ccad9db18a2d46fdc0af
step 4 c68052a50d26ca226231d777a854d4566d7aab923564b5eb15412c874943ccbb
step 5 09417ef79bb53cec21f20c0907f1908670fd8a256becf2b691d7b383045135bb
step 6 f673e7fed917f7bbd196ec4a73057fb30143aa00cd20c7b8a0a0ea50156b8f13
step 7 e101e0d71644612791266677d3ba03f2a22ce09b49b44105bb3bd2c3327d9840
step 8 0458b1f2d9aa0eef1d027767407cdcbdd555b7d058a7705c02373329ade1b1fc
step 9 a5c4ed8660be96c59005b54413e36d83e6d43229f92f6abef9cb80e799db867a
root a5c4ed8660be96c59005b54413e36d83e6d43229f92f6abef9cb80e799db867a
msg 4cbc30e4a0e0a5c81e12e2d10725bb6f7b1f03b4de015cf2d003636369b13c20b396841297c9cb187d3e4832c718fd8343cc5ff3ec7ca46aa3b9ac6f2b5fd2f095fdab026f
get 40d923cab0140dd3cbcea145b47becedb5032b8db3ec8afd75e339b9586d708b5c958118eba73977618dc05e43a91d43578471 2e28c67470b96812906cdce1
get - 6f
get eae21260b83d08b2eb36eb7062d77eb57f5e994752 47b713
get 3801f88854a546803bfdf8006f204465a1adb4e5b0 346497a3ee1fe7b1bbd78f890538c06c14128a94f4512b992e9f582e2df3ac
get dc1ac0771ba9e4248976a8b66937346cec75b6252bb23b989eb91db816e28d094c9491ba8e3b153678485bc8fc722a05 6da776feecfe771a3d5833fc5d08de6b77a359d415c3b7c4fc54c8dc6b8d7499ee92e8d4379517843c79cb6bc01bfb6c3527043a16eb7b0862d596a79ef631e997cc17821fe49025fc297036e12e4e2c4611dd7676d125399b0b1bdbcc58a651c69d0732
get bd8da177be 86fdb52e72253f0b31533f91123d07752f6f4b7d7a1faa5ad38f6e453f714d29f030c2d29c4141bf749e10314f5534916ce5baa1c1a0fdfc516aa4352d00624779ef9ba3d79c5efe46587aa382becb7c8dbc1403f21c521ef7763e8011cddfec45860bea
end
case random-296
step 1 b01a5735be4dddf857b45ee10bd98be94af20ee5328f529899cd38955e049a22
step 2 aca9b31a4e2ee461531b9d2c4599e8873769ddda6c13151c2d51aafa93752452
step 3 301aa2cdfb7bbc975f48c08da9ce99949890f463a7492759fdd76220d7fe575a
step 4 aca9b31a4e2ee461531b9d2c4599e8873769ddda6c13151c2d51aafa93752452
step 5 319e64bb3e71a9695a3067131d690c892f4ecfd8354219900e91870f56761bbe
step 6 e41b99c532ad74800c9fcd0fca4059c8f882543775806496d6d497d03da1e1a1
step 7 613885aed13d1a69dab0356052782ab38d544c084edc450aed637bcf42bcef53
step 8 75f3eb6e3d6da0326eba720eddd0898b75a43a3a5c896e50d53d14c7cac2ad8e
root 75f3eb6e3d6da0326eba720eddd0898b75a43a3a5c896e50d53d14c7cac2ad8e
msg 5d008090cc30865795e542f4691524723a64f6d516f07e99167e1e9ed5d66c889f691d29701d28fa728c467635bda1c485fb0869a56e4a5552058ce8d9e9c353b76ddd697302023251e7000028ef
get bbf1afc9d103 null
get ca3e9ca3 27b4745214f41059f5640412c91317e0cfb67a07f1fcde4fe091b6c1328232cbc0c69bbc9f9926b6
get fe null
get bb9b3f6911e27c40876080aa2973e43d8665319a bf6a90fbc85ad51f91ee12eb3a50b3f8f61d6f21361ed578888cf790c90339bfe23843c8e123f136a443a7ca8ccf4693a9cbe1873f6c6d0c3266535edd409c6b51483bab025acfe3c01da4cd680807618a2e50ce9d6073a7fbce438eddd5dd2bbdf2eefb
end
case random-297
step 1 26753c9efc1f23040a51fbde7d943bd6cd3dec8a2eb98b876743d5a208599912
step 2 46dd9a4b4b282a7ced0392b111dd4077b664534c8baa588e7ef94d4bf2493a6f
step 3 628b883006ba66c851e69ea47239e190a014d57d2673dd37fbe63dec971bb6db
step 4 46dd9a4b4b282a7ced0392b111dd4077b664534c8baa588e7ef94d4bf2493a6f
step 5 8ddef6d220e912885b9e422a3cffc6fe7a052934b96738a4424d1c5d0edca308
step 6 04088cfe64bcd9fb8d2d61ccdff77e5e0984acbfecd541ba269e265bf5d8917d
root 04088cfe64bcd9fb8d2d61ccdff77e5e0984acbfecd541ba269e265bf5d8917d
msg 4c4e37422505ca5784669ee6b2b01183c8ab3434f45fe083133ca8649bc0447b4fc90d05d01a732d78164fb5327f4e7eb206e0026adeb27015737586ba03ce15d9fd3f02
get 6dfdfc0952953c390392039911cc8f179cfd7432f5214a89c0 baad44e229a3f124866c9f6b
get e346780c96352cfe7810dae261fcc6202c552bf69c73 69f8427fb0628018cba1911349f8c3ed1ab1c65551bd2d01691bd655326ea590be2bb531c1126a749c669171e3ba38010fec219ba1c38fde16edb5191151249656213d8b59b1961e08d1abca0fa2ebf17fe0960e09e981af29320670e3e119ec6599aba0
get 8f48 null
get f1fbfb8da0 6a6554458904f8386f8799ee2a53778eee18e1bd689aa90ed6cf8322daceff8fb9
get 76 186e8becf105666ceb1481592d989152fe45707292e9ef51b47eba21e69c0af0959a3aa1368e20c84c8680de6e015723768e55b8a5e364a8cc41b0275b9c2b5fa56609582a62301f37b66b79605b44ffa24bd22177cf22c6bb9fc14e5aa9fd517fa5102a
end
case random-298
step 1 935d79f9921db2e2c44bb1a9ec3b428bce0adbb08374a213b55319d2a9e68479
step 2 5ed17a90c1efca9cc029549858e4a78804bf9daa5db8c52868b85dad84e562cf
step 3 a99ffab00394e3e257fe756e9d1581ec03367e2359f160114298274255d92ef4
step 4 e0aa0104e2144118c19effd7f855a645ff96c49d0baff02e9aa5e19240316779
step 5 e5696699d3f5a6c3c7cc2c9f58809d200cba8e349d5f6e2f08586bd08171b5e8
step 6 e5dcd79f00b2643f8e8885dd9cf259d49c8eae59e012c22be796850d978f401f
step 7 e06be98093f350a8e9a2ca7859bdf27c5e6f2e03dd4a2d08781b999facf0621a
step 8 e06be98093f350a8e9a2ca7859bdf27c5e6f2e03dd4a2d08781b999facf0621a
step 9 20b2eb8b1d6712cd140260e7f1d508ca97d9d5fa07633c8af91b63698ff021a9
step 10 5fba612de3e4bf05696a21875529bdbf719bb51a676f97fd9ce6153b18b0ea1a
step 11 97f63b5141fcf80adcff920d39fdd125197a5b878f578a2881d9498c70c78391
step 12 0a9342b6712719d4b3c85e2fd30442d670d758d6b312092fd80c1d38077990a0
root 0a9342b6712719d4b3c85e2fd30442d670d758d6b312092fd80c1d38077990a0
msg 4ca81abdff150191fa4c4daeec122eefbf58efcfe0ad3957489ac5678956b6533d89759f2caa6656d51371b22965b2ddab6bdaee318b7e38af890d3abaab7ebe97fdf501
get 475591d895c32d862ab2799312b7fb7e3a39d7f7 null
get b0da452c7df5b365f43166ff5a140dcb96d77849c6d7748d35fda130d4fcee2d313cbf9fad377ccf82a6 57e0a6510fb5df09aff362ff1f61e6979b9c00fb2dc7710dcb2e32907bd0c071168a8b7cf49d9ac9f6c1f9446ace26c3d1db2d5637136dda4d38f74629401e217da29494d51fd725e277709e6c60c7f1b61890a1ef10ed5181e13d9058a84dd0a085a4f89e2b650c6ec4501dbd710205ff75d301c72c54d8a154463fe6f3d345db0a00c10b851cb4658e1ad6205803cb8381ebba462818c4746b1c762fe17a238c7ccab99af3bc8d0085613687e7a276f125f927bd9235bf4fd1b99c5fb5c3a06d05348099f7b6e7b3e87d0fe420f2fc9f05022cefd2d043e64a1ab61bea85f086a1037b0d72f1bc9fef34d05a24499600858266529606eea08a5e8e689a795206
get 4cd1381f 8bc43cc4faea2d2b5e4d18aa
get 755dda04 null
get 4cd1281f null
get 455591d895c32d862ab2799312b7fb7e3a39d7f7 741b4455126e7c7cbfc0b52012081344e0c558c9b5ade114f23f46781c6418b38ea4
end
case random-299
step 1 089369e10eaba1deb3225d1648baa4e7bf25ebd0cc87ddaf9b697939fb8ee1e2
step 2 d21dc2605f7bb8e9205de9176f2d71867e482b188db20d2cef37d82256e71202
step 3 04ae8b3a264b942b8fad8d5076224dbad8337fb5c2a9043d175e8a14a5a9001d
step 4 2be4de204b9ad314acf8c5e534c3fa3f88d3d54651e7cecbca516fc6a7b78c18
step 5 1a2f94b4a03729c10657a37ac103fa20890cdadfcfc5332cf52b408ef9244a83
step 6 6c0d53e370a1aa55cad2b9a9e2dc75d7b59b106a56b596f3fad81c52c5c42475
step 7 62cb6f81edf572c8c50afa05460c02fc710289ef5855421f629eced8d9a40d4f
root 62cb6f81edf572c8c50afa05460c02fc710289ef5855421f629eced8d9a40d4f
msg 5c0200f529feafe32beebf680a8e1b458aa71a33a45dac50de3fdc8f61848c80a978d67b1d3f33d4d2459e55d9aa4789216d3058f9c6c3a0197dc3e470228fc5769109dd
get 1756 964461664d2738768b38b136
get 17 c5ec1c863f642800dda11868720657f81f594457801dcda0f0640320502fd81344
get 0905b91e6ae2a5991f81a1df4dfff2533e14c3dbc34d9b1c37bcd4b1951090422e2a8d7f22f79368dfc450c15165de8a null
get 0905b91e6ae2a5991f81a1df4dfff2533e14c3dbc34d9b1c37bcd4b1951090422e2a8d7f2af79368dfc450c15165de8a a6eafaa3bd64bd0e281d715d71d8cf75ea8804f098014d10c15ad58a189ce56b19
get f75e8ac0cc772b66a79b9053ff109b3c9c25f94b3567b480c7889aee688d642e7d9913c41fc4b034 null
end
