case unitrie-0
step 1 4cb25f7e8a1532f5ee398dfe92c921939fe40bed0ddc6cf980a116e931729500
step 2 56e81f171bcc55a6ff8345e692c0f86e5b48e01b996cadc001622fb5e363b421
step 3 3ba28d742b1645422009e02156b9a50fa6a988ba262c39b3907e8f3e79017b3d
step 4 480798965dbd1e0d345f9a8a16c5a0eef1ffe7272021c4f25cfd4dbf2e681706
step 5 b1a7f90943d14c83192d7556eeeed0b5011f2a69f06015fc89f741cd235e4b69
step 6 1032976e113f2872f4bfb58191c47c021b491306182a411ad861ea1153e2e0c4
step 7 c2ba8939f003a934e457ff44b4d062645ca13287e75086792e3b4e6652536d70
step 8 a7555be1329da0e549fca898f2002efeb8ba52495056c4d3267ed0474e3e3052
step 9 3a1e5ac0dba901538369bac33a3aff94cf9e472fc789114efac76801e1fd85c0
step 10 8d931d1ba7b8a95473f78d716f4e7cd457d22dd832577c87123500689a8546e5
step 11 e28092ce15996a71e8982f6d5ab176473c4e080a164481d12af507f36baabc31
step 12 df2b53c6611921a5e38da772429199389ab7cb2b183eab08a636f74a48732986
step 13 3d82af9ec0d0030432ee24635392789c1818fb082185573cbe93bed6281a7c71
step 14 d1f4d65831449792a34e552992547ed0bf2522c0fb01e726be7407757a06b379
root d1f4d65831449792a34e552992547ed0bf2522c0fb01e726be7407757a06b379
msg 5c07006891c14d7701718f2424e1ba8d6aea50f5be3fc2a5e10296f442bc6ab9a050156bbba9df54134993b56b3fb74ddda1755b64fd35fc2fc5f778004dec5612b973fdd001
get 000fb5062e9257fcd5ae13563857af8ccb6aa4ef5a087462c5b19d84c1a5180006c95ee231ab1062752bf658 null
get 005670891319e19eefcd4e748dde407d4e77d79ce372e0be5d0eeac76ba90f001493a2071225f34d7c6615 null
get 005670891319e19eefcd4e748dde407d4e77d79ce372e0be5d0eeac76ba90f null
get 00f646e49cb6069788149a1ab05f9c253026af89fb4d40342f16d9dc035b0e006cf8e0c1709736d173a0f1c9 null
get 00f646e49cb6069788149a1ab05f9c253026af89fb4d40342f16d9dc035b0e00 null
get 000fb5062e9257fcd5ae13563857af8ccb6aa4ef5a087462c5b19d84c1a51800c0020fb8d8fc769f16d0ef 75e0142639e8335c716da5b76154ec0b951ef79a3eaf4cb598869b7a0e54488eb342092c3fe3a62537f76fa66f1250a47d87e308e96c635accab1d787db8fbcf
get 00f646e49cb6069788149a1ab05f9c253026af89fb4d40342f16d9dc035b0e 5900cc2613e50469084dca105e1dd65b75d3baa3c8a81827bf047bed3ce56a
get 000fb5062e9257fcd5ae13563857af8ccb6aa4ef5a087462c5b19d84c1a518000cce1cef6bbdfd15d6f105bc d8d585bc9c2da4338d7b10228d6b82ba77f62c1998856174442ff7e3a82106a3c5
get 005670891319e19eefcd4e748dde407d4e77d79ce372e0be5d0eeac76ba90f80 88d4
end
case unitrie-1
step 1 633fecfa08584c2f4ac1513f66516fdabef05207ab102892b15074199c8fe42f
step 2 b0efcba8f53c2392995b92d7bdd378a9f281d3f0c5dd0013c8e0cd2e6214ed3c
step 3 ffb7e68ea88c89ef1087ec4d7fe0ee2e195f1f3ebcdd91feff88451779178451
step 4 332f4cae049c2f87921db6b11c9f6ce6cd999cb99000603a3564fffbaa97a422
step 5 5218c71e1272731b20979a055bafae5c86a3c6e2158f79d933949c9eb663f17a
step 6 defae5566c82eb225216cdf7e50d94571220a0ef81dc9e63a1a890a1c98d8e96
step 7 9d7225a29d189fce1cdd9a3ab4ff3e273843ba72f5a6e4359d00cbffe42c2e26
step 8 a0b2d459b9e03224e0b6e15d9f17814b995da740f17a7c2423b47e0329822ca4
step 9 ee0bf7afbfd0fd2a76dcf261cb08b634474227a7435a533302604e3f5477e85b
step 10 d1904001d68eb8d66e1d51909bdedc46c44475c87424925980153aea2a6f7c02
step 11 b951ec1cdf901b3fd2653e6bc7b508fd913c2f3f3e287b509e3943f0de97be82
step 12 29e9c7c8a8cbafeabb6428359fafedeb24468b48803d5f49f93e01f82f8b882f
step 13 f89e5212c90748bd39b72058a2c4a3910df4f19424379cd2a29be7bcde41afcf
step 14 99027f1a6a4ed7ce525740c371e774606140b602f043253bb06c7762f459b582
step 15 59eaf259d8191bc1c7dc93e28d7c575a88c9111c9e484cc607e9be63bd7c70d9
step 16 24878651e3356250d5e894b53a9c9138bfadf0ef0e9f7a403f52272ca911999f
step 17 3378e139adde0c927694f45ee80cf248ad9997ef5156d350d8b6a4d4b8830475
step 18 b7126eed1204116d4116c95667cb480824fca1270020be44f7c8e7980df82250
step 19 efba9c4c74d432d5e8fc00726c46e499cdb5f49c8df72ae4a3c1fc0533ad4ebb
step 20 5babe6eed3a8dd8b903b8d9e1b01ad58ef2a72294fb4b5f65743103bd8ae4b9c
step 21 13800f580d7a61a25a68b1a6f49714feae829e6e5afd7f7f0f7b5d95e91dc0eb
step 22 3ca651df57eff6924a3789dd6ae11020b84599fc4999f3d81dd8c0b1d121825c
step 23 360ad3c42d12856ad731b57f637ae94fecbdf1d963838fc8893304622a774131
step 24 132da67aed9d20d32bc249ae7953aa0449f8463e9d459f9c07b6bcf9c59b5ba6
step 25 c74aed4766ef717d2e3fd54ac4ee5d9197adbe1d91554aaf1791010dfc8f0cb2
step 26 3b9a840dd5601a48b8e345ca640f2ab9f19edd7f5f1cf5ed3443d2d3ea9879cd
step 27 d75e76ca87055b0c202756d6ee2b73098eca890d267755467b48184aa0763949
step 28 0631e7ca024d3468902570ba0ce7a2bc4b77190540221cc42b033006b774ea8d
step 29 0631e7ca024d3468902570ba0ce7a2bc4b77190540221cc42b033006b774ea8d
step 30 e1b7c083b28df9969dddf7af5977e714ffed2c3c0cee03260a6aa151e55ad370
step 31 3ef453934c8c2cc4985228db456380391be629fb64bfca510a7f3bde4200afb4
step 32 202db06ff00f346580b129ded3fc1e0f5039836f52c567bac7ccd38466a027c5
root 202db06ff00f346580b129ded3fc1e0f5039836f52c567bac7ccd38466a027c5
msg 5c070057dcb9f0d148c356eb695a401842a64ed28861e252bb5381f0ea761f9d8e6311905ce2013aad6240e52ceb418b91643208f373a4a6c3329e89442550228231bdfd2506
get 004afdd1f04a4e614d94eb8e5c54c24ea2b70fc6c9eb4cb7736e1caa698c080092618298b02da27894c16a d2ceae
get 004afdd1f04a4e614d94eb8e5c54c24ea2b70fc6c9eb4cb7736e1caa698c08 9b26fab241c88aefe0b61956890f7477f55fe0f6601dc3b09570e46269acaf40cfcbf88a7c73e5e8c5886860cea13468341a512638cf010cba785175af4d1ae8e4b707daff8c94c20f9fff4f77beaf0d7aeaf27e4559f19cd4a4f804b15eedabf0eab7c6d25b41ff70d4408957a516b4e00bd1c903748a7a9d4fc00f5a044f597b64c60704efbe245f690033a3054cd5ecb94a4d24256bd8a8b7a040bab38544c4ca2849a2880e8c60dda44f6efb09f4753174aa352f141ca3b734dfb1eef5d6830a0b6a221a8ac4cc871ba02887dbbf595cecbc0bc85a1e09472f00e94e9782e374679399113005c53cdcbf2f2f185abef77716d1e560cbe6e70d14cc56aa34ba
get 004afdd1f04a4e614d94eb8e5c54c24ea2b70fc6c9eb4cb7736e1caa698c0800 c8debdfb334cba8c8c854c79ba403336301df202368272a7c2d07e6ef7c4f32efb4d5de7648c041ac29d7b49ae75bef89ab4173f45b95d43ba45359c5e83c9ac396c5ea4d67d3d7a7c942dff27b3e0dd386161cc69f6b32ece31321a1d115e365b5b95ef2daa99e5e21e15c02eb8824555295f1fad72521b1e82b4079fd5037ebd1069d362f1544cd942debbc9cffee5e89f37f89143be139fb503d7b105061be188c488255f3432edf620df254847a1ba79624838b1845e145f62e18f3d4e51afa06244dec8ce5ebc305b77426add1eb5eed107943726d91da1f7db54594c531e10af23be86cff2ccc83be41bb56d6b3f35a97fc6af109e1d14ad4418a3f50191
get 00b282781c4fc230547756f8f5f9fb2d3924d95e1162db01b5a56e3a9afb5b00 5d00f72de382d5bc1a84cfece30a60e0d20287501e2fc984d934a562a01d7dbc97c3e04026ee248a0694e94ba66a07a05604a43e0e0bf4bbb1a74eae2ebc0c54cad4be371d5ea63463b6fe48fb65f4b9ffb849db8db76dd1eb1c221d9cd18f1b67fcbe1e
get 00e505180a0ebf11184cae98d207786d0f6dfa902c0d51ddcb59e6d0663d5780 66c28b84489199af08290a364004fe8d0519bba14683eb544dd92e2ab13bddc46befd63b088c2baa605bf23b8da0da80bc90e7e28a491aefa0dff9a97c196945bf94be075b54d598f035db709c1338f748bdd47cc550ae7378086aeacfc2f9acf0d3507acaa0b4a3d72ce1e7ed93c773f17c7eaeac36b010dd326a0c6046ee3fdd1dce1d7268a3a45a1e872e58751b25a1b61064290a89bb9839badb52e2ae59da567cfd8cbc89b1ec86b3aa7ea2ee82ec53b0bc3bdbb3ca9b1eb868e3944f0a64ff6980667b1e716c51ed5da476b48af9c8c580b2f07106085d28de1e734074629260528cc1fce0e76adc38b4828f37a2595ada59a7db62fc00ed24773afc3c25
get 004afdd1f04a4e614d94eb8e5c54c24ea2b70fc6c9eb4cb7736e1caa698c0880 null
get 004afdd1f04a4e614d94eb8e5c54c24ea2b70fc6c9eb4cb7736e1caa698c080031529ba72d862226c720e1 71633dbe65df26702b646d7d48c33f89f91077f4
get 004afdd1f04a4e614d94eb8e5c54c24ea2b70fc6c9eb4cb7736e1caa698c08001d3cc775060087534b4bbd null
get 00e505180a0ebf11184cae98d207786d0f6dfa902c0d51ddcb59e6d0663d57 244ae3ba6ba72c5488d0f4f4648732c40aec5fad0fef9f5c0f93c6f80e0b51fb
get 00b282781c4fc230547756f8f5f9fb2d3924d95e1162db01b5a56e3a9afb5b 3c351e91cfb19eba620630c7be295b7b3b43181971e496502779e115831ea0e5d6bfe0132ae41c0ef50aff55396756614ff7d9e19228410c38d5b4c21c9480c98af7e37b2b8696e3eab471cfd77685c9e148e95b5473b108a305cf454f3b6755969e0e9e
get 00b282781c4fc230547756f8f5f9fb2d3924d95e1162db01b5a56e3a9afb5b80 null
end
case unitrie-2
step 1 dd4e0bb82861c50a49c2cc58071d5bae45bd660e3aaaeec89145ed0adc292023
step 2 ce1da08b9b7f13f1740f553dfb5f49c9078dd8dfb5f957f59bc197a424813f5f
step 3 ad8eafb434a71e5f54eb0b67caee4b5ce6a3af53604e27926833e57347f98b6c
step 4 ce1da08b9b7f13f1740f553dfb5f49c9078dd8dfb5f957f59bc197a424813f5f
step 5 19d7ceaf524a0339bb5844f7c95fef4877f68577384a913312a4e0dbadcb8dc3
step 6 c862579b196c15437b21e4ec6c1b35edd8c40e9a93793ed7307913cbc38aa400
step 7 2e6e81aca46389e8953b7cfa206d0e90a2cad68bcaf87fb245a16c3777303b82
step 8 ffd5ccbdfc1cc6575b71040137efb0b016835a9013b75cb43148d7bb9fbab846
step 9 369ad1b89b6f55b3981f9bd5487e694f26ee4cc282ccaeff2c2bd57561689ccd
step 10 818721688390dbc3d5043865212dc5d6c5a843a0a1085c6d564398917515d1ca
step 11 0698b417d02dc8a63acf04b7b4f5ee81a771bef8b05c440082428d0be8e100d2
step 12 f8c84f543b905135016ef86b0c2efbb3fb0bab03acd5d36525d54c0c4814dc77
step 13 f8c84f543b905135016ef86b0c2efbb3fb0bab03acd5d36525d54c0c4814dc77
step 14 391118f3928d45c742d453e9e56fbe65f9962895679d73db3e0af4080f5ecae5
step 15 0058cd58b3fa7b4fd875a109a9568b15923ddb2146b8a4fcf28d6130c14e82ec
step 16 4b8fd6cdb8e89960600b8da7da6fb9ef4cca987ccd7e7b1459fc5711d273b40b
step 17 d0552b8fa19f7a3d029cae2ca5d1a3ad9cbf1b69d966bc1f0952e4f14b4f117d
step 18 ebb9e147a2ba4a096e7dde3e1397765a9f5a8a0bdc72a11ecb4f1ef3aa4e3003
step 19 b4ee6e5abcb080a0cc07d6fe5d8122865ee992619f2bd4b508976eb84dc7c4f8
step 20 0fd93b49675acf62fcd48adcacae7f80f7f28f0024addbb47dc17defeae08bd6
step 21 e39868fd9af22becd1fe539600cc686f62fd962fae9f64160b91fdc52a7cdfb9
step 22 08a7c19b3e341ca8707cb71026e194859af4790eb655051d43e653c16f5c9de0
root 08a7c19b3e341ca8707cb71026e194859af4790eb655051d43e653c16f5c9de0
msg 5c0700ca118133e16e5c6312f301300a1f07647ca7fe7323b7ab622df943ced1377994eedc61c833a2202f706c609852985c7de9ddc460b73e7deaade33628ee0c9820fd1b06
get 0013db3a4cae85e324689af1a614e227a039aed295aa15e3419fdf9788394d00e99d2d20ff625569d5f9ad null
get 00a72b9d90657533d49aef124a6527aa259bb6e3cae04794526445cbe414d100 e8a8691a98d60fc98789c2654ea2f2ebfd771dee6b2199e476d864c92f554d9358415af29fe7e0eb87342a0cdd7681fae6c5ec83ccdd77e38a93ba6a93bc9adc0d70bf31520c5b99cbc383b21f2a63086b39240bdd9e78887d3ef860a5c93c0095395575
get 00e36599364474428e10c01cff946c1e541df05785dbcbcf6a20d40a9d5af700c1970c22f05daac0a495b3 d46d3a862c511eaa4ec983b6
get 00a72b9d90657533d49aef124a6527aa259bb6e3cae04794526445cbe414d1009b78f31e28f905c0620e23 a91c9c06b0bf137aa76ae00117bb9184e4c5fbd4c87d57abb58dc07cf4c004ac53ec
get 00a72b9d90657533d49aef124a6527aa259bb6e3cae04794526445cbe414d180 8a785e722a78b462d7f5005a8811705956966ed6ac5b741eb62b8a0f244a832ffe868b14dbac78ebacb727046666495a18e41ce5ac0522e087f27ad94932d45c
get 0013db3a4cae85e324689af1a614e227a039aed295aa15e3419fdf9788394d00 0916
get 00e36599364474428e10c01cff946c1e541df05785dbcbcf6a20d40a9d5af780 cf1ebb3a7d4cf6afadb7727413950c7e2b58f5049baf396102e70b0428a90e
get 00e36599364474428e10c01cff946c1e541df05785dbcbcf6a20d40a9d5af7 798035b5e28a3871bc22707a9cb4173810fc28569d23a4d70e56815ced5e2087c1
get 0013db3a4cae85e324689af1a614e227a039aed295aa15e3419fdf9788394d0072a0cc9e5995fb90e08ab1 c3d43c32e63aed14cfa47f79f72781c3b0bf454857926674c4b0aa901e57b7a4b4b3aa18ec94e41fb153e593e88bdd9f968c135b85a77b08527fe44a9617deb568eecdd755191f983a04d16225a12e0ebb4c2c9f8bcb0d8ff4a69d6b7e13170c8c293d38
get 00e36599364474428e10c01cff946c1e541df05785dbcbcf6a20d40a9d5af700 c6d7eff656ee6dfa372e559c7b8277ae2380b7879b02b0efb11bd1e96a92c13c3be7
get 00a72b9d90657533d49aef124a6527aa259bb6e3cae04794526445cbe414d1004f61d230e0b0c0838d997e4d0f5b2b2ae6e5ec1bef1a3da3d70c2eaf94c3bbed5b6cf0b2f42bd83f56b9 551d5c3fb8a46c995d7c4a2d61d7ca018da117650ded29a5291ccad1593d721346f6
get 00a72b9d90657533d49aef124a6527aa259bb6e3cae04794526445cbe414d1 null
get 00e36599364474428e10c01cff946c1e541df05785dbcbcf6a20d40a9d5af7006d3037bd436dc3b15899c9da dab894445b416a7696f44f6682462759db306a13fe3bfcbf59e509ba5204dd0f5c12dca7372ca780750362c49144de51d512504cda89a5efcae42a76b509ec5813191f7da4170d327fe8ce48a225e7b592298dba82ca87b6e297845bd283b12821c6730c3e598e21264e394194b4de6cd6203b8f7da4a2453bfabf199c2aace0ec538c15b36d923b61e675d782bac7fe41d5c847477a6c1412621423d8edec9b60cadf02529f2a791955fadedec9c2097d5151a737804f9027436644660261898fc6b65134a6cc649f261b044d72a53cea0e40fe2946887a06fce0610ad9c64d5aea126bd2c58f4000ca37efe38fe70e4ddc511e3e136c2197e8a53887a029c8cb
end
case unitrie-3
step 1 721f539b877ed508bce74836994588a77ffc5ac7b06c9a9ea53597a9ba3e3af5
step 2 174cb7b29fe32601457b6eb9fd3c825933a3f4c8dbb67d4be10a92d5942f14dc
step 3 b4325d1c76f715dd9ee37767139197aafffa87d41436d62339f5dc273f283c19
root b4325d1c76f715dd9ee37767139197aafffa87d41436d62339f5dc273f283c19
msg 707800e809c91facddf198660e519b9f26724ecfabaa7a120008abe06a927bcd7a2b94b4e0d43e1c5bb3bfcb414ae00b2a47f150969e758525ecd04fdfef2943bb000028
get 0032f29aea6789c71bc2e38f47907b2b98a1b74bffdbf3a235bbcab123fdd900 null
get 00e809c91facddf198660e519b9f26724ecfabaa7a120008abe06a927bcd7a 681c459e765c6a415c2a50e7ebfdc4bdaee0f944e5af8fe2981164310743cbaed19fb905f50d013a
end
case unitrie-4
step 1 b2e06cbeed3e09426dacc752c135d976a741e20b1e8b7a319bd9b95e1a1d445d
step 2 56e81f171bcc55a6ff8345e692c0f86e5b48e01b996cadc001622fb5e363b421
step 3 73c4b374fcc9327d7644fe699cb722d30f4c93b218da575abf12dd6707e7dc1a
step 4 e21c618f670a2bb3289563abc019108bfe0b36ac34dc7ab7f0210cd5ddd45790
step 5 f2dc9c21282ad09fdf5c5b6f3c9d7a77ddd1bbe0151ac604c74b6cb95a8a69cf
step 6 e21c618f670a2bb3289563abc019108bfe0b36ac34dc7ab7f0210cd5ddd45790
step 7 1f69aad67f36a3128f50ecfd3adab55c765f3030591f10c3f49a02f699cfa141
step 8 1479288d06286c77323625b9b06bc7bfca67c61025b18c15e7c6688ef37640f0
step 9 1f69aad67f36a3128f50ecfd3adab55c765f3030591f10c3f49a02f699cfa141
step 10 76c4c6a52e17606610f29bc557a778b21c909d5dc5350176c498f3f39c3d8ee6
step 11 1f69aad67f36a3128f50ecfd3adab55c765f3030591f10c3f49a02f699cfa141
step 12 47f8c9c9f91c46a4f6229ccc161a1bc1805070d9a8d85a58fc364096d1da8d01
step 13 00a30d337ab65b8538742d75a6bd3250d0c4a35876060e8e5cb91bf27e192494
step 14 d732fb7fb8be2f310ff0e93f5969da73b5504545a158ff892c34d7e6b4d9ec98
step 15 d4951992ff32703865cf06ddf537d6c225217a0c5fc4b53c07b215f50649c01a
step 16 13d6cf5cbf6813862970ba370c82d13224e1f2fb386b751de8fdd4456fe5177e
step 17 13d6cf5cbf6813862970ba370c82d13224e1f2fb386b751de8fdd4456fe5177e
step 18 81d517d722aefd8cce9efaeef3f4461c99e8cf0780071a88515d030b09eafc9c
step 19 46a3979639af1817d44d77a655d3f95eb7207c85125fc5a65265417775a63d5a
step 20 8bb33b22f0276c9c62983061e1d2f780df9d64c5664802d3dd88355f8c7fe4d4
step 21 0472a897857e89e84971d3b216bfde8528ce6577a6c291a15b6749bed52ad7fb
step 22 2470c55337e2c1d3c95ea41ae7ba10764d6c88c175accf6b6d621683ade0a0b8
step 23 2be7a5de59917818ee0415aae5172cda8a580550483d62950b6a7df11fb3d61b
step 24 e9673e512943f514ed1f75e8c49581bcecfb8d99d072e711feee5099cd06a363
root e9673e512943f514ed1f75e8c49581bcecfb8d99d072e711feee5099cd06a363
msg 5c07004594360eb2933a2667fd84c961e5a4b7806b86a7550893b22f5791b2c1b7e8eee5d4fea0632d8e25b57e46828c15310b149d57ef3f3e1d9eb35479831c0ec729fd8204
get 003936562e48ef82dd74fb76128c7aa1acaea2f3b7514a41844607227eb71b80 null
get 003116d56d3cb9b1bd0f82a307ef7c3e7c6bef6bc46534c5b9419f4591354800 5c905a33a4269324da0e11cc7bce90982d5795b9a2c8fe74a7d34618372a8c7699d35f4304578fab774f86a6289131e1743640aba1865cfc16733eec2dad8064
get 003936562e48ef82dd74fb76128c7aa1acaea2f3b7514a41844607227eb71b000041c047c78786c908079c null
get 003116d56d3cb9b1bd0f82a307ef7c3e7c6bef6bc46534c5b9419f4591354880 0bd4a7770cb2c8ba739a40ed952e3f47f7d47640b5cde670f696c89a87d91d0af6
get 00f29801ff3b020b3750810feef89aa2ebd75c682eda590b6fad5a698b043100 8b1af37ef87a8f6224dcbe0d048f46648835d4b8822835e81803561ae5819b67
get 003936562e48ef82dd74fb76128c7aa1acaea2f3b7514a41844607227eb71b null
get 00f29801ff3b020b3750810feef89aa2ebd75c682eda590b6fad5a698b043100d573b0048a719d06393d6f 39cb1542b4141a7d4df0ab036fd8f1ecd0d88e45869a22e7c663969c9a1f2c0ed319d4baf58f5cfb
get 0034be45af57a86e01e043e43e87ccc41793a0c79a466ff93b53e81a5f156280 f60d
get 003116d56d3cb9b1bd0f82a307ef7c3e7c6bef6bc46534c5b9419f45913548 5513f9e1557309a8d85e0e86
get 00f29801ff3b020b3750810feef89aa2ebd75c682eda590b6fad5a698b0431 4c5573
get 003936562e48ef82dd74fb76128c7aa1acaea2f3b7514a41844607227eb71b00 b74c21c7a70e78cb84aee24bfe76a13afdb6e335256c04ccd9b322f150e4afa945cddb99d9ba667c6b35ff0d026f0d0aa8abae79ce8c91a8ef47be39a0d597f129847fccccce330b7fb6648fd1fea5e37c39c058c39948d9894592f46b385503996e75a5519265a73603a5ceae32fef817d9a5831f3732278614e929655824ae381c0c980bbfc989492bfa9de20bac56b2a2d7078273b539a12c3a0df0df2592466b662bdd21653ccca993a800d9f91bee0d27e954472f7b839796a830f40ee0b47a3710f6061ad50cbcc9f0f51306135ad4d5f6a33df236d354dfa4de9308d33264766230089ccc1031cd8be47d0116a2947d73e9f77357acd463c7eef1333fbd
get 00f29801ff3b020b3750810feef89aa2ebd75c682eda590b6fad5a698b043100af6d33582c9c5986b8490e48 bade295f48867af0d7a6b10df705bd685c15eecadefa8f76ff32661be2b3822b
get 0034be45af57a86e01e043e43e87ccc41793a0c79a466ff93b53e81a5f156200 89ae
end
case unitrie-5
step 1 7bdda3e7f0cb05f36e05999891be6d25a480b6a6f2bdcff63e9385fbfec49879
step 2 56e81f171bcc55a6ff8345e692c0f86e5b48e01b996cadc001622fb5e363b421
step 3 4070c8835479568466a394c6464f2acddad7491bd79539c726270cb8abf54d88
step 4 8cc2e77b93aa56cbf383ab87b6c9fa5663d6c8fe52e2754dd12887251b981ebc
step 5 09049f3c3624632fb3b5d07401c9b99254ccfe4f93f64b870c77ab5128c02f6c
step 6 ba27c6587ef77149cb082d1529c6e860226083dfe0e999bf34edfa6663ef8eb4
step 7 b43baf1f7e42d5e769873e21cecb093c3b2403e48dad378ebfcb3c99ac4609cd
step 8 c3e41dcad743a465ed2cce35ca85961cc8f058dd93438d9be595b60dd854198f
step 9 7509a41eb9bfed7b37b92f7034019bf901faddffea9d01b2951032802310f652
step 10 b256e9a6c129349cd6c0c689d72d87bd757b5a868713d67dfc6e9850fa2ef801
step 11 00e7d2b3ce969f45f48681956d71500ebc554dbc49ea679b5937d121cc187c88
step 12 e6aa49b07d52682bd83e6745b1d7ba636f49f5e68dc526398b8bbb625531cf81
step 13 e6aa49b07d52682bd83e6745b1d7ba636f49f5e68dc526398b8bbb625531cf81
step 14 f44a91212265f3e2b4e8e2216eb9d69644d2cd431a094281d5b775a6514bced6
step 15 263214270f77724cff39a529496b5d1a4c99a837eba3b447a7a7b5bc4e39001a
step 16 3519ee9b06de05e1b9192fdbacd397f73a06041f8ff4266fafdcb7b0e257d874
step 17 068b79f5c19fbb39e49d090e27cf370dd57eaafcefc36a24c0be9f2da669705e
step 18 0aee0875ed5fc7093351d7029eae19bc96ab653d0ac7dc346df9b48bd0d42d14
step 19 6e050e8c28d05b9f7efd1244b3bb070f2187c1622dc265c9b8c7d2a678ccfe91
step 20 6b3e5137e772307418d8fe9ef95183ba473542f80df35b6b15faf0b336160444
step 21 21492e41a4b3422dc102f88f7047ba38f643ce05cf355eda0b0760c7016bd6bb
step 22 dea984b70ebcb349acd117e4125f9c54975e6d4259f99e45171fd34b2b4a29ae
step 23 360d8114371f5efaf35d3a1d8cbe861b67e50d4b7a1895d8a9ecdd7b809f2b8b
step 24 c3d818c9a8426e45e70457cceaf9595db07d59480ca5178e689dc3bb69efee4e
step 25 965429e3dd6a3fc3e80352b408bd4d5af04ddddc4b48cea721120d498b4cb33c
step 26 6dc41963d3c6608c85419d8db1cee04f4c0d623f4ffd25b5775588a8cae64007
step 27 9e3247845f096f3ebf5b2c4bf2b697403377a6ae5708b50f46fbb925b4d67322
step 28 ae10b3aef29baded1b0c0ff75eaae248c237562ffc754330443c84bf0b650050
step 29 45a0e0f1722f18562c459d10f4f72c246191041ee082fcd289b7610cdb1576b6
step 30 37f052eed52e239a215ea01470e29fe1c65441e8dbc4854ab6cb2da659b94cf4
root 37f052eed52e239a215ea01470e29fe1c65441e8dbc4854ab6cb2da659b94cf4
msg 5c070035c9cbbe68b60622811df5ae12594021632a1aaabe7ad526742b3aabd12f0ec31b8893694a7e4a5533ec5bb7fff63370d5f09a68eadf365a2f507fc33ca244effd7102
get 009c7cb5fdf3d7e245cfee14f9de8d44a8f51744171104c89dcce58f25bb16 c86bcd2e64d4e1098011fabc3a3988b8a218579e
get 00682d248b783c1d30bed9594cb9b43d3b82230f53d78c0b05faed36b8c5a300b5879f90d6081054b5d2ca null
get 00047e8ec45fea42b24b0f1d625aaf12e8793880c73634ac5f72fd274e49cb a596392e634a6f88c6f53f773771e8895b5661ec2bfb70c03b0ee9c9283e1b7c56ddeed31b654d7deb5e69097dcf4ba0dee0d014c2fd37b14b72fde92a78d3a8d53f5dbc2edbd2e6f0c81746198733fbc902cbedd3ded8d2de80e4973ce2229478b8182c
get 0087038ad4115450909d234cad970eba77d375d5ed271c6a3f8899ab0ce79e null
get 00047e8ec45fea42b24b0f1d625aaf12e8793880c73634ac5f72fd274e49cb00b8cc26d8ba95d569bad8694538a2ffe03cd9b2421ab796633b04f28a9c4ac201b4be00f85e7640ceb933 null
get 009c7cb5fdf3d7e245cfee14f9de8d44a8f51744171104c89dcce58f25bb1600 null
get 00682d248b783c1d30bed9594cb9b43d3b82230f53d78c0b05faed36b8c5a3 a6083f251a613adca2bc61a4c322ebbf52772ff7d55f5d0b9e31b14dc8f7bc40d3b9
get 00d4610b9591ff6b41181bb301d084da5aeee232ec2708933886034ffef37b 1ed3b3e27c8eeebd06254f58ea06bdbc49e44125479e5a29962ec2228add5f
get 00047e8ec45fea42b24b0f1d625aaf12e8793880c73634ac5f72fd274e49cb003f394a5353abc2e5376a3e null
get 00047e8ec45fea42b24b0f1d625aaf12e8793880c73634ac5f72fd274e49cb80 null
get 00682d248b783c1d30bed9594cb9b43d3b82230f53d78c0b05faed36b8c5a30086f7a39233521d95418afaa6 48
get 00d4610b9591ff6b41181bb301d084da5aeee232ec2708933886034ffef37b000896e022386c15dbab390e b194d307f484b88fbe5467679cb585221fcd16c5
get 0087038ad4115450909d234cad970eba77d375d5ed271c6a3f8899ab0ce79e80 null
end
case unitrie-6
step 1 34b0ec693cb2bcdc14dbe0445a7e79edf4be6834f112cb08ae143663aac9fb47
root 34b0ec693cb2bcdc14dbe0445a7e79edf4be6834f112cb08ae143663aac9fb47
msg 508000fa54236aed5836d2898938d647fae03940332ec70952caf40b242efed47500335d
get 00fa54236aed5836d2898938d647fae03940332ec70952caf40b242efed47500 335d
end
case unitrie-7
step 1 a85f77e8c4956a7972aa6a2c24677efd0c65d2dc152afdf35de3cf02b3c24ead
step 2 56e81f171bcc55a6ff8345e692c0f86e5b48e01b996cadc001622fb5e363b421
step 3 e8ed64c4ed56dd6f60b15a8e7ca1585359978e60e962383b6c18143537e214e9
step 4 69bb7b929fdc89e3b645f1ea4bd4c14679397ffdcadd0355501e46313ffaf080
step 5 d64b88cf08216fa46cb1bc1701b8a071eb850fe9b2a8028a6558133b8a958372
step 6 30594f0ad4bb8da4a2d6f51d28057c702868161cdeaeeda6aee7f8aa96bb10c8
step 7 bd501f183c46a2730276f942be12485965a5c5e2ffc60be1d7e6fc1c00f3835d
step 8 35ffa063cc09cc6a21c31c2fc6bd1119280ba1d2f996becdc096cf548cb0aa45
step 9 cfafe0d2a220c6d80b69f395199d892bb9d6510e422f95bbe8d7fe2f21c14ce4
step 10 8ae5969f9df4a2ed7f8ded907f1f1efac8d14c96859eb573e6908fcbe9ba279a
step 11 f0737bb09cea79e4e1e3b5d35f7c11bacdd61dd4da5e1fd464093b323a6a0411
step 12 a822ecae4b2d4374cad82e1aa833f853e99d1e2e7406f7d894c71a4ff4936db0
root a822ecae4b2d4374cad82e1aa833f853e99d1e2e7406f7d894c71a4ff4936db0
msg 5e08000024507652439c4cc7a1e7cab89b680399a392258f0a6e959b27255ffbf4890e8a9e00de736d9ec457a752389d7d1232f7931975c79ae678ed685e69639b9dc350adade8028dfd8f01
get 004add094c6893ed71e978ba121ec4130370cf86240f7b99e260f95eec9ac80057b43e281c59ed91306e50c6 null
get 00561dae28c7dde55f2477757da3da02f8aaa84a59b09e351ff373eadfbad780 null
get 00561dae28c7dde55f2477757da3da02f8aaa84a59b09e351ff373eadfbad700 8306
get 001490e71331e879f2ae26da00e668e48963c29ba566c9c957fefd2243a2a70026761d8b92ef22bb7eea0c null
get 004add094c6893ed71e978ba121ec4130370cf86240f7b99e260f95eec9ac880 null
get 001490e71331e879f2ae26da00e668e48963c29ba566c9c957fefd2243a2a780 de736d
get 004add094c6893ed71e978ba121ec4130370cf86240f7b99e260f95eec9ac80076f956476fd85fa5af07b804170b0967eea45bfbd7588a895a77fab34e4d3e90d3c2f9c3da8e976faa15 8c47e03be6f342606fea41b90604a9bc7add1115a7f8ebad8911f4df053ace0e695e0510df95c1c0
get 004add094c6893ed71e978ba121ec4130370cf86240f7b99e260f95eec9ac800 f107a84cb9311e93deb255b5c15075e73603dbb91e5d72b3d71e42107b53473d4ffe
end
case unitrie-8
step 1 80927bf5ba2035c0bcfad46973ae5942ea3f9a6bddfaa88499d967a6a7a80ea0
step 2 08d671e0d99fb0c6f32c390d7ed2a963d4c8206a93c270df57eb30da72ab5179
step 3 bb9d0d898c588bc3ea89e708b770bf4cdb12f38670003a339c2ec2a32e83ce43
root bb9d0d898c588bc3ea89e708b770bf4cdb12f38670003a339c2ec2a32e83ce43
msg 5c07005280543f0d50f751bfc133c9b85bb8c7c9b93c22f7b6ca56c8063d450f353337636a4f15a58b7821589b91799c133391627d76d950c587cdb562eefe9385f640fd5a02
get 0056069f2be831591543c064238ad0491eda119121d16a71fc7b2a8019e813008cf6d79130d6dc4ce8663c 0468d9ca4f1704184d70e32e22d18d27e3b57ee8d70313bcac486e31de305ecf6d798b44c637ffeb75b0084b313303c974ec0fcca359a5e3f54a9bc1c17a01031933fbabbfcf3ae6122f469e3e0a5cb08140f44f54bd5d487bb2937821d3d7c3387c83d8e20b26c2e72eccef1e041e1d911782b928961fc6ea1d11d2e602bbe76268b1c4fbd5059fdca6a4fe1c79830b3728ed06cd752c90407d49d6ab5e1437ca3c29f548433a533be3f06e5dea18a776a60287e88456fd231f295d9b5bc319b034da714a2d8c5219737500ff53db1a2b7fcfa40cb4df38439c3165f90435e5077fc851015a71b51bfa8bfbb5f268601ccc86614f86d93734a6c5b191ed8afaa7
get 00cff953cbe04d6b2839729eb39dacc926131c6ad42ed08d1aad49836db6de009e07ae6d7890c9128962b8 2ce67f517283ae2cda0e11a50786b8b0e40b9e8713fbef9f3f326b394f98feec0bf322f77346eaae
get 00e0a7fbee37b53418bc2cee6c5ae855bc7a5b680f26074723505eaefb7d0c00ae0783fbaee6c46ffa0d4ce3f7aab6ee34995c0d2606cb9fc4cfee5b7acfc726e3f4be3443871c96e1e1 5b
end
case unitrie-9
step 1 958ff3810065063e9c5486296071d7d93354631c74c369215d917b5fe27d9f3c
step 2 0a68ae0b74d3dedda38d32470f310b4028741fb54e47a21608ccae77c10d50f8
step 3 3db495238eee34044a6004c1f71fa03aac2617e86792064a7893b43d86dd80aa
step 4 bedd692e6b132dd171ad4192fd6161ea4c379ce087bdfdaf743c0fbf1d5ee768
step 5 e5107380e5c493c157a37fb34b9cc3392bf224a4e9967d49e9e2260b4a3e9ba5
step 6 766e3a24503013597bcbbdb7fd0639159763d816d3254a9aac7d733e8eb998e2
step 7 707b80178ab3f4f5a92522d7144c989b4334e075f6318a93e6324ab88d5e048f
step 8 dca00df9726a0ac727f240e0e44018342af4b00d3527b185b04bcab8722663f1
root dca00df9726a0ac727f240e0e44018342af4b00d3527b185b04bcab8722663f1
msg 5d7800555549eae9fccb42c4ba073d47a6dc3e208fdbae1ea764b6513a5255151e418fa8ef6f3aa7b87464054ff8511e3ac35cf68e09b091224c69b795e02fd79526700600c4a7f6ab58325733c9a1a024905f007c2040ee26b1935089768a76e3250feb47000022c6adcc07feca82bf2286a4a9bc935860db78f896a7f01912326e264e4e307511
get 00555549eae9fccb42c4ba073d47a6dc3e208fdbae1ea764b6513a5255151e006ed1fd11b1207ec5cb39f9ce 0f
get 00555549eae9fccb42c4ba073d47a6dc3e208fdbae1ea764b6513a5255151e005d484f1df5d275b05c7c6a 78c2
get 00555549eae9fccb42c4ba073d47a6dc3e208fdbae1ea764b6513a5255151e00 5df453a03b9be85f097b487a4d6cae1997bbc36e
get 00555549eae9fccb42c4ba073d47a6dc3e208fdbae1ea764b6513a5255151e adcc07feca82bf2286a4a9bc935860db78f896a7f01912326e264e4e307511
get 00555549eae9fccb42c4ba073d47a6dc3e208fdbae1ea764b6513a5255151e80 5287ab24afaf12a7620c0cc99969cdba4f3a1b4290add1006f4fe3e97d5c73bba97e
end
case unitrie-10
step 1 c43da31de60b2909dcc2c913dea770798a66c238dc84b10e008cb522572276b8
step 2 eab9d9f9c8cee1457a1676fad6551b2d95bac0d0a368a470353c8459151f2e45
step 3 6b46d6fa553aab62035d561a44c83303b3977eeefe8266c3fcd927a57ff59cd8
step 4 6b46d6fa553aab62035d561a44c83303b3977eeefe8266c3fcd927a57ff59cd8
step 5 c651b53b14f931188050c0fea4abc61ecab040ccb2740f1ebb9174fb65ccc29e
step 6 6d22fc57003cdf782cf23126b7354d5f234631b75af31117034d2cbbc9ac8fad
step 7 6c890512eeea3bf764ab6a2988458629c9d361e42c2902023181ba629aae773b
step 8 bc9628882cce79f75466215fa1ca840209f0a1904da28f756b36d8b2a7ca5f29
step 9 d81a0e032336d4c5376b1af41e310305934cca1ecb3b28cd29eb930599b41fb6
step 10 56de5b1edd10c8d9a3cd372889f452ebbef34e9612166d297fa0a7c58f4786bf
step 11 c71d9dd29a2e1b08a16e106b6a0791bd55c7925e33dab7092e6084e3af3fa69b
step 12 1ee83f39b6328c5c3c2babcde0ac7b7a495f9847239dac86dcc4b11a0fed6895
step 13 60848a32a131632328a801f0340acce614a744419a12f0cec846aba58e1a6b60
root 60848a32a131632328a801f0340acce614a744419a12f0cec846aba58e1a6b60
msg 5c8100fa4078b523df3cdb8ccf92b77523b2e3cb16a0fe97afe3dd6fc366f4751b0080f5acc4e09148cd9d42a233ed6e2dca08153defcbcbfa913f5340f6c650e569144e6bf6fef98b832fc1868a6573e6676331085145af9df4646010bb13f3a3da8a5f
get 00fa4078b523df3cdb8ccf92b77523b2e3cb16a0fe97afe3dd6fc366f4751b null
get 00fa4078b523df3cdb8ccf92b77523b2e3cb16a0fe97afe3dd6fc366f4751b00c00427fc785c120c24617f7f76b256b81d3dbf23b4157fa454c8d0bca625fcf0ea98d6dd800b76d12830 c000fe4d92
get 00fa4078b523df3cdb8ccf92b77523b2e3cb16a0fe97afe3dd6fc366f4751b00 null
get 00fa4078b523df3cdb8ccf92b77523b2e3cb16a0fe97afe3dd6fc366f4751b00668ad65a95c621f2859acd51 null
get 00fa4078b523df3cdb8ccf92b77523b2e3cb16a0fe97afe3dd6fc366f4751b00bea5bd5cd0b3b773325182 58f9760c4b6daad9da906683a19bb46fdffb656cb3f0c74ee42e88844d0a984b
end
case unitrie-11
step 1 34393c8aa6d90798118ba71114f0f8cd200dcedafd0539238d93979b975f5087
step 2 fb07e052328f00f33472b681a40bd6b56f0829ada700d4dfa14382cfaec0a504
step 3 4462630da26dc70f6abc4712acdfc62f4f8e6feee1f181b19dc7b5d4fee60994
root 4462630da26dc70f6abc4712acdfc62f4f8e6feee1f181b19dc7b5d4fee60994
msg 5c8000bec91fc00b175bba647f8ec60a6b6c0577ab71be9f60e8ed2e59c22699c200542d96c7c8e5c02995020be3308a6f6d1c75b1be13d7717ed03539144227a735bcb9dbccd22727b90c8273e4b93c2664d8e25e882f8a90b0701bf7fc4b1b27bdfd8701
get 00bec91fc00b175bba647f8ec60a6b6c0577ab71be9f60e8ed2e59c22699c200ff278dd168a67ce88768ec7c 22170788499b455d42909d8971a931b1b94db7e0a64accbddc8e3cf88eda264fd740
get 00bec91fc00b175bba647f8ec60a6b6c0577ab71be9f60e8ed2e59c22699c2002301b106175e10362ae9912b 803cdbadc9bb89481b0f15dcbfdc61391dfff5968cfc1b592fe331b45f95e174307f300fa8251b219a34de024708b4f1024a10c351d8e6abb4acb134baff96e299c55728084486a25e6a54a4159dad743f6051d495372bdd92f7c48662f2082a5e49175b07b1f9993fb1995d1f500cc1d42da9b45d9cf8929993d4e5e46ea0ccaa8f9548ba4bde6e22abdacb5739d0b2b6d90c5d74eed6a102b6755377e8465de939f3390faf05141cefa389e4fb9b3dac0295fdcb23a7a72eb89739c4aeae7c1091a1e76a42a4d8af957c0299b87f3ee71f3c2d9d5a46656cb1b207f209c5f821aa30eda9725a2d4076836b6594b7722f4c984ea83dd71408841294cb3866e9eb
end
case unitrie-12
step 1 1c1825d35e8de4b481b1001ce47f682db4d006579b432438afc7fb04e00c5717
step 2 56e81f171bcc55a6ff8345e692c0f86e5b48e01b996cadc001622fb5e363b421
step 3 5c540705d714eccda6bb6ff62174e20daae027e79e5f6e8d28eafe9933fedec9
step 4 6443a8c124b0b881e0bd4c75e5838dd52ccc9d4636d2544252952ebe429a7eba
step 5 5c540705d714eccda6bb6ff62174e20daae027e79e5f6e8d28eafe9933fedec9
step 6 def9165420cb2a1c766c71887b67ba866dd79efcb3f040430052d7ad198b72b8
step 7 c72f58fd671ec83735a529171acd841bdf82d18d767112bacf2fbfe95c77c0de
step 8 2939cd6223b880f74e29e64595b000f848025d5222e296bf42c663f75a7971bd
step 9 9b7973e4099dca922e22208bd698db4de5564c5032ee2e8a937e22a189d7c725
step 10 088a3d9283c1582440cbcde2f293ee597d2a202e1ed06ec976719334cdcaadcd
step 11 2e10df7d0cd9a12afdde230e85011c7142ec91072794c0113bfde27b20ed9a04
step 12 cb4a7c4069947021bc843472007030687cc823edceb496d63905df68cc78ce26
step 13 a7dfc3633a0fe5cd8bcc86872eed0686eda1fb04f2e394d18153ab22d6c0f049
step 14 0f4f2b2c847db4109a8d71c7d49b8ffef8df99ebf0c232b134a08c95ef76d715
step 15 59513b084f83033e0e649490edb310511ba2a13e98b552d7f73b60efc3037154
step 16 0e58f9fdb981af1c1585cfcada01f4586e06434d68364778eecadf9950213bac
step 17 133793dacf9d4384be7424b23fd56e01bf8b8315c1afb64bb1386c2a4172e87d
step 18 0e58f9fdb981af1c1585cfcada01f4586e06434d68364778eecadf9950213bac
step 19 12fc92730a6bb2ce2d0a9d1fbee106f70aeb6cbc52251789ee7a12f2c1b22626
step 20 2c5bcc50bda78010ec761fc6dd18ee0ea99c6f7860ac9e4ec088b74e98de5c44
step 21 976bfe3285a3332dd78a9891907297f1c87b31cf4b051a917bbf1ff0bbb62bc5
step 22 f6973d0e818b5f491b181ace1b9a324c6334650008ac96a2f25932aee613ba1e
step 23 d0b8903bd49ca45eeedc3e3ffee442ffdfd6098371b56c0525aae117173384b5
step 24 613755458f0b42a86d6dd0a0055125d0137ca8fe70e11c3f8eea59bb74aa8946
root 613755458f0b42a86d6dd0a0055125d0137ca8fe70e11c3f8eea59bb74aa8946
msg 5d780046080cc22a9a3bbdabd4cf1022947de4ba7cacde4ebb1e237259fd905c4e2cc1e0cfa67e23ac5998e0d0bfb58a723b80ab5798e12899910e24e8d894140b26700600dcbb5ec5c6e40d32396c00ea60c55a541c8a764ffc106b1652f387bdd0e97ac2000021fd8b01
get 0046080cc22a9a3bbdabd4cf1022947de4ba7cacde4ebb1e237259fd905c4e null
get 0046080cc22a9a3bbdabd4cf1022947de4ba7cacde4ebb1e237259fd905c4e002855c6a534017f397773ba1be9b8312e84e499ddf2e5e29ca73a104af95f661ea33c09266bcaade1f23c 2baa49ae9b4144eb5c448c914e81cdd23d10f069e35006e720cb1233a661dea409397e14e57355150b5fa9894dfd3886bd9a9c0af1c19ceacefad0e295e04b75408f5b22f44121e82078e48da5a1f1fcd6e85c22ce07557df576417a5df769e3f9665eb9
get 0046080cc22a9a3bbdabd4cf1022947de4ba7cacde4ebb1e237259fd905c4e80 13b83158f4e8bca4a3d58d52e8d41ea7ba6979481ba527122c1df3c212fff739b1
get 0046080cc22a9a3bbdabd4cf1022947de4ba7cacde4ebb1e237259fd905c4e00 null
get 0046080cc22a9a3bbdabd4cf1022947de4ba7cacde4ebb1e237259fd905c4e009e947c1dcd5b8db67fb1b2 null
get 0046080cc22a9a3bbdabd4cf1022947de4ba7cacde4ebb1e237259fd905c4e00676d748f40c082e342fc923577eae5018869af96b82c6f20883d00d9aed67407b55fa444eb07c65ffa5c 40a53b1be0caa782e9f3c26d0733c5e4898cc7a8bae229b9183c30878aebf6
end
case unitrie-13
step 1 c7b58cb032b32cd312957b8778692084766f504f7f71dc33e9ca2e3ae264d267
step 2 56e81f171bcc55a6ff8345e692c0f86e5b48e01b996cadc001622fb5e363b421
step 3 54fe10c0b0c04e7a702ed1883e2d3b31256127068e77695469a030989b1dea9d
step 4 381cd2d994d4997aff29d637ec89dec1d57259b7fee5c692153222a0eec7b5e6
step 5 f28c46e89208dd680e4d61bc22c099ad19427858f65d78f89fbe33adce9bafce
step 6 9c75e091711ab3d0f65ad4e1fcd61c3d41b291cbe03b6ef27baf0ee0ce8f5c92
step 7 ee252fc4e763956f2048e99866602dd59e8bb02e4c6f1bec223af2a5b0e163db
step 8 a34c0e1e2a75aa88ede61c04fcbe698095850e374c4e1c8807e35b15e412ca5a
step 9 e019564b4e223d2bd670603938bf306b7cfd711560b956f45405fabc9f9c3c20
step 10 ffb08ff0b3bd0eabfb883f88c5c1ba56705880b832a01dcd20ec0337a25ebecc
step 11 b379975d452290d819102de18d6faabe277f44574ddeb914f48373ca067699fe
step 12 d28e6fd5cf0d0a38afadd858a0fd517178747a8ebc3fa53d9226f7e2113f0a3c
step 13 5c49f3d5f9a9b353db36e8758279c3452d948272fa4d02d2b355f94217b2b62f
step 14 64cdb7d46ee593eb5e912db4b7ab6371f2d75435ccba1318c50abdb0a952e09d
step 15 c6920c43c9508f27535aabd241497f01d1ae10be58d44c847204190c152e2796
step 16 7917dbfaef45ca460e2b60293aa7549cd1b7b92d656cb2ee23a1130680d84f9d
step 17 f8c9841ec9898363f7a88055f93c593879301b68e7be42548e0909f18ab35265
step 18 de0cc3fd2cf0f57bddb893aef01f59ed48a32466a4574e9263bf42da691212c7
step 19 0b08ef10f7f7a66abd766a6b554b8fff5fd6645138e7440e29e6c07689256e1b
step 20 f51fea6d73a4b7b22362d2c54f1c608f3551174a9d050ca34a51b5cb725a4ee3
step 21 2c341e2eb1efc172363b7a71043339cc78eb39ade7a3a62583bbf47120822b5a
step 22 b8cc1ab4acfe5c215e6bea92c80618ae9a9f2b49e391d2bdbeb0dc3ff9984c8f
step 23 b05d0ce38c191aedc78b211ce377026a8ac84e00b9fda3a9d6710c68dc76d8f0
step 24 25cd14716519e5e1df31101b2ee020e13913464b3cc2fca2deaed9674f5b0dcd
step 25 67d44faa791a1fe8f9ee6b14a38f66045c4e2faf7f4c91e11e32c1161c977897
step 26 f1f486ceea351fc51de5da7f9fb8506aafb52201b37f7cfec5fec6d6faa5856e
root f1f486ceea351fc51de5da7f9fb8506aafb52201b37f7cfec5fec6d6faa5856e
msg 5c070017bf4ddf1afc9d83762f20a219d817e7d373c897f5e2a3c926b4b0ccc9e8f36097318eee6c366dd4e633a2fd5ef8a1eb8bfc16ba9ca693e00a8eb7a86d129c86fda604
get 00814fc88ceda8c31f2c1a36027fd517f3ab7978ce58fe9fa627dc861eeb150012c60fc1f1a30f0bbfcff10746b193b32b13bdfdcbe19e6db0dad9e757ec465b37115fe123a84ee0efb1 45a3bb880be43df5f6dfe997fbcca5cc280eaf9c23b00e9dd1fef380d4b84c
get 00814fc88ceda8c31f2c1a36027fd517f3ab7978ce58fe9fa627dc861eeb15 null
get 0078648ad21db2047aba242a4e37bf5ece09fea8c017d0afad71c3f2c3146000b9d1128ef945d02fb3b1e086 null
get 00c1d4024ddc5ce315c708630fd7246baf35e94d8ef297044bebe51e79081e null
get 007ff41e4ba9aa507b897cc95b067ec6df2f163172479603d6dc26d20943f500 null
get 0078648ad21db2047aba242a4e37bf5ece09fea8c017d0afad71c3f2c31460000b12575ad845b95c3ad76b4c d0c44eef6498470e6dc7fd0609289977ac3aa28cef1421b13c7b9b1e0df615
get 008e589f843c57e23784252a8554b8c54413b19329ffa7ec3e408355f40e0000 null
get 007ff41e4ba9aa507b897cc95b067ec6df2f163172479603d6dc26d20943f500c9584b8a3dc0af160db252d0bad9368eccae7dbf8b266194f2aa6e8e7e5017b3218c3c5ecb2f3fccfd89 655599bd50a7eaefb5d7bbc20a5bc7c90c17d4bb1bf2451d8a3d86f5d19f73245383
get 00c1d4024ddc5ce315c708630fd7246baf35e94d8ef297044bebe51e79081e00 70
get 0078648ad21db2047aba242a4e37bf5ece09fea8c017d0afad71c3f2c31460 null
get 0078648ad21db2047aba242a4e37bf5ece09fea8c017d0afad71c3f2c3146080 82dd3164e1dff138e80dbcb8e0007159729525da21c9c5ac7ae3005f65d0f7e01f8d884db9a1d6eb6e8b036871531455d3dc6143d8d583a0c4ae33996e299a4ae684b347ba843ed7d1fc7f22a4690cfbe607b4e379349604554cfbecebe77ad7b6f87e992a442dc74f59ca47b079ab5d9b7ae10f69127450e58d16d788f77c80644e514bff2053c12db9fe800d148d57addc6f7746f669efc3f0acee31451b32505717c2622cb83eae18e022888cb7f13cc78f0074301095a9df526374e6e973fd8bbcb3051fde886a244ac22206bd29811dedf0fe36efee62a7f86fcf5e4b2aaa0065efc9e264f0830a2df86ddb70ae9843a6927362601afeb0f532fb36862ea0
get 00814fc88ceda8c31f2c1a36027fd517f3ab7978ce58fe9fa627dc861eeb1580 c531f17456e496914bd6b895
get 00814fc88ceda8c31f2c1a36027fd517f3ab7978ce58fe9fa627dc861eeb1500 48f3f9d29916423aabab50a9e577bb16234bd6bc54c5f9242d138e2eef03fc
get 0078648ad21db2047aba242a4e37bf5ece09fea8c017d0afad71c3f2c314600037d0324ba7a48821c9e86936 a3d10d5bba98ab9194a3159dbdaeda8757a9827a46654d524a9249a6431845b54ba827abaca1a59cfae3f8d5ac543c2c765c2f143bc197dd3dea9bda9176c690
end
case unitrie-14
step 1 5022562cb754118d6984b201ae7ba77f1d3e71a401eef5800e9c9f457804484d
step 2 edd155764a7828ddd4160a8c123da944d24f23f7d3f84da1484cc0d3f812a0df
step 3 e5dbcc3040c216221a2e285db6f2e04a32793c8e232d721b06356c9c312b08e2
step 4 5409423bc07f62b987cad6d3bedaf3f75509437cffc65b03eb82a0f6b629c74a
step 5 acd27cb6dd9ac9d5c7952f5a424d53d87bb973ea73b7438e240fcd56dd19e1e4
step 6 de876466f1e9b2563fad0b188ce8c5f3a2e8760b34e711c4e19986a4d6ba4369
step 7 c666241410c78325dd313e562567db931edd3ad4293d35594ff55367aae66971
step 8 c32ca65c7d827fabf72704db3127cffe91d98e48c1e7a452cbe096c096e551f6
step 9 546e0b5f994c4e23b098581314d71b1c00f003feb33480c221cc872227bf6e0f
step 10 74cbd8500de845a02eb296501018ac98dfdf0bb7fa4bb31f22bd9051eb28f320
step 11 c6a4f309fc58d554cd76eda62cdd1baf60a8588ef073d90cbf157b55ef242f6f
step 12 f32db95d3f717f91f60845c0ccafeb5ffd0ec56df230c78d79815ec8df6688f9
step 13 c6a4f309fc58d554cd76eda62cdd1baf60a8588ef073d90cbf157b55ef242f6f
step 14 2b8723d61db2d896dedf586952666933ede1d2643d8b884ed646ff1003d58b76
step 15 993d9fbb23bc5bb71a392ab3be3025180e7867dc5fba934f607f4c8e86bcf674
step 16 4f5fcbc3363b1997b1eed7b981ab622501a32511169748b7af05864f549828f9
step 17 ee9c2b5b1515a5eef60fd037a6c072c567c3dcb0d373199d0344490048e461fd
step 18 4275d5e33e707371eb6f2e4b987d5a43722a69a46812d4c32ff260899a43398b
step 19 d07f5e86215ad7369b6e2579dea8fe472e669297617268805bc1f19dcb3d823d
step 20 dbc84b13618eea940257118b11676c321c3bee378ea603155d55c80859429a01
step 21 913672d74d57af7ca0bbc348dea8a5e93e047cdbdc407b81db866d59bb9b3adb
step 22 e6dccd42dbe3f6babe33af3474a0cdc0485c32e2958b9a7bab0b252a50e05247
step 23 e54cf21202f6b27085291acaec91b1a7b88562a18912d86414de36ddcfa8a03a
step 24 bb39cecd2700154c90cb5b3a3db1e8811a7853cbe569eab095899724d9ccd882
step 25 5288c0b10edb020440c606089c226ec1c8109e4f558db381036a50a21883ca8a
step 26 114f41c66b8788cfc42f6aa44bf0ff78a4996d2423ef0a9e6fd8ca82068a1ba9
step 27 87bd11b1aa0d1bac998d46b926387fad1212d14e449c5e001b2101eff4ea7fa5
step 28 10567d0ee12aad5a9652f751060f1a5a32eaa6b729868467bacc1e82d65950c9
root 10567d0ee12aad5a9652f751060f1a5a32eaa6b729868467bacc1e82d65950c9
msg 7878000990e5736d5073d87421edef017b8f8396d2cf0477eac010955cfd75bdbe9b150b4bd3a4a15b03daad790fe93a51f1d8a289c5de1f6c4fd69bfe008ee0d6fd8b01a09114da768d00546d826158b3d28f9d718399ddbe64f99c170ab52c5f141d8e000028
get 000990e5736d5073d87421edef017b8f8396d2cf0477eac010955cfd75bdbe007793701101dcc60997a808 057d8dc6f023df0263123706e1db72e1c43be615
get 000990e5736d5073d87421edef017b8f8396d2cf0477eac010955cfd75bdbe00 a9ae93f458
get 000990e5736d5073d87421edef017b8f8396d2cf0477eac010955cfd75bdbe80 null
get 000990e5736d5073d87421edef017b8f8396d2cf0477eac010955cfd75bdbe00ecc2def58e056f6f42af9cb5 ab3359088d89fee12aa472efaaa6bb7c626cb173
get 000990e5736d5073d87421edef017b8f8396d2cf0477eac010955cfd75bdbe0034aff51fff384a5c344024 54
get 000990e5736d5073d87421edef017b8f8396d2cf0477eac010955cfd75bdbe c0c078277984f8321bc50c106f473f1b3d58b846903dafebaabbac307d4c42987b1f0685af9e11b6
get 000990e5736d5073d87421edef017b8f8396d2cf0477eac010955cfd75bdbe00b75262220ecbb4969d0ccd 52306b7b3078d5051a9c08e5571863619a73f13e6dfe69d5957a29171ad3ee355c1866a873c4230a0e21f24da17b502b90c295cbfe745320ae9ff6cf01b3c3a7
end
case unitrie-15
step 1 d14d6d040e072aad196769064aaa34e6bac1925e9215f3417f118053d5beffb7
step 2 0d3e33cb4051e36bef350d0c3f2d9cdf10341d1b6d418bb3ed4365319158d770
step 3 d14d6d040e072aad196769064aaa34e6bac1925e9215f3417f118053d5beffb7
step 4 f322a253ec26e3810aaeb91caed07e6a4cbe5ecf90aaa42ad03f3e542aebdb39
step 5 cbc2f4a97b8a2c6764b43d3283a21b931d815ecbfc054c30f037eec9c4a8fa86
step 6 d1275db99b68883ba5b2796d75454e879dc0fc3f232045adc2fe643c0524a300
step 7 5187d87aff02d24cbfeef4d01cfa731851e6fe469ca94edc4fcd133ede6d1ea1
step 8 5187d87aff02d24cbfeef4d01cfa731851e6fe469ca94edc4fcd133ede6d1ea1
step 9 4e90bfa8cdf1d30837e74b22ac0bd34825eec9feaf78a24a6d63396be6238077
step 10 d5629c60e42bab152db5251a210deca7c2d02319a3965edea1207854ac1e7b60
step 11 d41ff151d1bd6ad983911aa1c5b341ed1ef962f2868f28ce45df9ba6e9150f1e
step 12 a3760673954b6ebece68fc35661ebb81dcf7cb9c792e1cf41eaf22f800de0eec
step 13 31a8b608eb4f14283be2ace1a5a5bd7aaff34073c26ae5b33f4b3af55db9a2d1
step 14 3acc25e196757dd997005515dfb3cac87a475980d1bf61f8744fedc1842c851d
step 15 3780429cff2f795b455f8d712c3e7a455e880b02ce1d8f238b10f008f8004677
step 16 77fd532e34d9155637279ef9b2160257d64d5b0213e7e3ec8c863351a8738813
step 17 cdd4ae57044a956ba88b845aedd2931bb2d58208371b7cd72042bfa7d1bf2529
step 18 47a3bc318652f46378d646da41fd6b660871f2e39fc99fc3225200122433a1e0
step 19 fe7985277925bd4ea6297a71c3ec89e663df00017d1866474fd8048a6186c505
step 20 90ace09dcbad4c045d9a2417d372862da08c6183b65b1bee3a09b3bcd136caac
step 21 5fce3d992f68722a87b50f444da1b9bdd8f9449e6063a4d8bb2e569fd5165fb2
step 22 25784d8be1fab96e41492f3f46e7da4a2b3f312fac408575756039232100ee31
step 23 3712c20283f1f19773865ad32ccc4b3214438740cab610ef146ccb6e7438bd73
step 24 032e2ce43add1feb69a63d71ec38b413758321806aa35570ff6b8b3e0f3bd9fb
root 032e2ce43add1feb69a63d71ec38b413758321806aa35570ff6b8b3e0f3bd9fb
msg 5c0700c3b142c310204aef2b7c0b054a5a4852ff37c5131a016d12a23f12ad2312022d2f510ea28917f56e5cac32dfaf630ed33f047edc269358773398b97fa0e2b55efd1403
get 004bc9d66d1ddd8d550358c00bfc2c0b3511068618abb0e1094d76e7bd4af500b6af4f533033b5f8bba62f9256cc7d8bc14df1ba02ce93c11853a21053b9c44c3328e95476e866c7bf4c null
get 0022cf46df7681305168f2c3e24b5c30a93050680c2a9046e1560c4590d4c900a9853ab5df4300f515185565 07f1cc2b8f362b8edafe580359c056b44ae04a816627e6ad48bc773d34190d
get 00bd8182353bf7c0eaae06270e61f379ee3c07daeadcdbe50e549a3f5aa3c900 null
get 00c2eb6087e6df806ec3e812b4e237e8f1bbafb22a2701988939790cd57998 null
get 004bc9d66d1ddd8d550358c00bfc2c0b3511068618abb0e1094d76e7bd4af500ff0a19917b7501ceed9e6c09 0205c8035d4b85169785a0f579f0eea5e5ef3f34
get 004bc9d66d1ddd8d550358c00bfc2c0b3511068618abb0e1094d76e7bd4af580 null
get 0022cf46df7681305168f2c3e24b5c30a93050680c2a9046e1560c4590d4c90071b8cc687b986b0d8912df e0
get 00f1a1070f72135171df860033f7fb2c268fc21d3aedece2ed04f2536c2e3e00fc72f5c6d5e6b04be732d7 f15b45e159
get 00f1a1070f72135171df860033f7fb2c268fc21d3aedece2ed04f2536c2e3e00 240d850ca729adbe79d7fbbdb407df3051877946e8fc8886ef75f51331020dd4066a6a6322eb53d7ee3088701a74d5d84f55fa3b4367836ace978340c09b1a0a
get 0022cf46df7681305168f2c3e24b5c30a93050680c2a9046e1560c4590d4c9 4f51cdc3da419f2c0bdbc97b34e7810f217f80d4f5162823517448854dd77b3f8ff5
get 004bc9d66d1ddd8d550358c00bfc2c0b3511068618abb0e1094d76e7bd4af5 548e
get 004bc9d66d1ddd8d550358c00bfc2c0b3511068618abb0e1094d76e7bd4af500 null
get 00f1a1070f72135171df860033f7fb2c268fc21d3aedece2ed04f2536c2e3e0047171f4107774976c1630d c5fe7ed226
get 00f1a1070f72135171df860033f7fb2c268fc21d3aedece2ed04f2536c2e3e80 6b4cf6861863f74c4a6b6534fa471ac823b29443b7fc5e3600226782c0424566b3eeeaa8c10da563
end
case unitrie-16
step 1 340995459db8a223108822e939a9e95bc396fb087134a27e14f2351420a69bc2
root 340995459db8a223108822e939a9e95bc396fb087134a27e14f2351420a69bc2
msg 5080003f7fa2ca9000c8cee9350d77dd3a434792d4d571354f6b1928de3b696dc680c869594b37a1bef021a497b5
get 003f7fa2ca9000c8cee9350d77dd3a434792d4d571354f6b1928de3b696dc680 c869594b37a1bef021a497b5
end
case unitrie-17
step 1 6c2add9815ed598e60d9d0ceba0d5b544db702a1af21b1f86cb33c3febdf5f8c
step 2 a89868ecb46d78dab65f90f7aa50f72049592823e0a54b72d4c20f56b55bf0cb
step 3 762febd22f7e78100eb31ed41e1852742b0bc050150641397009e581dbf75098
step 4 0e30433f098c98b6b90adb06540e659c16e6ae8d49a346079df061b104d41605
step 5 d730f1041fcc9353abf35649a5367385e4bc4f8df003fd9cc8fe139da37a7d97
step 6 0a618d0a97826e5367dd4d70022f91116f81329bdfc2e8dd41e4302776907a61
step 7 cb8b84e4e4e269277ecc7dd87a78ec961646ed2fc70eceb9f3b57bb419b54368
step 8 61978dee7a470d69563db51f360003b5dfee5685a41ce54e70d129cd70a694c8
step 9 7acf27f7a35979cf8ccbde5a781d0f01929b2d232f024181c76d962443b17c19
step 10 be290eaf070dcd5a8d2ae1f8fea261b7f1472e6cc6efb9afda10a81bcf235666
step 11 de8f0e856ff61aff26b723a02d2afbc0319665d3da0f82ab1746b37e2e3d16cd
step 12 abfb4c94b2d9208924ab1b2ca3e1bcfa7d0d4b7c648d76a23c242f6ff6bf12f4
step 13 abfb4c94b2d9208924ab1b2ca3e1bcfa7d0d4b7c648d76a23c242f6ff6bf12f4
step 14 dd4787c6da3c67ca728c0f7d4e934f91ee43d78fd36c488829da6290027cae6d
step 15 9bfc722c76b69b474cedd95d3a7dab78bf3d6df4bee0db3fe7af41bfe04faf97
step 16 967516b09284dd6001d65d40dec36474e303e7b49d281c3d3dac3f0ae1f830b6
step 17 93f1b1a54d6aea94424a18b3fbce12d675761d6e8989212ce63fbcb133241139
step 18 93f1b1a54d6aea94424a18b3fbce12d675761d6e8989212ce63fbcb133241139
step 19 f74861d110cea69dad91e268f6fef7111b9b277b09c692b0b6a55fcc516a26b5
step 20 5180b64353b569429e6e9956791be60fc4e5aeaf85a930defed005c82344112a
step 21 c38292a4aa781e937aa90130e12ac1b10bdfd44a128fba5080b20480c1858c23
step 22 56439a0056f536887f2a31f867e1f2e2a75297f4c336fead469091b229c84ad2
step 23 2e9342447c4472d455c7ddb147bb8a7e3ba9e2bb26333bbde269570d9c2b78ba
step 24 c8e081baa005a233c2ed0da29dde6df95261a7bbffb29371d938a13f29af5917
step 25 819b9088cf963ce001f7e278bc2664b583e76d0cd7b7d7fe2cba273ef0baffff
step 26 983ad69d8874fe2e21ec33bb470e8eabb88aa0fc1226443286a926927ab9ec3f
step 27 a45dc0a506ec2441cbc2539139d745525d441e1a3bdac1dfe838635b3041421a
step 28 37f32225b1c67211a42fd62812d31bbe441e6b4558008f9925c8c0478811559a
root 37f32225b1c67211a42fd62812d31bbe441e6b4558008f9925c8c0478811559a
msg 5c080000630798be8fb1b9c83b9ae186010be27b31287e99030e3e6ba78187d382e44cc0b3ef4496ce91dc140c2faf0903364214455c378c46bc4f2964f4d668539ea64afd9202
get 0033d57f445461a107d4892e49a0e1b39e89d3c8f5ef6c94044378783e925100 eebd0a158a4320b66dc6563b2822783e4f5ecf349b1a059a35910eae8d7f2ba03c8622aba4f37b2ea50234677ee52854b1498782e1136693567bdcb0a2be7477
get 0048c24bb3ecd4426ce0b8841b88a1093a3caca3b77c86ba5599346f17ff63 28a8
get 0033d57f445461a107d4892e49a0e1b39e89d3c8f5ef6c94044378783e9251 c03b
get 0048c24bb3ecd4426ce0b8841b88a1093a3caca3b77c86ba5599346f17ff6380 null
get 0033d57f445461a107d4892e49a0e1b39e89d3c8f5ef6c94044378783e925100ae52ff97fbe9ae70e2524e c1b465b1750a3f7fb40e49b73b926ddb3176e4c9
get 0048c24bb3ecd4426ce0b8841b88a1093a3caca3b77c86ba5599346f17ff63009b45aaceb40158e611136071 351e503b764810b6aee4df45ddccc5fbdebc2ce0ab05bc96bd1ac32a69977991b0
get 0033d57f445461a107d4892e49a0e1b39e89d3c8f5ef6c94044378783e925100c6814fc2ea6bde71f9e41a9b 03ff5c
get 0048c24bb3ecd4426ce0b8841b88a1093a3caca3b77c86ba5599346f17ff63009d4e4c9a71e480b3a29bf66d c720fa3655
get 0033d57f445461a107d4892e49a0e1b39e89d3c8f5ef6c94044378783e925180 fc4f93149d582265f9b18bb68da4cb05d335ef84
get 0048c24bb3ecd4426ce0b8841b88a1093a3caca3b77c86ba5599346f17ff6300 null
get 0033d57f445461a107d4892e49a0e1b39e89d3c8f5ef6c94044378783e9251003c6bd7bf891ee90fbb6cb844 d2406aed8d707ec15d41b5904554f6a02ee6f72c
end
case unitrie-18
step 1 e97834206ce85b15ad16b3189511c2cdbedd0ab3819562557fc69409b5d446e5
step 2 f2add82546b4233be0f824d62c057c9e23a53e9f8010f4b4839102c10ac3e208
step 3 88d59999658e7db90993b5229888f1156bc4fc40b87ba71addaec32809365a79
step 4 97abace50706d49aa2ab7cb3fac67a2bd4021e3ee2db10007fe360ebcd7d1462
step 5 88d59999658e7db90993b5229888f1156bc4fc40b87ba71addaec32809365a79
step 6 d0e76383501c40182f5a8a3a97c84befd2da98906f9fe679a0e70a58d90d4fb9
step 7 622e6c8e508b61bdaf8f933e2962220547026e41b71d1502286b81e0c8379e60
step 8 2040578895883b23902afed9fd49609b65956ad3a81a63dd8b1af545a55a9719
step 9 3e5999f8574127f160ad9cfa0de1fa756abf84ba132b6d22c307f8e5e3933745
step 10 b83e44ec57ed8bad4141f482ea3eab9c1add3b6b371bac1c32efa6356dd2c25f
root b83e44ec57ed8bad4141f482ea3eab9c1add3b6b371bac1c32efa6356dd2c25f
msg 5c0700bff18956cebf96ab0c62068b8e26308246f2eddc4df76c03d525faeeba5144d31052ec28f20c2857f95d95c929518f3610a87240578ae4b46e9a1276145f3b71fd6b01
get 008dc8280ed5ee6d48d7b16564487ff75e41085316dee1c01d7e1054b9561f null
get 003af04dbee3f7b21de83354104330fb8bc4b0b94b24840ef70b12d0bdb65800 e0350a09913020c8c80a37f0f58e8fc594205da1
get 003af04dbee3f7b21de83354104330fb8bc4b0b94b24840ef70b12d0bdb658 null
get 003af04dbee3f7b21de83354104330fb8bc4b0b94b24840ef70b12d0bdb6580002b7aad071ed33233450db46 3b
get 003af04dbee3f7b21de83354104330fb8bc4b0b94b24840ef70b12d0bdb658009c02fb3244e68f1195cf8fcdf41c71ae27e2f6b6fe6e7eaabb90b57c2e270a9b1db1a319cc4eedb725b0 d28aea9613958886521a775e5b6afb27debc5c00843e315372028df9bc6ccf9d071d3af97f94ea2fb392c2a305a690e5d9c53fdd8b3e56d69c6df657243670e3
get 00822256a8f536980df4fed92026f490f3436f7c51a8f38d860cfdc6020eac00 e5069bd7a01eb51b1efe6148341a088c4541611ae1c099679672fcf39c3dd08645
end
case unitrie-19
step 1 79d3e748e55a5359a83cc5fed10cda49a298f83c9bea4d3af0aeb7072bd90d65
step 2 24201ab8dd1b7110b8786f1118657fe8758927b2878affbd83bf012304e024de
step 3 0a554a7a58f2fbf421a55b0eb037142f58adad4c19bad824c43ce5beb53dc07c
step 4 1548ee5a5e2af66d42848d09cbbe44207f7a6fca0440fe163e4937d1ef0e196e
step 5 69ed3aadc5a05d849925028c53e85e8adddc91e8c65b01aa750341a314bd3f53
step 6 05680d1a5f2e67eaa6d934f5ab105ad0d74f647d53af7616d67bd173a7ff58cf
step 7 eed8dd5991c4b7be7d293247ffb27cff4fe175cd42f959c9d50a1a0a94ca5f83
step 8 376818536987e9a87407af02d866744d75e68050b4e3acd1c10995ba58d03c8c
step 9 67fc792902004ede6d13a51f003fd005b61f3ae99ec209434af87bf80c434c1b
step 10 7ef4e7cf01fd2cb75a9fda5ee118ee8f53b7c67f0086c12eff152f32275dfba5
root 7ef4e7cf01fd2cb75a9fda5ee118ee8f53b7c67f0086c12eff152f32275dfba5
msg 5c0700f9be2926a2d2acea6684cfc445e5a263e83790e305d6f80c9dcced4b7dc5792bc1a2f6b25cecc2310f54243de222d21a8282f9e20d88b857c6c1cf2f0bbd4118fd3902
get 0048358f4d8b508f349387415c8cd028ad47fc9fe6596f591e63dedb9480e2001cc250d42d5aae3dc97aef95 f799f54679c680bfd0b93c52d40db9850b1369ea2e7bf9a8a8464c0d01cc6ae658809e27414454c5230d16e8b05ec6ae81e80bd23f3a2a5b46fda133bec84683bfb440d27d9014f90ab11726221ccb35bad7ee914ac33e449dc1f79f406557d2f6cbd051
get 00e074746c139dae5bbf2acaaa87d517d02756a3f3d1ee036205cda372462100 890ce96168
get 0048358f4d8b508f349387415c8cd028ad47fc9fe6596f591e63dedb9480e280 null
get 0048358f4d8b508f349387415c8cd028ad47fc9fe6596f591e63dedb9480e200 null
get 00a36ea136769467a8d99640ce8b4324e6cf0065b8a5be87e37e62ce737cd500507d26f0b8078a812010c85cf711ac756458b7e279d092a30dba2af5a93bc2da3ed29ca5b08e738daad9 29c1e87264f36e98acb024696007856c306f3749a2dca005def6e30bd30db6
get 00a36ea136769467a8d99640ce8b4324e6cf0065b8a5be87e37e62ce737cd500 a1b92857cddc6831f882163ac0ae4f96b800ca348fc59fd2f02cd698e2ea696768fa89152fd322f931a4abe80360a7ebf02edbd1362e2423503ef40dca4e956c6613bbbf9a06f0250541c2777733b22bbde643e816863a89b41addd6dbf98c35347cf598
end
case unitrie-20
step 1 c38fcde6431bb7ccbadd01805a9301cd19b0507a488d3eec73945e12c4361cac
step 2 48bbe1325fe03c26146c787fc2f83d79d9799e6b2f26e202d6e595eace1561f5
step 3 6bc7e2a267937abdc599259be2278cb28d8414c7e7406ac278059ba4c47dfd5a
step 4 e55728bd89439be9b357b2578177a4a245fb606e6ce4c83df2e9a463d0ca8bb8
step 5 22100bac1f47bfa6cd654986b9b2b0d7ebf8fedae7fac892c350df27f021110c
step 6 36651f1f9a01c6181b5e6474e3c6a38b26818775dedf32fd182fd7fbec1d07e6
step 7 cee747401874ad7aa24b5898f8969e86db4dfae8a327f17eea929cfd7b79064d
step 8 aa8c1517c12e85352bdb2380b814f13dc49f2d58d392e2c1a984d057ca33680d
step 9 ee0b802fb8ac35d634c8356b3abc7659456c2c3b81d5bc0b86f8408a191ba240
step 10 6cc1feefc9b429fdd8e509b1ff40001563b695cb1b012d71efb7673a487cc905
step 11 ee0b802fb8ac35d634c8356b3abc7659456c2c3b81d5bc0b86f8408a191ba240
step 12 be5db595cff26a8d907936db418b52450872c4fa6110909b8588c991c6181ba2
step 13 6cae5c45b9e86c7a0420530e4b17401ea8e812718f0a299dd0c8cd4f6341c9df
step 14 4d9549f1fd21aadd88d8e6497c7ac8fc374929c1555c1ece403ce62a9d768604
step 15 bf67669fc24946618aef496f4801e187f8df0d9016e62ea37521448353ae2fed
step 16 8038b36f53291c5b75af70419f78483f8c97d347fae43a9943168aae7349843a
step 17 51ec8951e44a344e71564baa1e520a3980529719b7ee30d8ef1f7f6e23678a17
step 18 e4df6f1febf133c300e6ea68827d1feb5ba08b017af0f3efc0f0f8b11c515925
root e4df6f1febf133c300e6ea68827d1feb5ba08b017af0f3efc0f0f8b11c515925
msg 5c0900005d500e126cfd6a789c3b2c82ae36c0307eb6b73e0c47606bcb3e24f56543c2ff365dcbeef730c6ab91bcf3de9b30d0d97f36dc2a4a963611aa61f1e616cd99d1fd9802
get 002037a8de2aceee0925c7c14b6726855b06d150e71fab12ee9e5718f0c148002b709c60e997012f0d321a86 null
get 001ef2e66fcc7ca907de1d3829c6473edff7e6a96bcb33cbbb01457f578f21003248b86588e87d1fb40606b83f21acd3f58d9a19ea77de36be9ad45c0da7f1c3c6bc6a4322a35f08b209 f3
get 002037a8de2aceee0925c7c14b6726855b06d150e71fab12ee9e5718f0c14880 83
get 002037a8de2aceee0925c7c14b6726855b06d150e71fab12ee9e5718f0c14800358d4a3ec625db5046a530 480ec34e4dd4d20b08524c76e6ef1dccc1eafc8285eecdc29ad52bf145aa35877c8a
get 001ef2e66fcc7ca907de1d3829c6473edff7e6a96bcb33cbbb01457f578f2180 1503551c9c68d6b063f057cc097aee77ba8596ea8d1a9371d3d123aedc18fd3f8ec5edc2f54315d18535e64675507c0a59e450211accd6a991228a8085ebffebab44ea1d08b38569b3c56775c3467e0aa03cb7359da464f6213c109e1170a82b600b77da
get 002037a8de2aceee0925c7c14b6726855b06d150e71fab12ee9e5718f0c1480071cf78bba8c5875a318c07 2cbef176a3417221b46262d2540872772b8cf35d22d49602ae78dd715b5248649077a75b8949a9dab4a9633a07ad0c26ce26bf1e5bec7800d80fa98230015458d8b64327da8d11be3d2197326c1444df88dd60fbf6986a3a5410a31f285916ce701d563e
get 002037a8de2aceee0925c7c14b6726855b06d150e71fab12ee9e5718f0c14800 null
get 002037a8de2aceee0925c7c14b6726855b06d150e71fab12ee9e5718f0c148 null
end
case unitrie-21
step 1 6ff3efd4a1e50705dca7dbd7f940f621271827aa0292f07bb028894a8929c4e4
step 2 94c5282b6997b4201cb7a471331f5bab22965314251322a7c3f7e3fcfd218fe1
step 3 57a357faea6b9a5bebb1d41b05ba6e15044da24f65f77309bbc48726b715cd97
step 4 94c5282b6997b4201cb7a471331f5bab22965314251322a7c3f7e3fcfd218fe1
step 5 d5b19b3a195512a67f9be539a40927781eae7dfceca6b36e99034cbe0c349e20
step 6 05ad9fe09eb729b01b2bbfcd947997c1942a5c3150f0d5bca0a0be7fd9111aad
step 7 05ad9fe09eb729b01b2bbfcd947997c1942a5c3150f0d5bca0a0be7fd9111aad
root 05ad9fe09eb729b01b2bbfcd947997c1942a5c3150f0d5bca0a0be7fd9111aad
msg 5d78004391dee1b3a03b224efe078d37a5ca1d8beb27b6701be40f6605037526c563389dcd2a194d435413c69076ae2ef101505bf145b14bf6849efb9841bd387c065006004c2990a4
get 004391dee1b3a03b224efe078d37a5ca1d8beb27b6701be40f6605037526c580 4c2990
get 004391dee1b3a03b224efe078d37a5ca1d8beb27b6701be40f6605037526c50025bd31bba1327547db913e a55501a416396e3207bee1daf9b9994f6a7e904aa208c8d83494c4911dbaa86328
get 004391dee1b3a03b224efe078d37a5ca1d8beb27b6701be40f6605037526c500 null
get 004391dee1b3a03b224efe078d37a5ca1d8beb27b6701be40f6605037526c5001da4245ebff57a9b4ff54f 3da0a5d772
get 004391dee1b3a03b224efe078d37a5ca1d8beb27b6701be40f6605037526c500ba4ca483855c92f157022d229616eb0a4e1aa1b66ec8ac55bd9d544b5b8435b5d11d77a5f7052a9bf26d null
end
case unitrie-22
step 1 a532062d69b5b1edf1a15ca8ff7521805bb622cff942b9e4fbe931beff22d7bb
step 2 e065332659cab050794f57e01ed9c727e1bcd5fc4cbd6c6e86ef00973a9d2fd3
step 3 7deeac80c820458bdf40c059ec7fddbc8dee1ad8e34daeaa60a471e6e158e948
step 4 9eaae4f35b2bdfb1d3190977ab53d119c01e655e91a6ce6ffe4620decd5eb1b1
step 5 8d7682599d5cd732872b820be720bdae45e79eeb69ea6c33d51c8769b423b85a
step 6 65d0a247c047d3e5ab0635ec34a87e82ca7982dd50d2d078f140c5a7498a08a8
step 7 127cdfcc0b79d9b59dec21116464b118ca02c54666b9e9be68e6aac7a701c576
step 8 56e81f171bcc55a6ff8345e692c0f86e5b48e01b996cadc001622fb5e363b421
step 9 1aa52f15f23b7463a04daeb825e83e81e81e3ee160272c5296468345e4027e43
step 10 787fa230a019b528c407fb579d56ae9087613fd81b9bba226a9b66793a3a9fd5
step 11 1aa52f15f23b7463a04daeb825e83e81e81e3ee160272c5296468345e4027e43
step 12 56e81f171bcc55a6ff8345e692c0f86e5b48e01b996cadc001622fb5e363b421
step 13 db52d3a0e00a418a691008a1c0c1cc54986af0627c383b042fafe1c0ce179a47
step 14 97cfb1e0938575cd71f1e27b502d25b6ccd3e2fe066f35ba2754ae2176bac462
step 15 07319547b89d075fdb4b25e15f52455ba5e7a4511ffa546858912b848c98ed61
step 16 1706ee4f25e14707fd32042e1881529972d35a213c5d4e0cbdb186c56ae43696
step 17 be6d9e73da72887a73721b05c244eac92b5cec603a8a759891016c6f2d7336f1
step 18 0ef7f9b351da7c88651cbc78f055949f733a50daf21e55ce9b596adca697f4cf
step 19 ae4fdbcc5d636dc7ef5878fb862148db4be7cfeee505cbb7c239f3bd9bd1f799
step 20 c09241a6933d8ac79af766862ca36d0ed87ca723d38d2bf4e5ef28a5964401e5
step 21 7314fb5db53a84b2758e4fb6c576d1ffa91659401c32766923e6858ac7c1b44f
step 22 ce5b4dc88f1c809444d5292d4d47e78885b49b53d678c8c0b112f6bc5442980b
step 23 ce5b4dc88f1c809444d5292d4d47e78885b49b53d678c8c0b112f6bc5442980b
step 24 bd12420953b588367033e6923cecd657fcee6356039c3c9e681ab3fd8b7bd3e0
step 25 ed899e5ee68fc82f3cf61320c867ae15c617ae221f79f6b91065c70723400a7d
step 26 90cc048d559b2275ca1cde605506e98def32a08047fc6942788ce954ce84e501
step 27 cbf2e6024328f740bb4cf3d2ccde01c64ef29ad33ebdbe15fad1bae7f727a2ef
root cbf2e6024328f740bb4cf3d2ccde01c64ef29ad33ebdbe15fad1bae7f727a2ef
msg 5d7800dc546421037269658cbdaac0478555b795ea9380dbd60cea91fb9a0623cb24f1695d9815d3f43b263f2cc8fd6ba2be3bfab09ec20c0e96601933598340a0045006007f5e
get 00dc546421037269658cbdaac0478555b795ea9380dbd60cea91fb9a0623cb80 7f
get 00dc546421037269658cbdaac0478555b795ea9380dbd60cea91fb9a0623cb null
get 00dc546421037269658cbdaac0478555b795ea9380dbd60cea91fb9a0623cb0064da56ef5233e42eb305a5 5dba0e232d550251cc205f3fd39d65ce6738501178ff88a3d07ddab6938f5aca72705f9ae2620765
get 00dc546421037269658cbdaac0478555b795ea9380dbd60cea91fb9a0623cb00 null
end
case unitrie-23
step 1 a241d5a204b9ae260cd106c4ee795676e069486fa82cd5b37d2d02732e025188
step 2 29b57f1d5ffcc550d363790dc8901ad35dec655ca6cf67831db1da1763892ec0
step 3 477365e16f8754cf5ffb2ae890f3e0d3170fdf86696f0a52151130dc7c564f4c
step 4 a567c8480d728a41d2cae997039a5177f92ab3c4acfb2f866489851bce1090ef
step 5 477365e16f8754cf5ffb2ae890f3e0d3170fdf86696f0a52151130dc7c564f4c
step 6 18199505428d11fcd3af8e19ef5660992526c30cf0dc83fa966082a145339758
step 7 c3dd586ce6be8b4dc77811635c6745f9cca95e757caeec278a56b366df0b2705
step 8 3562dee79314c2b97d19ae5274a9440258694c7e63f522fb519d5352f1483404
step 9 63105a896c2ceeac096c22104309e715a97e4db1ae14d2a06a2da65f74edfaa2
step 10 a9e3b90669fd61de49bea2ff3914eb01539d0d2ab0b8a1f56c4d4d312c6db9b5
step 11 639e413bfe7c28a8910c8af0467ac171a4b8162923999e56cf1dfa0ec77e06a7
step 12 7d1fb0c975164ce2c19387f22460d8318e2f9c5ed388d9d75454199e5446aff3
step 13 00a193cf421518e49479d311f026c98785a3d8caecdc506b1bd96a44c0102490
step 14 ee63f5c9c4be5ea675cd9a8c4125608e9afaa9a7b192fc509cf9b1d8cc9ee336
step 15 686a25eb3cd6953de37d0310687c5aa5520c92ca05a0167c69be9dd36b6a8acb
step 16 65e98db38767053caa677884472a16a588a9ae7f4901b12f2acb4a03d442062a
step 17 04f775fab9bb03973a7549ea8724850ef392fdd5ffeae80c73519e885f200bd5
step 18 f2be222f8811fa7b0f4c465ecefedba7a0a8317db4b3bbf2f9bc4988b976a5b0
step 19 8d6a532e7c5a0dcf5e9eb85f0dc89d21628da33ee3414f5dfcec4eadc0dda249
root 8d6a532e7c5a0dcf5e9eb85f0dc89d21628da33ee3414f5dfcec4eadc0dda249
msg 7880006f05c3cb43293964b850a17d4ffe79f7cd6ca01dd526e921465ec58ceaf300a0693c39d2f3fffcdb5302dadec6f0d77af3e82cc6af3c748e644f381908de03fd3002e5f56e6f0b7c06277d84de8d8317c9c83139e2e055deaffc3993dd6d32f383cd000101
get 006f05c3cb43293964b850a17d4ffe79f7cd6ca01dd526e921465ec58ceaf380 null
get 006f05c3cb43293964b850a17d4ffe79f7cd6ca01dd526e921465ec58ceaf3 null
get 006f05c3cb43293964b850a17d4ffe79f7cd6ca01dd526e921465ec58ceaf300494217e06e02a218b7d8d5 7150179166
get 006f05c3cb43293964b850a17d4ffe79f7cd6ca01dd526e921465ec58ceaf300 5ebc528f5838f4accf3f9557dc29cb0e5f2eaafe538d3df771673d50d46088ca8596f39cda678edd33cc8a637ec96b07126c62ce6be280acca681a60b1a94bbcda034f0ca141f8ce2ddb636712237bf8adf3f7e4a6a8d2be520a2ea9d5d3bab79c38007613031cf864b333aeb1bd893fad3686775f5d8b09830e30484ced9018f8334c5328cec01343ebc6e370aa91700294cf6fc4e2fc33b382bd40e8f98870dc34a0f4c6b83c0cd956275b5de23e0488e1d35dc3fbda4d7090d8bead11a827895b1c7af60e95d86bdfd047cdc5539d59cc334c641420be45180ef80d75ff0aa0e75f40f2737c84090772b76c36b8e8bf1b9f69c5cf48037a7cb1e65983320185
get 006f05c3cb43293964b850a17d4ffe79f7cd6ca01dd526e921465ec58ceaf30032df38a65458a6406db4be bbc62507ef4d7ac4fa13ae2372eea2e395ea94f7e6919f6f8c514a7491aabecc89a5a826bc8235b5978bd7eac1ab37153bec5fb8848ccbff14eb45c2b596d0a45fc70d2caa7b31cb341abf576b998a89c9c495e260388b876161dc8e1f11521a57f43f600dd51cdd40e4c178f11c88fc894e9e3a53751dd5edbfbb1dd90ec1d005ef81b99185679cfb1335b4c5c3e70d18185ef374e7852746cc39fadb2d81b437e0b7531803c64977368bf48b32e43ebb65a1f5f3ecb71c6d3df204fc3b6ba303630655c5e7f4477e56ab8bb1897f7cbfd4d099981e52c790c5acec664dedbabe8f041cc8a66298984e9f2f62f4cadc673cc377ff444f860e72a196ba43117125
get 006f05c3cb43293964b850a17d4ffe79f7cd6ca01dd526e921465ec58ceaf30069b2a3eb520af88a0bc82f1257279f010358d8fdbb0a1b375da2123dcf3235cda8c1d9b624db3d1ee675 23850f1905023e460569870ab10ca143d0bc9565ef51c945b05335a8f4aca281755f
end
case unitrie-24
step 1 555845f307286ecb7f0a14b2ea5303a97ad8dac71c20df4d19d8a552dd0fda30
step 2 555845f307286ecb7f0a14b2ea5303a97ad8dac71c20df4d19d8a552dd0fda30
step 3 56e81f171bcc55a6ff8345e692c0f86e5b48e01b996cadc001622fb5e363b421
step 4 3f728b1174a286dd8b6f59fa64a39b762f868ae258705abb90d350ecfa9b7ef1
step 5 1ed1d8699cecf7879d27617b1ffb9fbfa0305fe89c76c9e352fa751fd74e1123
step 6 cb80b82a9a9d76414bed999d8ef0384a8c29203a10544420207ef9bc943c7546
step 7 ffa7d641064910be33c911ed1a98e1e132f697a323c3a115736e0fcf8538552c
step 8 0d31ec189d68dd9eface2754d74db51c3327e172e9f3f25dd0af78b536b6d2c9
step 9 0958d4b38c93d275b25463ef948e3ea28e1e36d9806a6e404c28ba7ebd3fa47d
step 10 e42b6aa58e235485fc7ddfcde123a6d13e74f1eb6d162b20ba4c071349724eb5
step 11 256973980636b5e95328f7be9ab96783b4d4d40876690d7605ecee63e8159af2
step 12 8a82a79b953b73395169ca572a7b65fc06464622ee6c3bed6347b5582be53057
step 13 8a82a79b953b73395169ca572a7b65fc06464622ee6c3bed6347b5582be53057
step 14 3aefd0b86832cc2e69908c7f30ebf7c149bf462e1c1bb469836702626850ee73
step 15 3aefd0b86832cc2e69908c7f30ebf7c149bf462e1c1bb469836702626850ee73
step 16 4ae7bb4ef8ccb198d24603937dd1509b114f1388ada6c4cccc6f02c728de4697
step 17 d6536e7b40021ef19cd11b4e36051ae0cfd81e181cbbae2ce11a22762ca19be6
step 18 03566088b14ba6ad4246ac0eea9a243f67eea090ad95f4cdd3c35354c598a1d3
step 19 9e8edf98bce2106ca4d2d64772f603fa1656176cb63542622e1beb45bb0bab75
step 20 f02b32dcf3101be9ed49627fddba251ab1204461867a928f5ae92920586ce419
step 21 fb499df2828cf421c33fc5dc9197013c8343087de067acc50800e4d48050ae20
step 22 2c4de65281e42bbfc9ecaba803793029b64564044fed49ccc0a5e5270279fb10
step 23 4fa7efbe57102a0a1f8718f92ed9ba04f66995f00779e7cf6cbf233853759026
step 24 af0405fc04d67735e6f307fe39fac7505e83e1f159c0f88afa7a8c4a60a7d7ac
step 25 858b80f86d3e112efc9e5983f9b2d2bdc2e78a989d6b26efa87a809df6778fe9
step 26 0edba5a96abc0a58e8e79fbe3e3c8b556b47413c042310665bbdf3166677e7a3
root 0edba5a96abc0a58e8e79fbe3e3c8b556b47413c042310665bbdf3166677e7a3
msg 5c07007cdc08856059f18199f3d6238b4fea719b9194c458a274484548ac5fa28f8c9775c5e275a112dbdf39d43a72cce14d1660f52c506957e8004d6cea44ef7a66d4fd2d06
get 00adf21d63a55f22235d29c2f0e8f77b22a1b925da7d8e993419305a185ec300 null
get 00c457485f08a4b13c9bc041a875979395beeab447263fe1370af2985107c600ddb1b549fa8b7b2a8c1e0a 8b350404caaeed70f88f04d331ab49b7b3cee5f4bcd0e80af79a1bcaba236cf5a8dca385241754a6
get 000f5200b728096377e5cf09504e6c3500ef1e2a9d49b5ab83826580a641d280 null
get 00a4e2e03826f97e9ff564614a93be7596e34c68058a57212f2775b790292200e05c0f79b33b0196ebc064 null
get 00c8972da9e3bddc1284a02a28a886a931d6ca103c75c753d3079a95bbb5060010003ea8a8dd36cad6940d 26
get 000f5200b728096377e5cf09504e6c3500ef1e2a9d49b5ab83826580a641d2 b5b09bc1b8c55d17e67ab28e666c63567d8d189e3de47cd2507bd7c82c202129cb050ad898d8bd047fb7ea20f13d7e1b4c4fb41b62151441ab4b3f406f31f7789a4b1907e6977a60de929ae883ffce8f7a481c696c4d9a61cc229d36cdcd8b85d8d1a7d0f343c267b2844b843c7f0dbd08df409e06a8a27a15f9fd07db5c861e5eda9afbfa2424877208a6b19f7989dbe6430c9c94c332b3127c79125b676799535b64ae96d8cdec513a21a1525daf0d638f2d7c849a095bcf8757ed1421aa66282ff111da5d8ca5389c0fb104fb7d8e89e45bed17711e90f6581c87edef605363fcb434d3b2db374492b43238f64d08c1274a49bcf22667d92e5f3eacaefbd730
get 00c8972da9e3bddc1284a02a28a886a931d6ca103c75c753d3079a95bbb50600a67727c4b7520844e50f85 76bfc4753650ecb356f4ef0c60f360f504ac82042c51ac571d6d2bc2d4eca5f7
get 00c457485f08a4b13c9bc041a875979395beeab447263fe1370af2985107c600da909cb1d089f3ca8c886b f124354312761c6bbbc91330754fe5b08496e34a2d326188698bb09660aec8ca3df25c1d4e48355628b897ff7c27a8e5a0e8de5c64a8906687d6334cfc9fc2fe29aa93e39560901dd6a864206d684ddea4dfdd910a5241912df52d5c8ccdb1d8d5aa7c20b3135e1b27658daa94504f54b90aec177686505676a8c5a72d5b89a25fa3f5e54cb9ebcf990dd033e8f6b050d990bbb91c4a368bb962205891624af4446d5baf2474813891280ed7f987e3b1f70f5a20c12215d6f968d76be63c66e05b1dde69abc865643ab7ad1a66e6587ed0d7ddda815d0eb20969ab65b9aaf4ee99731e570861532b0b12dcf1eb9f7dc0419f5e2d020fad646e9f5672631d629ad1
get 00a4e2e03826f97e9ff564614a93be7596e34c68058a57212f2775b790292200 336fd506e497ed78d7408f6b51b24a32eefade9c4631d69823e9fd5fa3d33f2f
get 000f5200b728096377e5cf09504e6c3500ef1e2a9d49b5ab83826580a641d200493e202f329718588f339e 7d0623a07c313c9efc3540e5da59e47db7693eee9b76b69cb23cf5b3302deab94d05
get 00c8972da9e3bddc1284a02a28a886a931d6ca103c75c753d3079a95bbb506 31414cc3db2669dfe2c30b30c2837b6133ec09cdefb2dd0e5f59ff65efdfb2a382
get 00c457485f08a4b13c9bc041a875979395beeab447263fe1370af2985107c600 67
get 000f5200b728096377e5cf09504e6c3500ef1e2a9d49b5ab83826580a641d200733c0b6f83d6341336c34e 49940e9d860bf2b82b44eb803565dfed3c784b200e5a85e65b12dd77c18ace4182d8c00f96978863
end
case unitrie-25
step 1 5ba841e28509b868e93c594144a14a5927763f88d0d45f60cdc629cc54c639c8
step 2 7cfd4f6f2a02c573b26a706f8f5ba98ef698fd93cb8515a9024f7936f0ff5f10
step 3 c8a875675c9f4dc6725ed6542ea7dafe68e7d4ca869ab95c261a836a6fae3f54
step 4 c8a875675c9f4dc6725ed6542ea7dafe68e7d4ca869ab95c261a836a6fae3f54
step 5 7cfd4f6f2a02c573b26a706f8f5ba98ef698fd93cb8515a9024f7936f0ff5f10
step 6 71a2dc3c7ff586686d25a0d131168b492344dfc3512191c4ea6cdc3691f02632
step 7 5eceef1eb6fef23d61ec8af69a862c8cf7f1955f480e2fd433a8a29a24ba1ca1
step 8 08aa1c9550809f612466b2a496d0ef6b746ad913440acea1af66d39003c9e2b6
step 9 08aa1c9550809f612466b2a496d0ef6b746ad913440acea1af66d39003c9e2b6
step 10 71a2dc3c7ff586686d25a0d131168b492344dfc3512191c4ea6cdc3691f02632
step 11 d5541ed48e243f2f02c714b5c7fd325360755fcd78be3eb1b610873d22fce7a1
step 12 c3d37e2cff58d711bb9f8fb6bd7859e319cec490e23ac8a885dd79f1cbf88c33
step 13 427807cd44974203462ad56c1057702e0f521799efce83c7fd2d0a9d27a38ecd
step 14 7810cc60bbac1ef5187419b5177e23c1f4042477e3d4f0fd9adcd0de4924229c
step 15 7810cc60bbac1ef5187419b5177e23c1f4042477e3d4f0fd9adcd0de4924229c
step 16 7810cc60bbac1ef5187419b5177e23c1f4042477e3d4f0fd9adcd0de4924229c
step 17 8c26fd0631a14ee163c7a46a491461504ec3fbc2592fde7766c937c24567faa1
step 18 e87e93c6c35d0e0f48aaa9a94c54bcfc2ba9030a46127ca3af04ac5daa4b7edc
step 19 ba0d9538b1f084bea00c64219b3adadf53a5ac9637894c6872ddc98a2a0238b2
step 20 1a25d889a3a90f318f5479fbaa24c5f8b7213fd2762cd5416d9112f791b8d755
step 21 ec7767fbdf7017b91e68aa6f2044ec5c9486cfd0f0ef8895fc555d5216b15a5a
step 22 1bdf35177e8655b75fa8dace414ab25e5df907d76d07bf37bb86c7bf2702098d
step 23 a4caf067becb7f152569815f97f0b16b27d92a8e07b3f9a9e5574cdb6b3e0766
step 24 7ec66a56b52c9946f8a6cdc5a9f8826df47dad8f04f937bd8578d753c0e44daf
step 25 bfdffa91db8df6f7b1186d1be3a3928f7586a5c0581628c0beef629823fd3231
step 26 542c05face78654ded584e092c452e3571a9601873e91a5f490e151028782fb9
step 27 c5d50780c949cf54504f9bad4a293e34b8d63fe570d63c9ab36668fd3556fa5d
step 28 982ad85e7f0b492ffd86592ebe63eb373711a5355e4fbd75f130507cd9bd4882
step 29 6540fcf7a968a0c3ea51fd5689cbc8e62785e3ede1d78c0e06620d81d2d428ca
step 30 71a42ac99d6c97d79175acbf64a7d95ea61f0e00f563adbc189f7218a30a6650
root 71a42ac99d6c97d79175acbf64a7d95ea61f0e00f563adbc189f7218a30a6650
msg 5c0700f755a95ab7b596cb71f3e0e67f443412f0c99a343fe7ca99f841e2730bbe9da86d1757458539127380d07058d1a66c9138c7d646e6268f1dabb9e32bfe15f299fd3401
get 00c1dc0f8f00882782acd3f9fdc72a05c24afb91dbea25212043db5fb7b6c600 null
get 002ce401125024c4c0d33c2b463f68a0fb8d56ba015f962f806eccd48124a280 null
get 003ca4aba98e334aeb8f417061da74f8a4e2dbf86b6cac9fec74083f30ef5c00c4b194f3a3dba06978acde null
get 003ca4aba98e334aeb8f417061da74f8a4e2dbf86b6cac9fec74083f30ef5c null
get 003ca4aba98e334aeb8f417061da74f8a4e2dbf86b6cac9fec74083f30ef5c000c88686b61fba222ae0df6 null
get 00a684bd8fe511a07c17033a63aa394ec000efdf50fecc0284da93e48928e9 b42a82f34af811011b328eec474f89d3944dbfce
get 002ce401125024c4c0d33c2b463f68a0fb8d56ba015f962f806eccd48124a20036e23300952161f2cae51a316b35f61f74670af37c4c106d9bbe4868dc9715d5654e7b99322a2707e2b2 null
get 00a684bd8fe511a07c17033a63aa394ec000efdf50fecc0284da93e48928e900 fa9789f8d3b28944438f7db7959095aa106d62e949e521698a8690f2297bb4a7
get 002ce401125024c4c0d33c2b463f68a0fb8d56ba015f962f806eccd48124a2006bf3ae7e484cdfbe6ebb05 null
get 00c1dc0f8f00882782acd3f9fdc72a05c24afb91dbea25212043db5fb7b6c680 4945c4f6a2e1684e4836fa1353d8671122fb2e63
get 00a684bd8fe511a07c17033a63aa394ec000efdf50fecc0284da93e48928e90080fd8d27ce8f4db6aa22e2c570d9e33ef4a0ca368d10657384e6b53ab1982cfa5285c844ce200b942ca8 null
get 003ca4aba98e334aeb8f417061da74f8a4e2dbf86b6cac9fec74083f30ef5c00 507a0de643a92e562a86ba7aacfca6b5f6f5744987eb4ea8dfaed33c6aa7b0c1
end
case unitrie-26
step 1 de2c88e407781e4a885716914eebfd9a729ea52e893b06240e847435eb553d56
step 2 6ba22f82d27b22be1c6f4fcb04a6b915597d5a8e663f4d6d4bba413ff18404bb
step 3 1ec6ab682e1cc85b3d5ec1542d64020b3ae3d69ec13d029aeef83562ca5416ba
step 4 d562f41e2370c68a8172dca181efe8564ee9f67a973d9447abeb545bd100cbe8
step 5 56e81f171bcc55a6ff8345e692c0f86e5b48e01b996cadc001622fb5e363b421
step 6 c64d2fee384829b852a8153e0545c20d4f15fcc9f2ff9e2458e159231f1c19dc
step 7 4cb884f8c4cbf4d122bd673564d4c58761b58b2b18bb7ced095f834c1f5ef8ac
step 8 bb2b46b451b531a51b792f785790696c75c5a7e40cd5647cc6fffb68decf7c4e
step 9 4cb884f8c4cbf4d122bd673564d4c58761b58b2b18bb7ced095f834c1f5ef8ac
step 10 e81a94a6052b78f6025bdc4878556929237bc5f16ccf9309788a31cf0c386d36
step 11 924e8f0fa090551587267a829558ce3fc1af4bdb2867f9916e78051078699292
step 12 b36a7cb4a45281e5dbf2931b94451600a7b4a4c2a96a8a2fcf220a0ed0eb7868
step 13 56e81f171bcc55a6ff8345e692c0f86e5b48e01b996cadc001622fb5e363b421
step 14 0c89718b59c7b3fcf6aa5887dcddef71e05181a2b77999db2a375f3856f784c5
step 15 7b3dc04a14ed85b31cf11b697f4c536dc471514076000e9ab764ea5e3121aab7
root 7b3dc04a14ed85b31cf11b697f4c536dc471514076000e9ab764ea5e3121aab7
msg 5e0700235077d594b20d393121e2e6a027f070a908fc985260788f63691f118663a21a8900f65cf1ffbd07497f5cc1610215a3f7bde6c4513fc9c67e70e55bd322d8dcaa2e80b0fd6801
get 00e7ee74b1a7f1a990e631d2ea7549ca6a272922f22b555818f675f7edb669 null
get 006aca59069c9890f1735013f83854847e4c29303c47b1b48f88c331d10d44001cf515c5cee4148710f032 null
get 006aca59069c9890f1735013f83854847e4c29303c47b1b48f88c331d10d4480 f65c
get 00e7ee74b1a7f1a990e631d2ea7549ca6a272922f22b555818f675f7edb66980 1f78f0cfd017d97abde5cef9a20ebf224105983d8a604cd67780c372fe2b1360fc6f540cf1da1719c030fc6516d1761e1346552f864f61062d7f222996058e9d66566d6bfe991a05079cac4b6b36a2f9879f8c93d6a261e76b1653adece986721d5a8f5a8b4da135013ea353dcc45d83525e57ffa120e9a9242342c81739f7c49c848385395845195b097621642f5aafc3700d76b0a0ed5ceb208b770e62ff30b6f067ed50adcd0ebdbd95c832baafb059538bc9e922e40e1c4c6ae4e1cd7f34e8c6c73522e0082d37a34e991f94664edfe7d364fe70a1e9e5b60685349b7657fb1a484131bfd29cc9eb80146149c6ce50f98d5316cd02e990e8fa72267e4b3211
end
case unitrie-27
step 1 21c068034d7ca3789079cb61fbb116a0c5d5b4bea300be6d103a4dbb30931801
step 2 56e81f171bcc55a6ff8345e692c0f86e5b48e01b996cadc001622fb5e363b421
step 3 d09785e1409c51887676149984633c2bcbcc33966aa3d43cc0b3fb6ce9ac4571
step 4 8f28a85451cae8963771fe861777413d827c47cd48e6d19c0980a52617921dbb
step 5 79d8aa16e16fcbbd748842238345baaf2da4cd71fe60e90ad607e0c579c5257c
step 6 db2e3a4fc5d6c88ef9c1e3fa1ffe47d224304b2a636ccff2f6e43c57cde53bde
step 7 5663a1a85e15118c093e2468b8b27062930c731b7af6641cd2d71903c1bd9911
step 8 9c7e937b70937a5a7e6913b1b732ac5c037067ab03e8b6da31b5b8611482f90d
step 9 5663a1a85e15118c093e2468b8b27062930c731b7af6641cd2d71903c1bd9911
step 10 0566a108d0348c2d25c5b2a24018060d2179443462c07a148bcb3ee92cf0a062
step 11 b3049a003bfd8166c185f5cc3c16611c33bbb17477ac797d5c36b6f6f6188354
root b3049a003bfd8166c185f5cc3c16611c33bbb17477ac797d5c36b6f6f6188354
msg 5c07007dc4be049a5b6ffcc19e470632e3f34e5347e553569ba9f94bf8f6e892fed962a93a33de9a9611ff650a7ea6529bb722a3d19e37b8974a3ed745ec8bb5004f9ffdb701
get 00113c0de4e4faa9795991fae41db2974510beac1642c64a0ad217da52055b00 null
get 00113c0de4e4faa9795991fae41db2974510beac1642c64a0ad217da52055b null
get 0055be553b51cac4b051bf8507bd5bc9f5851d7303dc75c074acaad558461f00 44fb5efda8aa625b994d5e75e72eee70a42cabc5ef25bef625ffa138545d0ed8a163
get 0099a784c084fae4506dbf92feaa6b7ecbb3ac9f9e93e9355fc8cf3aa66b1a00 b7a91ee7051d38055378bd03a93f3b66497748f9
get 00113c0de4e4faa9795991fae41db2974510beac1642c64a0ad217da52055b80 null
get 000eaab6317b3d0c480739566e0f550038753f4e0066d8a55b7172cb4c6146 b1baa455f29ebbfb293fe03d2804199a9351e5814c199f6b63af4cb935e5f8d02117
get 00113c0de4e4faa9795991fae41db2974510beac1642c64a0ad217da52055b00ce291b0d336f4cb7b15914c2 d3aa
end
case unitrie-28
step 1 62babaca2198dfc96b856e86afebaaed9a51f50b17e8cab7644945bfdaa17bee
step 2 890ed1d4591622d596890e7deedf29ec3e455411a2d9cb6e43627a1d2dba3afd
step 3 9b00173c264fc166aec8cbf78c73c8d6981e8db0521cc405f56cafb709b248ca
step 4 0b31b7252809b451e3b6a2e78df583e0ad81c2d388783deaab57ee8ebf64c694
step 5 3d10252900839b1deb006a19933cc08316f9b4eba43b939e1e7e064be7181917
step 6 e8dbf1df87c80e1ddf7acce5582e162b840731adc65098c2fb1df9507760852b
step 7 25f1aeb01cfb4a171fe4199b08ac78e6972d49a58e49db0f82569972fce5a211
step 8 0dd392a16c6bbe7849ffe8bbb70bf54945e8d2ad618a1cf659bdd81b3bfb622b
step 9 cffda6d2d7030047cd79f5769779f96a6e3f6b59b0cbb2332d57955f69ece726
step 10 bc75cf2d7e105151679c3edd24111bf742e4d6f56522564517aba56c375c3a01
step 11 4061b90a4229b24bd5c61258199245f9fe154c58b632aff3ba80ec5608cc4805
step 12 4825d7f151ef7a8655a02bd2d890b0ea13bbe8b8616a0993cd3919d0738c2925
step 13 cccef85c42f8f2b3082429ca22c6d118cfba67d151b3a47fdcd82a17c5c22ae9
step 14 540003e3ebee73d25142cda85ac6f4ae333a8196ed01de3653299a7074822ae0
step 15 d92c7e9c31b709a7aa20fe7f31c6f17375c1342eca7713763a26906b915a84cc
step 16 d7811d987a0f916fda23bc356163eadb92bc21606397c80a17699bae53890039
step 17 2297e1a5a0a50a0ff92cef370e68d76a76cc4544a820f6f3c2f56fb16268a7f1
step 18 bf5666e9f1707b745655873aeb3efe014b52ad1016eaf8a44a21421fa8d237e8
step 19 1056d9fd0d92bdb6ae167dcebed6cb8e1134a0dcae31912654daff9a8cd65f18
step 20 0a64cf5cad7910d0085ecc347eb5a8714ee99557fb982af93b6456badfaab8da
step 21 993e982a4ecfb5f62b6132946fc4c7aed2fa11cea07f726f9d3b26ebad45a4c4
step 22 82d787708854aec2bf4293b5b70548f3397dbfae58feb7721169c87bfd6d3c7c
step 23 b79c7e0bae1cf13d080d210b9d8e621acf3559f80cb0a96b4695835ba367b0e1
step 24 dd25798e6c69cb913f37a1430c1ca4a823ce176d97521b54afc1d87d923cf20c
step 25 93d291abd0325d47e47a9a04b1f556b95892e47ad4e4e64256c15e08259c3501
step 26 2226619b9452378b5b6175170acf34b4d7252fb3f1ae8dff660a1ab3d4de1c30
step 27 391516911dbc36e16879cd1309bdaee6b1902a9cc63bad10e4470eea6c35171c
step 28 8c15ff4f10e43b2257e521fa2fcdf7a6dbdca16b69e613ab539e5f3c3fd1f1a2
root 8c15ff4f10e43b2257e521fa2fcdf7a6dbdca16b69e613ab539e5f3c3fd1f1a2
msg 5c0700b08cfa29da055a97baff6b23d842187b4af5f4a63b9c07d2b4491a14565bfb4618383091582928f05ae6d934e33b032c65eb0e2304e5c1511c20fe6b6b14cf58fd3404
get 006382051568827c5df6a30a2b8619a1bae845b7319a26306528564eec4fa7006e3c5be737ec6cef707079 null
get 00074b3f32056b4d64e20c05874e428225515d589769ab0209475bccf8a58e00 null
get 00074b3f32056b4d64e20c05874e428225515d589769ab0209475bccf8a58e80 8993f019794494a531002f855db3d39e4259fd0d892d327b11ba5c1023e46df853
get 006382051568827c5df6a30a2b8619a1bae845b7319a26306528564eec4fa7006ca1f693eb3efe997e11ae67 3a7cf62890aadff2cbc580eb9cd8100cfd766615
get 006382051568827c5df6a30a2b8619a1bae845b7319a26306528564eec4fa700 79e2315c5f167d6101420bd1c01effcdf8c50fe1e2620fa71669fca1559969ffa5ce9cb912530496
get 006382051568827c5df6a30a2b8619a1bae845b7319a26306528564eec4fa780 null
get 00a59a93703cab66d4c8858c996abfba20b919e5df45c5a56650d7117628c8 70972f56f7196b379e57a43c1417d20fb5a95ae37a24aa291856a5480c7e5c47a18305cb7ed3b5e64760b9cbccb5cf36bd8ae2251863c25346efdde219ce1809c7e13bdbc2d673d9c3a90fe443f07eaf2e72cf27a5afd87826227793d6631276f6ad0b6db65de852401248460ed69e2921a5c69e7b61dec9018b5dce9794e3439f968059df4ab971fc7d9497c56b1ead8dab6d71f8e88f2cbc71f40d10b9eb763a610cfd98ecd70304d7895a3b4064183cee2f1a7531ac1f59966300d91d032c5ebbe16b971def0998e4f42155020013005c5b3fabadbaa5371c3bdb7a9ea770ac6a9a88b3fe1f85328ff7ad0aa2233e6e6971b99cb9e6c7f5d746d43d54b316e0
get 00074b3f32056b4d64e20c05874e428225515d589769ab0209475bccf8a58e c714a0c3bb409c36e3430056042eddb6c208216c6178032a383cd87ffdf2c6a118913168a3e7ed25a69c6da58485c75505260e7ba9ff3ef6ab1923be9125df99c2d71434df044b231b1620fc2f0fdd491f761651780590677f5a788dec98ba35d86c83ef
get 00a59a93703cab66d4c8858c996abfba20b919e5df45c5a56650d7117628c880 05b46f12c90cbc77045dd1151341c92a017112d6cb373be661cd465b80c4b1cb90
get 006382051568827c5df6a30a2b8619a1bae845b7319a26306528564eec4fa7002b095f319f6000bfc07739 null
get 00a59a93703cab66d4c8858c996abfba20b919e5df45c5a56650d7117628c8003a3498c221d26c2c9891a6 07f11103f1402de22744c4004441990ff64e4e3c01caff2de79895db23324e3e
get 00a59a93703cab66d4c8858c996abfba20b919e5df45c5a56650d7117628c800 95
end
case unitrie-29
step 1 62d158c48efd6f018e4327399abf628c2f14a3f8b5182159f1240460acf977b2
step 2 b10935a933acdcbb82598593591f15cca43dc53ec3c6edb5ee0bb81a227a0e35
step 3 f3b4f19a1b2e6716827aa4ace8f8806314e42a5239a2ace0331d0ed577b62605
step 4 b833749a428c1c103e94e731ebb8db2f3aea7d8d0e204a1a18daa11e1417f451
root b833749a428c1c103e94e731ebb8db2f3aea7d8d0e204a1a18daa11e1417f451
msg 5c070077943df56d463fd76d14aea7bb0abc0a41e0b9597bf398fa7167a260f334c7283d2eeb188a1a4f3449654d38246e5aed85128b9935a0129a875bf20aaa41aa5cfd5e01
get 0099fe2e7a718e3025e2f2825da0573f769e96bf2c999fec7a728d9c6f92a100e4158dd6f7b6f4b78befff35 104477afed4c00cfbcac0e77aa79f8694302bf75766fa455cab8dd603ed34704
get 002e5a257081bcd2ba7f4d37f1400d7892c200de0571f615a65a19e3c4d833000cf5372b91fb9e05d90f920f0a37ba9c6a8e43e3a9bd91e6326ebb247aff032b24312990cadc9a4b0329 817ec5af4a08972a8e21c7ff
get 0003ff9aa3c11336e955c6215d6610060f3fc883f02d0cd3cffe645cbe462000bdb7842924785ec9a34d837f c0
get 0099fe2e7a718e3025e2f2825da0573f769e96bf2c999fec7a728d9c6f92a1008d3c639f8075cda311a50b e6df
end
case unitrie-30
step 1 c2e4282e5b3f7c01f13e01068ba35621b7e734a7eb69fd65a9f08e1626fbc349
step 2 103fb96a9bcc3bde775da2fac7964a724ea9276c9c2e7d0705df88e2d11805be
step 3 92fb70264d1d132afa2e98f2d61aea817d1b7be2e370151306a91d46d07398bc
step 4 f14133a3d181c5b260d1ceceed107099c16b97fab1b4c986c253550eb35ee31e
step 5 56b271c19864cccaf33a2e3f7a8b18c8bb15c1e6304f41927e75f31cc0870961
step 6 35f134fbd95fdf6d27a44a69239fc701c9571d69bb87bf1af1cbeb0d7e641fe2
step 7 5d1dc9b361eb7ef7a321fc9275b035cb7017e2971378a8756d2928b11b3fbfa9
step 8 8309383970264dd6c89f6faf6e3a93bcd9149a98cec495d4380a1d23ca6580ca
step 9 5c0f8b611002031cc574cf589a78f830d4e6291029aa3fd8ff2c640476cf0a5d
step 10 2075a2090015034bd4288ab365d45d9611dcb1d2b502daf83294eced943bd06e
step 11 5be4907f55f28454164321686ecaf50e013455430b0090e94b0974b540bd8572
step 12 3cdf659787f1c584bb7c13d8edc3d5c4de4a8ad5f6b6609f40991784784f8883
step 13 5be4907f55f28454164321686ecaf50e013455430b0090e94b0974b540bd8572
step 14 b6f14bc6bf94c6fd08c0905b4160fb070735e75e7f423c38a334a5a73e6413d6
step 15 8caea0ba07898770c03e911acd26d72c706dc661ef2de3c8fd1a950fd0b67fca
step 16 60215dff4e44d8c5036c617b211863f62454f1bd5039653e070cfa104c4bb684
step 17 a030f381586325b02bea5acb02ca1a433d4edf0cea00003fa2d7ea2b2fc32c66
step 18 158e39c5d945248eca0393cbb93c7205d96d3ad8012c3ae453f4d5d5c09c87b5
step 19 ff8cbf511562eae2c5a1c539eba6b8619ffc37b879a4d46916cfde6355ff5e1b
step 20 b28749babb7a4bf34bcec7a463852832b56ced7d1b04b82367b00e39da666d96
step 21 a4624cefa6c4b836b8d3b2fe1389cac91f6045981574db191b3b7325a2098aea
step 22 7e0073e013cd8eb2879773258fdbc967578d5a9246991ecd20930783dd8c18aa
step 23 0b36233eaa59aa1512f83ef17c893c78a162acf8e40062f6272847dfe677fc1a
step 24 0788f44573716212e89462d8c1a744e210c0a49858098ff666ff0a4b5db068bb
step 25 8b2252533dd91f2d0d4ab11e3c1a61bb7f6393cae20b2d1a5c61aa0400ff7cad
step 26 27b74995bbcf6074c65ea0986e0b4fb3727d425893739618671d9821022a7e9c
step 27 0b2da498ed15f938083bf542dfb1e4b6c50b2cf45114cba5da40fce0f0a34ded
root 0b2da498ed15f938083bf542dfb1e4b6c50b2cf45114cba5da40fce0f0a34ded
msg 5c090040ddb928aac4666e7cdc3286fa5877e30ffb8a9222c70cbac0d915d565b9bc6774de515635caa2228abaef8947a6866881a35acdc37ff458a89ea831f4149b483afde303
get 007dc9936eaa3b89036ae8900ff8602d14d4555c3b3f1dd00eebd23fe6e51e80 d7d67208fd256b8a3c6e8ceb5698d00dc6310384f7598771195282aa3d6d798fee
get 007dc9936eaa3b89036ae8900ff8602d14d4555c3b3f1dd00eebd23fe6e51e005df544d212f03099c44e54 38f4c4f71524bc32f6282943ec1d41c6571598f417e6f8ade43e8352a6d9c8
get 00566d02eecd848788f4109b0a15110fb0f05e6a1f9e30db70c1b7bc35234c00 8a6410c367f6cbe1921def8abc9e2878c9f71d53968010842acaf3705bb4cb50741ba5cef02f294f0d0b6b89f637dc11f59215cc58e62e5c8d0be014a590021afe6379cc679bcf003e828e85258a49373ec2f04f0dba8c91cc38a75e4eb245cc41e4fc1316859bd496ae5fd42138aeafeb87248461ef8f7743d63ca650c3fe283a07ea2d0dfe5b4fb43a8cbc23a52696cec1caff0bc6a636071361c70f9a64dfca54cf4937ab4aca6f966238270bfa1613f73d246bfe8a8795f7c0d2891a922b35ee496bd2d0e96e478f2024a66544f7556009a2e3d4ac54b7b55058baa9d7579035e55c52d118fffc990432c63ce14f591283965705acc0d26759e138fe000ab5
get 007dc9936eaa3b89036ae8900ff8602d14d4555c3b3f1dd00eebd23fe6e51e004f1c7b9bce4af1f798614dec0267b918f72a2c03a5f0ce37f483b23f5e2ad1797800398a0da3731a73fb 7e337f957b155d37de9e67712855fd37d3f046a91a7806132e12647c7536147d
get 007dc9936eaa3b89036ae8900ff8602d14d4555c3b3f1dd00eebd23fe6e51e 3f08
get 00566d02eecd848788f4109b0a15110fb0f05e6a1f9e30db70c1b7bc35234c 02e627cdfccd93100e354e41
get 007dc9936eaa3b89036ae8900ff8602d14d4555c3b3f1dd00eebd23fe6e51e008bb13646076aa931422cdc 9e07e7
get 007dc9936eaa3b89036ae8900ff8602d14d4555c3b3f1dd00eebd23fe6e51e00 null
get 00566d02eecd848788f4109b0a15110fb0f05e6a1f9e30db70c1b7bc35234c000cd06b68eabe947c9dbc21 a8f759aa4bcee83e525a80bc3e9c23338e034ac13e0bdd8c5d0bb419aa543e9684854d0c67027c812ea9cad00e79bad7cf75bc7ef20f9005c89d192c064040e3738f7d0c4d863cba1bee1f37df2002eda61c03ff89eb0244969bebb335481023b289c9a5
end
case unitrie-31
step 1 3003e4d6a456957d1094d408ba18fdd55f1cbd9f85d3ed181b47755efdde76a4
step 2 fe93f24bd7e70535c1920e1f30b575d824c0e1259f76f93423b1df70bafa0d42
step 3 8594221d216cfdca4687945f558430c0449b65f48015090c70fe56ccbee75193
step 4 52922a029ea0062051b9fec3d5f27b659fe014ff584db4bc98916889b60ed373
step 5 129a88b317daa75d7634d6498777c869515b491bea626c6462f08a05448ab9a4
step 6 9f3a2910adc0913a9adf1fac730505a8f59340eef7180b059423e6098fbb2d54
step 7 a291580cd861b873b7bae85eab219ca7a4902f47a0fb028bf4662cc8ce88371f
step 8 a8f30d22aeaf5aaefefcf22152b8b6a12809d1c5efd1ebf46d38f58005fe512d
step 9 5ab1b9d2d3d3911017fd3ac6054e82abf136918bfc8dfc4869506cd8cd09ba36
step 10 74b9dff540114cff6cb0880966dcedf4ec765350ad1f91998627cd38f5ea55fb
step 11 432d41972093c980d911bbdf0a684a0d26c341d318d42283f4425a00f6e9668d
step 12 50bd43c2b3a12ec0e362fc3e28e5d406525442b41e69833dc6254fd895069270
step 13 f79999654c3da965da165f6549f6eaecdcf78d7cebfbf1cf89134b0dcfe7b023
step 14 c94b0e26b745dad444d9f3cadfd6680419fe82147ddfa0b25754601dd048ddcf
step 15 f79999654c3da965da165f6549f6eaecdcf78d7cebfbf1cf89134b0dcfe7b023
step 16 fbb05d4024ce2c5d2779d26e5e1da629fde148118a6432e2315ed1c2bca7777e
step 17 fbb05d4024ce2c5d2779d26e5e1da629fde148118a6432e2315ed1c2bca7777e
step 18 fe1ad525c49840883902e817fdb38525787042bba4f49836654b1dd6076c935a
step 19 9a69b7023557e1cd7bd705f41923b7bf71f496215b5957fbe444773434ddbe89
step 20 ea74755c17200eadc2740c331b1262ff9317a11ef126fb0f89e5c54864d3fc4e
step 21 e2378086f3743b5ba1e5d5b9dca0748188ad5b489e95b1f0b2116aa313856ec8
step 22 8858694281166ad49963d69252121b45439a8fadb8d511caf9e7464afff18bbb
step 23 c942d397add3e8122f274fb0c01d83f29a705ffe14fd9463f23b368fcc5618aa
step 24 1d0b3a71272e378f55941675a644d9da274638a6ac434ff6cce759dff2690ad0
step 25 2d9191d55e7fb350a99d7f5547ca622fddb51e1197b1cda245247e136fde86b3
step 26 59ecc82c53deaf7921209d7f311c5f97e788c5950cd929064e1b889653dabe8b
step 27 9a154463c5af389b599e320f349d929317d29f3b6c0967c0c85210edb1b1ab73
step 28 ba17281f08fc9b2adfd7b0231fe66164553135e5466147376a1bb5c48e3715f9
root ba17281f08fc9b2adfd7b0231fe66164553135e5466147376a1bb5c48e3715f9
msg 5c07001cccc528004de4e48a12fa512617d52c5e4e348152ebdec1294658fa39c2df3ec6b17c50e06d0f69190afa187a68b94cf3bff56f99d87d8c551da79e0432df10fd6603
get 00830156c1aa29b9c0b685fc952f14221ca6e017a10a011b86ba31b401f70c00 null
get 005ca9fe9ae208bd42daddef50731cd279f2cc0041a87a6317351df759fc46 null
get 00830156c1aa29b9c0b685fc952f14221ca6e017a10a011b86ba31b401f70c007f1b9d5d16886bdde9972e29481d3b92cc2b4f49bcc4b7b255d87a6272a5fc80ac5e83428d1039007b41 null
get 005ca9fe9ae208bd42daddef50731cd279f2cc0041a87a6317351df759fc4600 null
get 005ca9fe9ae208bd42daddef50731cd279f2cc0041a87a6317351df759fc46007746287859458d3c73a01a cac152498b45297457a639e8af80b13267737fbe1c9acda916f9287a8aa6b7c2
get 005ca9fe9ae208bd42daddef50731cd279f2cc0041a87a6317351df759fc4680 6f74e0400b31528233b7537f3a0076f90a3a943f245f5d5ad5811398410b6c87bac9cbec6e2c58c0680bd50ce3c6e9043459845d8cbac86c9c7dd2a99b29ccc0f146add3d8e070ef69081f2142d0456c6e7a4e292ce1f0386b349e083912cee91a2c1855a62b95eeff66b087815a9467452561b2b149b84c9cb7c2b1393c99c7636835f040485d841e727b3c6486337010f916e2a22ea03e14d1fcb6f09de53c94e92b2d4372051f83e9eeb2407430afbdaaf070f020acfd0c70a13527e44753f41fcaea4224d847925217548d742a3e5355b3ab25de48b78c0a4e578332823763785bd54d9996cf52253e9229cf05c1d6219ef9cd0122d0770958cd0db3a1e1dd
get 00830156c1aa29b9c0b685fc952f14221ca6e017a10a011b86ba31b401f70c00a1adc47f27bd7c4ccfe1c811 54afc07142a4a68fbc547f608a6b93cd4f287c814737f5eac1b9b724f4946b57901a
get 00830156c1aa29b9c0b685fc952f14221ca6e017a10a011b86ba31b401f70c d7
get 005ca9fe9ae208bd42daddef50731cd279f2cc0041a87a6317351df759fc460054b1dee45b1488381bdfb8 81c8aa135695581ae479ccc6363673592d01ebd998e4520ca59869e4a638398a4b
get 005ca9fe9ae208bd42daddef50731cd279f2cc0041a87a6317351df759fc46001243b04730c56377af35dc90 ac532d3964
get 00830156c1aa29b9c0b685fc952f14221ca6e017a10a011b86ba31b401f70c80 585ea900e0ed865873ec358056ea6095045aa4bb
end
case unitrie-32
step 1 fd888a07da11a0c2bf7d802a2f6b1b70e9ab9ad5ee25436722cbb0ef81253ed7
step 2 56e81f171bcc55a6ff8345e692c0f86e5b48e01b996cadc001622fb5e363b421
step 3 31133343a397c6fa51674cfe3e55bf1cf689fa36c726a2769fbfe6125700a13e
step 4 31133343a397c6fa51674cfe3e55bf1cf689fa36c726a2769fbfe6125700a13e
step 5 ac14000631f55f079423dededcc0a53eefe5f7f9276a0b59da35876851dae778
step 6 8fb220e6825872158d2e9c257dcaa5d73d3e8d9fe7a1a9e3dc86712742b06f6f
step 7 5881a788d5a5a47a84340d432fcd376045dd7b5b88713e438b1d9977fe4d3c18
step 8 a26a88edb03ff120fdcf088ce5b8f64be690caf78802f0bb161d5398aa116662
step 9 ad9db05ab8f2a09ee16ca3e9a25aa12a5c8695913cd7933b76f6bba43b84c1e4
step 10 809303edebbc4c14238692e0263f468bbdacaec0bb31e5cf20f78add3aa40775
step 11 3ebff641cea0591f82e8e7ef63ebee89c83943dc9a952871fe816c1168e75950
step 12 1598a59ebf010cb58ff40dd31efcd3b8ef7ce486535c09a3506a95197426b919
step 13 c4bc6e96d92f1653cae47987ef626089c9d6bc0249e4ef4b3e7622b254eed95a
step 14 4c9657f4ec6993f24e22c1d70f6b500da6752c633fc48dc2176a5ec5c65c18da
step 15 47edf392e2ecce6ac2c15358c04704945a76bfc2943b188278806484fe1f89bc
step 16 47edf392e2ecce6ac2c15358c04704945a76bfc2943b188278806484fe1f89bc
step 17 d886fff19662619eedcd878f3e89ce6df99a078e24a256a9d6c7d3040d15f266
step 18 578e16f166139a452e46a50e175b9e6226136abfb0dbd1d795ae800f34da9873
step 19 db8ae9218b7490428bc2ea8ab7c25573b34cd4211aabee8a6ad1898e06ecc9be
step 20 312b98f4d4c961c57cf7875d15c5ac772d4e4dd0370e3b05e9eabef7a08410fb
step 21 8dedad904d365cfd90c937019885e7ffc1ba48949de1a8dea1bfd0b08a8c0730
step 22 cd297fd4d99ad40504e08b5e29688e0817f2ca0066b0ebfebce6eda10679399f
step 23 81b39e580909065cd2e659f29a3f894bb7eb8eeb8ecbbe99657bce882746373d
step 24 9007a32dc061e68dd3b396031417b6ef6193874b41ae73aed78ac0ebadcdcb6a
root 9007a32dc061e68dd3b396031417b6ef6193874b41ae73aed78ac0ebadcdcb6a
msg 5c0b000057d4200e970182623c71e78672fceb2744c8ca86f3b0f605b61a5876b377a99d4e56362e41dabd4347f409a22e76888d14b9469f209b75630935d48e4854211afd1d02
get 000bbb57962a605a84f0dd92d5c699d38c2833c8fab72b815ca2380173d223 null
get 000bbb57962a605a84f0dd92d5c699d38c2833c8fab72b815ca2380173d22300 8147ea
get 00e13b3c4e447906c0f1619d5042e5bd3d6be7c5cb6b25fed75df3d291a02100 null
get 0000c0398558905be64e1be0121da454939111f850d022f160fa4c494c788800ca4fa0df81948c318bbdff dc
get 0000c0398558905be64e1be0121da454939111f850d022f160fa4c494c788800 18f3185c71367776b4c7c772d289613b7538889ca7e5c323b28d9cc5a1244e1e43f271fa64c50b3a7911c4254b2551216f433de05756084c7e08400153b4fa62
get 000bbb57962a605a84f0dd92d5c699d38c2833c8fab72b815ca2380173d223003571d0640b4da94a46649b 57d9685b64abdf5dfa4ff9bab8dbea0cbd8c7349abff02f2530d64fe3b59cdbde5df9efa52724d3203c2fe1429f17987474e50cc166b23147a14b62b658d8d0efd47e478b17f8e83fd83293f9e7e15458ff8e79ac60379d60de024f4ccdc0fd360ca69ef3a8eb098624e26f91c48ae15727e75ccc9fb16b718da741f520c7c2737bf951e93cf603b114c3564a2478fe9aec441c46cd619df5d5b8eead6b8a7535499aaf056830f78844988113564d88e03d6cc208654b61e37b307d9d693b06d300e82f9eed1db03ea1361b774af3fca3abd46a2e2dd3fd886653c0355ad3d4db347a7206adc26404ba4f192fc43172aad48408f833c81b4bd3e39c613eb98e7b6
get 0000c0398558905be64e1be0121da454939111f850d022f160fa4c494c7888 null
get 0000c0398558905be64e1be0121da454939111f850d022f160fa4c494c788880 null
get 00e13b3c4e447906c0f1619d5042e5bd3d6be7c5cb6b25fed75df3d291a02180 null
get 00e13b3c4e447906c0f1619d5042e5bd3d6be7c5cb6b25fed75df3d291a021 null
end
case unitrie-33
step 1 db644ea31dce7a2637c310fc6c2d0ffe73dadd07e3858316639a8d1ea1ad7801
step 2 3802bb4dc5f3e2a24327bbae24fabc30d62a4afa574880a983d70e22f8872f8d
step 3 427a4c3f9fae55ed858f2a7b8ed57dad34f1cc59da49bc25e3e990dd94b848d4
step 4 3802bb4dc5f3e2a24327bbae24fabc30d62a4afa574880a983d70e22f8872f8d
step 5 56e81f171bcc55a6ff8345e692c0f86e5b48e01b996cadc001622fb5e363b421
step 6 960da4eae97513928769f24e71ba34ff9cff3bd5f8ffa98cd0d8e1259cb8b531
step 7 56e81f171bcc55a6ff8345e692c0f86e5b48e01b996cadc001622fb5e363b421
step 8 42b87460ace7b7520c0f3c9717980c20902f77e6d3d8d8e639ee697d09b31a54
step 9 42b87460ace7b7520c0f3c9717980c20902f77e6d3d8d8e639ee697d09b31a54
step 10 56e81f171bcc55a6ff8345e692c0f86e5b48e01b996cadc001622fb5e363b421
step 11 745b59ae323f50ac2c95cf0ac2cc418c79df1b597f216a5da281db92a88072a1
step 12 62e04528f2c8dfc73d04c53de53c7ddfde069395303e1f10e1ab68b6cc6f8a88
step 13 745b59ae323f50ac2c95cf0ac2cc418c79df1b597f216a5da281db92a88072a1
root 745b59ae323f50ac2c95cf0ac2cc418c79df1b597f216a5da281db92a88072a1
msg 50e000d121e4f99c6905e5135941c982f6fe6aa65dabfdd3b66c7b79b84e7b8b4700c50620cd1448f7c7373acbba605b
get 00b58ba4b1d4543f8f660b1b1b9296413cfecc64300baaef49806b12ed93fc null
get 0065823e480ceceb05477896de8dd4ab0b462c4ebc16acb1234264b87a16a600 null
get 00b58ba4b1d4543f8f660b1b1b9296413cfecc64300baaef49806b12ed93fc00 null
get 00d121e4f99c6905e5135941c982f6fe6aa65dabfdd3b66c7b79b84e7b8b4700c50620cd1448f7c7373acbba 605b
get 00d121e4f99c6905e5135941c982f6fe6aa65dabfdd3b66c7b79b84e7b8b47 null
end
case unitrie-34
step 1 019d4b2ad2d3c01c2f8c17b60a009e082b297c56d158881524544c8328e5906c
step 2 8a2b0cb3d2e2172a158d8769bfedd94957bba17593202d12868a3d4846bfd86f
step 3 3ccfe95c2ccf53df8b42eb28c9cbeb31bfb357537d913af4ef580b5f7d6ac478
step 4 2d6c999b14ec8fbb0586adaa5cbbc29c9cc52bdfa160a857f00ebd592a5b1713
step 5 081aed9ba996a3128e12ceda8e9a8447f4675d6d7577bfb82f143c1264828586
step 6 e12ea61780d2389fdadbc73994a743631e3c0c7938e64f568d7c271b4d4ba485
step 7 5bb3d89600481d9136187e5c2c2851c2fdeedf86ae5be631c390c0d08d3bc938
step 8 46680347d62a875c1da2dfa3a8f40cf47734891d766a2040cac3715076a882e4
step 9 83bb54c5fa3f4ab560666f182bcdf5504db223663562a1216a1ee17e07118cd4
step 10 1b00be95e912448527f83e9054bfd1e90ef7de01c259ff18103b6701d7b0aa3d
step 11 6e0c80c66b6fc3267e4c1ebeb9a86e3aa6863fad3966d62e03de2ed175d7837b
step 12 3e0232e32ff56eb413fea87c451dc3eccd1ad54bfb8f750e0aac7f1b37a9308a
step 13 d019dab23629c5b5c16758a613953124cb5dccbf1d19336606ded3ad997f9e95
step 14 3289a29b835f192678b8b56e3b75b7a31ea11a6b57ee5f5d0b06b001297e5722
step 15 ecb9888c55e9f5702277bb65f4e74815d98cb769b7d418644e643a231cafecff
step 16 7ee4b66402196685b24a1e9112c604ef3c001fba05a14d01866b990df720501d
step 17 28fc06da2bcd2813f8cccb789d3a4916972953b084b60025f6f713f983d79ff0
step 18 d5fa290fb9412e4891b5e15fafc6a40f134cb3e30c9f47c7430b947ca08c079e
step 19 6dbef6c7b9528dfa3b7f4cd5eb9b6732a4d94a1861d0a4e9cd37830bbf36fd44
step 20 807ead640b52fe9d90454a1ff2e96bee052a655c8c9281b9b1e62c3de3538835
step 21 48f77d8ba238fae4d26b747553be08516fddee692feadf72e90001a7c3a6d245
root 48f77d8ba238fae4d26b747553be08516fddee692feadf72e90001a7c3a6d245
msg 748000a7cbedb4001c2fb84634fbe824cfe58c7d06a3fe865ef1b883292a8add910048ed598a65bae70531304cdfb1f78f857acd14891d91a97db28b1fe4b9d99bebb5a96180daa8bc24a6b12190c7f99c6a6f6f74a5fdbc6e4fd55a4d30d723b4a982000064
get 00a7cbedb4001c2fb84634fbe824cfe58c7d06a3fe865ef1b883292a8add91 null
get 00a7cbedb4001c2fb84634fbe824cfe58c7d06a3fe865ef1b883292a8add9100a56311c58662420c645db2c85e4a0745dd073ae7528340f6682544975826069d302a73c55c81921aaf13 98036049a13d29f4bae9a2e274b184d1f08b1791949ef5f6744fdc4d198eca1e5b
get 00a7cbedb4001c2fb84634fbe824cfe58c7d06a3fe865ef1b883292a8add9100 b4b8fc79239f6fe64d8237954d71c11d12762efc37d0946564bbf385e85707dfb6b6b94f8d4070ac1cbf707986957e01e5d453348e50a42f75f35342d9eabb7cc687bc97c0a1d7a59238b1a6a05073ff332db80ffca8249ec62a341fb089de1eb48921d2
get 00a7cbedb4001c2fb84634fbe824cfe58c7d06a3fe865ef1b883292a8add9100c957aad6911493bc85375f7d fbc0
end
case unitrie-35
step 1 1678c24ae21256053c460b786162f5444158577f29cf7a4178b7a0c53d389ebe
step 2 56e81f171bcc55a6ff8345e692c0f86e5b48e01b996cadc001622fb5e363b421
step 3 7526ddd977168f4d751987b4975491efea9b6f7eb3866b26d3e5d0c3f3fab2ee
step 4 6202b79f1747231672b26631436b12b1b111700c1ba32ec9f777a9652f1f6b73
step 5 f0efc130bfbac21b0ebc824f1774174e89409efa6c56a6fb46f775c88d0a801b
step 6 d1efe5117209355aaae1eb0f1f904cbc2398b4b54517cd1208b2f81623210731
step 7 7ba16dfb770d011adb3109987b3e0adc061a71a2f2bece72b12c8b1465941c56
step 8 5b0c2ef794b5e38bf1c618f912c9cb1ba2845b882e28b04c0754407b8ad9620b
step 9 f3b7c4c3dffda95e8853d171e25655729dbaf1b14a073ba9181fcfc3d8e46975
step 10 635e7cad8563cead9f059e616c8a5b55dd3028a7e779d3745536f73cb3aa95a9
step 11 50f1c45fe7bda13973ba692aac733cb54cf0d9bd0644b945d06ae06c4b7923c0
step 12 0e30826fbefbf111a4fdafe37bce40622299bc2ab8463c44768fee94abe10218
step 13 bac3b37aef77dfcbed358f172ab7c350e1bbaa7bcbef991e6d68bb103effa1e5
step 14 856e94e1f385651438a1f73be7178b5c7064072601b66c712e43db512a1391e1
step 15 0518f2a24db9f0250cd6187b348de46d2f923d1e3bca247fd21ed04aadefa24e
step 16 56e81f171bcc55a6ff8345e692c0f86e5b48e01b996cadc001622fb5e363b421
step 17 a547f86036966389b7ea43953792ee66353d061101b57cb522960b334584336d
step 18 56e81f171bcc55a6ff8345e692c0f86e5b48e01b996cadc001622fb5e363b421
step 19 3b135e95c61a65a499ce116a9a3344e16c474ebba4bb67da0cf80ef540156a9f
step 20 f25c00413d6354fe15475d9c8d3a05b6387cd24093c4c87e7705e28c0f3f494e
step 21 1a1467a50ce8f8fec5c93bf10cc6dec30984fcb86658f6c05bf984ca9a2b237a
step 22 ab05d8e7fe6d96f9b99d2b6c4bc38f80ba3cdcef50c04c6dce1537a2db2e58e1
step 23 22cce5345c76ed66328948323c6b74e5859ae2b62bb3be4c7229e45cc101f23c
step 24 ef639c88e708bfcbe2755edee5fea358aa2cdd0feb51deac69a6f61cc6b41c97
root ef639c88e708bfcbe2755edee5fea358aa2cdd0feb51deac69a6f61cc6b41c97
msg 5c0700a34715d98c509beafeb810f6b867cdd51d4f58db025b27d0cfcc8b7dcdce78d0736aad3a5bbec93e254eb9425937db5fb7dc7152ab68ea2bf0641caed787f55dfda701
get 00af8364861bbab463f18d2a95fbbd18eac323d06e17ad85cd8d73b9749cd1 null
get 007b00afbb2eef079498e97ef03579f94c54819786454a99e9da8422c95fa700a39b20b7e0afcc56cb5a60 df8a1a286001fdbebb6e4b716b921eed8dad6835
get 00e5d45d66b52468d54264a8715b1ca2c34ad8b47e3f717cd8228d1610bfcf80 b346890ef02074220319c24a5380d3c3833125d44098511b7c61a5a586485e1a12ae9385419f3007cd11946c881d9f9166e2948118614f5f4d686ae4052d535832038de2e1d9ed4a5ad9be2f1084d8504cf22564b9892c1e358b89dd1090f5e7fa761fba
get 007b00afbb2eef079498e97ef03579f94c54819786454a99e9da8422c95fa700210cad47c2367b0d4d90ef 39ae
get 00af8364861bbab463f18d2a95fbbd18eac323d06e17ad85cd8d73b9749cd1006ae9cb4e6eb0f77c2db3fc null
get 00aceb4776e400b266fc881b348c24acf6ca9b87007aa0e3b94793fb7a3ff100 null
get 00959a852c90a2a8a9fe1c7eb09577cc9b6e2cc91becd9ffcc84446b988de000 null
get 007b00afbb2eef079498e97ef03579f94c54819786454a99e9da8422c95fa700 3ff579d4cd88b65a7a01af360b6da9294effa40c262c6ccc6f3e1dad4a3c9d1d36a5e2d5e325929a
get 007b00afbb2eef079498e97ef03579f94c54819786454a99e9da8422c95fa780 4f
end
case unitrie-36
step 1 3636d646e6fb7ba0115567ce2bf4437b91ac1b8b46b4fd82fbe4e8d9f829a273
step 2 3e77d529e89fd821b654d64bde5bd628e534246e0ccc1a4b446a9f737680a843
step 3 3636d646e6fb7ba0115567ce2bf4437b91ac1b8b46b4fd82fbe4e8d9f829a273
root 3636d646e6fb7ba0115567ce2bf4437b91ac1b8b46b4fd82fbe4e8d9f829a273
msg 50fffd5002006cabbf64b659691f30905ac0b271e5130828d6798d7c9dc8c23686731dae008659c4f742545f5630b88471ae96b1f69e697dd92455211bb07b715a9c5e20975c69012fe7adac56fee4264c7c30fd56b5f21bbbb3b1b4fb7838ca147e22ae8799f4a63addde38d5bc19
get 006cabbf64b659691f30905ac0b271e5130828d6798d7c9dc8c23686731dae008659c4f742545f5630b88471ae96b1f69e697dd92455211bb07b715a9c5e20975c69012fe7adac56fee4 264c7c30fd56b5f21bbbb3b1b4fb7838ca147e22ae8799f4a63addde38d5bc19
get 0015cda78e8b9bf331072a0de9edad0d95df18e22dd0b9187118c4a6587f3d0093f53705eb20d0bd649fa1 null
end
case unitrie-37
step 1 3cafcac03822748aa07170cb3431ad7f812ab40d1f49eea7b0af50753e2eac8c
step 2 e2bca503640ee7ec634bdb0d731dd2dcd196d9bcdcd94db54d8e52d9ab4e398c
step 3 547f416e00ab8128c9cdbf8974d83856a08e0db5e1ce84b207203da1e67df25a
step 4 034839a2364808bb8f718f4e7e55b5cdbc5f5210ef4878f617138af2208af5b4
step 5 31b9240e830086d2612efd239ea43f50955a027af9dfad8eed1848bf867b9cef
step 6 034839a2364808bb8f718f4e7e55b5cdbc5f5210ef4878f617138af2208af5b4
step 7 75d7d2aa8c17ca692ed72a780cde8b452c67566cc2054bec630f83c1ea8afc8c
step 8 7e6bc3584bcd3b318ec03c97fc7a9294c44eed069c57314d0f7d8db09fa8c436
step 9 d03b6d8886db33cc99f216dc42db900b9d711a91c55f9f8802164d18a0756d1c
step 10 6fc71f167e077491f705fbc75a3dc12d647585c39061395c51d1002fbf39aa50
root 6fc71f167e077491f705fbc75a3dc12d647585c39061395c51d1002fbf39aa50
msg 5d07004e167aa2d126d9632275965819554ba5b8d7f98f4bb8a959932f51d925408a4c26507778fa03bf1ad181264fde66e44472b3eb03d6d6d5aa9b2791268e2c16029600c0855c5751fd7801
get 00bc7d01df8d68c09327ef3372223959f581eb6b6ad54d93c89347160b014b005583a9c75fe616b2971cad32 null
get 006cb9e5b939c40e4b84d38423c5402aa2738a5d54ebd1e227c0b262cbe3b0009f6d7755090fa649db019ea4 f0a25d635c404cff580790c362fd34e5efdec24be7ef7c7928b64dc22b0f07
get 006cb9e5b939c40e4b84d38423c5402aa2738a5d54ebd1e227c0b262cbe3b080 eb6a85eb3ff0e4c85b280376c4322501e41796c0ac9a4076e3b986503773d58dfa79764d490e9afa
get 00bc7d01df8d68c09327ef3372223959f581eb6b6ad54d93c89347160b014b80 null
get 005a19605bb282102a933e2076bb8e95e7746145666a34c98c5d4f7f544d39 462a40
get 006cb9e5b939c40e4b84d38423c5402aa2738a5d54ebd1e227c0b262cbe3b0 null
get 00bc7d01df8d68c09327ef3372223959f581eb6b6ad54d93c89347160b014b00 c0855c5751
end
case unitrie-38
step 1 4467133abeccc99e1c341a69a848a0fc50161551e0c207735436712d930f7bd6
step 2 56e81f171bcc55a6ff8345e692c0f86e5b48e01b996cadc001622fb5e363b421
step 3 e4adf867bc0c7816b7c6750f6ae6c7d27ee5a3c1ec9184749963e62bcaa3b2f4
step 4 64c6590feb05a34b8f5797adf194fdaf767a203b1a5e4c65df244acd161b3fdb
step 5 56e81f171bcc55a6ff8345e692c0f86e5b48e01b996cadc001622fb5e363b421
step 6 b61f37829e34634bf6a432fe19f0f49e29ba5d5329fdf14f471c753810723f38
step 7 f5dafa3cba8112d880c586d1d53919b536ba6e663219235b7ada39a487d4d5f9
step 8 d967832b5ee3612f22551cf7335d22e8a7d15669134691d8bedf4ac51eef0b35
step 9 1dd51f759efb70666425a8b1c5a25acde46347c8a8b3cb907fe283dd56b1b838
step 10 1ead0360c1a7195ce9c441c813cd33a443679e919fc1607205c35b46bd8bab88
step 11 87e30c1aa7ea6686a55be0714d38afe8e5ee9aacb68775c4701ff8706d44f6f5
step 12 21f3aba5d206ea2ab5a5d808ea14d69e6086ed9ceb9135b5837fa683d66c5298
step 13 26322b491f6ba72e20d8a15de2272ecec3ce998a7a51e0683f7a54af0afaa597
step 14 5b580afb82b3635302275f65bf0b160c197955b40cfdf5b7c77f12d680be6ca7
step 15 ea83e28d3945149ec9d9eeea02701a10c956b634085e05e2a7f7523f42bb749c
step 16 d98f4f68e86ad94e308bffb91eca3acc6aa7e2d4de17a82216e133ea4721c003
step 17 899ae72273ee07804ae1d9faab6107eecea9094b3468856a3b6e661b2579d41e
step 18 ce842573e712bae7657a8e80d0d07e3ce0d826e3c114acb187472a29bf79d7ff
step 19 2083c154999da7851ed21391b1d86ea26e675d3796a0879555390852cd7a3e65
step 20 8edd5ca11c777e796aee8b4299233c75c1015b6ae007153febd1a577100863ab
step 21 b295cc38796a42e43d729c122b8f6ee5f63c25c4defaebee88074e46d27bd249
step 22 8edd5ca11c777e796aee8b4299233c75c1015b6ae007153febd1a577100863ab
step 23 e2a99e89c71dfd36bf550d880a461242da542b8a7889339cb63266fd666ba0ae
step 24 d1f28eabd073398681a674556a8bb840b55490c512c7308ae23dae17c876684a
step 25 f72d26e5522e6178a826c62f46ec155af8556d2309145ae8fc4833f284d0a814
step 26 058bd4834b84e10494f36f2ee40da415a3cfa82b1d4d1121a1676202189a8b43
step 27 1feee57d6c4e2bcc88857861cf2a438c777bd684c333c743687fe271affcaacb
root 1feee57d6c4e2bcc88857861cf2a438c777bd684c333c743687fe271affcaacb
msg 5c0700726bad3f1d986326330ba8cb61a2e846c4f386c509045b232afc06837a3ca7be6d701b156288dfe89372d17ba02d1fb8871490d6f0b02a71ecd81563a2d9e3e3fd5302
get 0039fc3c77528beeb57a2d02a2ad59fc571ac141d980bf3b5eacb51d18613100 null
get 0039fc3c77528beeb57a2d02a2ad59fc571ac141d980bf3b5eacb51d186131 21c73263b8c408f5e198e98de65d3f2cda3facfa6d2cbc168db9a7ddf9f28122bd8295e4f51c68af
get 008c19ac30d462ca62bc86805582da25792d01619646dc8da655afb8a0038d00 null
get 0001350f1480e21ee567ec7c22965e629aa5bd0a6e23302d8e9bb6451a2e1d80 null
get 00f5328b3ee42c135621a0a7db195cf1a4727e37168475fcfaf7cf007b0ec2 7105255e29ddb4b181c56881e829276ca7ef105af10d14dd8f90af78f83d9e800762
get 0001350f1480e21ee567ec7c22965e629aa5bd0a6e23302d8e9bb6451a2e1d0038ff3929bfc90be4e913a4 null
get 00f5328b3ee42c135621a0a7db195cf1a4727e37168475fcfaf7cf007b0ec200 b3a60bd422dcd0657e52b833154f43460b8e165488559cd0a848bbeefd3cd5
get 0039fc3c77528beeb57a2d02a2ad59fc571ac141d980bf3b5eacb51d1861310036bd5496ee1187dae6fce6 51b5b0
get 0001350f1480e21ee567ec7c22965e629aa5bd0a6e23302d8e9bb6451a2e1d 3216
get 008c19ac30d462ca62bc86805582da25792d01619646dc8da655afb8a0038d80 4435
get 0039fc3c77528beeb57a2d02a2ad59fc571ac141d980bf3b5eacb51d18613180 dd8152c471b477dad9603d37908e2dd289f1217bf07ff213afda654bdbd7f1
end
case unitrie-39
step 1 5796b57d5b0bf2d7a79b5f82fb86d82e6a9c7024ab54dd81d4d3bce9735da8c0
step 2 5796b57d5b0bf2d7a79b5f82fb86d82e6a9c7024ab54dd81d4d3bce9735da8c0
step 3 56e81f171bcc55a6ff8345e692c0f86e5b48e01b996cadc001622fb5e363b421
step 4 424fff3b5ad75d8882c21de0f1ac231618c3231f88c5630f84aa57abf2e788f5
step 5 56e81f171bcc55a6ff8345e692c0f86e5b48e01b996cadc001622fb5e363b421
step 6 19074a87eef1bc9bc1419a9f78ce6b94c185d7de3767c4f74794bfda540bf5ec
step 7 28ab947f8d1808f22548c2679658bfabeb0936eb64fbc68ccb0a21dac0f8db64
step 8 1342b636d812469809a74cf1f01d51ca4be1eddd441f86e5a08caf97429bda5f
step 9 65af11dccafa83f744da18792ce47e63b8a9a086ed9a32cbb9dd4f11d9c37b99
step 10 1342b636d812469809a74cf1f01d51ca4be1eddd441f86e5a08caf97429bda5f
step 11 28ab947f8d1808f22548c2679658bfabeb0936eb64fbc68ccb0a21dac0f8db64
step 12 03cf01f9ef41100074733022d64829f091b3dd6db00becb79e75444b02f2e525
step 13 6f6bf635f0f886c123e6160b82b6b33db0456d7bf313abbd71b06f0899296980
step 14 2c440e8b18e3fbf129bf08bb0c1ac618625891a5796d4de725f588a6803e0d60
step 15 11e11f7d52461dc3213f2ccdbce6051b02095cbdd8b37f3bdef96f5d9193b1b3
step 16 05bd2343174443e206489491941086dd254f24da585940526af0f6c1f3eae7c1
step 17 2e15ecda1f695b95c53cf673a17713fa3ba3f746f40c9379da51d68c787694c7
step 18 e731a4e9221ede23ff2f82d9732a6c6df339f63ed9ad2a103d4094b080f797f3
step 19 7b7a14388b2d90e81a5c3109114bffdc14dc4b5a02394f24c785329cde3e2157
step 20 2d736edb51a5924168e8c2e77a76bbb5d546e16af4aa1a47d9dba0126a3e6676
root 2d736edb51a5924168e8c2e77a76bbb5d546e16af4aa1a47d9dba0126a3e6676
msg 5c0900c0d0370452de147c28f741b2ee054c7cd8c86b375979dda82bc4019ca276849a0efa371764bc9d62819aac2a41f3cfe9e0847a1d0fa7a538939ba147280c43e109fd2c03
get 00f69cdafbc5ea7837d5b643f4c84e5a4a1432b32ac4e7bd947c65f9f2351080 null
get 00edb299dcc08b6af79005f0aa5b54a73e31931cb298466d42e0726d983945 cd46fc15d5170e6ada3fe8f338c67f48e1715e5614a4ea64740ce831edb4c1027c
get 00f69cdafbc5ea7837d5b643f4c84e5a4a1432b32ac4e7bd947c65f9f2351000 null
get 00d82676b4eb0b25dd6dc8401d18bf18da9a03613a7b3a3bb352e1ecbc5a0e da2ac4c8bdcfec758c515573154b564f6618f3a3431a73cad173d4145e1c3cb55b278749e992af712284490fc37e76c07a822838215c960b1aaa5fa715e7a8335332d08099d69c9d0e67f77e09977bafcb6dfdbd320ff80b85e468c8c075a98cff3f9ec82c9224409a961be125a477ccc5623d4bc1e90ee63a5a390bfda0df38d57faa953e9b458ee12af1c6a3f04ccc4db410cbf3463e489429bacc8dc8eab142de96c045db032cfd5e44cae30919713ab00fb323e7e328ed087fe495f57278b48d26c0274c6b964133df8585a9efe029deeadce7f03fba88dac79f6e722d0fdd49f54cc1f2efc9333b8bdda6bf4fd67eb9bd66337d531c2ea4386fa8666ae1ab
get 00f69cdafbc5ea7837d5b643f4c84e5a4a1432b32ac4e7bd947c65f9f23510 1966cbb3775cbf32837aaab1
get 00d82676b4eb0b25dd6dc8401d18bf18da9a03613a7b3a3bb352e1ecbc5a0e00 null
get 00d82676b4eb0b25dd6dc8401d18bf18da9a03613a7b3a3bb352e1ecbc5a0e80 5d6850ff0aacc32865005d2e63967683366ff43a72fab2f0fb25ec80b14d1030
get 00edb299dcc08b6af79005f0aa5b54a73e31931cb298466d42e0726d98394580 5ecd95d3df
get 00edb299dcc08b6af79005f0aa5b54a73e31931cb298466d42e0726d98394500 null
get 00edb299dcc08b6af79005f0aa5b54a73e31931cb298466d42e0726d983945001a4d82aee734d1e26b82c257 a01ad43c4b3ab485b1b4f2713378737b672d58c7808c803937be8e612b4f400c32
get 00d82676b4eb0b25dd6dc8401d18bf18da9a03613a7b3a3bb352e1ecbc5a0e004b15306a5b530b678247ee7b cf4ee292b27d5e903534975a
end
case unitrie-40
step 1 b07c1fc6a010b8c6928ac1558f19659c0910c729cade34996bcb1f5b14da1fb5
step 2 439233698a08305ce9eaa3b55cdb6884bb962cfc452bdbb6b1773adabc7fea03
step 3 57c94bfd667a3276c63931a33f79d8761e41eb35cbb584288f14a72364effb94
step 4 0a3732f54b4588164fdbe5a66ba50ba79421118432792b8f76781a67ed7705de
step 5 d018627b06311a7153447c356deab44520347064ba4a88f739597d08e5530c2a
step 6 50688c67f935d66ee3173d17883a9dccf6f566bf1099485467fa895320a2d9b2
step 7 386cd205873f326ed9b7e8caaae9fd2741c765f1dca670ebb86f5ed16b7f1b02
step 8 614f97788ad6f4ee9b7b9345c2a106001ae2f6c623431c7bfd1b5f095f755d4a
step 9 a071440926d5816aa8921dfde31cae9d5b6a1365653f30539e1afa45fe0055f4
step 10 fc8f8bec33be64924a0ba022654fc242d21e7d871ddeb0105d4607f6198534c8
step 11 91a4de86149e09f95e4dd11f1ad07d150af33937e1f43aea9f4bf909b0c7d6c0
step 12 37fc4bf3584d3bd84d4221785cccbd225cad52517ed89dca077312e452f07faa
step 13 7a92f71dc2bea271c43b35cc7ce18d0b260798fd190ef17fd30483e2dd8cc950
step 14 915a5f4f3228126d2558cb95cd18b391df8d07e8a7b730cbb99efb1175d8853f
step 15 44c9863158262002ad46d978b76e7750eff0bfca6f81d6e0dab52da61c329b38
step 16 829b227a79955d0631539cce4acd46e6edb4e29a041332f5344933d6855b9bc0
step 17 d6f79ab03d7ba43be010fcb368b5315b989c603fb88fcd2f0241a01442f9c84c
step 18 7aa920aabbe52062791ba09d933a4d90e22b8d748d1b084d0f3faa634d831a24
step 19 cb183347fc8698bbbc614caf1349c6b0d497926590e3a082d02c2373d8827e96
step 20 8eff5d3151315dfe89dae313c34f4e4f242ebf566e3b5674d21eb61f023a167c
step 21 66f62fc1e562820fe5a4e2ba0b03ad2ef2681089130cad85c2c0675b8893bcf2
step 22 3c0134d04605692b4c589e08268aadd655c458ba2aaa80a7cef581b141a5048c
step 23 5136f17058d514c6f9579bca1ba43da4ac764db2e413c1b950663045ab0d14d6
step 24 5136f17058d514c6f9579bca1ba43da4ac764db2e413c1b950663045ab0d14d6
step 25 8436f26902058cfa543087e44ec7bd2ba9942872995b5293210cf92559b41162
root 8436f26902058cfa543087e44ec7bd2ba9942872995b5293210cf92559b41162
msg 5c0700fb15698f9f24e8dd5c477ed3d1cf523a9d7bde8fb4e8f3363c7eb67d3f373c75487fd8f387317b2db8ced0a80f1e97faa6272aae47c7de1dcf1db5b01680704cfd0c02
get 0018e3da55f657ffe844714a522987a89ffc38eaf17f0971c316af19346a0500e0735910d1f41a456afb4362 b65720eaec5a3643162492331d66fd651eea1b5d500caba6433194794022a1
get 0014b9a00c123f0d737a8e6b564835c361e2be3d2ea973f78d47c4b49011d5 null
get 00af7566dd7b46d13460bc58582dac91e5d1870199e1cccd18614df760b58900e3217d07a3762b348fe0efc584f17b46845f6568fb23c24e92fd02293d992820b749ee6df6c9c6731baa 9b
get 0014111cb09013160a26eb85cdde5a5a2e975263b4490f66d1e3824f3ea69c001301462dcbc8e387afc883 fdea
get 0014b9a00c123f0d737a8e6b564835c361e2be3d2ea973f78d47c4b49011d500 null
get 00af7566dd7b46d13460bc58582dac91e5d1870199e1cccd18614df760b58900 22a2767960968307af3348123cad112c9ad61993
get 00af7566dd7b46d13460bc58582dac91e5d1870199e1cccd18614df760b589005b609e108a4156dc51fe9d null
get 0014111cb09013160a26eb85cdde5a5a2e975263b4490f66d1e3824f3ea69c00281a662445bd74bd3a68fd4c4f2ac7ec330bc99718da74224b373ed3295cadf22a52bd610b6ec06a8130 null
get 00af7566dd7b46d13460bc58582dac91e5d1870199e1cccd18614df760b5890070cae3c7bf4613c2915d58d8 e6
get 0014111cb09013160a26eb85cdde5a5a2e975263b4490f66d1e3824f3ea69c f3bc33
get 0018e3da55f657ffe844714a522987a89ffc38eaf17f0971c316af19346a05 348102
get 0014111cb09013160a26eb85cdde5a5a2e975263b4490f66d1e3824f3ea69c80 null
get 00af7566dd7b46d13460bc58582dac91e5d1870199e1cccd18614df760b58980 e13c096a4fdc4dfee955097247a4b5efc37f4904aacb1908ad638bfdacbeb8a3
end
case unitrie-41
step 1 5a4d538965b793fc8b8cf0f5afbbdc208f5259134e6d04e6e84064df25704fb4
step 2 5ea8e2e316534b06013fa07d4ce64ac67c7256c56a6303949accaf46a328f6e5
step 3 6ebd4e8521dfa005f29e3d9c188aa4a4815e5ae17c956027f5c1257e32e36515
step 4 668206af96fb6ffe838668f1b9e6fad0997057f4136a5ec98494cded3a2820d7
step 5 6ebd4e8521dfa005f29e3d9c188aa4a4815e5ae17c956027f5c1257e32e36515
step 6 cb0536b7e1dffe5dd5269fdaf6a50c934d0153047693f90953d665d23f8e0f6d
step 7 6ebd4e8521dfa005f29e3d9c188aa4a4815e5ae17c956027f5c1257e32e36515
root 6ebd4e8521dfa005f29e3d9c188aa4a4815e5ae17c956027f5c1257e32e36515
msg 787800197fcc4cafb3d190b1d3ec030b6daf4988e738655ba525839d39a8e46c9d78350226ee7eeb56b47cc6ff598a27df4976c7603581a4e2b8b56b1db85be29c2faf2ab4b506efd10b8361b9650a06f8aa32f89e92b27e14dba425c2b443580336000040
get 00197fcc4cafb3d190b1d3ec030b6daf4988e738655ba525839d39a8e46c9d ad5f8ed3f6fd143ba972b367788ecbcde8a34d287c48f712c6f8e497365df82ae6a9b67d792a7abad5bbaf01690fbe91c2eca4b6a6ea818def14de1145cbaea9
get 00197fcc4cafb3d190b1d3ec030b6daf4988e738655ba525839d39a8e46c9d00d2710fc8053fa9d7f351c5 629ec6e0f6f9f7038e74d537d91a29ec269fe373938243d56cd60d12bf0f5500
get 00197fcc4cafb3d190b1d3ec030b6daf4988e738655ba525839d39a8e46c9d005972855c4d2a40e1b08ec9c5ee2e7f52cc57f8421718358b69ca61fd549b1160318c505d6159af61c3b4 null
end
case unitrie-42
step 1 dd97b6ebffc51005818521b106ffde802e248784ab7aec281eab080f6ecfb16c
step 2 54989b3160f0069fa8fb1cddca16f8543dfadebe210642fb389fcd51436416b3
step 3 847446fb26166ad6608fc7a98dbd42bb1571ef54edd96c16f1276c06a2110373
step 4 847446fb26166ad6608fc7a98dbd42bb1571ef54edd96c16f1276c06a2110373
step 5 38a93372c4f9a8e687f6c744d3ac4a6ca74068a758823c01cc1a282e1ab9ad04
step 6 cd2146a7a6226650c48942d2b1a705dbf509a8b04eadcd81d46b003307f6f374
step 7 2b1d80d6f282d1492897aca5aae360266ea12351f65d7d1f7855cdd5ab08df57
step 8 550948ddb2e5fff15935f111700cfbddddb99ecfa0157a06b39fc751eaaeccfc
step 9 2b1d80d6f282d1492897aca5aae360266ea12351f65d7d1f7855cdd5ab08df57
step 10 887c20483ddf4d18cf02150e2957f7cff6f4c5cf295f7c231bc6d5f346379e15
step 11 f9fed0666a23a6cba29ebf2fb537807caacb7fc9e1f65190d65a7a4c6d866499
step 12 08586d2797ea9582f716393fe11831511f7bd14f4d94a0ca3d488af26da80535
step 13 59699598bc0b014bae91300e8f2d67d39bbe0ce697aa2fe28ffb62229a571b69
step 14 8d8ad20ce04633ef8fbe19c70834e81c33f7e97c47ebc186f3f4286d397e24d3
step 15 e28ba7686eec30f172b5dbf2da32b5224265d25310e202799634548e670fb1aa
step 16 2ab73b1efe135da0d8744122142ce4d45393c7e15ca6c80b4e93bce5d24f3f27
step 17 6b6aace529414fed4a8fd3f07e82219b6c209d0f50ddc99e8062f320670a822d
step 18 62c706979a34c37918ffca1b077226df0b239e2a84a800e5647d7e8a232ec799
step 19 58cdbc5417bf5c1112276beff35f5292d9234e035b558f343a38c3da00ec9365
step 20 d0bb0d24b02bc1ffca07bfd080d8ce0587d0d64d6bf3c440d5e571ceef58ad0b
step 21 d5100155319c192f38a5e103f2e23b7f58d48a6142114b48dc35d3806bab3438
root d5100155319c192f38a5e103f2e23b7f58d48a6142114b48dc35d3806bab3438
msg 5c080000b0443d7934ed9aab6fa2724a287f14d19df048bc44078fd7ef9eff53e21c890f51fdacea15954a332919e774f63eb0f13710f7c09f69343b6b2c86814609e393fd3202
get 001446cb65c93fe0cb3696af544769800c4cec1d89bb088ba3f6765377604e00a682f5d6a8c52bb8c790cb6c null
get 001446cb65c93fe0cb3696af544769800c4cec1d89bb088ba3f6765377604e002a69571fe6363b51d0ad2a null
get 001446cb65c93fe0cb3696af544769800c4cec1d89bb088ba3f6765377604e0037c144c5695a37aab86700 a2ed9a61d984520c4cf8d2b40a8a7dbf64199795f47cfc2338ef1207c8ecca30acc0
get 007ee3e032cae42f8078f56a217e9746a3535ecbdbdb6a510ce346b859b46800 0b27893310ce607f5acae74e764f966ffb30383abc6a62142dbde603b2a936da
get 007ee3e032cae42f8078f56a217e9746a3535ecbdbdb6a510ce346b859b468 79e5450be8d9cde6b9ee9bee77da6e0a3d0f615f1d0cb0365a98635aadc1c1792f2366b4dfac73b062d63463a94e6f9265804b46bcf774f11a6293472d3a01bf3bc61b2af854857604a0434b52692459c03153b286522c98a34920e171decf088a5d947e
get 007ee3e032cae42f8078f56a217e9746a3535ecbdbdb6a510ce346b859b46800e1e9360caf8de006814b02 null
get 007ee3e032cae42f8078f56a217e9746a3535ecbdbdb6a510ce346b859b46800e8bc2ab8a983cd84299dc335 eaaf119729da6d99fd4a6fc15c25c90370d6c1b5468778182ab40a40a77c2c
get 001446cb65c93fe0cb3696af544769800c4cec1d89bb088ba3f6765377604e dc55a029b6139e188bf3fe7952fea448737b025fd24254f5528163afde12d1ea779d3a9d3fd6ea4fb65dea3e750a4b20ca765edc18e2e3e7f1d91a1c91348763
end
case unitrie-43
step 1 ca33e423989c9c61eeb89bc412bb440cfd0c385994c137bef836d2401d3c83e9
step 2 8054ba920f90221082fb31729c15345c06505c3a93294aa4d832ce7b33325ab4
step 3 c7b2b156c01f2ad5bf2de48a2878b2807ee731e7bf332b8cd096c522f924e923
step 4 71df4c450eb429870c55915d82d88faa5c4dca988144764bd889628d33727990
step 5 88546bd932264ce712d4bafef4fba21450cffb97688c86dd773ec44c070ae79e
step 6 6bde8192403c700016879e57be0052689de42994fe3e911c4fed8632cf6d54b6
step 7 ad864f23e132e3094f3158696e8d83366533cf66381818aa706b4caf032abd76
step 8 d8e7945a7f9868492837aec9c865abc156f421af816e458df5c0ff6b3a60d0fb
step 9 f6bd4483b268e5e8edd4251f1ea84d068a1971ecb33bb40df60d90d636a6c924
step 10 56e81f171bcc55a6ff8345e692c0f86e5b48e01b996cadc001622fb5e363b421
step 11 740ce5f3130f490f66393f7915239ef5d3a6f6570b38b4b895870d9ae92c78fd
step 12 56e81f171bcc55a6ff8345e692c0f86e5b48e01b996cadc001622fb5e363b421
step 13 7c079cd4b80f3bfbac8f1813eb907b8be36756022423ff58a7920a1c59e48979
root 7c079cd4b80f3bfbac8f1813eb907b8be36756022423ff58a7920a1c59e48979
msg 50800091e8ff126bc44388652f50ef2017a57cf56f15ec5767066c1bb1e300ffb18068
get 0091e8ff126bc44388652f50ef2017a57cf56f15ec5767066c1bb1e300ffb1 null
get 0091e8ff126bc44388652f50ef2017a57cf56f15ec5767066c1bb1e300ffb180 68
get 0091e8ff126bc44388652f50ef2017a57cf56f15ec5767066c1bb1e300ffb100 null
end
case unitrie-44
step 1 c735f517a30b78a7c16011e0bc4bf05f8a3b9a30e960032559a4da1527f7fac0
step 2 e590de45131fdfa08c7f2d68e96ac0858b8e0291b68d96be5a6b48e5f34b0091
step 3 9b2fbe6475def1a41c9cadedf33c013c656b00d9ee8a1d9e23d3dc6700369789
step 4 c38a5cc7452afd71db460373f5843c772aa2566c926bbddaa5701a63431c63e3
step 5 a07abfda1099c3cd08a95cf173b7d6ad8b1876fe5f4fd97ea439b5b94dd2321a
step 6 0180f0134af24b976a5bd908d110148503ffc8846b877d41a8c17a006b63384d
step 7 023015c0dde1d218b76c86cf5c5e90b67e0f64ab065b62ef70a077a77e23050c
root 023015c0dde1d218b76c86cf5c5e90b67e0f64ab065b62ef70a077a77e23050c
msg 5c0700a7ccc2db34d7cdf4c00485a72841bde4cce681e99069dbceb0006a5bc851a9c62b4d3da5176021fa33c5c9d7d340dbb71c34ed4a2070755ca7d2df31a54085b5fd6602
get 00e1687a98cec4ee26db8bcb709bac173458b1933464dd04e340809b48cd3900eb822c649380a20345b9dc null
get 00231fba445089414b06e28602baa8256b70e4ff11be9b83ae88fa6c3bfc71 bab5a3619559a42730841d78c50f5cb70c249c477eb8ba4b59b7fa5e60bdcbbaff4886631c03ea4d
get 00d8177d23bee020bf6cdc56df09cf67b6fb5b18766fb7645e163ffe7d3b47 bbf0eb392ab5fb1ff4fc12464226a991388ff7bf7275b6bd72120b3c8af7f2c5
get 00e1687a98cec4ee26db8bcb709bac173458b1933464dd04e340809b48cd3900e8a36b1e90737252be8c3d 86c505ff759a4cfbc75b732a3c34c215145e3294578ce271902e82935b31cde000f152c06c3232ad
get 00d3d7e97c61d6c214aef9b688d449ec621e8ba3f08cc27a6d065d32970b06 99c38c906e09a75f30e778cf90b3c50f56b990b03c992c043bb4807292b510eac40c0ecdffb9038b
get 00d3d7e97c61d6c214aef9b688d449ec621e8ba3f08cc27a6d065d32970b06002d45e149d380d716506263 3a41df338004bcd59c2d92fad630fec3c072120c6d98742bc615f7e0f502ec
end
case unitrie-45
step 1 67e27413270b99a278e74400e2c41032462b0af64dcef79bcbcddbd95a7c64f1
step 2 a2815186f781019612c7c46b7a3fdb23c5c021808f1810ae9e2739fa5ad15481
step 3 e4ed7705f31fac6ec4281d536eccc75ce8573718d5be3b70365fb8953f4a7ee3
root e4ed7705f31fac6ec4281d536eccc75ce8573718d5be3b70365fb8953f4a7ee3
msg 5c0700c89f8e32abc680fc58103ea870189ff01e1460ac1809bffa10957b10b443495cb15f161dbafe41fc25d8ba597337c94decaeefb96ebe077d6aa0c229382ac170c7
get 0065524246504de5746037cc31898282e9dfb738e0fcabcaae55b05bfa83c300 eb73b5f77d1ad803324fcfc761c0e75ebc5cd1f87d8b01707c458d5a98d3ae70b066bf89dc52e750
get 0065524246504de5746037cc31898282e9dfb738e0fcabcaae55b05bfa83c3 85cb
get 00a12a1a2b8c9ba7ae353c82c971749b37723546f57d5890e3d52d8f67081600a44f65af6dcd2ebb032d98 66eb07
end
case unitrie-46
step 1 93e4f65fea37d1825cb383fa95e8eeb6515ec6e07f21787ad6ef937cbd8de43a
step 2 56e81f171bcc55a6ff8345e692c0f86e5b48e01b996cadc001622fb5e363b421
step 3 6ccce7811b40f9846c45f1ab2a62bd40b1b749697cd898622a5641829ade3552
step 4 56e81f171bcc55a6ff8345e692c0f86e5b48e01b996cadc001622fb5e363b421
step 5 10ac26b1a34337e669f72fc78dc8205b4b57223ac6cdc6c443ecb1f2790a20c2
step 6 a86ca9702edafec7e35a81053710efe63fa2502d8a7f45e3c43874992e815010
step 7 e87f6fdf012a9ac864de25dd5ee987f3bfc2318e0008d4c38fcf8c41a86cf4a1
step 8 ce25d242424c706c2686d65fd0932b99fa11c69adc2f38629531022dea2dc92c
step 9 e87f6fdf012a9ac864de25dd5ee987f3bfc2318e0008d4c38fcf8c41a86cf4a1
step 10 96fedd130b8a419e5d089f0fc3e2fb1b4639eaf6140776ca4efea95ab63cba98
step 11 65d632b1c4e26e474d5bf2a9e93fac1c0cca1784fe05786213e9923a981e8d44
step 12 ef14b2f8c255ee32ba60d4551fac45894d7126c81671787668b924d9f906c9c1
step 13 92ed8918ec14337662046ff17276c904e59a8b095f356851b6dd7860200bb76b
step 14 cdefcf9406eb8b17d708d14c350aebd52ebf814a6318c297090997666055531c
step 15 4499ff74c1afaac61f33684f3fc1b549a221079d68ff2c5ef6de2fe619a897e3
step 16 d4c840246bc439568541cfa4c2e22e2b269c9190b2249d9b567e275bbaa146ca
step 17 6b6d8e1e69b2b1adf8a5ce6dccfee7ca94441bdb4f9da6f21f9093073e152391
step 18 70775166434fbc8aae6b641e66087f44608f9e9d877f17979c4f30b09068761a
step 19 7a27da7adf0a744093ef7860014757e2a2a504d2c6743fb6fb0aee29d4fa1e01
step 20 70775166434fbc8aae6b641e66087f44608f9e9d877f17979c4f30b09068761a
step 21 0fe567974187b6154cac627745dc83d89a4dbcc9af32ea55322e5ad96cd6e362
step 22 775da408fb4b61d69c1f5898186e7b7c6ad612a0997839f43aa3e0d11df9e516
step 23 8d989fca5c14581a2299e22ce68aebc031197037cb08f1725a2015128ff6e79a
step 24 651f8e282a4412a78d332808c8b190f899111ce34c887c9e8c137cb6d6bd1161
step 25 13818dc36eb8df49a0edf4f1d94d62db7fc91036078597c774ee21ec378e7219
step 26 db287394ff4cb2019b4618d5d8e2e451b75ca3fcd12cb69a7b2c792c7bfdea5e
step 27 a8336ab9f756c3cc9755af19abadb6946b52b625cbdc34015968e2ee7c2f1aec
step 28 7a85d6005b65858c5c99647cfff29f38719ed8db5a78bdd438b1c6bb32838915
root 7a85d6005b65858c5c99647cfff29f38719ed8db5a78bdd438b1c6bb32838915
msg 5c0700b5f662d6499c0557ea0e553a8e6ac63536235aef403dbba129cff7b8a86ebf9f1cbb89188bd1b206beea0644df7ccd59e4e5cf4f1cf144e2b5bf676a39511537fdb203
get 009d977da466dca6fc11629aa9ff18fc2018ab504f55ae87e06f426225ef6980 null
get 0053ac1af9f004c62565900c2f7e628af660306b7b2c3533d8efc8126e9c45000870198778247685515e78e9 null
get 009d977da466dca6fc11629aa9ff18fc2018ab504f55ae87e06f426225ef6900 null
get 0053ac1af9f004c62565900c2f7e628af660306b7b2c3533d8efc8126e9c45005c675a3b2e644f405e9836 null
get 009d977da466dca6fc11629aa9ff18fc2018ab504f55ae87e06f426225ef69003592efe313ded1c972369fae 76c243
get 0053ac1af9f004c62565900c2f7e628af660306b7b2c3533d8efc8126e9c4500eecedfd3f12999f250e814ab cfbfe54ced7b8aa794b2320027fbd5a2c6333563a88b3944cf16befadd2b04378f
get 0053ac1af9f004c62565900c2f7e628af660306b7b2c3533d8efc8126e9c4500 b86e
get 0053ac1af9f004c62565900c2f7e628af660306b7b2c3533d8efc8126e9c45 e66363f306ddf4679e50674036b9a213231fb0b1e003b92f24b4589f04b832fbdb62
get 009d977da466dca6fc11629aa9ff18fc2018ab504f55ae87e06f426225ef6900880f7a9c7c238d45ce7f741b3a0842459b5eead78d9ff5f6f8eb1ae3efeaa9ae84cbe97032aa3ae6e1f8 f0fcd9b19fd6c720b74b64347cf2ea3896a89e6d90f5e2af9b06b34725776b1e415ffc4d4bf07e80e02409e23b0d3424265a0282b767e982fafc130152562a6b
get 0053ac1af9f004c62565900c2f7e628af660306b7b2c3533d8efc8126e9c450014c027e31866a4a7142b55 057ff5d4494e7b2b7c481fd6d3187bcd9c2fe5d387060d21436517e24ca0d1155019039e917d31189600daf084ab6038e81598a58ee3df122f96c03f812e0e0cdb3d319aded1bcd3bab03c6cf45415bce661cc5ffb517b4c07f60101876e3bb6d6035a9d
get 009d977da466dca6fc11629aa9ff18fc2018ab504f55ae87e06f426225ef6900d7a044675384c3ad8b4a46 694448abf90f172be5b5cd8ba3c5e046afd7671bac745f605bfe946db24f9006c37936ad6019468e
get 009d977da466dca6fc11629aa9ff18fc2018ab504f55ae87e06f426225ef69 5059802fcf584f68522e0337686c10534e83d5002e6394313243e3078d190f2377
end
case unitrie-47
step 1 e51cd3ccbe468bddf56ebf3eb9b58714997b254cf594122058473888f6978c9c
step 2 56e81f171bcc55a6ff8345e692c0f86e5b48e01b996cadc001622fb5e363b421
step 3 97f24c88c82ef4dadd6aaab9f99290c70f7baa57fe8a33d703b10da445e212cc
step 4 cec0ef0e8f5ba1b023765437463ccbec939aed5a1d7c56d38465e44525d3badb
step 5 56e81f171bcc55a6ff8345e692c0f86e5b48e01b996cadc001622fb5e363b421
step 6 727d957a23c500c266e6accd984f26d35ecc334f9fe04bbb11550def2f6bf241
step 7 56e81f171bcc55a6ff8345e692c0f86e5b48e01b996cadc001622fb5e363b421
step 8 bf7068c6b2ac1d14f9f7a28ecd9528f1434faa7237c77c09c8acfad10897b9a9
step 9 56e81f171bcc55a6ff8345e692c0f86e5b48e01b996cadc001622fb5e363b421
step 10 a200427f723756627790f2ecea4fe4f5b100fd4f78d14f7581b79f45f67c86d2
step 11 56e81f171bcc55a6ff8345e692c0f86e5b48e01b996cadc001622fb5e363b421
step 12 54632d498f8c40427a8fd6154726b4294f95ba42bdc8a95a4cd0fa7d7ca73a3e
step 13 a4eb84cc97e9f9aeccda25947e6d3edc4b4e94561574865bb65b72b568ce143c
step 14 54632d498f8c40427a8fd6154726b4294f95ba42bdc8a95a4cd0fa7d7ca73a3e
step 15 0af9dec61285335bac9ca7a341ab544db0ed4d315792b4b09f6e2cb71a84ef95
step 16 bec9e38d5a9d3eee217e73abe14af7c8428949a91f87abe010fc763f267a6c21
step 17 b6c8f9957cf92b77892efd2896c88311aab4fc7c58d11872fb13af09354a6c67
step 18 9e1f2b9b64e2b315b352836bafb009b3c023af373cf4b7b180021640e109c199
root 9e1f2b9b64e2b315b352836bafb009b3c023af373cf4b7b180021640e109c199
msg 758000f139feb0b9f0fe4bb53c89b62826cea20ea48fb3c0ae29ecfe4464aae797001150ff572587b02a9c608bfbfc76d2be1b5311061b6477ecafe33c6e64d7143c1c7f2036ccaa3cf8d87aa0550eecf3e67a7031000028
get 00f139feb0b9f0fe4bb53c89b62826cea20ea48fb3c0ae29ecfe4464aae79780 null
get 00f139feb0b9f0fe4bb53c89b62826cea20ea48fb3c0ae29ecfe4464aae797 null
get 00f139feb0b9f0fe4bb53c89b62826cea20ea48fb3c0ae29ecfe4464aae79700 4b9fc70287862b38da34cfbec13a99fcbd9df51d5cc261b4c3f901d3e606e3945388223f9bb2b71c
get 00f139feb0b9f0fe4bb53c89b62826cea20ea48fb3c0ae29ecfe4464aae7970092c3d8154e3045fdfe3b69 be1b53
end
case unitrie-48
step 1 004395515094c5e2b53c63b399e8fef47df620d24fedef1ed24370f0cbd4f999
step 2 9fc44e6912b041ac27d81e6a3c912f3b72687ddf4751415595b883c8ba7cbb15
step 3 80bf780b844a9f1a0cda44fbc4e1b3a46331db608aaca41104bccb818b97ffc4
step 4 56e81f171bcc55a6ff8345e692c0f86e5b48e01b996cadc001622fb5e363b421
step 5 11bce51af277ce69309462ccf43cd58b4c69da6aaade6f26ad2831712911fb82
step 6 4847a4115a30c9e204f8d6bacfbbb6d6b396dacbd6220afff3dc93dc5a793dbf
step 7 01df2e08f322682ebb9c3bdd355c8ea605b19403ea464f9d1b314e7a3ffca1e6
step 8 7387972f14a199106f95d79aaa8b0e7a5c6435b70bd1d3373e36547732cd2182
step 9 890dd349a5143c427459f9adf7b98b074d389f6db1820f70c947738e21ecba25
step 10 0a1736672149892830aed59b9924da6c70ce0aaf76177ffa58d02a42305e89d7
step 11 b696759be93b683735e3425654f8753d509d9ebb57603f6a0d7ac4321eb21aa7
step 12 b696759be93b683735e3425654f8753d509d9ebb57603f6a0d7ac4321eb21aa7
step 13 4ed08abffaf8052ef8b75a7d0e33bd32c6f0ccf0116aef863ba9e467240b9294
step 14 4e9897943a181035f007d5e311d809d8dbe013c83e030aaaf00f85fed7f7f69c
step 15 7d890911483d4b4b33a1d298ee52384e7efd372c65c5d6a26212085971ca7ebc
step 16 104bf5de5924e5831af4a4e5015c9a78ce1a7d40128ac0ecfad9c73dbae0e552
step 17 5b7f45e702e49991fc9dafdfade685a9038babb75e41e5760807c24a3a5be753
step 18 4d7fe0513c195c428b4338faec389e93ff3d9fc1a2c5a5f7f8b62532f796c90f
step 19 5a2d271f8cc0e927f838b5d892c9023a793665f7395815f6e50ddd3db4c7a0c2
root 5a2d271f8cc0e927f838b5d892c9023a793665f7395815f6e50ddd3db4c7a0c2
msg 5c07005334f3f4b03451c081cace10ac6b2994b5fe91da4a7b5d2dc0e4a02e81fc6d51b89c9a12768d3d13d7a4c7f4a76a2935da4b9ebeacaf22e79e50ec4bc2f2ff13fd4205
get 009be37a23a20da798ef59b58ba2770ee9fc65fdf3d75e04cf93f606399b02 bf353e3b79d38efd2f0e2d21
get 008f647b6399b1273f2248c3474f0eabaf4c41c6b7771acee6341ec86e406c008e68fae379fe7e997553d7 841643f7a5db05f25c58578d
get 009be37a23a20da798ef59b58ba2770ee9fc65fdf3d75e04cf93f606399b0280 f66c15ef0c0f3dc1302e31349248bad96c23d9baec1b2a4d1ede069b43514892c6
get 009be37a23a20da798ef59b58ba2770ee9fc65fdf3d75e04cf93f606399b0200b47be1ffa32c37ea23e7c3c3 c7725d28fd3e1d1adee6b7f96e37f430606108cc6c19dc1e167118106c5e055eb7406d6b62caca27ac504601f9b0ac94d6c7c4058749cbdde67f48e55f83e667077d939c16bc00866ed6023278a95a98daf365e6e1cba8778e66a38bc022dd43c41d476a
get 00591e3f13a760ad0bc887648889b6dad0548e1e3f56711bdb7531e3586a57000f7bf98ba45ff564b57d9a c865a8b25bb46a65b410e7e1c3f21bff311bbaf774a5764a8d4c2868fe72e74a16730ab0fb3eee4adeb2bc56d53771d9349391d743a9f9206285d193ae5c9173d8698c26c62b7fb4797041c4c86230de21d29ed33deb85716adcfff8746cdff234d396124855ca037e63df781c14ceacdb539a11a64e64dd0915d3cedd0b32020f93196df0fca728994231d2519d7de11479184d00de7a6b3cbc1214a6f64bda8850674b543241ec61c467edd83a1d132c3807c66fd5325e9709daecac5678cc86da2c95170573c91decf20e4773a004592087335fa58554a47c823cf1201ca38fb7122f7cd4dcc9532212d29eaaf97b78cbc68da476d9d0f56d40d84812377120
get 00591e3f13a760ad0bc887648889b6dad0548e1e3f56711bdb7531e3586a5700bdeffaa3e30764961ded07e83495474dcddc9941633b1ffba127d7f3616394f5238543dd0f9b97f3e78e 77fa
get 009be37a23a20da798ef59b58ba2770ee9fc65fdf3d75e04cf93f606399b02001d6f20cc95e95d392b59c83f de725becd5cd6a75e98e6a8ee7bb81e0bc86a4616db7deff8927058806c8adf8bfb7
get 008f647b6399b1273f2248c3474f0eabaf4c41c6b7771acee6341ec86e406c80 30cc324f6c97e3221276cf770ab6775ef28e86652c69ef3dcde8b56fcbb5bc
get 00591e3f13a760ad0bc887648889b6dad0548e1e3f56711bdb7531e3586a5700 null
get 00591e3f13a760ad0bc887648889b6dad0548e1e3f56711bdb7531e3586a57 null
get 00591e3f13a760ad0bc887648889b6dad0548e1e3f56711bdb7531e3586a570059ae86ef721833c92b8f8b fa9e
get 009be37a23a20da798ef59b58ba2770ee9fc65fdf3d75e04cf93f606399b0200b66608d25d5cd41d7ea757 26c0f3e9c88f9d4f83e555c649c4b0f2faa862bb
end
case unitrie-49
step 1 b876f7be1054b36400f63ceed503b553f21f8bc6914cafe31fa23c8afb102c25
step 2 b8181485a369a866a5dfc5911795321c82e9fd65e88cc2c30f8c191d7147e75c
step 3 56e81f171bcc55a6ff8345e692c0f86e5b48e01b996cadc001622fb5e363b421
step 4 213cba19b7472f437ef2bb1326ba290fec6642cfb8d5c1e4d84be6b20d83bf22
step 5 fa5b3441ad05d6dd5bafffd4c16f4715f4134f369bec17728bec51f46f05d810
step 6 057e40508c1b2d273ea3250bd8b8984affd870cf9e940ab1e9ba5a65a3357a87
step 7 beab6cf0bda09508616f4cb5d58e83b4073388aa6869573f968b00bc25dd6f00
step 8 e19bc4dc3252de16f86d8abc39aa30759f72a2fb445459b8dc736bb87bbd2004
step 9 0fd24cf5f62d5973692861e4623307dab6e1cb661a565b627e5bc6edda6e7816
step 10 06340662a3a94af37ff2c4a43d89f8c90baa61483b366177aec414291c97c29f
step 11 0b04274ffc18cb68961b4b7c302a0ed77ffc1644c162694bb39218c7b49d4bc7
step 12 f5780411becd1306cb9d417db3d028e02bd52c399d68028455c80c4930c5c1b7
step 13 60508c1142985f3740c7cafe45dfbb550d9feedb17f091a6ed5f75be1818fc38
step 14 53f1136e933252895b3c0622b45baead5092c8395d51d80287d59d1229c505ca
step 15 c12df8005d2916a4e0d3c0ad7411c977eba0cb39c0f5b0aabd8645b11a19dd4a
step 16 7dbeb6887ef5e5046f076ce84f3bee63e0ce7aeba89eb7d59efc3b148beeb3d7
step 17 6688120b71185e916ff16609ad1db1196a97a511bbb9031c22b322906a9263cb
step 18 0f8e1d45657a0c6a11878317042aef8bd933d70fab81e2c43dc4e5d2cb027afe
step 19 a988541177f9b7450c2544205c6a828fdda171505828c8bc3d293a69ee79fc17
step 20 cf3c5d89a00834330ae54d77b165fa17f197cdb6674f9768838f41841baadc22
step 21 ece5f78b21aa1617d616fbd86e4afcdca7d14de201c6f2844ad6362cde6fcb4a
step 22 a41dcd9e8a49af66be9dcc2ba23acfea1adc071cf03b82189c1bd8d805c206db
step 23 31e5ed10926400318a1d6236d32db43f4e8cc36496ad1e5464bf24c16c4d1b3a
root 31e5ed10926400318a1d6236d32db43f4e8cc36496ad1e5464bf24c16c4d1b3a
msg 5c07002abfe9443e6ebbc3ff827b38761a079382c52318df7faf9a50c62f7d9a7d29f9162d050613bac79746309e14210b1a93e3ccfbd53e260c4d86cc26c07b7f5e24fd0e02
get 009a2b1830610bec47c1128f8691b12b9027b7eb463f1d71d081f6bb149328 411692754317793780defa27f2cd91ef6f52ef002fde06dfcb96dd8fa985f956538f8e9ea73e77be87da2742a8af18149128377f4b83cd182a2c2b4736bc6f3d
get 009a2b1830610bec47c1128f8691b12b9027b7eb463f1d71d081f6bb14932880 b39d83db6e981a97cd700748
get 0053f883a020c71595db059cd793dcb2f7de2f1f92067eae6bff7c4c9ba61d80 84cd
get 0053f883a020c71595db059cd793dcb2f7de2f1f92067eae6bff7c4c9ba61d 629fa94d8f63bae49cc8c43f6856586d1d173bb807c5ccd292c803929e7a9b
get 00ed44ce55323fe41703ee1dc8a5dce9d342512c8bcaba69a375124bc1865c 5e478f0c78
get 009a2b1830610bec47c1128f8691b12b9027b7eb463f1d71d081f6bb14932800 null
get 0053f883a020c71595db059cd793dcb2f7de2f1f92067eae6bff7c4c9ba61d00 80afd947ad81b00ed2cb5f916c490847dbf2047dd2d0ba377e57643441195dab
get 00ed44ce55323fe41703ee1dc8a5dce9d342512c8bcaba69a375124bc1865c00010e7ce515c0bfed241f8c30 null
get 00ed44ce55323fe41703ee1dc8a5dce9d342512c8bcaba69a375124bc1865c00 d104a4909ecfee77b2b72f443452f9deb3816dafd71cedadeb09fbc7bad937eb1f3f
end
case unitrie-50
step 1 3df549f4f9b93a4469e37db29bd84c26d14a92d68fc7777a375f233c3ef2dcad
step 2 56e81f171bcc55a6ff8345e692c0f86e5b48e01b996cadc001622fb5e363b421
step 3 37b53848c34a4341c4f31bff569c35d9ee8c3ad0eabfba4966559771f528f232
step 4 8bdd9ce939a5988d2e73ed9b303edb8177c050dd3f800d10a24a703df4502259
step 5 41c2d999482fa537ebd7b112d68a99f64ae4f5cd67b81942fd3feb08b7975b68
step 6 8bdd9ce939a5988d2e73ed9b303edb8177c050dd3f800d10a24a703df4502259
step 7 5774bca3a4e695beaa3cd88a4987c2c6a8587285147072742c5f9015c4461de8
step 8 fc8f8d8e7611880f5830c936d68787df03ced935471a1f9876874c9b6bd2f582
step 9 d061c4bc49197f8b7d766062fdf42cf80285cb0239739827f754e1a4bcb28dee
step 10 fbeca66293cd58ff92a48f4ce82db2335c718393a03cb1b83c5cd4e932e34307
step 11 c6801eaa18069077e4dc33acfb50a1106cefda09e31dd70734a9d842901ad373
step 12 cf70ab6eb3020859369b784306b3094eb74ba2ffd29d49f13ad3ee0e89f641bd
step 13 acd2920b66822b8a49b3b5d2ed07b8cc7d0fb9aa92f7192b55b4f1c973f45a8b
step 14 acd2920b66822b8a49b3b5d2ed07b8cc7d0fb9aa92f7192b55b4f1c973f45a8b
step 15 63356a8044e28e6901449a08a3b0c44268112598e51bc17da2b2dc1d56895cd0
step 16 e371f4c5006430e28ff4b2aba4441bc2a3e6b9a4d14f27fddad2d4fd50f28941
root e371f4c5006430e28ff4b2aba4441bc2a3e6b9a4d14f27fddad2d4fd50f28941
msg 5c07009202e71cd451adcfdb426de4cd2c6747c83718e79978b635e4ed332c47b228313a505390600ed2544c5bf3fde2363b7e1653dc35e0ece8383ee5cd7af2d223bdfda301
get 00b500fd3273e93139bfd32b64af01ef8bb65bbc899bacd51cf670c6a7f1280084f238058006952e5090707b 676850d2e3279cc5a77f15742d3344e393c7f12b8d4873043280bdb6075fb7e59da6b4c7931ebc0f525921d265bb8830f14c0874aba30fd8e1a01d378bbb6c5a
get 003ee294dacb9948dbd4eb4b060867876c2735c7a7e8c6404e86ec2941d3dd bc99664d56f00f67f9f321fd6aa101c38d1a3f54
get 0001ea53aac7dd7b2706d7c6d2a416013899bb979075fe351b4f30e4b711ce00514438c6c0a8b2b82497e1c0 null
get 003ee294dacb9948dbd4eb4b060867876c2735c7a7e8c6404e86ec2941d3dd80 null
get 0001ea53aac7dd7b2706d7c6d2a416013899bb979075fe351b4f30e4b711ce null
get 0001ea53aac7dd7b2706d7c6d2a416013899bb979075fe351b4f30e4b711ce00 e81f
get 0001ea53aac7dd7b2706d7c6d2a416013899bb979075fe351b4f30e4b711ce00e6d49ce0c71e2f11f882fef6 null
get 00b500fd3273e93139bfd32b64af01ef8bb65bbc899bacd51cf670c6a7f1280095165abceaa9e72f0cb686968f5f55e680b95c611679a412c59da38c30ad6578ecb8222b2b0160f7aa91 f62c79
end
case unitrie-51
step 1 4f52b71fbbdbbd85e60046ac8f49053bda9da5a2e94c207b019b742967aaf793
step 2 56e81f171bcc55a6ff8345e692c0f86e5b48e01b996cadc001622fb5e363b421
root 56e81f171bcc55a6ff8345e692c0f86e5b48e01b996cadc001622fb5e363b421
msg 40
get 006183a30911bc33b9606412982effb03088ac28bd654f31e0630dc5321fde00614e338e44557c6c11cf44f39337b3dc37814ef4296039f7655326a4d12dd62790e1673ba5a8adec724f null
end
case unitrie-52
step 1 c17d1d635aee939a884346d6997d10f07c05c3f40a7cb38beb73ad0a84aea325
step 2 c17d1d635aee939a884346d6997d10f07c05c3f40a7cb38beb73ad0a84aea325
step 3 53d2adf06fc7e81b8d561b898c953bb91ee63a300e1453b20d79a8c7cacb3aaa
step 4 e7777fcb1a8ffac7b70a3f36137e634c31a9b10b88c5bcde2ccefb1c77574569
step 5 badae501e6fa4d5f7f585c5a194c45e21062d4b0942542c77d2ac1cbea566252
step 6 badae501e6fa4d5f7f585c5a194c45e21062d4b0942542c77d2ac1cbea566252
step 7 9331688be8ff1b3755768a27a3868980065f5128ac7374de7cbed3b39b5bb687
step 8 2fdd3c6b12b40a8deb01164af41d06d8e93f238f47001ef160f021a355cac04f
step 9 e8fa339ab44e4c209e744b92a9f912f5885e31c66e29f8853e7d4ee91d01c192
step 10 8c6d326149794df39ccc5fb2f70582a8431951665a52514c6f90163d1ba9d66a
step 11 32a0fa3ff205dae6999577ea392cbdb4d2e193d80f3a8288262d267806bf81d9
step 12 2bd4b4ea1c3fc89c3e1be4c1b9dd8125842d54e4ddb8bf8178b6f8fc74f4e5e2
step 13 a1d0376d05e34bd7fc81043cd6d20c7743ce09878db33d8df5fadaf796a4b066
step 14 f55cf16db9c1c928ad1073e99d69b23ea3f425dd7e75dd74e6216bd8ed3dd876
step 15 1eb1f313b015a4d6e8bcfb6a8751bfc54e1d694addfc6adf5e377b673b9887aa
step 16 94da964c853dc342e373f94430123a47d27555ac9ba33b0d308a32f82a172dfd
step 17 7450bfad9efec6f87ff3ba6701b4acf5d795e97c43d423b550f20e44887b1c01
step 18 0bfa5b7bec86a3b0fe50bfe13b2496b563cd121ff221fa3ac5e7382752acb69e
step 19 81d365937242f4aa1a871e626bbe6aac3f6ab4c01aceb5a3be08edfc73789533
step 20 bc2e4fc398e96a724621700a56f5825ac16b0049aabebf0d1899b55f3deb958a
step 21 c3bd99f19edc08b99d607d3fad37690adb86999ce5aeec79ea1067d53edbb03f
root c3bd99f19edc08b99d607d3fad37690adb86999ce5aeec79ea1067d53edbb03f
msg 5c0700bb23d9ca15875463acc1ee8e1533f127c842b46f7f4e136dbf8073f6c2aa294f0ec796011f2d3a9bebd345c0659f0b5ae0525a8182fb03a8a1b9fed2cec288fbfd8005
get 0098f8edc95c601fd70e6a0d488f5957f7e97e63e41b3a1431e4ae3547fdb7 c3c6669e4bbe4f5c75b4dbfeef394c596865d4c4b7b5e08ef3a585b4b542fd
get 004651216548da560c7447bed7cc478cec5485190fbdfeb16082271a88a6a2005c4768d43f9ce5282a125d null
get 0098f8edc95c601fd70e6a0d488f5957f7e97e63e41b3a1431e4ae3547fdb700 null
get 0079554b76d2b9b56ef17db67cf215eec68d7ae7b7038f2c61bdc7293ce1a300f76d7a72b3630e7ce9f5b9 1e4c8ac40c2c28e6bc38f1bc476cd9eff96f944cc4c43bb9408be416dc9cd6417e
get 004651216548da560c7447bed7cc478cec5485190fbdfeb16082271a88a6a2007a5409c497620810a8b5dd null
get 0098f8edc95c601fd70e6a0d488f5957f7e97e63e41b3a1431e4ae3547fdb70079a762c2b40b29775b3dd36c16d2e23e313d978f6ff414426854ca837c3d012a3a2c93c31a395dd58fdc a26d1910cdf7a9c812afb87b320fd3b3cb50ab840d4c910f385c96f7f95007e25c1e83b294fa15ca1566fd4a6f2dca0e8fa6f11719872948ae40e3bb9c8e0727
get 0098f8edc95c601fd70e6a0d488f5957f7e97e63e41b3a1431e4ae3547fdb780 8613a507bcad6a98b07bae27f43fbe470875a6146bd9cbb588f5f6120fb415cd4f569dc343b04fd7ebf7eb81da0efe1654601939889c3296e49bb6e5dc717ee9e4d848237407e6c81dabf853764fc31e6ea6656b07e91f71d1e39e22131b6d5c4b147a19
get 004651216548da560c7447bed7cc478cec5485190fbdfeb16082271a88a6a2 b51d58a59bd96626a8752207eeb24608514a073884c48aff0c2847d515f92a21b254195e11f46f5c0e903c1f6b4705a78a128d75ae119c3b3a2469dc3c40ab9da40131a2289b31001e8de1d8784410ce32df6188438667ffccc16e2e8c6a7a1e0072befc0cc9ec63635dfe1f42f88c0ed0f4edbe60ca1f003de00642378e808234e070fa3a99353bfd2423d27217cf03667f942702bc1e992217439dcdc27dbc77d8ca9a768649c1e67ef6b3022428e1941b47fb9363d8d09b874d1736f5695dec537bfecfab26eeef7099b291c861f6f21df604b6f217636384aed9156ec678e9bd83874111251b1bde3a885810965bc97deae211e5c17def64ef614a647f79e8
get 0079554b76d2b9b56ef17db67cf215eec68d7ae7b7038f2c61bdc7293ce1a300e3df3ec6906ab5d517cce3fd 3594f4
get 0079554b76d2b9b56ef17db67cf215eec68d7ae7b7038f2c61bdc7293ce1a3 c448e36e3fc8b3a29c1bfcd01fb3e1bf1af373df
get 0079554b76d2b9b56ef17db67cf215eec68d7ae7b7038f2c61bdc7293ce1a300 840fa283b3985af76cb5221a4ab5ff209d6a651ee322f32274a8a43f24637ea50fdc49530d337fbe92de7164512f5625f21cee0331fd2e7ab6edf437f91e4c3b9be553f5078cc07eabf3f0d21033d7bfb6d79296ba691f17fc6ae9c8907cf53deaf0cd66db167ccbf44183fe9e684d3a75cc0f1cf8727939644b1c667b9a9d1f49f7d1a4ca867d59e903a4ac91bb903178a354044ddb63011f58e58d0f38038d2ec6fdb450b2d928a9b40427e5ad39f2a6d387f20ad2427abc17130f89b80c6fede367c8e5f7833c91d8943f28b34623dbf3eb1286fea939b186167de21a8669b4644a625a6fc4995d064e7280fc5e661c6d03de510672f0643c253311d6782ac5
get 004651216548da560c7447bed7cc478cec5485190fbdfeb16082271a88a6a280 072c57
get 004651216548da560c7447bed7cc478cec5485190fbdfeb16082271a88a6a200 1182
end
case unitrie-53
step 1 742abffd41ec6846815b17d09175b70ffe470ad4ad767bcac6c8929e75ff6d97
step 2 6f13ee20cbc974a0e8790a3ee72a17a8549abc3cfe542b10b9d75c6ba5ef9d77
step 3 ea71329ab4f54cc348c0caa7532ca67d232e66c7f83990445dc48fab93075705
step 4 7a3bec5b75576ea1625f7e17762878c352da5c02012f7f93ee0122e0161d5a64
step 5 742abffd41ec6846815b17d09175b70ffe470ad4ad767bcac6c8929e75ff6d97
step 6 742abffd41ec6846815b17d09175b70ffe470ad4ad767bcac6c8929e75ff6d97
step 7 650045430f41b769cc62831ece387651d304170f7985ead56de292fca4f3f050
step 8 418fc5fdf1683f82a453c738e0e67984954e85f2dc0aaff89b84b2b92b87a4f1
step 9 418fc5fdf1683f82a453c738e0e67984954e85f2dc0aaff89b84b2b92b87a4f1
step 10 582959a2182eeecb17888093345ea319480789c3e8d6e0b5238c8d0a193e36c5
step 11 fc3b4d59dd9094d6e835cc0295f04856b398269200c78ed5ab3c0f8d6f24aeae
step 12 6f52aa4d4a76d548afeca881caa27e5edb4d1ca6b9d02f4377e277b794a6e0b4
step 13 71f1595b5afc6ea22cfc003f8e4bb9b7b2200984dae88ca559d1227f28e65a7d
step 14 415a0bfb933fe152124bbdf6970896d6f744536c01b30cf9240814b549ce85a8
step 15 08a3dc2087f0b060093507e43ba8cf2d0a7137340364f63a735247813afa8199
step 16 f93785b441e800274065c531cc111d4096df44133cd9d6528afeaa3624be5c14
step 17 932c4ad4c0b2d45f77b6f3d31e484d9634f6e4330403ecf2ed3f2a3579babc80
step 18 d2a3ef9da043c0aa9a25e9386045478a63d8f0254cc3d1339995b1c8ef67eaa8
step 19 d2a3ef9da043c0aa9a25e9386045478a63d8f0254cc3d1339995b1c8ef67eaa8
step 20 bdba17729f112e85fe858e90478ffef26bb7eea98ceb8fd22a42dd55179df5ff
step 21 9e83ee0b0f462a58e69e9f77745ac98084f7fad4405fb7f7c2c0f402038550fd
step 22 6f683d23f8b206bc613f453178fa2fd4849846241cde6d45ba32c0bcdbfa858d
step 23 289674b6f89a354bfb720b098229e106ac6b6eec624067f50f3ea678bd59a6e5
root 289674b6f89a354bfb720b098229e106ac6b6eec624067f50f3ea678bd59a6e5
msg 588000ec6500c4ec5f07d72acc17a6a4a7da60a4f37ab085fe479bbe5c0e99da66004403eb492fd69d032e3bf4d2b9d27444db9c7c6082684e74f4e3258bade7489559c5b98c23e15148d16d972235a303734484f06e49
get 0084f07c3791ed1bf4dc9f4063042adeb74008748626f3afa53027b42409f980 null
get 00ec6500c4ec5f07d72acc17a6a4a7da60a4f37ab085fe479bbe5c0e99da66002550a271a1cd0bea10c8d0 c9034cff9e548501a85eb565add054ea0db1a13da9196c30b0154af287d4d93827d9ca425eed4517
get 00017d0f928e6bdb6e7cee234fe5b87c85c9b940e62b24366e1ae4ca7ef82c null
get 00ea798c34e3a0a64f6353289e736b06908080e11dcdaacbab8e2a2d4b102a null
get 0084f07c3791ed1bf4dc9f4063042adeb74008748626f3afa53027b42409f9 null
get 00ec6500c4ec5f07d72acc17a6a4a7da60a4f37ab085fe479bbe5c0e99da6600a7f48ebfed13e3330a57238a null
get 00ea798c34e3a0a64f6353289e736b06908080e11dcdaacbab8e2a2d4b102a0013faf9294aa3eb75c4b930 null
get 00ea798c34e3a0a64f6353289e736b06908080e11dcdaacbab8e2a2d4b102a0080e3583b0974903fcff5fa null
get 00ec6500c4ec5f07d72acc17a6a4a7da60a4f37ab085fe479bbe5c0e99da6600 c5b98c23e15148d16d972235a303734484f06e49
get 006cc6dc73a8b536470c072c29a8687ee6b50e44a14aac46cacb5169caf463000996a159a5be24cc7d6e1652 null
end
case unitrie-54
step 1 ce0275e68a6af9892edd3d80201a62607013b270a47e82464450488a53f9a025
step 2 56e81f171bcc55a6ff8345e692c0f86e5b48e01b996cadc001622fb5e363b421
step 3 e9928798d2d80169242008b41ca504a0bad4b2c1815afd1d1ab2c1fb1ee13fcf
step 4 56e81f171bcc55a6ff8345e692c0f86e5b48e01b996cadc001622fb5e363b421
step 5 c3444f3614f4e31b495c20e23f3d0c3fff4bbd2aabfe56bd7a134b0f61b52167
step 6 4caa8abd2d902cf66086966676d62f2bffb10c534c37ffb5f2d8fae50110d318
step 7 ae1252ad97d3296a097f1e7184ca284c15d4b436bfc29d798fae96cb47df1241
step 8 56e81f171bcc55a6ff8345e692c0f86e5b48e01b996cadc001622fb5e363b421
step 9 834469f56c0ed37bc8053919ec881b9b1c86649023af973c004002dd27469bc3
step 10 56e81f171bcc55a6ff8345e692c0f86e5b48e01b996cadc001622fb5e363b421
step 11 f94fde800464d0e698540b7acc11790b6d904f7f3b1e7ede8c058fa817d16999
step 12 f94fde800464d0e698540b7acc11790b6d904f7f3b1e7ede8c058fa817d16999
step 13 e93f0b02cbdcf73bf19355fefb44e81459b735f4d2dbd6ed6f0e1da2563b416e
step 14 0e2cb994588a4f2c3176d5e6d9d412fc1d91049bdbd1df2b48d6aff405b36f17
step 15 1a372f93610a5c2b35ce3b880d0cf9734fd58b67abd62b28f80aba121dfd057a
step 16 b23e9f6961a9504cca431e0991198a527cb1775df922ddf178a870ef73c58e51
step 17 abb78d89f35c38e5af3be4332fdb395e363cba6e57e28dd16845d8013772dfb3
step 18 164861d85b18edf618ec82e000146fedbc75f9e7f64cadf4938afddbe9dea338
step 19 c592273bffc10fa5171519438e9da2b0017cbdc76afbb993565cb6fca1ecf252
step 20 6c094c73f99428c7c4b251133a47997dcc4298f424612ad5ea07d26174de37ef
step 21 2883a2ceecd6235bd89fcfd2a5733837a051f16796278a63bcc55cdc0c0a684c
step 22 2ab46738ed5bc1f631c8502d30ede180fa014221ba78820ef9078a8a4c21c7f9
root 2ab46738ed5bc1f631c8502d30ede180fa014221ba78820ef9078a8a4c21c7f9
msg 5c0800801d2895d49dcc25328fbc52197e0d54c732113b98d1631a0442cd78dff71183ad0a7ba660ae753fb58d54c8cb1d2dcc6b70efeeb639d4ecef93ba79057ae9a8c1fdee03
get 00a85ab7596651f60c4ba6246f04da7020179655310ac934811fd7999de19080 8ee2f7b77cb5461cd452d95b7e01af75a8a526d062accf3d23d3aa40561cae66f1f8f0e19d80b70eb71b8f2176fbcb3af9ce91458961683bbe8be2c52949b9820046c4e8d071950e1af7865e8e574ac22aeea77acc723db1087a1fd1a2f849f18772109544c805323352eb9a0f97bdf465e4f6fe3b2fb1e7b1ac2a7f11910fecb57bc9686f7a3577d36129fc30f81cfa1ee4b12e2276e864972df612f23e06c5ff1004c8e0dcd92b45b77b97a210845945f8c1715f3729e749505ede79bdf56a8866da47b36ca8b8eb755dd0714c1668bf7d7b19b8dd674ac56dfcfda2cf2909f40752568b368b39479edae5bdb02f222e09a04ee4de24c9937d391442b5cc6038
get 00a85ab7596651f60c4ba6246f04da7020179655310ac934811fd7999de190 d9faf137681f53c5bb61507a552224ffe6704240a74388d96e582b8699ce9a2fa5420903c3d2753f382dfcc3e8a53a8536827c43505b62686da3deba97ad1813e03c8b205cc6953ece34979eba638421b183d31c3a146eb95cc54f2624bf739bb934ff7f4cd3a190a4cdd528d59737cdfa1c18c41e52c0adb3e0c949af4f242a16b201f1861ea769c42fb2c967443fa024a9cfa0beebfc9415fed3246290f1cf7f6814de23f6c352cdf7164519fcf9a87d85f5e2c336c97dcae15890769932e893cfce4951a39a2ae6124450ed8793269ce7756d824e447aa0cbacd5520a54d4c2aa3f4a750e69b40726eed61796db1e20187068092d8baf0a2977a62fef922559
get 00be6cb47cf0d9e16eab58186a7f2d6d084e730e7c9328bcac2f0f2b558a1300f5ee8920de263fc34cf015 null
get 00be6cb47cf0d9e16eab58186a7f2d6d084e730e7c9328bcac2f0f2b558a1300d12beffbb7ca0447bdc4035c null
get 00be6cb47cf0d9e16eab58186a7f2d6d084e730e7c9328bcac2f0f2b558a13 a2f0
get 00e5f8bbe7590600a1fb264ca0f87f6df98c2d15809179f0e88716d322862b009886fb4792de7605f265ba bfc2199f1011c5178a92850419de3cc6c34714eb2d9951e198c4dfaec95b1c1c14
get 00a85ab7596651f60c4ba6246f04da7020179655310ac934811fd7999de19000 3d5274f1bcb71c2ece024bd1107b4c0716c5e21f2a61cad63f5d6f7e22bc63b3
get 00be6cb47cf0d9e16eab58186a7f2d6d084e730e7c9328bcac2f0f2b558a13007aa9bdc3ac55bf085cbefbe1 96d7b70b058ab3a818e20d34
end
case unitrie-55
step 1 5367cf42e5942b29b75b9b73e307ef9b1ba0a0cb917ffbc7b6264d2dc31f2d8c
step 2 24ce661f2cf785c4c8c799fe3a3dc409b0b6de7b248606f5172749edad4014a1
step 3 b1596befa8bb2af2dcae3357c65dac30421fa6c181289e7f25517bf3149e7ebe
step 4 c84a03fee06f94d7c259f1ee6d2ad87150d630600aa516278ed4f708074d8641
step 5 0971159cc5cb08805c7d91768ab991b85fb0a97a88f6339b6d4cd7f210ca23e0
step 6 c2d62222d1c9b57378ea471783c015426ffe0706d0587f8763e469bcb43f240f
step 7 e648ddf721c3f5c7e534a93f406e832f1970e016378c72da5400d11ff8e23f97
step 8 19ce70df3e51c93137659b44fec69473bd418394f1f4779b51571a5798f883c1
step 9 6ca07791ed84ebbb451b82c9e042fda78f944f17939f3bb72dd2fba25288ad0e
step 10 ffb74b33b0719a5b3b5e1758906ebae49ba96e508c082aa544859fea851ec9ac
step 11 ffb74b33b0719a5b3b5e1758906ebae49ba96e508c082aa544859fea851ec9ac
step 12 46ff2eba9ee5789b36e89355c628ab2f36013d33dea11dc45b1115d2006f4d17
step 13 81c2114a2e6d1c2766b4617851da4c48b87ce4ad6190de0113e7d82cfe2067f2
step 14 e360c31b9ad047465d4cc91d2cafcf25b412bcd91db5e9a098783385a845ce66
step 15 6654d2c2d35e8b6b0ac15b72c206cd86ddaf1fec2bd475f3149017744232fbea
step 16 8fa5bcd8584e2eba7eafc826aeb70b39014076c611568d4c6855d8f2a0b48c3c
step 17 3626645d40779f23168a666981b325bcce53b7651c010689421adb54ed38f7f9
step 18 edddee38730dac4093e994897be915d4d3a317e181976b161c036a25560c4f31
step 19 7ad5369f0aedead6a33ad093366e0a5157254075b8105dda27fb6d08919b16b5
step 20 7ad5369f0aedead6a33ad093366e0a5157254075b8105dda27fb6d08919b16b5
step 21 954d380288ae634b354a2f4f3cb6fad538e9c2a7a5294363fefbca1d7ad8028e
root 954d380288ae634b354a2f4f3cb6fad538e9c2a7a5294363fefbca1d7ad8028e
msg 5c07002d637c081d11ec758ba753f0f15190c9c660550e95afcc1da6613d18d32454fcff0515e2f3852a8ed276ec1762eb6d2e8f528d4c447d031e272ab7290524948bfd1703
get 00a73397d73760738595b496d68e23c4d591e13549cd80cf884aa1cef80be8006144d0b1d0f235f7478f2270060426d6b7e8f32cbf0db01de19411d5462468b995262dfba98b7e1e38ec d50e5ca7c8ea425a3732ca734d4da05c4f8b29f91a13e1e0238ee391dc5326458bce
get 00912e6392eb0fcccc2c1bb132ddffdd0c6f51df2e59360cab632e81f42ef6009c21990b740a942d3725853e null
get 00a73397d73760738595b496d68e23c4d591e13549cd80cf884aa1cef80be800fba85d70eaeaebcfac6cb964b180621ca982f48795d7d3c1ec40bb81ba96d294964adf12eabd44971d3a f619
get 00a73397d73760738595b496d68e23c4d591e13549cd80cf884aa1cef80be880 aa447a1298
get 0083f09e29582c486e50658f2291997238cb15b0584d2c9746af421097093500 5a07
get 00a73397d73760738595b496d68e23c4d591e13549cd80cf884aa1cef80be8 null
get 0083f09e29582c486e50658f2291997238cb15b0584d2c9746af421097093580 9b8759bd789d4b6f1a2b64cabbecebf79f0f9e60aa1faf11b6d0d85ff0ec9316
get 0083f09e29582c486e50658f2291997238cb15b0584d2c9746af4210970935 1d65fd
get 0083f09e29582c486e50658f2291997238cb15b0584d2c9746af42109709350077323f10675a75b35a8bdaffd13abb22cd881e61c0b1b7f23ab8ff0f9ebea424439daae9a913ccba2e3f null
get 00a73397d73760738595b496d68e23c4d591e13549cd80cf884aa1cef80be800 0f94fc
get 00912e6392eb0fcccc2c1bb132ddffdd0c6f51df2e59360cab632e81f42ef680 null
get 000f523dd30da4ea8d549a4102d695f85ac4c5207ab9c5f58969ddead0e141 434664776b8f5c5e6a48cfb9
get 000f523dd30da4ea8d549a4102d695f85ac4c5207ab9c5f58969ddead0e14100 16edf74cf36c49b9fd4ca120
get 00912e6392eb0fcccc2c1bb132ddffdd0c6f51df2e59360cab632e81f42ef60052a62ff43fb2d2ae69841d 32c3
get 00fab5440c9ae89f6c1bcd5954a81f0542a4fff9b51a07ac525fdf151063ce 62ad
end
case unitrie-56
step 1 ba5fcf4bcfb6045a8c2843f428ed18ed0ec3b366e6fdeb863d4b2750d589d7dc
step 2 56e81f171bcc55a6ff8345e692c0f86e5b48e01b996cadc001622fb5e363b421
step 3 208dbbdc925a075d44f5fee22025ec6952beaed28ad32d9dcebe42574bdca8d2
step 4 9c9d1505ce08bad29cd13a6f839f0722cbd9be5e245cc283ca753a8d0ce3ab2b
step 5 9c9d1505ce08bad29cd13a6f839f0722cbd9be5e245cc283ca753a8d0ce3ab2b
step 6 da661487ae790935ef6c5f1bcabebaab8d7bb36750af89b39107efb9a80bc256
step 7 8e9595500a6ffbc9430e9011844f0fb32178e088160bd561c0335e5348b9ad1e
step 8 4b6b80cf54f35806f9d47681ac7438a8af2f3c924011eaf42009a7696ea72b29
step 9 d67909d6ecba431648c05b31a8304835235a8a5a6b6222308554a3b54c7823ab
step 10 9c4137397a5867811fd6586471c631731a4270d145b8da7ee797263c58a63f67
step 11 955283bb9558334f8424ce3e2c7f1d4e7ec1e84670b991aac23862f5f92bbc53
root 955283bb9558334f8424ce3e2c7f1d4e7ec1e84670b991aac23862f5f92bbc53
msg 5c0700b71f2e5be1e6906b6dc64128b4b940d438190cd23c92de6e7b341e61bf4e5a26fc354bde909f98dac910682bf69e879c632c136e3fd78fd69c91b888a9e7e8d5fdba01
get 0092f81e80ae4eab7b4fc4a8e0a6d778c77eb292686a247473b39309978d4c00 802c
get 00e46c0055bf857bc82853810d4cdcabf81a16df2c5ec390316853c43dc751 null
get 006eb48d7f0335f0aef0181ab1a5b2bc52ab9aec60d79bfd24c6c6be82e7be null
get 00e03156d178f549584f664cc6d795c24b6558d4b2395ee723d221ec77aada00 aaa312f05f7e6304c1d179e91b9557b78c5fbcbd82ffee63d2b6b3089a5a25fb38
get 00e46c0055bf857bc82853810d4cdcabf81a16df2c5ec390316853c43dc75100 74d8d3aa7720037396a98ac37b07af336a09bb3b4036db3fe6e1dd8f9b481729
get 005d9760d266df6367ede936ce921f355a973bf39c1ae960accd82693b792880 d98d755b6213b819ebcb4715ac56a9267bab207392c0d6b8bfd5d3379e28e2ba02
end
case unitrie-57
step 1 19db5a68ae331e08d302ea9c6e02520c98f3048e6f2028371ffdc39f650881da
step 2 eb01c213dedd0ac968f6a1864ae0d9c556b8fbdb8618d410eca301e9166dc8dd
step 3 5254924598b47dc1c29781dac910f94df70eb0c2a5406e98f0f3a21e592a8b8c
step 4 5c18ca629a6cdc76ae9526edd222537c48930dbb2cb61a2af3abbbe50c21f3e3
step 5 1cc479ab5663fb7a826420d20a18b34557c9ed11398dcc31a8bb1cb5a928f117
step 6 ecc7c925c0e7003d899ea28dcdc54e8da9ebcac2f98a7988e33a703eb838202e
step 7 1cc479ab5663fb7a826420d20a18b34557c9ed11398dcc31a8bb1cb5a928f117
step 8 e3e9421e2ae1cc9cd9767fcad570c6c24b4709c6e5d9690272459c2c4d51d8e9
step 9 dfa36b7dfba36fc7b0dd6eb92420b876aaf5a42e53265e43dc5ac3e6a4d2a7d9
step 10 77a4dc8ba0aa270def95926d919c489d2011f829bf6ed9e9a1d3137f9fe5e4e1
step 11 11eec3eeeb851cb91111f9261179777eee5c9ab5296f580225066c78e11bc2a5
step 12 2a82f83c099fa9b2b2fd4a6d76043f058a741912cb10129182183ca968bf19b6
step 13 701dba8a0c4c7c447485e854f1eb8be057bee9b4d92e1bbf581c5df73fc6e121
step 14 9d970600ca228fad0988e916c25e3b47e8f3488db5d5275930902feb05019263
step 15 08a7dc9e1427a6d06cebd9a3fea6aba441580aad6a0191d4f777837950a8c6aa
root 08a7dc9e1427a6d06cebd9a3fea6aba441580aad6a0191d4f777837950a8c6aa
msg 5d780071cede97d58f759b57294ebc450145412d6d4274780d05ad7102664f3b3965b902855c05416b633a775d03fc1fc0bf9950d0780431922500e73528c63bfb235006002032d3bf6fa5adaf170180450ffcd7cbb528c922ba5e001fec49f9d30b427f5bfdca01
get 0071cede97d58f759b57294ebc450145412d6d4274780d05ad7102664f3b39005c29571a2ea08eb2540c3e 0995745466778e4e08e162fa063e65a73d2b7e1aa21b2d16df370367e0def5
get 0071cede97d58f759b57294ebc450145412d6d4274780d05ad7102664f3b390094076ad4bd339ffb05e98e9c fc79ef52cbd9a25eac22fa471c497cfc1c10793cd26a513d5776c9892f02766f0b36
get 0071cede97d58f759b57294ebc450145412d6d4274780d05ad7102664f3b3900 d84e2a148a578cd8c7f7f23974f2c0d0474996c5ec1b0bb9deb8944ba1cb876d7f2b
get 0071cede97d58f759b57294ebc450145412d6d4274780d05ad7102664f3b3900ff002941420ad1e6ae76ee f01f1cbf5cbf68f3b380bfb4a0cfc685be3a5491bb8e620bc3541c0888e82f133d1d2b2bb41888b6
get 0071cede97d58f759b57294ebc450145412d6d4274780d05ad7102664f3b3980 2032d3bf6fa5adaf170180450ffcd7cbb528c922ba5e001fec49f9d30b427f5b
end
case unitrie-58
step 1 ee83e1c87ea041cf36a0c0cfdbd31ff1d81e0aa75bcdc19cb6903e2a06b90472
step 2 56e81f171bcc55a6ff8345e692c0f86e5b48e01b996cadc001622fb5e363b421
step 3 1282b380de888241a9e503562aa37e2caec8bac1e2c0db60c47912718fdcfa60
step 4 1282b380de888241a9e503562aa37e2caec8bac1e2c0db60c47912718fdcfa60
step 5 f8bbb75d501917f571a93acead19f125571f2c5715c2e5786ec08cf38d4d9399
step 6 d1dd158232f21192d5a883277b6bd0b30e84391d16cacdd9fbb37dc5f0816830
step 7 38b86d79a5e61aacd273a325be276856a91c0ddbb89302db9c1bc9296ae0178b
step 8 bbee66b439c521b25bd034032000f6bacf4ee2fb5a260a48974348cee4ac8f85
step 9 25749e49fbec6618122dd3466b852ca679addb030a107d8bc3ddca16572f4b78
step 10 bb3eac18b36f9fc9d04b2db2b19264c8450aea5f23874c2670e4f95fd30f37a1
step 11 9db933d4c17c95120414740f2d90dfdb84d733326bc390cda396ce8721909932
step 12 d5d6349849c448d243ca77d6b91e9482dc5edf1ad410724349c771bf39f15cbf
step 13 774bbc0798b4c6c6887d81b92910a2d3df88f8e3cb533590a18f0b0867834838
step 14 774bbc0798b4c6c6887d81b92910a2d3df88f8e3cb533590a18f0b0867834838
step 15 921cf76cd9867629f2e91d5583f320ee6ae7bde257f90e184739312bce338e55
step 16 56a447482f8446bfc3ff7e9bf7c9514f0c8678ae12f37cb966732cc57ff22257
step 17 7825a3b659e862b54fb595210cf194bd3e2a35d18319209df8bbb6abdc9dac92
step 18 fd08ab72bfd5aa09a3094af9a188f7ac20e6fbc7722750159b16b7844746b799
step 19 b010db384a9199b52187cb02e3497d439301e222d269ac12035980b55139c4ff
step 20 c3af786d741e04d829aeebc038013dd0723d164f8b1a9422f4344fae29d3a719
step 21 3c457430bb6c649ff3490e4f140f446282985cb579be07da5e8ba50181268cbc
step 22 97a4c4d5004db1e56b5267657bcd5bb8d233db4d430545f6c17c47edd2fae6c6
step 23 bac0b1b3151b1c7ffaccb6942f89d1aa488f9bf933380dafc88ddc2be366dc99
step 24 3e102e1ebd8e8eb1f231d1da111ad8c4260a3cdb17474f86b2133dbf266beddb
step 25 207a0e5a11508a77c6a7e9ed14ebf06bb4bc0f90000122ecbc1528ae26b455d4
step 26 976152e2ea592a13ccb18a82b1c6063863f942cd0c61d9d28ab2e2ca3b2fedd4
step 27 97c0b48059b519ac1b0b026dacafe28ec6633a4942fa08309a8ee126ac865cee
step 28 f3b6b1d919fb0660b7666f1471cde8acaf8e58f748e11bc54676ba0be620f324
step 29 d7996deb45f6d1ca232c0a842ca98153c78814b25f249fde563fb191dfd134bf
step 30 f3b6b1d919fb0660b7666f1471cde8acaf8e58f748e11bc54676ba0be620f324
step 31 82881ef0799bbca600a198046ebe1c3659df05de6893b6e3c1aef97b3b1e3e17
step 32 e8cc03ac129824cf08dd3068a0c71962b8a7cf7370ea581196f0c64985930056
step 33 b3c40913136690fe457d0462ff86c587474661e7c4b39d811b48c6c05dac001f
step 34 729cbfbca953501a6c30622e1380ae7d979accc7f52ad4b80a7a89d512494541
root 729cbfbca953501a6c30622e1380ae7d979accc7f52ad4b80a7a89d512494541
msg 5e0700225077ea3553cb280c2a12413e7856342ce773fc38ace7e26251f1f9303b639514001f22cee2df8cb7f938ba999cf33e4210b537d4cb132a258b0da9db145a5d1d5c4e9b
get 00bef0826a2507b32e27954999ea15434fa992646584af099ad8aff7ed741900c4e29beba87bb55e137920 6244f0398ec2125c8f6f1713d8b36eb1c408aa59
get 00bef0826a2507b32e27954999ea15434fa992646584af099ad8aff7ed7419 null
get 00bef0826a2507b32e27954999ea15434fa992646584af099ad8aff7ed7419009c4b8e48fe25d619f840afbc null
get 00bef0826a2507b32e27954999ea15434fa992646584af099ad8aff7ed741900b8e903ebdbffa0e49fdd728f46c62dafac790bd870ad9a0c1ccefeb3485cca7772a169f0624bf23dd1e9 null
get 00bef0826a2507b32e27954999ea15434fa992646584af099ad8aff7ed741900 null
get 00751aa9e594061509209f3c2b1a1673b9fe1c5673f13128f8fc981db1ca8a00 1f
get 00bef0826a2507b32e27954999ea15434fa992646584af099ad8aff7ed741980 a7f5aa9b2c
get 00751aa9e594061509209f3c2b1a1673b9fe1c5673f13128f8fc981db1ca8a null
end
case unitrie-59
step 1 a4518ab02790f7258172d3cb600088eba1fe064904acb1bb517498205efa2ddf
step 2 67328d4a1a9c263517ee5e079d8acedbf7c854aa8843990d3a40bdc904db93fb
step 3 0e3740e2afd61d0e9da9e501ab3bb50e7e76a1fc7321c03592d116ce951468f1
step 4 302784ee730c77d0e03420ce372805c3d156e4cfa570e218d19f6cb13a375db5
step 5 b09e3cb9340050c45fb032f4f8bbd8da162a6efdb75191b375297e71d3555a8a
step 6 ff922e393edab7db2ad5e16a429faffb781a5618e8aabee797e9c8d0325ee1bf
step 7 8189f013059f7a28ea88da684c95b2ac7d55f8c24d3576d5c9b010dc7a52bdc8
step 8 e34f37e6d05fe7280934f7f0c506641dca0c81055f2b608fb366858b73136d2f
step 9 382e1d2e8cfba9d93f3ffb522c9a50fe867b2c7e66e0c8e4be5c10ad8078becb
step 10 bf82b6c5f191e261eb8e920fd741f86cd9bd1022cf4a3ba0f3a6c184555c0920
step 11 69e754b03821619de7b2d93e9c659dbefb0d4c0801c4d0a7fa0dee5e68750404
step 12 a5d9b6022af209dbb89e0944f5ed43e142739e650adbaf978f3891596a080d22
step 13 5beb856362647561012aab60f463a9229f71bae1268fcc2c3e0f08a1730818a5
step 14 0b5b9ae3bf515454ff637db77e74a405444a9de5b2b98df4307668f41960ca3e
step 15 cd7bd89f33ce5c3bcfd2b52f0b746d60f01cd57753b245b715dfca20d416b1c8
step 16 89bb8f79b089cbae173246128f1451c0701a7b1f9edfc02f01de33c2a60d18c3
step 17 61d7539b2c3e266e24289e336a7b9ed158b3c16bb1a3f07d4f07af1e059d8bbe
step 18 c9170ae95e00bf499fada9b14fd2a49c3d812b722356ed81986cd41c581c319b
root c9170ae95e00bf499fada9b14fd2a49c3d812b722356ed81986cd41c581c319b
msg 5c07000f2df6f460f8a1f33142ca416e67cde5baa7b7f64235230188926dc62b1459409567f202906ccfe62c8903f8751f7dc38e5ff54d3bfff90af4f6dfe93dee288dfd5203
get 000bbdae7c465dc3edb6ddc360e7de4f4811a533b71e35e3d99ece5207d32a003a841b4003c3c35949e70a91 af395c3c314ec7828ea34d08e1b94d8b5e8347693428ec0e787ca496df5af9a8
get 00364d5e0135c1cc49753280744ae9e10a947304d3e28a53a4d302d286d7ae null
get 0079caaa15b73d0531da0b22674b8c7dbd8b197038f00da0b382e1ccafa8f800a541b5a8cf2fecb3a335ce null
get 000bbdae7c465dc3edb6ddc360e7de4f4811a533b71e35e3d99ece5207d32a80 745601
get 000bbdae7c465dc3edb6ddc360e7de4f4811a533b71e35e3d99ece5207d32a 5ec46ec9a7f8da758065cfb39d80989c03cf1265c76f3b5c1204e5cd9266f41c91661dd9d3dc439ef1bad462377b0685e2d789611c093b68246d9cd91e551325e332100e4b6e39cef759d94bd5272ff3b7eb5d6a0c77bbebe34bb7b82a3bd2bed94ef734
get 00d83f8ecf4d3ef19aa03137d853a034ab598de4abbaf7a5ba933d6ed55453002542009a785ffc494df6d10146dc15133f9fe8d70260b827c43efd67b0c69c5e8daf3afae19cdd65af99 null
get 00364d5e0135c1cc49753280744ae9e10a947304d3e28a53a4d302d286d7ae00f3a60084b366710d09256f 6dd26b44a9e1fe580b1587c366cf5605b45a173dd89c576a856cb7ae3eb75f
get 0079caaa15b73d0531da0b22674b8c7dbd8b197038f00da0b382e1ccafa8f8 65fd6a556e
get 00d83f8ecf4d3ef19aa03137d853a034ab598de4abbaf7a5ba933d6ed5545380 f8333a275ec7a00bbf03d1ae592cf90e72ffd3f4b5086d0c00bd7b6eb5e898fc29f5655777354b79
get 00d83f8ecf4d3ef19aa03137d853a034ab598de4abbaf7a5ba933d6ed55453005cf73a47322bfc540045c6 7c1710
get 0079caaa15b73d0531da0b22674b8c7dbd8b197038f00da0b382e1ccafa8f800 2f1aecd90712c3c760295eb8
get 00d83f8ecf4d3ef19aa03137d853a034ab598de4abbaf7a5ba933d6ed55453 bdb3cdc851a83ed26fd553d2
get 0079caaa15b73d0531da0b22674b8c7dbd8b197038f00da0b382e1ccafa8f880 b639d5eed95e4f5ff03a7f07fc1ef2d1a7962012e7055f0847cac6ba60190495ab
end
case unitrie-60
step 1 10d85338ebbf7e1cf014ee7c6253e9d4a86143b207961f215e3bc69e75ba2155
step 2 f0164c1bebbe3494799d2e77e29437c11b47692ff18402244e1d54d526c6fe52
step 3 28a370fd4aa0ade427086ba6bdc86f57a937ba6f308b327491c31414e49a7242
step 4 7971e67d3e77e43b426386847ee13e1a4c9bcabcc1899f361918667dac6ebefd
step 5 206dd85eb7e2cf8067b40faa5515c85fffe016dca02d84ea446d507294c38d4b
step 6 fa7737f113a8769ccec5a3fa81f89ef6afde403304bd77c195ab7e7227a6b33a
step 7 b571d863e9de98f0002cc925d78e8030658f33a40e4ccedae6e170d0bf9ee74c
step 8 44441e072276fac510f310a0fb3e2d70a2bf987d5341d19767902a2d30d7360d
step 9 5f28a780779f62a43acc09839db3ccd60312fb38567e1a665c83bf493325b4e7
step 10 e09531fc5ee612c50c5057f2805245cb84c11df58dbfc0d9925b148a359f335a
step 11 b635082995b626ccdea349ae173f9c0d2e14a927dcd2b44e7908b6336a2a1492
step 12 54bd369ba0003affab828a46264165e85e57cfd6aa41fd827013571eec47ce81
root 54bd369ba0003affab828a46264165e85e57cfd6aa41fd827013571eec47ce81
msg 5c0700a3196df4ff0a51fd50978d28b049e9a90708fc40ad7d5a8cbed5c2cae918d2df94be42185f448235e5a0f05369570e75de513d12aeff19ad2313d4a9b27a5cd4fde901
get 0017c5caa99695ca0f633ac68f522587c2e6664537183d6c371a260483c1bd80 null
get 0017c5caa99695ca0f633ac68f522587c2e6664537183d6c371a260483c1bd00 null
get 0017c5caa99695ca0f633ac68f522587c2e6664537183d6c371a260483c1bd 84c62e2ededd1c1aee3a44d6b8c8c15917205bae5584ec5c8a5c253c3a20deb3132a54c171f57e485a3e57908185d0f5f034a1f6b99434d0542e498f1c579903fcd30a6f36551dc11bfb83a0eb1fa51ea89b63a7322a13f40610f611b49e0315d3cd02f7
get 00ed92871906449c1de1a2242945250de2e0a62fb0b76a02b76a567b1a9fda80 b0be941cef2d946e42874ccee2dc6b3d5f4aab13134e1a95bda6accdaf275f
get 0004f531d8b7bcb81e7994c6ea7c10cf93bf091b2812b5938a5bb74a54f66180 null
get 00ed92871906449c1de1a2242945250de2e0a62fb0b76a02b76a567b1a9fda00ccc4561ec95bd04da53e9e null
get 00ed92871906449c1de1a2242945250de2e0a62fb0b76a02b76a567b1a9fda 325de1d2d4dc2b2aec323d8fbe092a189c614478b73cf88817066a71c6f9f29859af0104c98ae05d25a0c859a8750934987b9470714a6d9fddea693eaa4683bb
get 0004f531d8b7bcb81e7994c6ea7c10cf93bf091b2812b5938a5bb74a54f66100 ec1d8702266073df08ac1ad79b9974388fbe89b8
end
case unitrie-61
step 1 cd012457fd2aec2eb36ac40bbac8de79186706bdfa871cfc4ca3fdb95bafec4c
step 2 56e81f171bcc55a6ff8345e692c0f86e5b48e01b996cadc001622fb5e363b421
root 56e81f171bcc55a6ff8345e692c0f86e5b48e01b996cadc001622fb5e363b421
msg 40
get 000349ce192eb22de078872afcb35b00664a98673bd8d5d9e0ccbdec55b9910097e7a9cc835cce266f62d6d3 null
end
case unitrie-62
step 1 0cb3960f0ab4f2a3b7cd03b4252297c142003fba06031d8006817a71beddd997
step 2 56e81f171bcc55a6ff8345e692c0f86e5b48e01b996cadc001622fb5e363b421
step 3 9802821afa9b3610655108b103475963acdc053ce001ffced3c0d16202300e29
step 4 9c63dcb775bc1a06f796b3b9d8aecd6ca2c5afdf3b8f103f9dd24b7c5ca8b14f
step 5 380205c48cc2010e86511e817efcc14445676ef6af0a274cb806a18adb6bfe64
step 6 4b58bd5583f0972cc52ddaa2c932439a10a7a26f66a8e54e0f64dbc949320a37
step 7 0678598015111e397148b9e086226558bec73d4ce137bb83df085fc4707a3e41
step 8 8a8301fdd9a1860fcb08ac3b09a46bf3ac15b57be4e6dad905d7a53fbcbed3b8
step 9 717ee56a7aba171861c84011addaa6635aeb880285f7407e422ee59870c2469b
step 10 90c95aa7273a84d6d2e161a7d97ba94a847c7b8777ec0e16d9a07e686aed7508
step 11 6316a8089265c7e02365d920ca973ff52c113550326a2e182c2f8bbc91a8a138
step 12 6fb894e20468930852c88cdbd14bccb6256bed00ab5f71cc062233ff3b1324df
step 13 04d6102fe07059901c75589169dde482a506b1bb81a828980753dbb1e3a47c22
step 14 702fdd0d55dba782e728e16f36783f03d7f7d015601c0c30bde63185f9bce0b0
step 15 56e81f171bcc55a6ff8345e692c0f86e5b48e01b996cadc001622fb5e363b421
root 56e81f171bcc55a6ff8345e692c0f86e5b48e01b996cadc001622fb5e363b421
msg 40
get 00da316e61ea9409d91b381dd9e136d3f4a8a6e389c2d1c9bc4cb6ed2c3a1400cb870ba0eae546eeb06c5d null
get 00da316e61ea9409d91b381dd9e136d3f4a8a6e389c2d1c9bc4cb6ed2c3a1400c8096d7077256d25ec0486 null
get 00da316e61ea9409d91b381dd9e136d3f4a8a6e389c2d1c9bc4cb6ed2c3a1400 null
get 00da316e61ea9409d91b381dd9e136d3f4a8a6e389c2d1c9bc4cb6ed2c3a140037da30348e3ecf097085d6 null
get 00da316e61ea9409d91b381dd9e136d3f4a8a6e389c2d1c9bc4cb6ed2c3a1480 null
end
case unitrie-63
step 1 22421c4b49ec414143e4e3beb205e801c1798742d8d60345b315d5e546579459
step 2 bcf06c4a11f4a806b3a1a6fae37552c090fd8722a486952678c1d0865de176fc
step 3 8bb54932f482c3b9d18b81edaaf4dde6122033cd5a5f232ce4221b9e8d5cda50
step 4 19c1d21aeca3dc625758ad193a3f285eab81d9cb722f3432df3786997e808905
step 5 79249e856071d7f53d21e326ca619d23e79ee66f739a92d302f984dea7dbe677
step 6 484ced036da49a733b7c07f4c9d919a7390c743b433af479f379b40dfeaf39e8
step 7 f9d9a80541a618d2127b6de74774521e1b892ecc89661ac830a42619ec84a72f
step 8 5534a9c7d6bdbb080779245ed1d776680b6386da58002d02af1e8edb90625a67
step 9 c6468ce6837f54208a6bb1ae8a5f37edef8d1c68f2bad0955896a408bdf33cf8
step 10 5e5eb8bbf4fd4d551809656aa5d897519e992ed754a2a3acae60652dcdc1f691
step 11 a4f151636621003f779555fc884acc2b60994f380d8e930fe09aa719f2cb848d
step 12 a4f151636621003f779555fc884acc2b60994f380d8e930fe09aa719f2cb848d
step 13 2c0debbc22a83889b3a257970ac6969b9010953160ec57e26d00cbf28d0bd67e
step 14 f5dc754a19441c71359b9510dd13129dbeb59ee149baf6545f0c912d949d4819
step 15 246ee05dbba0260e97f53e9a56cafb1c54f63039ff6f1b995651b16b5a730242
step 16 72d64b8805469452e7787f565c71be85ab3be1c509ddec96ba341cc0ef257715
step 17 e66257d5a7c69ad6edcd1a0a2fb9d44d4812cc1c69aed51ae2de7712bd16d9c0
step 18 0a0f55ba9eaba5cf678081b71e210124406b101d1ec6769c1aa41468c31a972b
step 19 3f436ee7b590c47d8f33cba258ace3f9326ebd59af1554ab71cf3be86f1a2de3
step 20 6ad2e5003eaf830b7f89ce71f6d654cbe59151aebda49f306abd04c6231e26ef
step 21 970a991b1f3d5d60a475d5c0ca64bbc1e7ee44fa914898b50e3525d285e6fba1
step 22 735d93588cf20e8ca22bb8dd009ef3edf65cc646f546fb5b600077a72719ec7d
step 23 e32b66c4c4779f6a436ecef81a1bf87b846ea6cd29a33a3569ff73e60662c880
step 24 6e7e41a3f9e76ccca8f274327c7114477e7b809d11b27f015d2beab86111518b
step 25 b6aee4396c12a8571a814de2db136325ae02cc25bfb92583c13d14f4f3ff00d9
step 26 2eed3ed5e1fd367c57268b506ffd09e70c9c087fc5390672aeb4007f4bba4060
root 2eed3ed5e1fd367c57268b506ffd09e70c9c087fc5390672aeb4007f4bba4060
msg 5c07007aa56cf8ccaa0e9347730cb4ec1344ca95cad8200573430a2beec52d546ed1bba5581b1a9f9ad4cc755031a5027ac879c02df646d9f4974f3cbdfd10233e04e1fdfa03
get 00993ff33a3c781eb63662557322ac0ff19a5f7de45a487204569101160b4700a048d5d56d72ff525e0e6d null
get 0090d17f32250bdc3822cfccefcca3e0c5c6dc9bd485180ecc78871047baaf00 null
get 00993ff33a3c781eb63662557322ac0ff19a5f7de45a487204569101160b4700750debd1dfb610e7949610 f9d8939a69fa9d41db7742fb78c03d11070c7872cc90dac54295da35ae473f5b195adacbe22a47427b6cb7dc0d16c9d2fe9a0ffeefc7d074e40dc5bf35f93670f805133985ff7f309136ddf1a0fe57e5b9cb18f947a49224d9df21ab7a92b553a7a42dbb
get 00993ff33a3c781eb63662557322ac0ff19a5f7de45a487204569101160b47008238c46bfb1cbf2d01ff9729 null
get 00fc0bc2705c0329c4ffc2aed88f81a91c221636767100c324056612a1ebc900 null
get 00cc593a57901f1159e2a544731b1dc907f1de5875433955470984c1a0e7af ece11658c4fa18ed9dc640ab
get 006d3137d201e0a428f2d1c8474903d5977286713ffd81ca134232714fcfd1 null
get 006d3137d201e0a428f2d1c8474903d5977286713ffd81ca134232714fcfd100364218f507d89bc49b84d6 eb37ca38a229ce84925e2a8095690bae5395de74
get 00fc0bc2705c0329c4ffc2aed88f81a91c221636767100c324056612a1ebc980 null
get 00fc0bc2705c0329c4ffc2aed88f81a91c221636767100c324056612a1ebc900e6c39a0c3bd7f5f3b06077 70812923177cbb1513c84f64cccfe5c8879564f272090eb99683b3bec2b909
get 00fc0bc2705c0329c4ffc2aed88f81a91c221636767100c324056612a1ebc900c128b366ea8e6105960f29d0880ef0346638d8b1cb416b7b663b82e6b7d866815327324b90507251d63f null
get 00993ff33a3c781eb63662557322ac0ff19a5f7de45a487204569101160b470087cb07e29237b1c208a319cc 42836e22871a3db747d9c2e547e4264753a13b2c9f97a6f7e1a40fb8b43d9993a229cd54f7072e7f53b695932a469cd66aa0a76e7961c172c68e6d5ef0e8f70c3f8660a12fa1f13ddb13bd4fa361e44c25bae9d80e3d251a18b9a2b53cdbdba3315e7873b5a8a43cc868a72380fcb6258d1c74b97ecf7a74d2f38aaa3cd587ccdde87b089b5b4c6cc678eb4f945a62fa3640d3976bbc372c89a4bab6162f23ff38a83a81df260d795b2bba6fe36e6e757d5a1f5c1abab524d5a0068741b8b5e16a7bd2211c6c585bc561a97fd47ca5e70a71a524ce5bbcaf84cb5f56d8096fa36e6b734829fa2a088c594761c450945453ed541d8b499a97f89a2a00ccb25fe226
get 00cc593a57901f1159e2a544731b1dc907f1de5875433955470984c1a0e7af006076851979cea4cfde7c41 626d
get 006d3137d201e0a428f2d1c8474903d5977286713ffd81ca134232714fcfd180 007228b2b77f82342c9bd627c98fa01688018f7972232aaa618b5fdcbdc8a4
end
case unitrie-64
step 1 a361e9e59ad53a62239b31397a05632d030eba451bf43adf76672e8e51e57e1b
step 2 1f61ef998529efa63c11ae33ba6267c28c43286ef3c52bf04b6b6b806547a87a
root 1f61ef998529efa63c11ae33ba6267c28c43286ef3c52bf04b6b6b806547a87a
msg 5c8200aa007eaf1ad48a21909ad171306783b6a7b8664d3c2ad387ddd83e0a8cb700802bbb3b670ed03850830bc71a9c8499631fbcf1cc973c3111b1a1f3014862e1516d162bc08b295cbb3ff300c5ddc4ceef5555dc18ad50399c0a2fbd67c092937880
get 00aa007eaf1ad48a21909ad171306783b6a7b8664d3c2ad387ddd83e0a8cb70094fcef2d92af58e14a4c06 158ba2e8418d2004426f319c105425af26238755262819f8b26de0fc8884065e
get 00aa007eaf1ad48a21909ad171306783b6a7b8664d3c2ad387ddd83e0a8cb700a1bee8d827b3b60cc38516 5b4f899607171ab2505c9e87a20f0f7a824295f1b970f95ebb78cef935d55264bc
end
case unitrie-65
step 1 61213925123fb2723ac6de5485d57141f225269653d4e9853177dd0777ac4562
step 2 56e81f171bcc55a6ff8345e692c0f86e5b48e01b996cadc001622fb5e363b421
step 3 7854212c25c2d39b97cf35235e75969fc790329cfe44cf5cadba31555d3f70cb
step 4 45b9d2645356624f7aecaf7bacf32887ca8f930bb00d64201029aefb0d90e4ca
step 5 bbaf5d89ac3d380fb9a0856d974528c8f49607723761d774008abb9471b3aab8
step 6 4e339605a6d6d9f38a1cc374b1af72dc821c5d0a5d958d129bded92836323ff9
step 7 900dd4768bf44af927b38c3f71ee0863e8d920f7e082e30d346b50530af0db93
step 8 f3ca9e75201bdd64bcfd3e2cfb75c8c03ce3f7258bee4adcd792535be740582c
step 9 4ca11b9f498416604768a4572a778d8e94154e5a0f1550ca1a70f6d0de309491
step 10 ab3adf77fa77986a67083880c16933a321c0f56f392be0cfd7fe128b7add6784
step 11 b0749ce610d6ff55fb449e420c51be9b978fdf370c7c4286c0b1af7f6b1fb43f
step 12 f5907b65090b7c8576bbce0e401c1c01323b2ac74a9bc6ac0b72eba5c27c75a7
step 13 7860a6f84b20d6a3153d64c720e0aba2faba2895f2b5f2280a575dc3e59ae73d
step 14 e6c61eef0a29306421a9ae3094cc059ecf5003e15e6cf9867c6d17c492a81fc3
step 15 008a68f097263a9b0fe7f83309d5d3b5980b57760da0194d66d64f59534a3092
step 16 8068ddfa0a309358750cc630bfeaf5ddce323bff714fca36b0b823bf5c6efe9c
step 17 d5af6238ca7c8a0992816b8f1829be0b8ac46bc0fe406d3c2dbd69faefa3a769
step 18 cb0604a0647c7738cb21946146b81192a90bc5af2d4c02254707a61180d5bdf0
step 19 620b85e8296f66e325a174b2c0a83bae5128f08f235f5926c3973fc229bfce71
step 20 d70802acb210a772e194b0b5479d5d1294c6a6ac27f5067b7c130086d4eae17d
step 21 2ea3bdeadd40285c50c69476abada24de2847c2b603e3027112d86d6ed8670e3
step 22 c2a70e46cf2fbd321e278d9146d282c334d1fdeb423ac180c4bfc20dbac06242
step 23 e4d7f4d87e9c296cc58a12e9d68144c5b9a837dfaca41394d1c3b57b79ff3c83
step 24 411843bc40d306fa224843698c6768828788d2be73402b8ead157d152cbb3da3
step 25 1dd70a64bd8547eba08a51672fabd60951dfa38583a739300a6a8b037bcf2806
root 1dd70a64bd8547eba08a51672fabd60951dfa38583a739300a6a8b037bcf2806
msg 5f78009ddd86ce1ee801816d85d8665042b823044a0a3745819b9d7149736bb52222500600030f430eca6e9764b6e6740971ca7295ba38536bfd7f8323055bc95e51db7717500600501e8ba8955cd952178a063b11efaaf5c939472e3950ae7fa1d0adbb90553f098f521916b348f99f6d
get 009ddd86ce1ee801816d85d8665042b823044a0a3745819b9d7149736bb52280 501e8ba8955cd952178a063b11efaaf5c939472e
get 009ddd86ce1ee801816d85d8665042b823044a0a3745819b9d7149736bb52200 030f430eca6e9764b6e6740971ca7295ba38536bfd7f8323055bc95e51db77
get 009ddd86ce1ee801816d85d8665042b823044a0a3745819b9d7149736bb522 50ae7fa1d0adbb90553f098f521916b348f99f6d
end
case unitrie-66
step 1 9735f1359ac25380d312bda54216a86d8fc65ac289e2de107a22a12b4a81d1ac
step 2 56e81f171bcc55a6ff8345e692c0f86e5b48e01b996cadc001622fb5e363b421
step 3 0a1092a2a38348fff3a590497cbe135df6fc8811ff23943503f8da00eb4af255
step 4 c080f88a1fc3007762dd78cefbd153e0a034d4787951340746365b597da08e95
step 5 a382f6aa0dc4146aaf89c5d2ac9705091abb6b3f016eb93b064aa265d0754908
step 6 a382f6aa0dc4146aaf89c5d2ac9705091abb6b3f016eb93b064aa265d0754908
step 7 bd9d904edd3e419c741f76c2de95fd78975f305aef0f93662f61251d5def84a0
step 8 bd9d904edd3e419c741f76c2de95fd78975f305aef0f93662f61251d5def84a0
step 9 5c785dbc14a6a2cf4bad4114f6deb4502b786d98462e247de34c7ea2c4516368
step 10 a144099d3af270440c0ec051ab27397a77993bd27de85edde9379be8979c3dff
step 11 fbd2e136271cc488600333d85173df7638a9d641e58af6f7ebf0da1ca885f419
step 12 0ebaa1287440cbe0d8e65829f7c6822583bf850e25f64d02b8c1368323c73ad7
step 13 fc14e8ded86df18c70a9b95f1a060f2ca18d0e16cf633c9d6101ed1d34625ab6
step 14 f73dff2ff49fcd3b167566bbf7e20191084e9bc80c5a1021638b3edbbf46e0f6
step 15 76beb8ef982648ba4106217838865dd3623a5f75ab3173f6ba90f147cd810122
step 16 32786026ed4b09713fb9fe52be80382179149366af60d6e14aaab4b826bd1fe8
step 17 b743a2483152ce670b1132571342455c515b0313bd8869dee70a2aeb6fd13bb6
step 18 32786026ed4b09713fb9fe52be80382179149366af60d6e14aaab4b826bd1fe8
step 19 0f4f92369b49ac05507828c7fdb8d5d843621715e2e42e0f94a8fb7bc7c2fa0e
step 20 dd56dca116808934aaba5a7f1ff117baa5e12b3bd733e0d5da385fd30eea2410
step 21 9269aee1b0badf8672d12b4c3a58efe3922bbf251a632fba0b2591fffcd0bcd0
step 22 11efe96817a8c7443106e59478e52ae46f71cc131b4b86bfb9a4a1688bdf192b
step 23 1ca35cbcabd44356a2933a447a9557bffb3ad90a6dbf4f296e9e32c417f9c4f2
step 24 faf268bac88076378ffa70aa0cf0fe3d33f5ccb487349a7c45e85fcdf3fb469e
step 25 1d43b46788047778ec9b8cbb9a4d3c2a4a1e4f6c272b815340528ada38796176
step 26 80f1308c66b76e28e0dfe5a51bdbdca303de986adaf312bcfabf4ba166a1eb3e
step 27 6eca3a4a9f3c73ba8cc33ad5a77b732612ef23fd768b2e13d8126de4741c929e
step 28 9fb0a07d4344db1bb7d5dde416d5b95a083c52209edf53dc4d16d1f8520196a2
step 29 e6a7f3f8ad417cfaf4a1ee746a8c1148f527b5fc5d01ce0f608f6f4a3af1404e
step 30 6a7cdb546e506ae01da2771dfb7262943227001e7cad8d0fc9bbbc3c43b0ec04
step 31 023194a968e0bdfaa09a248dbca0ba4e96d2b5872e43037db14196378fa9a913
step 32 2a1e2f20f92c65c7939bc7bcf886b11d7b8e7fb28a23ba5077cb1cfb181c40b9
root 2a1e2f20f92c65c7939bc7bcf886b11d7b8e7fb28a23ba5077cb1cfb181c40b9
msg 5c07003b525bf3c5e909d8165afeb7afca3cf698c0b2a2a8d410276f51878778803f551af6413dadfb5668eeb6f88d16cc28e702fad48c08b00cccad726f228edbb4effd8d02
get 0091b46a19adbce3f59c8b3aa9c9dcb28e5d7953d53850d3c293677dfb241100 848e2641e5797b528c9191b91ff2fb7df221cdd0
get 0091b46a19adbce3f59c8b3aa9c9dcb28e5d7953d53850d3c293677dfb2411 99cc
get 00b3977a76dd31b58e538adcd292df1d55b2f6339e262d6e7105441a6150c180 a52e
get 00b3977a76dd31b58e538adcd292df1d55b2f6339e262d6e7105441a6150c100ad26319ef6081a2f67aad599f00e485e5474d5e15ed7f3db48a1a933bb467a4f1eebf8dbba5057c04fa8 null
get 0091b46a19adbce3f59c8b3aa9c9dcb28e5d7953d53850d3c293677dfb24110052278ba5873e5821a31992 null
get 0091b46a19adbce3f59c8b3aa9c9dcb28e5d7953d53850d3c293677dfb2411007b60be62a3b5f806949ac9 c8d4ae
get 007b6b84f00d9015998ef76ffc539f4a8b23a386c4d0ae616c7919f9a43a1000 9bc47fd2a789ebccd12b0927
get 00b3977a76dd31b58e538adcd292df1d55b2f6339e262d6e7105441a6150c100544c9796ba36beb69915b3102e0e7e890d24032c3bcec5885f3178741ad307d07b354c3363903a52a932 73
get 00b3977a76dd31b58e538adcd292df1d55b2f6339e262d6e7105441a6150c1 0d80
get 007b6b84f00d9015998ef76ffc539f4a8b23a386c4d0ae616c7919f9a43a1080 3cf19cb767fd4f507b6147a6921e4a4760b395fa3538946326abae0f811f4b2fc56b
get 00b3977a76dd31b58e538adcd292df1d55b2f6339e262d6e7105441a6150c100 056418ba392825d8aa468de2882224ab80edbab2002e42ba32e36efa65ccf7e15e66
get 007b6b84f00d9015998ef76ffc539f4a8b23a386c4d0ae616c7919f9a43a10006faac284697caef06dac8a63 0ee716
end
case unitrie-67
step 1 dcdd3624b410dd5ab96c9d9593d2b2da01ca14ab407f7f1c45803a480338af47
step 2 8c1e272e8d20c9d472d99d445c9aea878e627e46f2c2b0677abb2969a2367f92
step 3 dcdd3624b410dd5ab96c9d9593d2b2da01ca14ab407f7f1c45803a480338af47
step 4 56e81f171bcc55a6ff8345e692c0f86e5b48e01b996cadc001622fb5e363b421
step 5 f482a47ce900097012df35ddbf02ae3324e06bb7a2178a66f2e7bd02cce08cdd
step 6 008d71a68cecca86944dfd70bffb39180c340334476751d0f423c3107378d5e0
step 7 f482a47ce900097012df35ddbf02ae3324e06bb7a2178a66f2e7bd02cce08cdd
step 8 6ff4b4a929875f10d603d4f2bcb45ac38d6e828af512c68edbc26afe2d2c0704
step 9 571442cc071266af18a69f2ee02ae9b94e5c15178f7fe7b337a0f9a44dfebbbf
step 10 18d809845b1a158ad82c1f1dd970c731d460422c68130a6b20cb187df00dc567
step 11 14c9aaef2f80e03c5f106ada330af87b89222ea49245bdd2644df30611f76591
step 12 24788723190ebd0629abe9a06dbf6f37610c209a3b7190d6fe43ff67b52148c3
step 13 8a07f17387448d13a6e80d0f9fc90b946eb42c83d20cc29e77350c5ebcaadf6c
step 14 772129b7ce087f546d8c8986a9bf50e0655553f3b3b7af4df1936f075100d990
step 15 dbc91a10783593ea00aea4f930287901a3b0e71909009634bf2c371768179a50
step 16 df0e6d8fcc9f84132a0e92782d7bb33083e49d49dbd5f71c478c2e6d75825f13
step 17 e2676e96b181ff1a00895e8c60299f035f17b902eb6871fc4b4de9f82de06667
step 18 692ff0c918cd749a63c843c4c9e54fdbf54a79bc8ea7756d4544d06866393d2e
step 19 c5d8976c4f44ae4e426d3ee57ff9ede73dda4829abf96ec1acd3dc351f7ee90d
step 20 5e0a754d24e07277ef61f220fa642b02036422762cfa94ab94f2026f7b2c37a0
step 21 643a8544398bac8b4b824bf0d7fbeb4bac507a990f0dee9c2d65c0060309654e
step 22 8dc6d7d63456b88687cbc7d351ce6978ad896a5a1506af7fa60f839fe9a2e6bb
step 23 4ad147905add18a04a2135e0f28767ececab60fb917bc186e8ee99f9fdf0909f
step 24 c34ef3267e911d5cf280e80ffdbf4dbc1e816f43327ead0eb3bd5c740793a0a4
step 25 d5efd5245d9fae6ad41c2d0e50d8e99c6d8af2a9ca7f902db367b464f26192ae
root d5efd5245d9fae6ad41c2d0e50d8e99c6d8af2a9ca7f902db367b464f26192ae
msg 5c0700036ab0a893ff5c550b8167bdc64e8016530517ab70a33c0362362e9e3965368362fa560053cfe4cc2660fae20e7e3d7dae20c24c011e9664baf19e9746075ccbfd4501
get 00a084db9f59e38be4ab45de09fb90c367b26f5d5413a1cf48e5c00555cc2f80 null
get 0051a1ff2187504fe5201abd047c6692bdb8f615e1f0892fde77a2f796ef41 null
get 0051a1ff2187504fe5201abd047c6692bdb8f615e1f0892fde77a2f796ef4180 null
get 00a389431ec8b1e085c3938586aa54d713f2b6a6600909958b1fe4fb987b7980 null
get 0051a1ff2187504fe5201abd047c6692bdb8f615e1f0892fde77a2f796ef4100 e0809afb012b34c3f818be8e74e402d525339587
get 00a084db9f59e38be4ab45de09fb90c367b26f5d5413a1cf48e5c00555cc2f00474f21c2df1749da5b9e8b 872fb758b439d847121b1895e40d9a6b66e938e4419962f0d8cf6e54a2bfd7
get 00a389431ec8b1e085c3938586aa54d713f2b6a6600909958b1fe4fb987b7900 null
get 00a389431ec8b1e085c3938586aa54d713f2b6a6600909958b1fe4fb987b79 9d913cbe47c4224a78713f14
get 0051a1ff2187504fe5201abd047c6692bdb8f615e1f0892fde77a2f796ef41006f4c3fa1abc64fabd6aa4353 6f0276b4ed978ea37a75217cf5d51898765cbd49
end
case unitrie-68
step 1 b325f39774be42a2b71b1ed7be3058c8a0c35206014e54d1b054ccc1f064fb4d
step 2 473d7bee4de63d567a6906f9931e3cf531aaa0cc6b259756068c0f136fa5261a
step 3 f9df3233deb8eac60f877a83cff93744cc48744fbce2f1d5d26c63814265597b
step 4 21687e9fd3279c3e49635e361d300f66866ca85be99d114ab198033230bb7ef8
step 5 4db4d6b49517857a2388f2d60c406d48fc69ad0bffb3794011d886d361f90652
step 6 4019cc7baa64c7f86961fa2dab7c5e495b4fa8601c57dfdfd85be6e72a7e9537
step 7 f24c75982b5cecfe3dc2f1891fad32a85fea07ae363272a1ccf0f45028afa2ea
step 8 ff4232584d4687b22809b088f21939cf0e36abaf1ced6a2d917d477546c406f2
step 9 e67a7d39bd9f6519af83dd5e96f1346c965e8cf1e27a1952f53f2992a7e6df8e
step 10 e24181287721f39280dcdaf3cbc640c5df03dab11a111936335f4009b5aa7177
step 11 c839e73ec37ce98de61ab17bb54e8831f3c98c93cb6cc8a8b6c2bfa33a1e5df0
root c839e73ec37ce98de61ab17bb54e8831f3c98c93cb6cc8a8b6c2bfa33a1e5df0
msg 5c07008f652d983d10659b38584cea43eb97279f42b0d34598d1b1010a050f47fc4ba96bd467ceb2333ebac6861634f40101af094118e2984c01968466fd02349af4edfd9f01
get 00dabc49aebdf4da0d34a0b91ab28239c8edd2b6700be2b07f16f91f597ed700908207ff960650d0d57385ed 6b900fa9bc
get 005cadd29ad85385bd8f3aadfdb9c03ef44724231ff21d79d205c4017e600b00 044884b9918d73c83ee2f95d72e0ab41372a700e99cb5db8da22389ceea99ec5d2
get 005cadd29ad85385bd8f3aadfdb9c03ef44724231ff21d79d205c4017e600b80 null
get 0058465c9602bf0ca5ffa372c2a1a0a182ca3aa50159eac6a5f1b6d629303a f442ea
get 00dabc49aebdf4da0d34a0b91ab28239c8edd2b6700be2b07f16f91f597ed700150f0c54a3153fd4194133 e829e5fd8d643aebec182d9d2c19ed872944e5bc9076d59a1659485725acbcbb
get 00dabc49aebdf4da0d34a0b91ab28239c8edd2b6700be2b07f16f91f597ed7 eb24e12b7e
get 00dabc49aebdf4da0d34a0b91ab28239c8edd2b6700be2b07f16f91f597ed700 70984f
get 00dabc49aebdf4da0d34a0b91ab28239c8edd2b6700be2b07f16f91f597ed780 c9f2
end
case unitrie-69
step 1 ca5234b09c92ae47e5fec85876ce0b67e863517d2dc5a60122bfbaeae20d7a98
step 2 56e81f171bcc55a6ff8345e692c0f86e5b48e01b996cadc001622fb5e363b421
step 3 04edb0b85ace59fc764bae32a342f55ff7568ce9f5a33426798385080787b0c2
step 4 5d081bdd4867670163d121b65e295b385358c34b4173cbc985b1d8e95eae46dc
step 5 fe240ef40c5cea27426aebe5193d869933b7ac9556950fb6de20c130d1a903dc
step 6 5d081bdd4867670163d121b65e295b385358c34b4173cbc985b1d8e95eae46dc
step 7 def123e4e4f70bc4be55e390fc94484f253fc9e87c1b98114862eea1dc1200e3
step 8 a2652d0d0a813e1cc6f1c912b122b2fa25b5c0f37439039aab8ef34aff8640d5
step 9 68ec834b6a53a7e52e6cc1576ee4b112d12c7af8813028e7abb2c604506eac3e
root 68ec834b6a53a7e52e6cc1576ee4b112d12c7af8813028e7abb2c604506eac3e
msg 5c090080c14c5b7461598702f56ed11ea11e8f0752e1a36674c54667fbdc0d23b2a0d8cc64fe2eb008a9ad3905c2a4ce68b73b697c6f125246b6c64be3ed75532022028ffd9101
get 00b54bbc35978015c8542a498b5a474ea5c1275e2bccf1f926d66e3ce53ef280 b9d7c48c34885873a5a87682213d2dfba221fd188df9b4de841638b27439db8a8c509fb76af13879
get 009d45368ba439fec84368a414bfaf767b6603f1aa7d0c85b916cce07e8854000b4ad642734d68f8a73a4a28abea43f120c19a3309a3c9ab658a43b676a20df72bac57fc6c2a039cceaf 167c652227e9ae291efd4d354c9fd50e431cf55ac48242e1e7b154459698508e
get 009d45368ba439fec84368a414bfaf767b6603f1aa7d0c85b916cce07e885400e94fea48bd155a00cd507f dea046212fd9188f84c73b413fb7ef764dbe9974c8978c6437d474dca1d306f7dc
get 00b54bbc35978015c8542a498b5a474ea5c1275e2bccf1f926d66e3ce53ef200 null
get 009d45368ba439fec84368a414bfaf767b6603f1aa7d0c85b916cce07e8854 88bb
end
case unitrie-70
step 1 ccd0194971bbcfe28ff4444ecca3873dce8409ca17874fa85b497506c2f4974d
step 2 20b3fdfede677867fb0f9fde722ad97d90c5ecafd013b8a55fc9c015f8500b00
step 3 819613b1b975d5a2a422752cbb5b406a2ca7a3420807c2111ef781676f867f94
step 4 134e697741a2bf9a47d14427e31dd41344c8412118c28c8940fc7fd2da984fc1
step 5 819613b1b975d5a2a422752cbb5b406a2ca7a3420807c2111ef781676f867f94
step 6 20b3fdfede677867fb0f9fde722ad97d90c5ecafd013b8a55fc9c015f8500b00
step 7 ccd0194971bbcfe28ff4444ecca3873dce8409ca17874fa85b497506c2f4974d
step 8 ccd0194971bbcfe28ff4444ecca3873dce8409ca17874fa85b497506c2f4974d
step 9 f67ec88b6321117af56c920cb513f7c170039be3bf7ecd5a28b0dbdb655cfa35
step 10 bdf67548c85df696173e334521196229b9add6f8e802dbd60a3dd98068177230
step 11 f67ec88b6321117af56c920cb513f7c170039be3bf7ecd5a28b0dbdb655cfa35
step 12 1b1959c5929ca9f5c8114369f816469d99bfd8338192a861a7d706d0dacc71d0
step 13 408346f93235489ac9a320fb8f00f6a23c915af64909f20c9d5c8ce4b1bb42d8
step 14 bd7bb8a1016aa3c1cd66ef78007d32113a724662755e4f0fb2420ffdb73e1572
step 15 bd7bb8a1016aa3c1cd66ef78007d32113a724662755e4f0fb2420ffdb73e1572
step 16 bd7bb8a1016aa3c1cd66ef78007d32113a724662755e4f0fb2420ffdb73e1572
root bd7bb8a1016aa3c1cd66ef78007d32113a724662755e4f0fb2420ffdb73e1572
msg 5d07000569faa6081c87e1f70567d17b8192036bbbe9988f40cca7622b83f0e12752af2350779bf2f67e88e75a738ff3322c99d8dc59569366bfbbd58400a52a4aaecc9b002220fd0d02
get 005df11c7bfcb9761cf3f64624654180a8b6f27b5610d560d04a027289510900 d2c8b02735de8e44a27ae1f238cf35cbddb96548c5fc5b522a1bac127c4d1ef38f364ce5e511dd89a669e91b69f923c71aed6f13cff1c4ede68ef35247d05176651d842bad853469011706bca16bf29da29640ae19b50cecc8a648627fb05888c63b237bb6a8f622fb6a3ef45f429347cd3b436951e5c7b224d4aaefe9cd1ef0563dc76ceaa4b50321cb8e0e36db263e8a7daeb039a179cc22283776d6534ca27ba11f12a8d7b66b0d055370f27a107dd8c1cdec1c859c886bc8760630908981793caf8a3083b2f8a21c906bf9282caecfd47d1d72dfed3021553c1f737c3e2d8f1e663b25b3351afa7508bfc7fa428813053ac1cce2c2233c11f1806330a0a736
get 00660f1f3c431f9a00d6857fd0ae4e4b1543f8b24b52f2cba4867b47f5353500f4d828a12f133469570cfd53 null
get 005df11c7bfcb9761cf3f64624654180a8b6f27b5610d560d04a027289510980 null
get 00cdf97b3f4473ad39c7f999164cec6e2cab49b35fddeac20052952557664d003f7c56d18a88788cf2c2c9 null
get 00cdf97b3f4473ad39c7f999164cec6e2cab49b35fddeac20052952557664d00 null
get 00660f1f3c431f9a00d6857fd0ae4e4b1543f8b24b52f2cba4867b47f5353580 1bbc1ef38c79e2dabdd31eab
get 00cdf97b3f4473ad39c7f999164cec6e2cab49b35fddeac20052952557664d80 2220
get 00660f1f3c431f9a00d6857fd0ae4e4b1543f8b24b52f2cba4867b47f5353500 e41d1fbcedd27ddba6980951
get 00e14b54269f028d6e3b7e4d57b639e491779e91b0a2789d143fcf6f658e5f null
end
case unitrie-71
step 1 a795ffb0a74f049a84bd89fedcf04232c3b3af70d05fd4dc08410bd7dce1baa9
step 2 56e81f171bcc55a6ff8345e692c0f86e5b48e01b996cadc001622fb5e363b421
step 3 3d4809aab4f786814d6d847b26682d43411ccc95b11d35223d88c69e8defbeca
step 4 56e81f171bcc55a6ff8345e692c0f86e5b48e01b996cadc001622fb5e363b421
step 5 41936e59e2a077cc0892c3d2a9e3332858d56852d2cb8f75108f5d05660eb71d
step 6 56e81f171bcc55a6ff8345e692c0f86e5b48e01b996cadc001622fb5e363b421
step 7 bd63c69fb143cb7cf98b5b982df531bdfcd2a8881d72c293583543bb4e361311
step 8 222db4d413a8138de6e5df1dc58d1da2863294fef49271c46357c7b3740123c8
step 9 c511f074cb43e809025f529d57608647bb19ac0424725c096c54b8a17c7c3c68
step 10 56e81f171bcc55a6ff8345e692c0f86e5b48e01b996cadc001622fb5e363b421
step 11 a0823e3f3acbc2640036983829f91c8c2f4aaa84fa6824537d17563063695a2d
step 12 a0823e3f3acbc2640036983829f91c8c2f4aaa84fa6824537d17563063695a2d
step 13 63b704d382d49370d8fe9ccd8b045d2d5aad84ebfc8cdf18588d7e4b28e7a21b
step 14 02607b0e1e958cd69dfadd0cb4e68963fe44dafd5fc81f62ea3d4c331a4e8f59
step 15 e1dfa0c6810c4fdabd800457e4ba211fd5d88bafa11fd5708e06aeb5d93aed58
step 16 6d283f55e59000a25f732a751d0a896cc349aab67a06a91691b3b42b7c37fd4c
step 17 9574c16c2d1b2fb2837ad06378f28b086b84af724226578a93217c5a7686d818
step 18 4b96a3508600f4183de94a4a03647be06194e206db148f5782b95ce758dde733
step 19 4fcddce1304e0cf31ba7b1aa599aacbd4572ed9fcae76a08860f1a4145c9d80e
step 20 36b97f86130b3ea8f5a366ff25f7db81c59ad24e4050fced04192abec71978cc
root 36b97f86130b3ea8f5a366ff25f7db81c59ad24e4050fced04192abec71978cc
msg 5c0700ff797913149098bbb8ba8f3b894e488003ab2ffd84b071905245d4b7cf5af14978468bda11d45e8b1df14bad4a0d3b4e448cfe5a874fda8a4125c8b3ebaf21b7fd6e01
get 003150715216cff61d4f21ba8e9c5f47e8581813318546078eb2c009b7f6a300b4f716dd424424316000209f0880450d826dc6df49207f11c36e573ce5937cdfd6deaaf3789567c7852a null
get 009a0c43b31459e9adc5ef689cdc8f65757a9436f93f63c671c8e3f7d1645d null
get 009a0c43b31459e9adc5ef689cdc8f65757a9436f93f63c671c8e3f7d1645d80 15c73c0b6d26af7bfe1dedd15aa106bbab244dd6
get 003150715216cff61d4f21ba8e9c5f47e8581813318546078eb2c009b7f6a30002f39e2b96ed17d7ae5716 null
get 003150715216cff61d4f21ba8e9c5f47e8581813318546078eb2c009b7f6a3004cafe27d33547053f24482e0 c0a617109a
get 003150715216cff61d4f21ba8e9c5f47e8581813318546078eb2c009b7f6a380 null
get 003150715216cff61d4f21ba8e9c5f47e8581813318546078eb2c009b7f6a300 eb0fad8680bc4210d934146d05bc8af5bcf616b35bc220ca13209606c9d474
get 00ff5a7eb093ea61597796bc11633522b7c680435fdfc52d59ec55cd66889d80 2194b5d91c
get 009a0c43b31459e9adc5ef689cdc8f65757a9436f93f63c671c8e3f7d1645d00 9105e39663e6103d5d7bc697b8c3798defa6aa36d4f6554e7deb18dc3a2918
end
case unitrie-72
step 1 8a126f88cfbdeff33b594c72c7c1bdb4b9d0d98eb11578d67aaa260912ad4380
step 2 56e81f171bcc55a6ff8345e692c0f86e5b48e01b996cadc001622fb5e363b421
step 3 b24e8494fcaaab19a81de717d1e131e6d17dd56bb4b6dd40befa8af1c21179bb
step 4 294cb1ca17bb9d3e884323e9cb3d36ffd9e2d9c3e9580fb7b4cf89fc7ec40ecd
step 5 a992cb18d7ddb51a3f0a2309544b16a0d369c98f0555bb7352394ec96f3bc337
step 6 878fd8f24bb60ff5f8d27e122d8a002844577c131c704565291354d42c18634d
step 7 a513d37a4d73c268fa38c853db8cc76932762b6b5f111fad2b8934240b6d6062
step 8 5acaecb3834143fc2a8378c7c0a13258ddc7f167579d6ff8060c210ab6382dda
step 9 c6128431fd5838554ade852236126ab0914ba8a1289ef3f57542a5fca8207ae9
step 10 46809492f7aef4ef105e05a999f54da52bd3e39c5a0d07c2a8ebb114b34964c8
step 11 bca754e0b1eb1559b6ea2aaaa47c23a6bc131d467d3259735086d7585f7a5082
step 12 eb7da79f0b60d91d20b33e8875ca6b6a44138d78c303f0bdb54d2611e5207aa0
step 13 4cbf9f07add51830144190809b8ca6f4c30ca8e43f522fa2decff4e8b41be55f
step 14 f70ff35e79b7c123f3b52a1627869dc8bda3aa2dc9ab691fa646fdf8e94bfe03
root f70ff35e79b7c123f3b52a1627869dc8bda3aa2dc9ab691fa646fdf8e94bfe03
msg 5c070077df120a29bd11a1f62a9d5a248159c005fa02041989af5f14d54730604bfcbe1b8ef4255dd8570f0445654f28b2700beaa7fedf7cd25312266084f6f1eb449ffd6503
get 00f428e9a770cb1f86973d90b9a36f0544e2bc9e87ce5697350a6ea2023f9c80 null
get 001d80001b01f6fabc6e08645f2b09e6be2fb7d0a4a989371e368bdd6a157c80 null
get 00e8f2ee8fb0404c23d6a2c7b5fd27c1467920b9eae233c6041d1713798cbf00faee6d1c18d0a65e050c4ec9970c40384d8d0a87ae19ab63fd6b474791bcfebffa41a41b343cd5926184 5dfaa126b572c9ae54e5a29f8e2ad4852832f14243b80e0ef3e76d507df383b5
get 00e8f2ee8fb0404c23d6a2c7b5fd27c1467920b9eae233c6041d1713798cbf a3e941
get 001a447467798e2e495959e5759adc9597b5c1d7b04021e7570e845636608000 85b79f4f9df5d4d41f8ee311597d16813084f34064bc68c4ef3d8de3025de24012b9e05107d9f961b504d7755ace4ee0bae2d58ed59bdd323e7971fd44b7d17942a74e6c0e2c9621dea7dd9344b31501a57ada6b6531265795d56cee36df0c0e06049471dd92106f50a8bff6ded8506dae9b258c85ea14727387b4f37706cd37a6ef62d002dd34a43118f4dd8c01352cec2a3dfb1ac68fb79e1af61dee4e8b5b1dafc1230794c733a307105d80b787a13eb4d7e07174a3d5a777b147fa26b84d2c877577716dd54fccd91630538ae80445ad6be5137f1c45de4e517bf14886f8359f499993d00c4a1a9f50f2d14c0cdd79d7e4b51abb34f3161eb36ffd20138377
get 00f428e9a770cb1f86973d90b9a36f0544e2bc9e87ce5697350a6ea2023f9c0029f39eea1ca8fac28d92ef32 2e07e7191d69ce5da09400fc95c533c4199863acda38ab7bd208b09395ac48
get 008b14c538721a2288c6716da7715aca54148a96f2cf09c4983a26f144d30a 86ee95a8ecccb1c6ee42bfcde085b0d62d773504ff945c5259e9b14f14779fe9
get 00e8f2ee8fb0404c23d6a2c7b5fd27c1467920b9eae233c6041d1713798cbf00 null
get 001a447467798e2e495959e5759adc9597b5c1d7b04021e7570e845636608000796e95759c42a34c64ee76e7 378cade077797d5881be60ca48b62ac68c857bc9d2fa0c5902d2e3119fcb85e8aa399aa4406c8d6e
get 001d80001b01f6fabc6e08645f2b09e6be2fb7d0a4a989371e368bdd6a157c null
end
case unitrie-73
step 1 1e22526c9b706a7b15aa1591245fd3066ae1177557292fee6e8a207550f8dd9f
step 2 59f2c214a5449a3edea9d7923b12e840d3298e10ddd2c43a8a7d0fc44289e270
step 3 2b7562dddb76597d56cb06956677d11467974441baa42f89ac9a1567e7a66190
step 4 1bc870b0e916c3dae66cc111d2f3d1d0a395b95253e34ef5b4091ca7146438da
step 5 e3cf1dd56ec65ab3aff75593d09c83042b025c00bb3c50c7c70b12f871a85793
step 6 1bc870b0e916c3dae66cc111d2f3d1d0a395b95253e34ef5b4091ca7146438da
step 7 0a49ae937c86cdf9040a654676308b72dd327706bf8dac8e1e1c822baf6f5d77
step 8 336195917db134124f698b351e5eb94302066b9c8655635bb1ee887a2af2a078
step 9 795e64e1d384e1a868fe8dd47c3b77485973aaa8032f36105c78898ee22e4386
step 10 36a68e5eabd8a15533cb1adc0bee12b474f3002fb6b273dc531dee8039c49551
root 36a68e5eabd8a15533cb1adc0bee12b474f3002fb6b273dc531dee8039c49551
msg 50d800e230243e3d6bc7c7e45d07b31b18a5904f392781babd2dec42e3ba95e06200dd4802b8bee1a53f8d9c7cecaf69
get 00e230243e3d6bc7c7e45d07b31b18a5904f392781babd2dec42e3ba95e062 null
get 00e230243e3d6bc7c7e45d07b31b18a5904f392781babd2dec42e3ba95e06200 null
get 00e230243e3d6bc7c7e45d07b31b18a5904f392781babd2dec42e3ba95e0620060dedecf188be6e1ae6f06137f3e0e8bb0d8163953a7a57788d9bd2f3eecb5b3135f3dd4055ab264cce3 null
get 00e230243e3d6bc7c7e45d07b31b18a5904f392781babd2dec42e3ba95e06200dd4802b8bee1a53f8d9c7c ecaf69
end
case unitrie-74
step 1 4db146dbf2f68dc41edfc19cee1f643710da601969d8a8d77096e089810b99ac
step 2 143386fd748fec3dab6d9ddf81623b0aca62269bc154926b3da780642d6080a9
step 3 8e78e3f7c1be8c305c1fcb7c565ee7b5bc2e24076d9a55f4599b7eba7fe967c5
step 4 143386fd748fec3dab6d9ddf81623b0aca62269bc154926b3da780642d6080a9
step 5 e33cc894acb0761cab4cf5651cbdcb0d848afffcb1907e3ec785d6898fd3f651
step 6 e33cc894acb0761cab4cf5651cbdcb0d848afffcb1907e3ec785d6898fd3f651
step 7 df3a309589a539838e22a152bcb51b9bd04358a6b96fc476f2f77df4c079d7b2
step 8 8debb57d461aaafd7fd3a2e6885dc071364cad8a967faf750b9a8774b7feebbb
step 9 7c050245a8c3a52cd4b47a3f670979698566cd342ffac0f378ad04b076225155
step 10 f92809fa5c58b88e5134f2435a327db2156516073f5cb9c92d7f1af47b29b8bb
step 11 fd3ebe5a6f028c1567e422c5bbacf3e09dd0db41929e1eb21c3dbb64fff2669a
step 12 bd133c8441b6924466f44bbc8a5af0a437cddc25fd6951e9b5b5a175886c60e2
step 13 829b5ca5e8aed89e1e0bdfca25cf1e5848a62ff6ce4a7da557a970882bfa2701
step 14 11dcbfcea2eafdcb880dd61863ca9145752f3905bbffd12e8169c68ca1d14b27
step 15 26a26e6e1ff5e7e9b3ebb03a88a338df1470eb9dffbe0ede5be8df9c4ebba9c5
step 16 97426072bc15e180e4bbed5cf9eef31ac991dbe9bf3453b8e81bc32ee6eb958b
step 17 9ae594f4b7520caa475cf0d8c7e996e307c7f486c5b02579816a4dbae8a04339
step 18 9ae594f4b7520caa475cf0d8c7e996e307c7f486c5b02579816a4dbae8a04339
step 19 6cfe783b742fee9d2ab23842fb115c7535535ec5c6f50aa2ccd7f94d1e0c411a
step 20 0de7558e3bc47fb57126a48b86728aaae56c3f62b40312e2c22477b6624baf9c
step 21 0a034a98d3d985f6ba44b7682d1a17f049f393b8223106b8d81ec8efdefa29c3
step 22 9ed71c0a9ccdb2145a357ca10ae8a4385e4f58979b6326adb021482f46b415ff
step 23 fca5f0bbcefca52c8a79e679f0aeb2d9d8bd9dd85836f852b404a5363e578842
step 24 799e2fc3f971d3ad53d72857103c7977efd5f97629ffe070e238e865ec9ad5d7
step 25 7d3430fe454cefd2e32e4316a1864a1a978bfdd1431f95fdc53451050bfc2ed1
step 26 007710747c3819295e60d50389aa155d509fe2e10ab1e26f65a62839bfb021a4
step 27 42246f7c70d925f3940e632e93818b8c7c51db149b07d22317574824a5b87c44
step 28 0c708ce2d5e8e6da69be8234d4da88460863419e2d954119334445f0d197b5fe
step 29 234638517c1a141ac677f382c92b405f4d0ce174a99c2329ea58a1d4cd05f5f1
step 30 3fc1d126cf54d7b5cf7200ede64a8760119caff6026e6dda438f5b3c2543d1ca
step 31 854602bca3729f32e535c4e8dedf56a19cf8557dfcd1657b8a03736d3bda87b6
step 32 b929c4462b73f0e12a8c9b1648b5d28d04aa8929fea47820d13d31df722b560e
step 33 629f92eb6f711a17e584962157059377627ab77d886780739c3bd4c1b310ed9d
step 34 4f0568de6f836ef1858b54ca5f27e24467a6799c4fb1f3e3b095f3962abada42
root 4f0568de6f836ef1858b54ca5f27e24467a6799c4fb1f3e3b095f3962abada42
msg 5c0700220b1cecf7115c035c329b37dbc57e6a3ba7b2a04f3987ee2843ec90c6ab57acc503d388917dc3b9657e3fad59c5a18b51f14eaf95c178d01588f9c8cb877015fd3803
get 006b41b2054bdafaaf2b0e10f53e5b6cff27bbb13bf2973b52e1994e5a88d100 null
get 006b41b2054bdafaaf2b0e10f53e5b6cff27bbb13bf2973b52e1994e5a88d100cb435672439ecb8c91a37b19 null
get 00d2ca3a2152c55f56889f0a6846f056733ec927c5d8081d3c9dd05964beaa80 null
get 00d72597edede607075520a583308da57474a4f7dd62816df034ffc79f84cd00d9c1b7612253b74b9bc089 null
get 00d2ca3a2152c55f56889f0a6846f056733ec927c5d8081d3c9dd05964beaa e0cad376f5eaa5f7147cb3844f0d82409eebaa1faf95d10f2fce4ffe92d615e0ac
get 006b41b2054bdafaaf2b0e10f53e5b6cff27bbb13bf2973b52e1994e5a88d100273139aa852798e1e649e6 617a704dce09b3732d9ad2bae3838882c9c83ba4da9da3151a7229067b7307f8
get 00e7833bcd8ddf464f388d1db3fde5b93e65b7d1e61d7db757cd4adbccd49680 fa55781ea2
get 006b41b2054bdafaaf2b0e10f53e5b6cff27bbb13bf2973b52e1994e5a88d180 null
get 00832c1b3fa6e373c0f84537fa6fd00807e9ce5b52ee9ea79a394f563973e700 null
get 006b41b2054bdafaaf2b0e10f53e5b6cff27bbb13bf2973b52e1994e5a88d100dcaa1e77940019fe784e94 34492143fea15b8108883687a7ec5ba195089e44b330f9c8bbaffadeb1eb20968d1b4685a7c23bae
get 00d2ca3a2152c55f56889f0a6846f056733ec927c5d8081d3c9dd05964beaa00 null
get 00d72597edede607075520a583308da57474a4f7dd62816df034ffc79f84cd00ec8ab280aedeeadf38cfe9ac47ea0751656927c565750971560a590485a3dd159facfe164a5cf05f34c3 92dd4d801a29d3bea99f9949584a6bc44ba1b089
get 00832c1b3fa6e373c0f84537fa6fd00807e9ce5b52ee9ea79a394f563973e700a243f0df9dbdbce98297f5b0 44be94a32f1664eff57119b9062bde5a63666f42a9da581db4be1ec7d557e00ff211504d92af48f5c8f33688d4f2fb046e40925183e6bb304cfa9253d8473a4e
end
case unitrie-75
step 1 a562c7a0a84c6489a9dc34d0d13c8b6ebcc2e3dc473d8e69c3d3cf7bd6547584
step 2 3024ca13c02048f6e51ddff2a428c7265cdacc5bcc50ac7b896314f9f39a24d3
step 3 8e562b383504ed5408caf04042c4391f8217ce410f7e2182000ac58273c14183
step 4 8c008096bd59e0f327c57158b4d758f486f615ed04c57602ab218840d31185a8
root 8c008096bd59e0f327c57158b4d758f486f615ed04c57602ab218840d31185a8
msg 5c0700fc01be709828b381196c57cfa6710b822c0487325ac1c0e9b468ab562c5e880667ffd5407ad91d34ee132c394dda41bf302637a96c78b395b58efc4feee021edfd8b01
get 00ff0bdd2a8c02b20c7f43a15d8a63d564ba6e056485b580b36689ce0951d0006f10d468a90e1c87087acac35ce8f449b4de02e6a22598fd1b19e0f1fc2f2cd905d5f1aabbaa051d7104 4b07
get 00ff0bdd2a8c02b20c7f43a15d8a63d564ba6e056485b580b36689ce0951d000f16f1ab847e440910e12fd 2ff9de7f8c3b354088aa837fa1399af1c299e6787d4b2da3fb6d02d0ec7064db275e
get 0015f9e439b2e7ccd52c17dd0f587c1b85625d855128d87e570767055908c700 f61696c327c2ac7751cc051b5333e676454378242f239140214b373d8a5ff3a839
get 00ff0bdd2a8c02b20c7f43a15d8a63d564ba6e056485b580b36689ce0951d0009b01bdfde86192747f9ed70f af
end
case unitrie-76
step 1 25861b2b44ced0fa88d1c8f2d5f100e03894e7c1b1ec79bc5d3bc8ecb9e65d60
step 2 39537c94556e0862d58376156cf129168b7aaa4847c1aea7ca0ebd1a00fee8e5
step 3 71c9a6c09819bf1f66f85f47a1bdf067ee6e3327924d6683b3be8928b78e5554
step 4 aeb47c93c00ace9fd1b047e758fb761f11c060bc088d5bf253f74507586ae5ed
step 5 d01ec403ea7d08d684e6df0d019715e79f691389de48e40a1582fcc6e27d8913
step 6 7c1be51e7209b4f9dfc4a340294db5d364c69e04ab004ffd81aed6075ff8066c
step 7 a78797c47ea1cf46753263b7288b557a69632d8b1543c48e9e394c79bc52cbf4
step 8 a78797c47ea1cf46753263b7288b557a69632d8b1543c48e9e394c79bc52cbf4
step 9 cdc0b7d13c2736df54aa91a191cba65c64f91660f04fb76031ac94fc147b8ad8
step 10 743dc356973bdee1880a825cb4c00006db7dcd02031a06d84d30210b1fc4b073
step 11 8a7cbe9f13697be535c383f21f4df10bbb89b4911f8bab6ece7f633a1b691c04
step 12 94cb05ea9a08f87af0c2d4d3a12465fdb3ed1c36852eeeeabaad0194a5a9aea4
step 13 91b01c62484523d4f48c0c5215aaa2d32dbfeb92a35828e3f8bf15451c7a492a
step 14 aeabaaa81c0084fd319e0fa694df37112b56feff315924e4b657340e06f7ca08
step 15 41f6eaeaf7f23003e311205a1ce5f06213362a09e0f0e8606e1a08622980b4e8
root 41f6eaeaf7f23003e311205a1ce5f06213362a09e0f0e8606e1a08622980b4e8
msg 5c07004cb5f1f680fe3ce18f7f787e89b2e98f4fbea9d54e2446f187fefba52ddc4ecb433badd25a18dd2b12fe9bfca72b3b095b36e8d713bbdefc33e4add72fe161bffd0a03
get 00f1dbb7b9ad4ad9140efe04210997829d4009c3c68f7a111c1cf4d03f6a1580 null
get 00f1dbb7b9ad4ad9140efe04210997829d4009c3c68f7a111c1cf4d03f6a15 0ab5f6bbd4adfe9fe4c1d7b4e0d00c02b605a2010a525ca6370297d6d9916197143b7e4ed5121db24c221cf0078c9b3a0e39b15d09b0750e9cc4f0d81aaa1fcd24a8cdbf21e0885977aa7cbe0cd23bb5bcdf55c2c1491ea5e673d87b7391ad22281f8b25
get 00f1dbb7b9ad4ad9140efe04210997829d4009c3c68f7a111c1cf4d03f6a1500eaad6d57929cba3d926df4 4f537d831e7d51cda6dbbae87affea1e3f8f4840dcc5ed40d231c493873196
get 00f1dbb7b9ad4ad9140efe04210997829d4009c3c68f7a111c1cf4d03f6a1500f21b454219c89476a7462aebc777a39e3925905ff00ab686e9d7c989493a654887130877525397e84d29 c5
get 0079849df91162d47f3bf091ab2da81ffe692143ae87f183d216f827518636 e3
get 0079849df91162d47f3bf091ab2da81ffe692143ae87f183d216f82751863600 null
get 0079849df91162d47f3bf091ab2da81ffe692143ae87f183d216f82751863600e960d3a94771f66376864f7217b1a26826791d3cedecacf81240a12cb685de8e6fb5d9b05eb4b2068658 f4de50cc928446f8e11701cd25faa31499b80a3d76ecfe23fe04e7ebbbe8654ba346b4901f438ef1428aaf1e75142e567eae84b41aab776772a964e15699314f
get 0079849df91162d47f3bf091ab2da81ffe692143ae87f183d216f82751863600461b7236a1507e71d47951 96
get 0079849df91162d47f3bf091ab2da81ffe692143ae87f183d216f82751863680 fc2492a6ce21f63a5d9750f23c596b93b181600ba58e70ed926396092dab7d9cc70c7d68d1888268cc76fd7a4537f60b4233a07d6024f5e7f5d24f705ad8dc83
end
case unitrie-77
step 1 f7bbb9c7af2e660d0c586d8d9d6c07083af8c082db4150ce6c0aa651504f55f4
step 2 2c9c14acb8920a4c5dc13ed3f7c3b101cfa851c848e2004dc2ace75eda66aeff
step 3 f7bbb9c7af2e660d0c586d8d9d6c07083af8c082db4150ce6c0aa651504f55f4
step 4 61d7121910690dcb7d4be9c57fdbeb3716107143c3dc5206c92fb57fbe6a848b
step 5 f343aca9494e8f2228dc542970fc98b496875acad42e639cb4b257c54b4b2f0e
step 6 f343aca9494e8f2228dc542970fc98b496875acad42e639cb4b257c54b4b2f0e
step 7 f343aca9494e8f2228dc542970fc98b496875acad42e639cb4b257c54b4b2f0e
step 8 61d7121910690dcb7d4be9c57fdbeb3716107143c3dc5206c92fb57fbe6a848b
step 9 453a83391e94c6dfb118f2ff3e13ab2efd1e8b66ad9a584c0f5a4324d835801c
step 10 7b3cc5ef786fa02c1a13e17740291adf8ef38bfbcccc68a2ee9aaf1bee9787b8
step 11 a7c0e524476133e9e92c3e1a7573fdfd492e8e9068fcf7b9ed3791bfbc72d5c7
step 12 22d8600179da2f0951152722e834efcf51f75b91742d79de54a9dff6cc80b536
step 13 443dc51c691c8175e01fe87f46af3511c7a4f9f93bb2178b19c8305f9e4e8ffb
step 14 bc1a33fcec2a8aaa7472be58404c9d04a2a436abbde980122b20de3b81f76060
step 15 06e8f374b5534b0451fc5629b05e6f2b824e6492b952e2bf2ae4cb002e40d1aa
step 16 06e8f374b5534b0451fc5629b05e6f2b824e6492b952e2bf2ae4cb002e40d1aa
step 17 54746f9671b8e42c3af7314cbb9dfbf39174dc23d4a89752aeb9a9426b8fbb8c
step 18 9afe0ed6d840075e4a6ec2f4f72ec62cabe1cc2968e3ee3277487dcc166e6704
step 19 3f9d7a650b75aeda6a10f80971c328df937d79c010e45bd7ce41f26aa9e0c27f
step 20 3f9d7a650b75aeda6a10f80971c328df937d79c010e45bd7ce41f26aa9e0c27f
step 21 3fc7fdd894031d8164ccc22394917633515cb84069006456587beed2ad89c29b
step 22 58747db7e5ddf97e278e5fdfb601a7852bcc7ef81458265ec90308c9f581f4a9
step 23 fc1d9d3c978aad6fa5cddc7fa461f966d4c1bb8771a9638b2ecad202a7155a6e
step 24 01dad64e591cb495df2b021146b73ffe460d783d239dd575a7857802dcd5ed27
step 25 36086c1de82daee208a7cc1d51f8f4bd38c41e4467915bc39577ce619ff9c200
step 26 80faa5ef2cf6fc1eaa9a3bf7780a3f4a45cf436eebb387340294ad5ae322cbf9
step 27 18b59f4eae63fcb3a94847426440499616ad794c2f983a4240526c56bbdc7656
step 28 3b3bdb1dec263c18abf4fd751b6e75c9b69705917680a7fb4efa4834a40bfd2b
step 29 8f5352bd07b05947380f686fd26975db798f2636e89dfe9d0aa1b66d3821422a
step 30 5eafa6a49326fd3e89242367a864c45d4eaa6b166d3001a02552c0aefc3fea44
step 31 fc1440b4ece5d778d3f4966bec626f1a6294330e7ad2a7265a9cc970fa1aaf2c
step 32 a6e5d9d39aeac765d96ca8b13d3c3d64bf8c396cdb218aafd0705d8967208f84
step 33 da1487f6a51afdc40af80a401204f5a78d29fd46bd3779f96fdeb627e703a916
root da1487f6a51afdc40af80a401204f5a78d29fd46bd3779f96fdeb627e703a916
msg 5c07002f96d6bebd7e820f5f55af90fac93c3db3e4ae92a0a6555b0cbce45ff532d4f5bf31129aa71f01bf6bf62f21a5ea194165082e3b1177827964d1f244d6593feffde005
get 0089518283d71e8520ebf0f81478289917449bd9df4f4c45e40eb55cb0e383 null
get 0073143c4f293cf171dfec52b77c7fe12098ada73004d77c2d926c1f3fb347005de5ebf73c933c507b4d7d96 null
get 00f3ae7c4d33bd34659057b752e6c36c25d3e8fee9e98c6e07fcc49c40d1ba00 52671958a9
get 0073143c4f293cf171dfec52b77c7fe12098ada73004d77c2d926c1f3fb34700e559f1f70921c2283397c1d8cc1cf12774e78df888883b035bd764b8195e674535bf0b2960dc5b1b6465 f150cd1cda3a0ff24544ab2ce008eee36cdf8c0331215da7eb3a338f5a689a948722
get 00f95d94b8248b7c7d454abbf718d747ca53d06af8878e0a800c53dec4eabd00334c22dc539df8a2256376308b0c1e6759ea875d4575f432b4030db4935a9097268fdbd9a121c88ccc2f null
get 0073143c4f293cf171dfec52b77c7fe12098ada73004d77c2d926c1f3fb34780 null
get 00f95d94b8248b7c7d454abbf718d747ca53d06af8878e0a800c53dec4eabd 06fa
get 00f95d94b8248b7c7d454abbf718d747ca53d06af8878e0a800c53dec4eabd00fc8c62f4c24f39c094cf033d 0625e716a091a7e091e41a2f3ca62a52b884a9b7d764cda655849c2c5c9e814f069c
get 00f95d94b8248b7c7d454abbf718d747ca53d06af8878e0a800c53dec4eabd00165f99a09c2424e8be443c de2efd5f54
get 00f3ae7c4d33bd34659057b752e6c36c25d3e8fee9e98c6e07fcc49c40d1ba80 null
get 0089518283d71e8520ebf0f81478289917449bd9df4f4c45e40eb55cb0e38380 27f227e16b779222b1801d5d2cb6e4359f7db9fa3c499212cbba63ca55c108f3
get 00f3ae7c4d33bd34659057b752e6c36c25d3e8fee9e98c6e07fcc49c40d1ba007b4139c87c4a8027378ff706 9d7a41189af91cc56b8c9b4b3c39a2e22bf7d4d752bc805163af517c5145a02e24dde9dc3953deb6
get 0089518283d71e8520ebf0f81478289917449bd9df4f4c45e40eb55cb0e38300d0f3339705d41826a04bf3 0d5c5c39b1635a0a73ef88268783bf59468076feda502a8d059db3f88b37e799eca4
get 00896d8b5dd3e9ac050d0cb203a0d74c122538fb1da4de2f760d9294512de980 0bcb6d57877fb6494058e3ab0295a1bc8e43745a53f487523a01ed23a45669a70074
get 00896d8b5dd3e9ac050d0cb203a0d74c122538fb1da4de2f760d9294512de900819f084523030a7e34fa10b7 null
get 00f3ae7c4d33bd34659057b752e6c36c25d3e8fee9e98c6e07fcc49c40d1ba007d13e32535db6642c4e9ef 437e8facf814106f3b9a3e5f026d6a96c948d6451c1f4aea5e59b31013db79
get 00896d8b5dd3e9ac050d0cb203a0d74c122538fb1da4de2f760d9294512de900925c9cc51b2da7657edfc58a 21
get 00f95d94b8248b7c7d454abbf718d747ca53d06af8878e0a800c53dec4eabd80 86303a52b7aaf0bfb68c81c8
get 00f95d94b8248b7c7d454abbf718d747ca53d06af8878e0a800c53dec4eabd003b09cd9edf6178776fa75a d66060d72237d16700ea512b9016b15cb4971d1020fbd87b41b0729e5b818ebe9330b3d7d77ac5d908c46e0e52187c6cbb1bb1c482578431d85a5b74ed463280ddbc20cb487fa5c22b1fed45135874dc41eeb9cea2c856e805af536a4c79a5a8f721b476
end
case unitrie-78
step 1 db3cda82ed265f6f6812a72130a40f19ce98472c9b411b21f80848a4619c4528
step 2 3c5f69825e1a1270998e438868754c4a3f5cdc37f2df91235191411c7d949fe8
root 3c5f69825e1a1270998e438868754c4a3f5cdc37f2df91235191411c7d949fe8
msg 5d780032dc679518d40ef02b3839963022de2e5acbbfed070cd35224d231ac6df1c7ab03a9bed02fff3bfdb76d06cd384a673afe76c01f302c36c04955740282b2267006002eea39468e09dc5bcac2cd698b86a3a6ed7a0115418299e6e7105628d65243f5000064b8
get 0032dc679518d40ef02b3839963022de2e5acbbfed070cd35224d231ac6df180 f1146ee16c8b089dfe3c45c339e47a67802c5999a30815f1919e0d110c3d9597d2dde00ad2c10654a9650c1e3da168d3bd6f5f9018dfdc507fdf7244c8e2da7d97aeacde8e161dd747e88583a8ae8680569fb198b8a36ada30b3b9e960828f26e34e58ce
get 0032dc679518d40ef02b3839963022de2e5acbbfed070cd35224d231ac6df1000d0ea7192010e7f21e2dba1e05c8fff9e6f4030ac568473b8b2a4aa549c7eda3a238137e9640310325b7 fd
end
case unitrie-79
step 1 b52b3b50dc2c111dc5d6dc631316d1b96b63fb5e55e10ea11a7139efc208672b
step 2 56e81f171bcc55a6ff8345e692c0f86e5b48e01b996cadc001622fb5e363b421
step 3 e66fa0a6c5b7ebd7797394815005a0d2402984c33fd2453847f296bf9d2eac1f
step 4 dbcd82671c526b2c940a96fe1a954b1b19894884e6ab0e9a2835ae5b418a4c75
step 5 4f2551952795c9e994d512d179d758fb9ac737545bcf9d278299ca5518c205d3
step 6 ad1873bd172a00994b7c21cf479d7204e9d366c0c08e63bd6654f35226ac77ba
step 7 053955505587587d384819caa81b0e0da8be414f5d9822161d2db4682f7f6bf7
step 8 9a287449b2f324b8ea320d49385e08584bda704c268b15bb005907634d8e6791
step 9 a4d4646175793ee1b362e890238d996f1cfb41311e611a02f92c219af56f3b78
step 10 3c109a153f9485ce4e65eb3d2967e65bd27b682d6c1ba7e9feffe3750e14267f
step 11 22d2630266e16eecd4b350a66a39510902c8f02014f33f0f4625b801d6ba91d7
step 12 3131282e4fdc34edda6b141590483e74a7b888343444a9c06e783acc6d623096
step 13 663ac82d318fb02d24f782fcdd0f39fe4c652a752ffdb901912700fda76552e4
step 14 696dc6d6db680b7ee78cde1211308993bcbe9769cb091e85adeead1380d763e9
step 15 5992176204114d9db7d770a429d4674e27e9b2da496844173e5ce39e799899a5
step 16 e5fb8eea245d88443cdce08d9cfb2c0387889149a96e61045004ec3aa9dfee11
step 17 492b4bbc65992fcd5615309e656794fc495f670b56a79a51e55118b5cb478a05
step 18 0f850c5b6c4d1f43fa159fa43d932e43ab2e6eaf371d99aab1921d2c2b897e33
step 19 cbd5d1a6061ac273dea7dd9aea8939968cc4c23920bfbc8471e15c24fead8187
step 20 3d5db1b724f59f59494c0b0502ad42bbc1381d2baca756870a00c97e4238a3af
step 21 513b202d8e795e17cfd959ff7ddcd9ad58d574598f8fca8dec017f73c2ed0a79
step 22 e96e27de3630a795139a1b8c4805b6f1caa4e5a49e1a8e695c75cea95125bebd
step 23 0c9d0340919322ea15dda1189abc7694894099058da25f300565d04d816833b6
step 24 94401ce5f5baee05e561a0ea3e0a02864784b60505340ad33df0f9c00bf6e84a
step 25 85b72ca14e98213a3febd0efaba9f06d03167c4533857e6b906e172f5d410e31
step 26 9ba80f2da1bf3086d153dcf8c0079b9929d540989b9f96d9a3f9c80d9d20d478
step 27 3fd0b136bdfadbab98616d6ebd205f4fa3c4b3b4db22e25aea0806a9cb3eb4fa
root 3fd0b136bdfadbab98616d6ebd205f4fa3c4b3b4db22e25aea0806a9cb3eb4fa
msg 5c07005577e89d41da946918aab381f21c26590c6d333ceb293100495764fe57728f6cce72fa714da82943e5b03679b6b5f68e852da9783c43fc4747111710b330eb59fdee02
get 00f6d47e6332cd40589b7115f948da448051b780e49a79e744360ffbd7abcb null
get 00f6d47e6332cd40589b7115f948da448051b780e49a79e744360ffbd7abcb80 14697bfba5
get 0029f617ccacc6ec6c411e3ffa3e55a9b1d3afc36f9c30c0e21678b0f224bb 03880f4f31d3a646bdebfe77350337f832b463f4719af3e5d7d24fb1ae79eda0
get 00344baf617b0a3e0b60d4f14b76513ae5ead0d811d65d751a1d28f752e340006df7187c69be8c79270dcb null
get 00344baf617b0a3e0b60d4f14b76513ae5ead0d811d65d751a1d28f752e340003d120183f8bd75f7dbf0a6 4af2101f503190d70b94a28eca15cf51036ae3ff0db3dd350ad9e9b4f825a22aa5d1543cfee20163
get 0029f617ccacc6ec6c411e3ffa3e55a9b1d3afc36f9c30c0e21678b0f224bb00 15a8b37bd29186ac71a40ff07a348f8d4dbf37688ca788966e7767fb0e395e42
get 00344baf617b0a3e0b60d4f14b76513ae5ead0d811d65d751a1d28f752e34080 null
get 0029f617ccacc6ec6c411e3ffa3e55a9b1d3afc36f9c30c0e21678b0f224bb80 f37341b5ec3358f1ead9a81ef4eb62baacfcdffdf17bd3aa44a7d11a0339b5ba1e1e718a71e903c96de98c60d493ea3ea371805fb70f8eb2a795f08e9bdf400b66b2db9cecf00079ee04e7bc804ff6c073ae00b682e98dfe850de3f0d711ff7a05e6b602
get 00f6d47e6332cd40589b7115f948da448051b780e49a79e744360ffbd7abcb00 858ceefc3f
get 00344baf617b0a3e0b60d4f14b76513ae5ead0d811d65d751a1d28f752e34000522ee07258063b62258ee7 5709da0852a5910febe60a1d888d2367c98e7d9220ab1efe739864e73e2ee050ce02ae0096989f5f67ae8de58ab9506284f1d538b5ab1c450b664ca0a7ec2af7
end
case unitrie-80
step 1 9abe6403627dd2506b7f28b5dad23a591a47c5ffe64f36bf1dee47135e273a7a
step 2 73d1f670a9ff49507fafa5fdf001583e93a7ef54608016ed27212d56e3ace5d7
step 3 ef170f63031b231e54c0f2b3855062001aab42c9f52de478f1e7ea03eb276b7e
step 4 0760bae62364194e84be44e5b727814b8d5fefe1aa59d8b088b0f08097e4e32d
step 5 9253c26a5adee90a0a75d1961558131bd5ec3843c03b3cca9cd8ec75afbf226a
step 6 2eb832e11a35f501e6d6efbd33612849891f826ae1000005a18726cc9577b664
step 7 d88f296fa3e8b2b50d75bde62e97e1280fd66aaa6cb0ef5df775fd5275faa1f5
step 8 cb65854c2452dcab8e71dc3c37395f032e1e829bb06e4a96a79fd9db2214d02d
step 9 8c82bc35eee73315f11ed4d337fc0371e553716d024534caf5a1fb62418e053e
step 10 0088e01f18f31ab1f070b81e5b81d47e31403b9b87c315b148e3a0468ae89bb3
step 11 709b3a1313fd843d25a7f5fce998941b8bf985b7443599a86cb99cc8931e2649
step 12 7ddd65d35754ea569a0989d4cf95cc6769791ffa759ef0a75463ab5a955b1749
step 13 01479c6641206a315792369ed4c36216931610531d8a877521f1cce74deffb37
step 14 3a6a6196bc10fc854fae15611b7db463a9e57db18c478ebe129741965786eb13
step 15 01479c6641206a315792369ed4c36216931610531d8a877521f1cce74deffb37
step 16 24e91c5b5126fb2fc8db01cd2eb181bb3c60725942f132f6dd4433922fd5deff
step 17 76288ea0bea0a02c19f294a0dcdb23f15782159cdcd4385ac0e002ff78683de0
root 76288ea0bea0a02c19f294a0dcdb23f15782159cdcd4385ac0e002ff78683de0
msg 5c07007a4b751cd3941b214edfb53519f3248866b19905df2828b62bcf7e95b2f24ba71a1d608569b786973f51c8afc07a24c46cadd0d2f54be963a7f9947b1d9bc66dfdfe02
get 00ab59783263293d1e7c6529b2e3057c086f589bfd25bb6df47a26592e53ab005e5f2ff239cccef0b128ca3066b9c50e435f298230554f63ee2754d43d95c067d066f91851e4ca131bbf ff8265ee4dccd282003e911288989a524a63ff49649a8fd42bb3e416368e00
get 00a67736253fb6f165a7e01376115c121b707e48b1245fc15643ba3abf9ae8009e99d8722cb6038943c7d8 9d8ef22cf0ffd25d7c9fc50ad8b731e0392b66f517a1962fac34f0fa3303fbe6e1624e1597f32489dd015f261254fe3879b379470bf8075a8694a1b9f1d5ca42
get 00ab59783263293d1e7c6529b2e3057c086f589bfd25bb6df47a26592e53ab00 null
get 0060130342b0fc4980f2fae90d2dbcb858399ef610d7e421338ec14123b7c400 3e7d90
get 00ab59783263293d1e7c6529b2e3057c086f589bfd25bb6df47a26592e53ab80 367ebe1d971a47dcfd946f47cfd4f46f8e2bb546aced1583d71d23bd9c956de2e2
get 00a67736253fb6f165a7e01376115c121b707e48b1245fc15643ba3abf9ae800 dd03fd6cdf98f66d5ca6ff191972f6b04abb6807a7c4c8845ceec1bb82830b2de1
get 00ab59783263293d1e7c6529b2e3057c086f589bfd25bb6df47a26592e53ab 3ad908facc4d5bb326ebf31a409c7b2adb4910f1
get 001f817e2dd060fef4609f9490aca6783f8a158d766d754f168ab48e4c3622009c8da317027fdd82494da9 86c467d9b4848d935c65b94fcb2842c11d05d868
get 0060130342b0fc4980f2fae90d2dbcb858399ef610d7e421338ec14123b7c400d33e1e299d26560e1c6d8f79f7b82756ad0be87d160d73c3f98fd755a5b51f8ff5e1c9e9e062ad252bd8 null
get 0060130342b0fc4980f2fae90d2dbcb858399ef610d7e421338ec14123b7c4 dcd9
end
case unitrie-81
step 1 7011f75982f3e64b0882089b3e5d97ef84b00294e0874dfe08a5b5426bf9300f
step 2 7011f75982f3e64b0882089b3e5d97ef84b00294e0874dfe08a5b5426bf9300f
step 3 56e81f171bcc55a6ff8345e692c0f86e5b48e01b996cadc001622fb5e363b421
step 4 dad0edac291c2df8c77114dff398f0621fb7dff358353ca9c0938d2bebc1ad66
step 5 b56667bbd27905cad40e107fe3c53693ca483cb1713ffbd19dd077cdc7846fee
step 6 8df891f0d9ede9943661bd7fea6a251476d76c01cc2c187664f103a40cc761ab
step 7 b56667bbd27905cad40e107fe3c53693ca483cb1713ffbd19dd077cdc7846fee
step 8 dad0edac291c2df8c77114dff398f0621fb7dff358353ca9c0938d2bebc1ad66
step 9 cb13989feba5a30247a84b5fa4a54baaa234d2930d80e6bd31152e6abe3744c8
root cb13989feba5a30247a84b5fa4a54baaa234d2930d80e6bd31152e6abe3744c8
msg 5f780064b0ad2e2e60a132f5959290a34f4f005d22e348ac16859e2d85c358e98a267006001a4b555353e2a22d5a425fb421cc529de183d717c3818ef581323b15bf0ee1ff0000222670060067bd903db073daadf021be34f22f9a17f6144edb29b634388c337b4223c572bc00002896
get 0064b0ad2e2e60a132f5959290a34f4f005d22e348ac16859e2d85c358e98a null
get 0064b0ad2e2e60a132f5959290a34f4f005d22e348ac16859e2d85c358e98a007ec053d7d770a64402b7a3 null
get 0064b0ad2e2e60a132f5959290a34f4f005d22e348ac16859e2d85c358e98a00 54abbe6bd354b6bf0e965fdaf9d60f2568879d4109a435deb35221361ebe11bf1427
get 0064b0ad2e2e60a132f5959290a34f4f005d22e348ac16859e2d85c358e98a80 44a5e82a96f4bf751841e3dd8c493e732f4cd2625e8c167a0dc97a82f99409b0804ae5536651a14b
end
case unitrie-82
step 1 1c0f62c1b18cccbac082a19178d76ef707aad9b1427c1ab6c7e71dfac9866142
step 2 56e81f171bcc55a6ff8345e692c0f86e5b48e01b996cadc001622fb5e363b421
step 3 673ae32004d5bc2528410a283396cb94d16d799a6c1f94b13aa6d6d71437a57a
step 4 673ae32004d5bc2528410a283396cb94d16d799a6c1f94b13aa6d6d71437a57a
step 5 56e81f171bcc55a6ff8345e692c0f86e5b48e01b996cadc001622fb5e363b421
step 6 2831327633d8ea4eb0c8dd5f8df803e546a62c05442b6213fc890b1764a8dfb3
step 7 8a9fb8f986ddb6418065eb2b2f091172739e15e036a9324f198745e90c0bfb1b
step 8 2831327633d8ea4eb0c8dd5f8df803e546a62c05442b6213fc890b1764a8dfb3
step 9 15c477ddc28d0bab2a24a87bd02165375a47e5f97a547c3c124c9822240aecb9
step 10 eae1780a2cd26228331bed0daac2d47d422855bf6fed1195c91139ac363b3030
step 11 a87adc1e9604f059ac73091986d460c771362be140e3eb12ba8b5fcceb48d1fc
step 12 1663a527f916fd5060806a455e1f587ea593a2a05614fbf5e2b346b5ea1fbe95
step 13 db5b9a0396a2452c6b98735c3a33e31a6e8ad50387ab8a55406776c73b69f53c
step 14 7b266ee5d3258321c60fe6bfc50c23fc3878a5f2b4c46fa0c48705fca7a9e234
step 15 bc184be88d30a23aca123541844a56fa483803fc9db92e89ceda5a5521df7ac6
step 16 bc184be88d30a23aca123541844a56fa483803fc9db92e89ceda5a5521df7ac6
step 17 fe1abb461df9066d755354ab3d4337d1234849d4df6f488de5f750794f559644
step 18 8d1ebc042608a3865d90bbfd578aced8f4f788cb10edabd8a1959462c3a2b18a
step 19 75de704fc4c02bf00773bed2189081a089f6b2b143341a19e92dd5da739f690d
step 20 3c688e66585d9e837e80f65040fef4687d23c09757c0a0c3250743099d006a3a
step 21 c8c4726ddc1aeb3254d30bda6fb368df86acd63378a1100101a312aa957e589a
step 22 76a69109cff404eccee0007b8663208f7fe038437ab5da53b47b87c68584eb1e
step 23 b8fc56c0cd86f670dff736035aef0333569de9f21988e5f9b1525d7f8af54808
step 24 c46cbfece3b35c703e373b39f19884716e058f5f204ba76720b734015155d262
step 25 cd4a40ec55d55b5bf03ec1f04ad92619b044b55a7a46c51b1085fb63f3acf935
step 26 fdc9cf45e990a04acb56aec55620a111e48b55a3a8c8700a2df26f951586dc25
step 27 d69aad8891dfa5d81579e25b9e5af419c7a7e02f60046cd47599c2bfb3408ea2
step 28 5dcd927128345e46ae7043fc57684a25e922b4e4acbe01aef1b101f38467b19c
step 29 175fa580205d8d319b8d7c30ea11769b22c965c661353b91839effb58f2825b7
step 30 7ac0e7d0703ee01542b4c693459c96a98617b643ecc15b97ca1024b5b57c0acd
step 31 bdf792e1384fe5ec21a521f50b28ad21e523ca19025847280f623162cf31879c
step 32 51e6ebd377bf7156416d54b9dda37cf9796676615051ef3a60b5f20b0129aa50
root 51e6ebd377bf7156416d54b9dda37cf9796676615051ef3a60b5f20b0129aa50
msg 5c0700bd47b85d50ab51b6b646ed40ac955ec54b4a84a615262fa51e465de1efc086b4f6425a334b5bac7edbc3f21e8ee7f4313ecc1443c496f79515369df8dc1f1f4bfd8c04
get 00dc22c90a4e42f80f1343cc785ceed5fd0aebe891b4c5005c0910c87df8ba0080d2f6a4d1ab7df6f318dd 1a84755b9cea13f17a9a119803e4a92e823ea428942178cc5ed27fd0c8bb7352fc
get 000d08a4b45950d747100cf85c8ed634f47454f6123d9926f61ed93179df2a006d464343cea86b716db0be null
get 00f3eaa406423c95e61ab0711599615ae40396de804c2a94e2e523786150a400d8e5345f54c7e2b0f46e19c823f7bcb65990a23630935d990a62de3dc32c5260db4c86693d35c02d33f5 c666a6ef09db650aec5468c8e74aec4110be4ac41106657dfb160be2f4460cdb
get 00f3eaa406423c95e61ab0711599615ae40396de804c2a94e2e523786150a40057696f86edd4ce76d979bd04d7e11d4991a68a51e91c1d8c499b9014b7c100a2814e96411186d4944608 1cf085deb7
get 00e8e889ce9d9292cc4bb8fc44f1918fbe059c97d2293a3f7ca0bd01d476d980 9440f0a86f85b7af5822d6d61c76f3bbb8fd3832ce16c16e5aa7f554a0d3dc74b6
get 000d08a4b45950d747100cf85c8ed634f47454f6123d9926f61ed93179df2a003bbd092fd93afebc3f1df1ab d164394d33f96e6ab84e0b33b77c63ca8d967b0e1979fafaf9c7453406c7a145b47c117aeb1366f27e9e776fe8af9857595b6c223b36d80430f4dffb40d2bff4
get 00e8e889ce9d9292cc4bb8fc44f1918fbe059c97d2293a3f7ca0bd01d476d9 null
get 000d08a4b45950d747100cf85c8ed634f47454f6123d9926f61ed93179df2a00b6c06627b5673956d3e95cd1a5c46fa0a1837ec7177f2c337b1f90c331b6fbcf4141471a87f9b2cfe654 25a8e95d0a239081d0d118921b481a7179bb325fb1c5499820e7c3dda5e263fceac8
get 00dc22c90a4e42f80f1343cc785ceed5fd0aebe891b4c5005c0910c87df8ba00a5271abd1e2f1e39127a94 null
get 00dc22c90a4e42f80f1343cc785ceed5fd0aebe891b4c5005c0910c87df8ba0051063f03468f89c688f006bb 50b4fd0ab3
get 000d08a4b45950d747100cf85c8ed634f47454f6123d9926f61ed93179df2a00 e0a804
get 00f3eaa406423c95e61ab0711599615ae40396de804c2a94e2e523786150a4 feda37bfdb
get 00dc22c90a4e42f80f1343cc785ceed5fd0aebe891b4c5005c0910c87df8ba80 6cc0932ca35fe77025a01df4d9d04a3f7def036e2440d8b2a4c35694268d675d8a
end
case unitrie-83
step 1 8614d3da07b061b9b613c67f6cb7b5c19980b7f7467a9ad2cab5065a303be104
step 2 bd0aa3105af2780715a61b853433e9466bdc3a80306a23a68a58aa84bd89b2d1
step 3 ce6ab10de0260d11b65ef848b46694a471b3d0f0d35de8c548a13244ca6a93ea
step 4 0f82c3b6f278ad3d09d7a3c5d3a8ee39190e6a6f91913d59e53df8fe8989f1e0
root 0f82c3b6f278ad3d09d7a3c5d3a8ee39190e6a6f91913d59e53df8fe8989f1e0
msg 5c0800801178adf7a62cab6b7839f05e5647fea5b7d7784033aea3b48c0c3b74b551914ebd11f900b41e5bd7e03db9e2cbe363557066413108b497e9fd9e7f52a815a06187
get 00be2cf04b94a61247a4fd21ad89552b6ca5c11d993495895d245a01d8ba7d0050967200dc10281357a742b06e0fb02ec9e5d9e95f182d5ce667ac972f06762805a01eb3fb1534a51396 62edfa4b625ae94aa3865b9a
get 00cfacd1d336811e3405a1a7e8200e398382d7396b72c2cb1fc9a4b8c1f04e80 6811893ea6750fcd7c96a5d3
end
case unitrie-84
step 1 a1e5f101f68bb63bd1a42746934df449fd5ae9d0f2553cefbf733f5977cd3b3e
step 2 56e81f171bcc55a6ff8345e692c0f86e5b48e01b996cadc001622fb5e363b421
step 3 481bce838771ce6ff30b31c0cd7bb58531e1fa6f9403a8471a6fd8def3685105
step 4 bafbb609ecc20b0edc9d7efa63187b9de5ce145bbfc58b1b47c382dae7841ded
step 5 d60bd0c0cb83f8fee361b4104e2645ec4ee4b59baf40548ac8cf5a821774fb94
step 6 60525338ba53bac7002833bb0a11bb5541da341f79ce1084e583d61616be3035
step 7 52afa8eb76115eebe6ef5a459b49038e2a406a606671c3d1e75ce2cd258e352f
step 8 ece57721d37b24b5a8dac75edec8cc56c3eb54a7d075203c94bc589d7f234ae0
step 9 a4712247382671b0094881c7d75d3504a64d807e8e8651f6338e39b998c4bb8a
step 10 4ca5bc6e422f63782a5d828c4427f4dfd8bc9a6ab99593fc4d241a7a0870fd79
step 11 483d7f06618895242c7fd9e5f7867849881642b1e9db1797978f94597b154bf6
step 12 9f2c307e1b976cc465c325102e23000718147da1e9b73d4dc46e643465538e0c
step 13 fc1074cd0539287fd41b1218980b049e4076af965cc71afe8b05e4bbf24f6b01
root fc1074cd0539287fd41b1218980b049e4076af965cc71afe8b05e4bbf24f6b01
msg 5d7800ac44dda3362d9a2fb831477bdcb2e92b15c112b622188ef4abdad0fe5d98ff8a729e2af1ad83d262c5379a28ac3ec193e62832f5f45d5ed10cb42201b910065006007b5af5fd9f01cffa9bf62ed78701a68a0570
get 00ac44dda3362d9a2fb831477bdcb2e92b15c112b622188ef4abdad0fe5d9880 7b5af5
get 00ac44dda3362d9a2fb831477bdcb2e92b15c112b622188ef4abdad0fe5d98 cffa9bf62ed78701a68a0570
get 00ac44dda3362d9a2fb831477bdcb2e92b15c112b622188ef4abdad0fe5d9800 66cf1bbad7c14b1503643726b1da4e2b7af3d08212f421f3ae78232eab4d288425f8b74916aef12a260d260804756e567b93dc5bc55736f81ebba0004c56fe35d150ac8faef6766b5165dca399ccd2a57b0bd10ceecfef10624f8793e367c7fd930c4efefb0d2f26edfadc94563b118bb6c602f07f22a8453f3b979d6e10414bc153742608ffbeece1b87040e0bb0a048391f7f4688c79b58f21cbd4253915a9589ac4e6ef391f9e280db0c07caf729691cd60bc8285feb57216c97582a8ed5c497e77d2da4846a16a0d24c0bb75ecaa94c574fc6d2fe3267bd2272e273045bab43ea582ce26db17c402042c8f30f223de9b34446826e1bba6508dc63bd31625b5
get 00ac44dda3362d9a2fb831477bdcb2e92b15c112b622188ef4abdad0fe5d980010d97b798f6b2e1af30676 790ea67331578ef165237dc8e8dda2f01a1799efdaad66a3e45cf56194f7a61e
get 00ac44dda3362d9a2fb831477bdcb2e92b15c112b622188ef4abdad0fe5d9800d707b6a8c937ce762ef8d4 7ea6e8
end
case unitrie-85
step 1 07434c445d04d5cfb4a5ae817ae00c57f4eccde180faaac4529c82ef701e9f7d
step 2 6e4a563d4590dd94717d5d5746f44e77034daba0e6ad16a5dac8097f2378f6c6
step 3 3d9193231c010876cf4057dc925997e8e18e0e744a0ad4b33aa2eeaf6289a8dd
step 4 56e81f171bcc55a6ff8345e692c0f86e5b48e01b996cadc001622fb5e363b421
step 5 21300b352120bc2bb4e26626492f40968ab3ab4dd4bd999c01567b85a7d384e1
step 6 8a0aa3600f8e140f9cd7fcb33fc0e82c402ea1c6d7ce13b9aa6c15113ca9badc
step 7 56e81f171bcc55a6ff8345e692c0f86e5b48e01b996cadc001622fb5e363b421
step 8 7be86c144f956613ff53772f33acb9dc34363295cff0ded5ca7acbfeae63de4b
step 9 56e81f171bcc55a6ff8345e692c0f86e5b48e01b996cadc001622fb5e363b421
step 10 3b35c783cf772445dd10a9450ffdccda028c9ebcafa66afa267ab8125b26ed60
step 11 408968c5373f310a25fc13f638df620c6e2b3a6c55d2cb6f157a57ee3db6db76
step 12 3b35c783cf772445dd10a9450ffdccda028c9ebcafa66afa267ab8125b26ed60
step 13 56e81f171bcc55a6ff8345e692c0f86e5b48e01b996cadc001622fb5e363b421
step 14 1feb1e5c8a92508ec5180841ca16f01cf7c832a1af140b567f69632db0c1d0dc
step 15 7f8cfdbef09357f58a6ab5e41ec213d9b0e37ee730f4b36c4feaddcd0c72c1f5
step 16 80970db01c4fd9e7a554f3d7dc44c656d91040f86b68cf77a55dce08fe03cc90
step 17 66f547784baa69e1bd0017f29a5ffc87df379b61d46c518d74ac883d5df223d6
step 18 240583ba0d33b32b1a91956928174aa59425586c4928d8b76a452176a2b11db6
step 19 24c482446268e23c82e415e8c7de3b2c77db4e491ec4644e2896917db3ebd381
step 20 07e948e65ab0aa9dc1b0c0a71d54a9096bfcb77a73e7df516a1a908d0a4946a4
root 07e948e65ab0aa9dc1b0c0a71d54a9096bfcb77a73e7df516a1a908d0a4946a4
msg 5c07004764db9c8d8a4b87e030fd7c00e2d0ca41da22a35e58a8a126baebce1c80e5dba0c5893026689be1536c2a1455a1429be6dec91922818e5146d46902865cce8bfdf102
get 009921363059a3a5e4220630dbabab7e8c6b89e0df0bae8c375b82cb8a97f60070637d08e63860b68d1fb7 cd2494aa7a2f39f6e24beead5721c25c8ae426f9fa7efe489092502e0d62aa06b6fa4f94368f7a04
get 00392db63fa782ff7e4ed01685067a931b072b2a130241a061e44c9f01da34 7c83d739cd0dd577cf75ec76
get 00392db63fa782ff7e4ed01685067a931b072b2a130241a061e44c9f01da3400bd1ed4369c6600f9dd7664 null
get 00e66a934e572f6f38717ab3d441787d8a9bb30360e0cff119d2fddd2412bd00e7d759832ec627780b2f397c e9e4c932d4204168adfc5f8cab80547c79e020fe5049e563ebb7d2fdf752cf319941268f1e196e5c248998c8578ccd8a5e71b6870bfb1f0ffd425d0f11991cbc169ed35d5df511e32bb2680ef0af0b8224478cea6ba41733d0712480e0357701a91a26b6adaeb3eb295c4a6980727612c32df2a6f340a01d7c5e7b5db53f9e62ba4ead57ea22f9f375b69d45ce62144b0bad045cbbb08e6a88864f092775899294ed87693740b17b13229ce9d4abf370dfc1b9f594ba5c333b1e94637738eba821fa9227f1e0009fcc33d95c7571514e060892156dfd4c217a55fd75f8e86bd114e688f542c78e07c976141ddb3a571e1550072e7be43efe7931a685a0b9676a99
get 00e66a934e572f6f38717ab3d441787d8a9bb30360e0cff119d2fddd2412bd null
get 00f667dd7cfa5d66df3e9be7dcdf8594cc32f1f5a1df623a86fe7fcf17c4ac80 null
get 00392db63fa782ff7e4ed01685067a931b072b2a130241a061e44c9f01da340075011b7bfed6236b060e94 901967d3280a8f4f7907b4bb80515b70abf5a6c1e13785f140c9a64e47d9e113915d
get 009921363059a3a5e4220630dbabab7e8c6b89e0df0bae8c375b82cb8a97f6 e2259d21b0507688702dacc46df3be834540de2b7068897a685f376dd5ad2248
end
case unitrie-86
step 1 4d881158ae164914df9c2bf7d5b804de63e472acd76a0f56df5d413fa22d8404
step 2 56e81f171bcc55a6ff8345e692c0f86e5b48e01b996cadc001622fb5e363b421
step 3 5e2356a02bc8ab4a1c2ad79a5d3ed653ca7d8da375beded4484aea6f9189030e
step 4 20155b276c0f45c883b1c0b1f48600bf7474aefaa1a73d536760c43eb6346f07
step 5 9eb6069bda3e6155645d984dac1974b81832698c9da11db2e4891fcd1a05ef80
step 6 56e81f171bcc55a6ff8345e692c0f86e5b48e01b996cadc001622fb5e363b421
step 7 0db9ef10659ab5752bdf1c04754d5594d5510499af15c5f3c4eae606ed68d892
step 8 3e54997fa97b901c6665862f2b35efd11e587d92d92cae049b067c879a507d30
step 9 3e54997fa97b901c6665862f2b35efd11e587d92d92cae049b067c879a507d30
step 10 96f54affdeed2c4d1b517b1b68f18edbccace52e3a2b1bbdb3742ca286e1633b
step 11 069b6963719b779aafc3bc43356dc7df4bb30fab4d48d4ae588fc0310a324f08
step 12 d13a6ef1a4354fb0cd52b04dfe313c8d6ec652ee58bdb489d75b8f838e5c1504
step 13 ba121136e0a94293cd798d2e85ded76200254848d3a15abec729f5b6c3cdc82c
step 14 c67cf4e4b66483e740bcf85846f3b128972d2f21f938970da2dc65f7afc0a480
step 15 d5864997d7d903c2aaa17e23a1da960f956ccda44e8cbc04802896562f645c45
step 16 831677e73600a0cfebf39cf601c5390ca700b61fd7010604aba269dacbb8333b
step 17 b531705177b1014ec626cb6e95f9fa4b32ca3f2189ab66f29fa33546f5d797dc
step 18 6dc6ccbd0f93ceb272daf33310748f00876ab2f456b73f9df094f13398860852
step 19 e0e9d05e085582364ebbc3fa8d1e2d417a6a61062e6aa64cd7847d8e8409666c
step 20 7761e28cd6907dc599335d80e7cc50d1734253218a3d31d7867b13f1a95f4bf8
step 21 c6ef835592a49224fde01df0d1502a14a3bd3478e98cb8ef510ad0cb88671f46
step 22 7761e28cd6907dc599335d80e7cc50d1734253218a3d31d7867b13f1a95f4bf8
root 7761e28cd6907dc599335d80e7cc50d1734253218a3d31d7867b13f1a95f4bf8
msg 5c07002db022e805c2e02924536641a3751d9bb03e1817349c480e7c352a5451fe4d97f780b2e5df5a0d8221a35f8a634994a6e969b21ce7050dbb61daa750f699d882fdc101
get 002928fb35b846ef9dd540d293e835b60de0c7c9d4cc14758fc50ed9fb37c400 d01df68bb00679f541f435ac2a8ea60d5d3ec030ba68b0edc33963ac50265e
get 00c35562b38fbc62b0ffca0e7dbb75b16ec21ac51026520cfc11daee6c91a50073ab1a1a91d077559cdd6b 3fcb16e869b02cbb8183eefc
get 002928fb35b846ef9dd540d293e835b60de0c7c9d4cc14758fc50ed9fb37c400b5adfca55dcb305559f47a42 null
get 0063b0a48b0a03f85811c42f4c53245bdf6632a3d28a114afba7f2d2744c8f000b1bbca8f9c069aaf1c80b null
get 0063b0a48b0a03f85811c42f4c53245bdf6632a3d28a114afba7f2d2744c8f null
get 002928fb35b846ef9dd540d293e835b60de0c7c9d4cc14758fc50ed9fb37c400a67688420bc7561aad6f91e6 d0f43ac16ce907927c5636ac018261eca079eb218c2eff937b727da774a0cc74a228
get 00c35562b38fbc62b0ffca0e7dbb75b16ec21ac51026520cfc11daee6c91a5 null
get 00c35562b38fbc62b0ffca0e7dbb75b16ec21ac51026520cfc11daee6c91a50008d91f4db4c9be15ed92cb 6a1e3ea6927742f58b6c48c22b7948311966276541ce3a94b15e49ac95441da5e6cbc8d6bb183c4872c12f4bd2cb5ded353b0c2f526166d43835983722df0e7054e1b751e6414f4d63ed948485ceee565178ea0d2e17e75fa114d336674c427254017619
end
case unitrie-87
step 1 1280b6c6edcacd46eea7ac33f09abc1b21ea7be73a499d9907e3415158504134
step 2 0e8d485a0d136dc440a44d05cb4688295b2f393bb9898e4a713bc784b838bcae
step 3 2770482dc67da8f47beb8463ebe313c7fa778a7f687f04305e1483cc7246dfa8
step 4 56e81f171bcc55a6ff8345e692c0f86e5b48e01b996cadc001622fb5e363b421
step 5 171c8cea2451e657a73ab135a81b55d327f903adc3f64adb56f0fbff90d59750
step 6 10e57c3710aee28ebc24d2c21a1b426dca6c436f14fae5d00dfab5d23096db49
step 7 7fc4a3ff98e6ea781440bc373736497f34ade2ce61b79deee5f098bab5334d4b
step 8 56e81f171bcc55a6ff8345e692c0f86e5b48e01b996cadc001622fb5e363b421
step 9 bbd5161532250a8ffd109c80ec6b51525f91fecdef5c19c2bbcd374a98e0acd1
step 10 718e637f2b842425f2e7645d4f7637ff3058fe183e3d68fa837e6a088467d774
step 11 200176166be208904916ef074431f89c00728ef2acc574070b72ed0d541d14ab
step 12 9c7ad868a84b8f9c3e8cbb213184ef92f35499fdf164fddade355d755bbc813d
step 13 f2031635e6138982ed9c9ad303a0f5625c9a4289168024b0bdae5cf7853fdbcb
step 14 a84c0a87ef638986f8db806a9bee4746067634eb1c0f9eb217e057d60fe257a0
step 15 a03d654a6f7569816c16f810c4438411767051d63acc71cddb6aa324588cff37
step 16 b6592a5e3b85e8e2df7f5a283393d827814696b18fe032b4e3a5360a853c3a9d
step 17 3a879b16c8b709ef59fe757835811c22c62ba5a0296d41403bc98d1c444285a6
root 3a879b16c8b709ef59fe757835811c22c62ba5a0296d41403bc98d1c444285a6
msg 5c08008027d74ed4fe3eda0be8de17d4ec31950122edb55ee9fdcd4903f0a1625ef8c7f5582af6f10729076c3f993a2101fca29b5375b8f15ce990b59dea07912539d815fdc601
get 00d28579f3350fea5cde0a2446931922396f03338d01daa13d6a0bace4311e00 null
get 00c8b514f29afb4fe786ae05730ee194729a773dac8f7a8bf7009e051bb39c null
get 00af0f1d4a28a4325c36c39a654c076e3c5d2f46a162c4722701ace88e5aec00e499454d7c83c5e3758d93 null
get 00af0f1d4a28a4325c36c39a654c076e3c5d2f46a162c4722701ace88e5aec00d87089f2f237ed97243f2c bfc2c406a1c3caa3ed4322b443853fa6c0bcc11a0db164c87f39f155a0a27f7fd6
get 00c8b514f29afb4fe786ae05730ee194729a773dac8f7a8bf7009e051bb39c0057025f783d8a19071a299a 9222954fbd
get 00d28579f3350fea5cde0a2446931922396f03338d01daa13d6a0bace4311e0059652ef94a498ac6def9dd1c135a1ca9c5f6927a791e7035b5a8684504e1c8d7f124b6e49dc78d5fad92 bcb5c3058bb822efa46055fc
get 00d28579f3350fea5cde0a2446931922396f03338d01daa13d6a0bace4311e80 98234d05ae43c8bc173282bf
get 00d28579f3350fea5cde0a2446931922396f03338d01daa13d6a0bace4311e00b6f99f8b6a65732c00cf06 bce3a7
end
case unitrie-88
step 1 d8a08b205384ce9fa69979ad4436723dcc1fcdcdadefe017c89ffa37a882de8b
step 2 56e81f171bcc55a6ff8345e692c0f86e5b48e01b996cadc001622fb5e363b421
step 3 f52ca587e94e0e8fc1a5c644e18b0c335498041bf97fbbc8488e0accfa4644b0
step 4 56e81f171bcc55a6ff8345e692c0f86e5b48e01b996cadc001622fb5e363b421
step 5 cac877481f00bf0fcb96da6ee8e44d86b0ef6cffb91b6e18f909ff07a392b531
step 6 56e81f171bcc55a6ff8345e692c0f86e5b48e01b996cadc001622fb5e363b421
step 7 4bae0b7721cab7bd4b3c9aa32efc5f5f5a5843ba572dd1e278c6dd7fb4e6e389
step 8 56e81f171bcc55a6ff8345e692c0f86e5b48e01b996cadc001622fb5e363b421
step 9 aa416aedb24e513faf7a0159fcef1f2bf755211d3d59b85c3d4df2d06f99911a
step 10 eefc8855ad385a299976192cf9ddee01677dacbd4940a9a6f2ff50284d832d93
step 11 eefc8855ad385a299976192cf9ddee01677dacbd4940a9a6f2ff50284d832d93
step 12 6be00ed1cbcc75e48d6fe6590e75ec8f703ea170265efd38272779aa0fc90f3e
step 13 70cb3cbec201145470ffc96078584e3e9c82eb5c4f81c703d8402466396a4673
step 14 ef1576e148589d2aa325f4c7a29e9293c1f5637055fe2ad52410de5b998f08ca
step 15 157050e93cb15b5b1ce3895118216ec1287393fcd1b33dd6bc93c4e210da974e
step 16 85ba415e65818eb8fb8be481ac3705fbe63440252beb85071545fb109b2d1da7
step 17 667c49f0f7a536f40006b881e7329ca189d33a2c41b37b1fa0e24d1c851e3c16
step 18 6bde323fb0ac291b176bef4b7613d56bb2f789ecf8bf56b8ae0e9b418a3d45b2
step 19 aebd96454aef1377e97a635bceaced6186dccb5057c86e4c977ada0810ed2a48
step 20 eb6fd6c92cc0d14f1e9b5dc6719cc66a5269aae834cd532eb47bb5a23dd778b6
step 21 4ba336aac1d9d81f82a0e17509f59682c90b72e4960db23dea0eead55191d66a
step 22 8c434598dc967436733c071d00358bfe01c3d0867458c8d895556e19a4e6ecd8
step 23 507164cad712024e2423a64cc820d8b2419411c96c7f317eebc8be78b550ac6d
step 24 baa48ff99a1e17abcfe66ef7c130e848153d878576696b1419840ea8da751166
step 25 ac1ff7ca95d9d466cbc02dc70d747f31118d372f2269c0b25522dcddc9cf94f3
step 26 9e582dd244ca98faec1782081ff0c6a1126f2697bf737285064d7eebb7190c36
step 27 813a65ee3dc4d62536d881422cda29ca6d4bc81aa5ea8500c7d31f3b55b063a8
root 813a65ee3dc4d62536d881422cda29ca6d4bc81aa5ea8500c7d31f3b55b063a8
msg 5c07003935ca15c1dd5b4effed9ee287adb7db272359c420d7e089ee8533bdb689700bfb1b344c9207890f36a762a2cd79434201a59fd8f0bd91d7cb6013e8765fe17cfd1c04
get 009f5acf2880d2bdd171d04f00fe47c6e9d17d56f51a6cf2cd9215d4a0f55d00 null
get 008280b2348f218d9169c6f6235cd3b93919ea39f5e5a3a9d0080e011604eb00e9dbca8e66a7fc8a642027 d0cbf13646118ea52a7879a42eb3281777116368ce81ea359f84d554c78c084f392f8f163b773b86
get 005ab6ba324b1e0dbee337ac91b1102054fd1d77dd64b1b4626815b3a6a18980 null
get 008280b2348f218d9169c6f6235cd3b93919ea39f5e5a3a9d0080e011604eb00 null
get 005ab6ba324b1e0dbee337ac91b1102054fd1d77dd64b1b4626815b3a6a18900 b33b14a34b6dcfb715c8277c3786981f067c5be9c78026a0647743a5e3bc437117324f7a69550f16
get 005ab6ba324b1e0dbee337ac91b1102054fd1d77dd64b1b4626815b3a6a189002a4bd609fe0680042a3980 null
get 008280b2348f218d9169c6f6235cd3b93919ea39f5e5a3a9d0080e011604eb b132734446eff0477af6be256bb8b1c51a1e3ab76edfdc9c91f40bdd45b42b87a3
get 0090f17b53dc7280a80e424ea605d93e3b3670514605a0d632c924d62dd34400dfb7c52e462fa45da12917aac8564595177f3c3c722b81231efb9901ed0adf13e0838cd085eda8cdfa9b null
get 009f5acf2880d2bdd171d04f00fe47c6e9d17d56f51a6cf2cd9215d4a0f55d009749eaf656189fb62d76a7 null
get 0090f17b53dc7280a80e424ea605d93e3b3670514605a0d632c924d62dd34480 1d
get 009f5acf2880d2bdd171d04f00fe47c6e9d17d56f51a6cf2cd9215d4a0f55d 5388
get 009f5acf2880d2bdd171d04f00fe47c6e9d17d56f51a6cf2cd9215d4a0f55d008b30d3baa0dcd00ac41416 334384aa38940f2105777a85c6ae3ade3e0ee9732c726ffda7112a67e1c205f912783524846747519846a1522b6c539d58c58c4940395ed4e66b83c63e1a08468d47829e8653562a6c59a61bfc7690146353a6c0c40c3f3ae99d25a5f3240428ae64f0ddee32a8cdcad76047b587c07684cb0e4862ecaf843e77441564b53c76c7bf486721477259cd9203d852ea7b79979bfbb84a174708c00e08d244649f9316fbc82c9540defc776f799f3eee160bad4ad7b1617a52b1195029f5285feaa095f484925266610bfb67fef0b8706ed24351b1a382d1f07389ce7e366db7c64c49fb262b00ed65ed6c8303fc84d4e8d496badb47e4844de482f5838b3ec2a16588
get 0027c0d71d6043115fd7f5eb3bfff55b39560f8752d43e16252b9638af297e 93
get 009f5acf2880d2bdd171d04f00fe47c6e9d17d56f51a6cf2cd9215d4a0f55d80 d90ee7d167c1ab04e14c3382f862f43d6c79041dee8afd16e02e389362a8ff
end
case unitrie-89
step 1 02419b1086db13d763000c7410ae289319c7cd5b606810e55b0def83c1c9d92b
root 02419b1086db13d763000c7410ae289319c7cd5b606810e55b0def83c1c9d92b
msg 507800271ef4abcf88659f43b324c4d3cf4234c401b957e246e3327870bbdb35999cc0325beb797940493df516fd148bbfad83798df42cfb2ee6a72725e41083
get 00271ef4abcf88659f43b324c4d3cf4234c401b957e246e3327870bbdb3599 9cc0325beb797940493df516fd148bbfad83798df42cfb2ee6a72725e41083
end
case unitrie-90
step 1 ef9863a4e3d5b1a40d9fc6ff9f9ca5ece5a1f79c1d0dd4b86f417be4eece6d29
step 2 2bb3ed6c99d784c40f24a94b91aa0289ac8a60b1ecb4ba35a68667cd39b73d66
step 3 f854b4d07200b04526524b9673785ecfb8d603e0aa05d034cc27b84e21bb0dc7
step 4 8650f369841bddae0654d40716f6c0b00692573c84ba02fe24d633435a8ce366
step 5 06611115ae3d4e0a5a36f8fb52f6e1cbaa1eccd7843f1f75357b04b9df9500fd
step 6 652c3d3a849714e1328d1955e16c084837734dd421269d029c4ff043a5e523b3
root 652c3d3a849714e1328d1955e16c084837734dd421269d029c4ff043a5e523b3
msg 5c8300cb18bf496c18dfdd6aa3f48da0dcd02d6affd6fcbe1fa538785e0e06e4c90060be437cd2bb5ab196a53869206591e470a675fc245d938c30b754e417d2d031c9b4084736697c92db8ff18760f3bc4f14b8afa7b348c7e0478479f57eece955e69d
get 00cb18bf496c18dfdd6aa3f48da0dcd02d6affd6fcbe1fa538785e0e06e4c980 null
get 00cb18bf496c18dfdd6aa3f48da0dcd02d6affd6fcbe1fa538785e0e06e4c9006c81ae088ec9c28d074eed480349a5a9a1e991484284903614176eac91ed48fdf9b90e7206f98faefb55 db94ddd21a83a0af98167e4d6f909038474e3bc6dbde10f2d6c515eb5e902dcba0
get 004bfef46c00386b42d8af09b0e09f433b9b8b6929cd4aa0e07cf582e73d1880 null
get 00cb18bf496c18dfdd6aa3f48da0dcd02d6affd6fcbe1fa538785e0e06e4c900770f99b9fad3b330f0c05d68cf1ba71e39d1ba34151789cea605ac1762399510b897018e5f97b28f871c 41
end
case unitrie-91
step 1 478a2cba954f84768de3d7ff4b9f3457adf7a307d726e0181b4392144ea73005
step 2 aa758856d7ebfbed4bdefe40c55855c44ed50c9a7b97fa85a7417a710914c78b
step 3 4ae12df419b574b25aeb81835f5cb105b927936574d494c5f9572c4d6ad4f394
step 4 c0fd780538619ebb280620cc1b03f61a2e0d8983520fb84dc09491e147c50045
step 5 0d27c43821dccd5cce3a95f4224407a34caeb783032016ad878c808a1ff6ddc4
step 6 779505e77aa5d741a275414e97376bed86e291790d0ee36e57dd9064947195dd
step 7 d0b1335fbb5045a252e5647065c112b7e79bb041f3f322b2c6c5ea150ae8ae74
root d0b1335fbb5045a252e5647065c112b7e79bb041f3f322b2c6c5ea150ae8ae74
msg 5c070001d563236e362064bdb189ac1e55f6ad7c73f84b5319a52acd8bd44fe612081d1a14c0e80fbbf7e26af9b80ad0a53d8dff99442fa877b6f9d76cd94083700979fd5a02
get 0055176de45cd8e7f5a0d55d6ecee0018122be314b6c3d77a536b90af9a83780 2ca55a1db7082d249a7cc9f839caf15c732b35e35bd90a831898507924d00601e4171a273ff0a395
get 0093af370a3ba959ce5a729b25f88d2fab95358f12bc2af31a1a5443ac0de2 d3d1c3ea7aa95281d7c0e59cac9b2a8bd21b0198d94fd368449a1f47406eaa828c3a0890d9425f4f
get 0003b279396f36b33745166a52aa7882aed80167a02134b3cf5b6af542ad8500b48624ad68a745ba34557723 a54c7d92b88cddc46e8777e7c4ce04497c45bedf12de3d36852d974126d54ee92edce295df3780dd82925836b03b93ef2b58f927c0404e04ac93e747c6499237
get 0003b279396f36b33745166a52aa7882aed80167a02134b3cf5b6af542ad8500 0c
get 0093af370a3ba959ce5a729b25f88d2fab95358f12bc2af31a1a5443ac0de200 fc5156c223c70756396dcb83b6ea16547d42e3d86c34dea14992af34f403ef96
get 0003b279396f36b33745166a52aa7882aed80167a02134b3cf5b6af542ad8580 9316a4ba30b5238b6b83e126
end
case unitrie-92
step 1 4afc4be90225f12b2b22f8198f3490bd9f41b0df768db422ad2e7c213f66515a
step 2 d86381cb8811e79efce74e252ee9358489e853d1b03bc62d832c6a275f2f361e
step 3 78455b7d607b80b89d949ff4bf46003fbba6bd42c5c8cb86b9210559d4d17979
step 4 5343bf9eaefa4a93fe2b6b3e9236690773b883e39890bc8356f2ae5b63d449c6
step 5 22f6cf585e4db2ff2d611b659ee52e29bd291e1fb9bf00f31cc4b8eafcd758f6
step 6 f105b2d01997b3dbc62bc9a84842e40ed4a2d6de49cf95f65b8e33fa199dd55d
step 7 681a39d0984c9af871a7aa25a8ea0ba6511c3de32efb48884fcbcc1dd8d8cd25
step 8 792357028f1ac781ba8c954b7fab95952096dbbfe61ad01b367b406b851bb1cc
step 9 e01610d755589ed12929c2d30bd5007f9997e8ed70c0c7c2ea11ef7b7a7c1eb4
step 10 d0138b7531b6551abf0ac83c5f3b2768aab3752c8eaa2993ede89d8b35f6cb5d
step 11 05f1113b98fd7253bc318d33e06abe18b2102a7d36b0459e08bb00ce671826fe
step 12 bb68dafd23bd44f9bb57aba2d890dd19a3e7749cedb4cdc9c1c16f9af4edd62d
step 13 6634755d067892c47cc53a13b120687564eda35a24ff86d4a397b45b3906cc6b
step 14 051956dd5c99ad9736964dabf96c9d3d79a2375046bf2ad0584be15209465608
step 15 15a7713ba9bc9374491835d9a8a88925c88a7ac9b45b587369d01215cc41ef48
step 16 33637eac97845481885e9e3c104edcd27051590f7c9605bec73629e7453372eb
step 17 f8faaced6046186981c53aa48420dff9a8c543e95838929c787b1b0259433dc3
step 18 f9245e2783151721e35bbb74dd5499f62b0909544f2af74335e0899727062015
step 19 f902d684056dd1409b7059973a8670aa51841c9424c87b37b47c2f9769ef6f1f
step 20 b2295ec8feaa5133cf256b75ca91a16d1ab898c876f67b848a5577fb3a628c62
step 21 c5f93bbf113c7db0c2e724172014a82f6d312802aa07e597b9a30edf37663c55
step 22 089391d5cf54dfc287cdb803a0446ac05bcbf133713bb1129afff3173cf4dc9e
step 23 023f59048656a957b4e145309e0e35440e4b6df625e4c1b8d81811472a1eac70
step 24 882823fbbc1028f74ae64a42f5442e8745f84edc509e321e326dd980924beb3b
step 25 4e55b5ca17e043fd9de3dc0243d27bc4042d3986e9a27f2cb72d389ac8a21574
step 26 cde0259fa8521b477f96debe63ee98e7b40aad9c72963e73972e142998155bf3
step 27 7defa27260ac081f7f0605e0a54403981fc325297400d267626c87698feeb8a9
step 28 6f7313ad3f921036fd6d83367df7fe50b5c783cfc94d18826232d7123c49d5aa
step 29 723cb28b0a7d014be0ff1e8c21d65df2c8304ad05e876891ed206f318ab90482
step 30 37bb3a5980539c2efa2890a4b8b96d4215c8f17abe42b44ee198dc5bc3a2450c
step 31 10d88916d6baa1750f5c0360586eb3d5a13d5146215ab27d8244fb846021acbf
step 32 fc213b24a083846b214e9272a0613fbbe17474dd079c35f847195c9321378862
root fc213b24a083846b214e9272a0613fbbe17474dd079c35f847195c9321378862
msg 5c0700d32928c527c470fb35a63f5e5097cd664d59244697158f24e6eb20ea45867eaa8628168ed792cb631cdb51e55460cb44d453b31dd05b242e2bd827629f0ff774fd1904
get 000ab1ae2210e64f0a36235b3b4599602f2e1783de5570fe953bf43816f38100a5c04b81bc1b46c7d7d4d138f13eef801f1db65c6f0186c73fc056bfca7483d49f6ac81cbf6371b0185c null
get 0010f0956254febe717428a8c30e503b6644430b391ee15762ae86a06be9c180 8f247d523d3cb96d6d5e5a15cccf87495f2c16752c0da9cd8f728b00c1c0760fe38f5be7fe2a1e10
get 0010f0956254febe717428a8c30e503b6644430b391ee15762ae86a06be9c1 e57993cc25477cc8a109ddb546d8403c8971ef52
get 00bda048d34bbd8acf7500a41055b9bd15ef35afefa9ab9f2e7225c903f5d100 d00da2fb1e37f27e5b234392
get 005b62c6ce65c7ea9a240df6f6fbf64f9257d4f476d92e2fd1f406b3dcceb600 null
get 000ab1ae2210e64f0a36235b3b4599602f2e1783de5570fe953bf43816f38180 7cdc7f81de82463d092cb1ce57939b3c3d2b9a2d9b0c8e266032c4ef667885f95a6155d7c14f99fa
get 000ab1ae2210e64f0a36235b3b4599602f2e1783de5570fe953bf43816f38100 null
get 000ab1ae2210e64f0a36235b3b4599602f2e1783de5570fe953bf43816f381 7de85a390da8d8abc65ac0cfcf1cd603d1adfc22e359db5dd25285a87bdfbb
get 005b62c6ce65c7ea9a240df6f6fbf64f9257d4f476d92e2fd1f406b3dcceb6 d0c731cde0
get 002e80041ceaa811ef507a40c1d0ae2901612de2bc121ab9ce34e33ac68efa00 72
get 002e80041ceaa811ef507a40c1d0ae2901612de2bc121ab9ce34e33ac68efa0018651bc4fc497ff6cdbf4d7afa77988d7bb00b297588e4ea247252b449c1743bd84d4793510c5492504e 8f860630bce6d353f97bb061831e6afe9db3951c79fe4f461ceb4bd284fbcc
get 005b62c6ce65c7ea9a240df6f6fbf64f9257d4f476d92e2fd1f406b3dcceb600480c01ba84697480c74d8766bf1a5c524f9484234e1b14201ff6f63f463c32d9881af9b855775ac5d7e9 208217fdde63b48f2cbd2d2ca6e1ce9b50dc346eda3a01fcc869badba2fe060d0a
get 002e80041ceaa811ef507a40c1d0ae2901612de2bc121ab9ce34e33ac68efa d03100637942fb822e003ce2f25406d189639e32
get 005b62c6ce65c7ea9a240df6f6fbf64f9257d4f476d92e2fd1f406b3dcceb680 a7537d239d17639dc56bc300647311917b81c5f6ef7e159dba738c43f5485f
end
case unitrie-93
step 1 a5bcae128742b45cb82e24911ccda439ab1219271b77e6abfb1ebf429c39f368
step 2 9d9188536b478aa6183de38880b8641f61acafbc79e1a78da5d9b8474d015e39
step 3 8b3e1f263b6e8c2c2466e03b2ab7af97f5eac4a840ba01b8518f9b88987a27c4
step 4 e917e2ff5c78c7e3dd6abbce5e94a5e7e63c63f7d97620f445f74df7b782a680
step 5 fcd5082ed531c0229b10e67f20b429cd0fd1ee24c032f9c1ea19f7d808f5bf6e
step 6 fe60415162aba93614ce74173f99611c534e420e21118619c037911041ac1a5a
step 7 0634d46227fe7de8fdaf48c449586b031d5a8dc1957e14e577b122e9851a2bf8
step 8 3ec11038bc1d89cd8a07d68b666bbe63979f307d4cae6bfc95125de3d2e0260c
step 9 c51bf78469e8129e60a0c776dfa1df8d7a2900fe7f0693f62fd7ff1e7121eb61
step 10 75615d4793002b5f7ce0fc65eae04049f3cde006a7aaa109dde96e608fb241e8
step 11 f91794422d5a87cd9e7f52daba2c11666cf9e92aea2e6f6086c12f5a95f8e023
step 12 92ed0e421ebf62f6d4619d34ac4b3e1c9dacafd3ed1d4d17485b6be85b6b2f41
step 13 02ed6e3d628ec40c79d5c02a7ff01126adb32657d33cb659a4f5a94b996cac2e
step 14 ef60f25c07402df125038916b838d437f3b4298d78ae716846166ba78a637ed6
step 15 1fc05f4221351e0a3edd934dd5597461c7cd05f85af9492f2d7d34289ee815e0
step 16 89f430661785b30e7d92f90e6c14208b4781505c3ee4b435ddbb1029c1621249
step 17 ed060248e40628bc10c91a755058bb1d903b87943146ff57ae280b2cf6716a72
step 18 ddd5682d4e19e28d3c9628d6530794ffdfdbab23fd044cb47c1c9073df1ab6f8
step 19 4674c2b203ed7e11c6aaa1d7b49d456147488c3825c50964677d5b1aaa5997a5
step 20 cc59e60843ced4f0a99b19082e336b44a7deba594e793d44053cbf60025168d4
step 21 f64403687ec8c0e67364676791bccc231eccf86c4c25c3fc75b47e2030fa50e0
step 22 49223894c1fc37624c103e21564c3fc0af68f445d9ec0cdf661e76498b59a63e
step 23 93bc9ef02a6e3f6403e88dd677ea6e761c023ba396376b28d7a8eab373526c16
step 24 d197128e03329693f4b1fc75f6a1c72b5ccfa837c280d6015c43f447aea97e85
step 25 be85a06a3d00cce4783b9ab381d03f42b4c28af1bba188f4a0da390f95e5337a
step 26 a9c09bc4c1b03985f4b7396ea5f00ffd515d1e6a1936f83069f69455fdf60bfc
root a9c09bc4c1b03985f4b7396ea5f00ffd515d1e6a1936f83069f69455fdf60bfc
msg 5c0700437783753703097f0ad31e50d5bafc4ce22568ffe7e7db8bf3a510b25b2c084c7bf1bf6684bfbd4f559cc34980d89751b9a8d682a5de3c8b53ad0ca03b6a91d1fd0204
get 0060d7a63bbe0b6401436a84b4300c13d0ed012adfe5de2723e853454c839800b2029f7b28a21a1a11c2a6 1d5b
get 00f46d2b8d4f52006cd2df7b411d98671643b5f33544aedd2c4da1c817aeb000 a7f1e796be
get 007b88b98ca85d0e0555399a0713d7f370837e021f791e591d4ecbe52eb93280 74b7676d26
get 007b88b98ca85d0e0555399a0713d7f370837e021f791e591d4ecbe52eb93200355d01eb4e6e5ad2d9dfff 34184b28a2ff478311dff5a2f332510b2a11634b
get 005f5c5822d9f157c634003e6c10c08ad753e403b09775807039be3320ebf6 null
get 007b88b98ca85d0e0555399a0713d7f370837e021f791e591d4ecbe52eb932009b5106932e7e8649f114cf 8c
get 005f5c5822d9f157c634003e6c10c08ad753e403b09775807039be3320ebf600 6f7deb
get 005f5c5822d9f157c634003e6c10c08ad753e403b09775807039be3320ebf6005f6268fdeb4527c57e66a510b08279544c703e22c960324985884f97fd922669a40fe910c90167f73fce ce8040378a605d0e8644a03302d6d3353217e7fdf12292e33dc7a2b376e5eddd6d924dea215ff012567beb743d24fb6fa9d263b969548bc55a9340e816229668f46459f665a685b456c0a203ac484bb8b3c722073966b141cd4e58314dd5ed4618584126
get 00f46d2b8d4f52006cd2df7b411d98671643b5f33544aedd2c4da1c817aeb000c49bb2af8963b28013ab49 30e7d3253dc2fdd1b1f8dfe3ffa864ea3da23a639811300bf6ccebda7a31f9
get 005f5c5822d9f157c634003e6c10c08ad753e403b09775807039be3320ebf680 ed
get 005f5c5822d9f157c634003e6c10c08ad753e403b09775807039be3320ebf600afc61bf7d2ad98633a8339 b16b7798aacdc63e114d9a703c8a82671bd91f620919bc145141fe4194867cef
get 0060d7a63bbe0b6401436a84b4300c13d0ed012adfe5de2723e853454c8398 495a57dc1c507215579763cf573ae8dfdfd3e84202b44a876f44c54efdc10973920f6e60ec569067
get 0060d7a63bbe0b6401436a84b4300c13d0ed012adfe5de2723e853454c839880 null
get 007b88b98ca85d0e0555399a0713d7f370837e021f791e591d4ecbe52eb93200 210ef47e23
get 0060d7a63bbe0b6401436a84b4300c13d0ed012adfe5de2723e853454c839800 cd00fc9844e46c3e266cbb3f4fec1fcaea4fea17f7a71f967f63eff544a14180
end
case unitrie-94
step 1 bf11bb010ad25aee06565ea928d4eb51dbc3b1420bb8b20ce8e6d4b5b921cacf
step 2 9f4455ba530ff54f964715c87c595cb8decd668d259530cab6f17da87fe0213f
step 3 bf11bb010ad25aee06565ea928d4eb51dbc3b1420bb8b20ce8e6d4b5b921cacf
step 4 f68df4394e40e34ce11da55dda8e27c39bc1882fb3c0967206c89d2435c4961c
step 5 bf11bb010ad25aee06565ea928d4eb51dbc3b1420bb8b20ce8e6d4b5b921cacf
root bf11bb010ad25aee06565ea928d4eb51dbc3b1420bb8b20ce8e6d4b5b921cacf
msg 50d8005b4efea686c5875830af28aece3bcc9de2eec60a441131d2d3b08567fe4300fa59a72e5db56ed013fb8194cba625445d7946afc1876ab8b97dfaece15617
get 005b4efea686c5875830af28aece3bcc9de2eec60a441131d2d3b08567fe4300fa59a72e5db56ed013fb81 94cba625445d7946afc1876ab8b97dfaece15617
get 005b4efea686c5875830af28aece3bcc9de2eec60a441131d2d3b08567fe43 null
end
case unitrie-95
step 1 b80e916edf4dc55606356f4281bd824cde6ac5d86d90ff97cae178172babb519
step 2 66c84a0c23bf068f3586254ec6b42b026e25eed505edb3f1e8e778ceb5c6caf3
step 3 08e797f19df5662f3726ec950d260372d3c7ebdff4e9f6daa2f65ecf11e7bf96
step 4 d80e1cd5772f87a06c478ac2d9fa4aa212a3f4fcdfe36c3533772531ffa8048a
step 5 15d4f6f54b709d25da9509fdab2d3698c5182c820ee9bfbc2733abda6aaa2f31
step 6 8a2c688991d791d03d370d1827d37a616bdc5bef4271f1ea642629c8ce22a52e
step 7 29c22fd8f635a51ef55e9b3f3312d207df5ba664bbd049f03742ad7f9e2c8329
step 8 1368888683ab6f4f6acad0e08cdc11c600c563247d59e93b4cda7f4ef3f9926b
step 9 1cdc6e5a7a24a80dca605461778ab3012c5bcc1edba6a3b71281ba860f60a5ed
step 10 dcecd2e3e48de87c84a06fabac73ff239a5cc6fbf9a77d5973cb960f5c1739df
step 11 57e0dbffb71a176928b147fdf64ef703e1784efd6122a5a76c6ace324a4e5026
root 57e0dbffb71a176928b147fdf64ef703e1784efd6122a5a76c6ace324a4e5026
msg 787800a78df26e43ff93e5c14aeb4a7fed093fb6243a973b7d6de4a5498243ab205a5d10a2cb7fb4b114ae979f819bd93afa2243644009168055187184139c3ed6fd1401564d86a99c2c745b16637993e070cd9877e68f4ef62c60e96a5f98b4da256554000101
get 00a78df26e43ff93e5c14aeb4a7fed093fb6243a973b7d6de4a5498243ab2000a95c8c183be5bab72996067ebe84fd014ca9eb143ed106add60014908b751666c760f0d2685d5e07dcd8 7b0b16a372
get 00a78df26e43ff93e5c14aeb4a7fed093fb6243a973b7d6de4a5498243ab20002ed7a9246d0e3f03c5cac0 7ff140543191f441f1943f2df8fb1d9f413ac05a0436a5e40537c9f666683cf6
get 00a78df26e43ff93e5c14aeb4a7fed093fb6243a973b7d6de4a5498243ab2000764cb9915da9bdf9e32ce374 null
get 00a78df26e43ff93e5c14aeb4a7fed093fb6243a973b7d6de4a5498243ab200040ca590d83651fdf0f58a3b1 ac4f5593a3967668ab625fc54667e940d0b0d644f1585fdfb76f3280a2abaf6e
get 00a78df26e43ff93e5c14aeb4a7fed093fb6243a973b7d6de4a5498243ab20 e0d0296b515ad173546d4770a041665d5f9f13b5ceb214bb026825a3b6b6679c414e364a40dae9b9327f42a9f770c6ab773e570df757f5339b4934702becdf1f8ce7e165877d4174eb2fe3d059cd8bcb832854a301e392cb37d332dfde170f153750896a0b0147c0280d12234511ad54ae2c344e2c228b92d955c2d3034d3823f1202dc294f9fddf7e8513e0f984975ad16ae14b986ec5a2c4503cd82c6566b6dc8c2fc47ce5f27f7e76e54940b66f18561c8de677f4ee4c843c198a3045b572e6166d3173e3938aa3996684e2b3721b247f7105a774b1fe78f193bea56460fd5e63104911365c9589858071a28a0232e44c8347384af7dab1942f3e5eee76ce45
end
case unitrie-96
step 1 d75b642713172482b3f732bff340970a8dfef26dff4136e5e46fa9ee9acdc583
step 2 62aea42444d3a10dc4ec077e68905b4198bbbd65420797e2d3c5fb80eb3b5b6a
step 3 eb1d70c0eb06d6e1f813c3ca628faed54e6837da31e968798338037c740c835f
step 4 62aea42444d3a10dc4ec077e68905b4198bbbd65420797e2d3c5fb80eb3b5b6a
step 5 8783c9f97455d939df5396d0d80df1a7c8387a69df9ac91ab7eb62c0e8ab1b2d
step 6 67c3fc5373012a818f28196e0a6008fac0195cd059fc3b9169b4f955945d9906
step 7 d184f04fa64e79eb4c80e99c97895718031899d1ed63f0029a78417ea3283139
step 8 a79e50bffe10b69a01e1a93bfea880e24272baf9fdf21190b72acbf5cc1f0281
step 9 cd7a7b1a028d120514f82bf514ee152f73f25d990c668d921601061f2ec2396e
step 10 c2756fe8700735f893ca1d2f352d3daff7830cd693103951061b66150793444a
step 11 44d7404bea17ed804fec55dda385c05860a02cb76651845c9ec01052781b1832
step 12 afc2f62dcc07bd574cb12d217201ba19fe2438d98fdc0bfe7ff81cfa6f794f2d
step 13 95d880c4ce33231ed89a9994f7323d54b7e6de44e727e862a1ee275da90d9520
step 14 ab5af2c3190fc39f63018397b19fcd27f71f1e40839109d853f72ae3396edeae
step 15 801aa0475ea453d4803a3a47a4e853e1e33608de58c3cbf98f7fe1b9242f89e8
step 16 f9856153c9c3f8c28cc269a6dfc698964a36659d71c3cb6e76c2b093b62d4185
step 17 b117a72001afb575560615aff11851a09ad9c7ca785dba5eda42ea8e444abc7e
step 18 98531368835b1c194c104310080ead33955f6096fd60f28e3949555792665c61
step 19 04defd035935c69b3ee0dd6a3a7e92e0e060c9e87a0b968bb6a6496dfa227409
step 20 7935650baafca6592d8b914ee4c8e219c1ccdfb379ea0f26128f13d9f62615e7
step 21 a2c79f43529f81817694166c3dee303ccaf8e7ce67af91db55477fea03e69c9b
step 22 e3c191b03573aae41ef976af6acb21ac3d61f77d08e8e78d40f563351410de5f
step 23 ebc2231b89c6ff338a84bab68c84a2fb543f36bda5161cc482bad30b9c1e7d7b
step 24 cb55a7bcfac2f397301c3f95aaca9c963766408ad67becbcd12878c5188091c8
step 25 51adcd64a64504318747be3e574a37332104cd47e752eea15868e221d96423d4
step 26 dbc305f8f23e53909ba01b6a683656844c2339736caa7a1fc1c63f47620691b0
step 27 dbc305f8f23e53909ba01b6a683656844c2339736caa7a1fc1c63f47620691b0
step 28 49fbf798cf14175a9e30a7561eb1ea965460da39b8507119cd680e4e1f42346b
step 29 c7dda2bf58a2ec869d0a38331c6b14e474aa47c3dbdc3c80ee22831bf6ee94c3
step 30 b49bf9f6073b0153d6a13c74eb5fbb86ddee9637b9a07dfdadb0c0ed70245f86
step 31 4acba499cb433a39ac44828cd55dc3bd9c8dcfe051ffb6b62c0fb039d88e8bfe
step 32 86b102a799e93f46ab1947440423a02421eef77d986d9c9f7df585542a353ad2
root 86b102a799e93f46ab1947440423a02421eef77d986d9c9f7df585542a353ad2
msg 5c07001133dde066ff9adf7b387087ad2bf004722d70fc06ae14ebb13a770d7a22daebc4f8e5a3beb1a6f50558a653eff2afb0c3d9de4143d58e3cbd48b8324d5fda15fd8f06
get 0048d7185127f1abc75feb99e512a3c0adc1b5f98418de069b5f3795eb0ff600b1e260e3e54876a467d3225c null
get 0072045af0194e2463baada16586a392b62cee8cc6f632bb48f12018848beb00a3d8f66b9c5cd74e8da528 260c091599993ec4898066bc74613bbcc74aa317c59770d6e8686ef9d07faf
get 0072045af0194e2463baada16586a392b62cee8cc6f632bb48f12018848beb003c8d67bed2fe5c5f953f309201326ced8030b762f124cad891dbca355242bdb809c838781ae29ce8cb08 null
get 0048d7185127f1abc75feb99e512a3c0adc1b5f98418de069b5f3795eb0ff680 f55dd21f6a8b7639dcb897b0
get 008484d21cf2ad4344d63caa34c8b2d2b7d2fbf6e1e3d2161e3ef2c88cf435 059ba1e0cef10e2f1738a0897f83b6de5cc72f3cc5ba20a6dc4370ff7e897ff50bc5ada50d4db60a960147634dfb6e594830861bffa8ab7b7b6532deb86cab27abb9c4126f0ce2c318fdb5864eff01429eb3562092c4b2c709c02adda5bdcd0f248dfd82703dbfe50e27796da19e38a901e7670726a8cdab34a2609566aadc903a52330468f1f1933c0a53d6084b07eee57db5bd1597556957f8f6f2be630d5f62670d49afa881e0bde027e0b653f43fcc414e8d8492e46b06d09cb57ed093a580757438a7ffdd8852485025d87e119c466fc18edb6d197e503ecd6abcd9baf29764845f2b281252a813559cd8aff6cc6b9ba5d65a3b1c3b484bd58b056cf8628d
get 0048d7185127f1abc75feb99e512a3c0adc1b5f98418de069b5f3795eb0ff600c39c8c5eb4a940884dd496 null
get 008484d21cf2ad4344d63caa34c8b2d2b7d2fbf6e1e3d2161e3ef2c88cf435007e691e11ac41b1d4c56dc4 null
get 00b850882a87f55c026e961ea1afe0095c8a5df261c60856a25c3d251bb6e700 ab001acabf308c7db355cf042427ace0a02b581a41c006bd9b3fcd7ce73fcc
get 0048d7185127f1abc75feb99e512a3c0adc1b5f98418de069b5f3795eb0ff600 5927
get 00d36d199c8a2afe866476eee56a78901e31ae349bd6b3b0c088c9d333335a00 79
get 0072045af0194e2463baada16586a392b62cee8cc6f632bb48f12018848beb a436c5
get 00d36d199c8a2afe866476eee56a78901e31ae349bd6b3b0c088c9d333335a80 null
get 0072045af0194e2463baada16586a392b62cee8cc6f632bb48f12018848beb00dde93c4abefa93c947924d9b4682b5b9f91b68087b4430cfdaeb2f1e60c9f913bcfc403558c641902f74 c1a784897bbc88458cc90bb58ea5287bd33291484d113a1361371566b6776881e8862f6c356b68c82b5bdb648892f3b076d5990970d75cc2a941663c9a8c7faa5abfee0d6c3f78f6c1c0f86fe864e7332c467ef332fde5737ee8d3969a5d29c1e7a55adb0fdc3b21d50030396fe16b010e9f397390c8390d2ede622d597a80e8b4b09e4e963894738b144221a2e57fcd4c4ba438745b691367e8e73d06a38cc271739e9e20b14c6a540af58fdd27c2ea09c07d636dd8022ba996ee982e5e0ad76a12bdae2ae74319fb8b041df023f706aafb2ccd507aa3038ca181f5cfa0bc2cc0ab99183e2138d469baef7772f0c484ff3875381280d7d1efc5cd6f9c22dbc71e
get 00b850882a87f55c026e961ea1afe0095c8a5df261c60856a25c3d251bb6e70067abfaba867000222683b3 1a72c76c62
get 008484d21cf2ad4344d63caa34c8b2d2b7d2fbf6e1e3d2161e3ef2c88cf43580 null
get 00b850882a87f55c026e961ea1afe0095c8a5df261c60856a25c3d251bb6e780 2bbb1be568c9a97b4119125d7d7ad1eb1d1bda16ee1a431292b57ef156a9a26533830313382f5778
get 008484d21cf2ad4344d63caa34c8b2d2b7d2fbf6e1e3d2161e3ef2c88cf4350028bc2e7c5f5266e4de96cc 201f3e16870e53d66a3de2ca6972dcb42e295ddf5b54c59236c83788cb51d136
get 0072045af0194e2463baada16586a392b62cee8cc6f632bb48f12018848beb80 69e673c312651b305ba037db4d7c0ae3ae4736494e05aeb7d50896f861743ab7967f
get 00b850882a87f55c026e961ea1afe0095c8a5df261c60856a25c3d251bb6e7 d559054bcbb5aae3116b883f326900b71767e0f0def3922061ef8fb564f08ea5c94b
end
case unitrie-97
step 1 366a1c5e304836bf464152f80a23050938a2b886e232a242dadeb6bd8673ab32
step 2 56e81f171bcc55a6ff8345e692c0f86e5b48e01b996cadc001622fb5e363b421
step 3 126e3c6171810422439506ed18e7b84dee9ea647c2df8d36fde528ac631d572a
step 4 56e81f171bcc55a6ff8345e692c0f86e5b48e01b996cadc001622fb5e363b421
step 5 2271754f4803b58af43647d3fb2c73be705ef86fe072c5c0b3216524b9a51961
step 6 50eb017936c183c4f09d56731d9fc2af98d05114cb83484ee160c26e09721c2b
step 7 b0d389b16bde3d97808c6fd53fc23021308192568e807cf117cc86ac04bf35e8
step 8 59ec03354602f8f29bc305614bf7d5d937dc86b31a6fbfed04f634e05571891f
step 9 0a12f2f1a23dcf467429aae27006dbf9a070eac49c5e5cd5b590c46918392cdc
step 10 7b024c7be1d45a5cffb43617bde6fc8af35e1d52bdd1119e725565e0cac51d3d
step 11 8cb4d9a68d6caac3c95ba2d0ba41764283be068cf98776518018a86ed68bddf2
step 12 2254257533ba6a669dcb9a0ebba9721649087d1c9a19ccbda3d59987e0a5de11
step 13 54c19e04795a0c52b3e0cab2baf553cab2efa5910721c56f93a48832ea1cd068
step 14 ccca30565032c1e9e6c77cccf257bd41331793940208e046a2268eb8925f5b08
step 15 d1ed9c50620b0962dd83c374651b16178f0c421f11c04f78149628013d539889
step 16 2114dad1725516400f35010c887b8528547f8f00cf4412055169712cf070e5fd
step 17 8ee5711b8614ab937d5edf0485325bcf8d23b02ef6701b35da60e69077bed886
step 18 e38bf30ff1b872e61a9c8840bfdf8d5cacc9e1543ef4ac2a7501a5db8cf77431
step 19 8ee5711b8614ab937d5edf0485325bcf8d23b02ef6701b35da60e69077bed886
step 20 54c19e04795a0c52b3e0cab2baf553cab2efa5910721c56f93a48832ea1cd068
step 21 84a8daa26d2329f19342bbc4f9df0f1e3bae27dce6747ffa31d23fb176ee0609
step 22 56e81f171bcc55a6ff8345e692c0f86e5b48e01b996cadc001622fb5e363b421
step 23 4bf0702fa2b7bdab476eb9141336b90528c40fdfa830d351b55e3e260ec30d67
step 24 fe61fc98f6cd1e53742188fd50fe70e18ab973df2b007aa8fff3fd1204ae96d0
step 25 722aa89f8cdbea0e5cc52a78d90c8d91217f847748402c52fb778407697dc7f2
step 26 ecb9632a3aea23dd4ad28d04750887df4aea7ef20659eeda0d3ae465337f64dc
step 27 bc163dcc610e1645ac90ff0fa9613267566fde1e6d3814bdbf05ef40f3db36ab
step 28 8f5255072c4ab2c8b213945d9a58dc7a933190e46450ba44b333f8570348e751
root 8f5255072c4ab2c8b213945d9a58dc7a933190e46450ba44b333f8570348e751
msg 5c0900002886a312bdab987ea1736793614bfa6a492e03ef868a652389d3f2236f28c5887d729558ee60e3837f0bdf5c26c0eae631019b93a97b0524fc5a51cce5a66ee4fd1602
get 00397f6dd55d231ae93f0f4c646317e8ad0e73a620250920cdda792e1f6611001c97a89a505ad0e17c763d a53c88b76e
get 005aeccaec45ec71a86651b3a00d503db16db2cc6dd5e99506bc866ca649cc80 null
get 0014100d8feaace029c43d59dd6cee41ff99cb938ff779e7597add46cd2ea100 null
get 00397f6dd55d231ae93f0f4c646317e8ad0e73a620250920cdda792e1f661100d0371bf3b8db8502c1b126f4 9aae39302cd08c84f5cc1833c9943863f6ad2c3517aff4d269eb82026413da10ea9ec7af6944a9d8
get 00397f6dd55d231ae93f0f4c646317e8ad0e73a620250920cdda792e1f6611005514a02f70c13ef229843d null
get 00397f6dd55d231ae93f0f4c646317e8ad0e73a620250920cdda792e1f661180 null
get 00397f6dd55d231ae93f0f4c646317e8ad0e73a620250920cdda792e1f6611001e9840438d7ebabdacb841bc ab332d610fd788e3df66b763
get 00397f6dd55d231ae93f0f4c646317e8ad0e73a620250920cdda792e1f6611 null
get 005aeccaec45ec71a86651b3a00d503db16db2cc6dd5e99506bc866ca649cc00 null
get 0014100d8feaace029c43d59dd6cee41ff99cb938ff779e7597add46cd2ea10040f5bf540a49c0122a0e9f33 3ff3c2f67fb6b2bc55fa0bd7c81cbb907088a870db4a17ab06345c3c395eae32c4
get 0014100d8feaace029c43d59dd6cee41ff99cb938ff779e7597add46cd2ea1 ead856b6023fcfb4734da3a0c6683c74225040130ed71937060714a61212096028
get 0014100d8feaace029c43d59dd6cee41ff99cb938ff779e7597add46cd2ea180 2a1b6a04d3df63afcb8a0a71
end
case unitrie-98
step 1 ad09e6837f3841694794ac49c4066f1063d5e2d2d2ce935f9f41010332857bd3
step 2 56e81f171bcc55a6ff8345e692c0f86e5b48e01b996cadc001622fb5e363b421
step 3 7e4dd34c95ed4c5be6e62d8547972c46a35ad4449a390f80cacd7bbdd9c02c9a
step 4 d1a8b23407abffcf8419f75944e42dd9a6e24bb5e7308931bc440567460e7c66
step 5 7e4dd34c95ed4c5be6e62d8547972c46a35ad4449a390f80cacd7bbdd9c02c9a
step 6 ea6aa10bf2fdbbde54d21324e607ffcd88ec4d157f4414c8147b3ebb6dcf6dd4
step 7 ab45d72d2dc36540942b23d6cc710e09ac5b7c871abcb90752e35fe60de74949
step 8 9a5060e08fff5635ee0921f62831b74fc2119d4cbfd706009c0a320ba2255c8a
step 9 f3c3d4260c7a88f97dbac5806a59017505b702f390a5b34dab0c8b6b82bb2903
step 10 adcfd9ea8f156902ec2edcd0a55ed9605505cdfd822c00b6a58e3e3c056593fe
step 11 3d5257132753a322a09858ffa05f3b9ee11108de6f15a6c36dc0d929c17deeaa
step 12 bc4c73e0f84a37c9deb48cad8c38cf32ce4dbd6d20e62e97fc6a85d2ab2c5812
step 13 5037f79cf76246f961f55df77aeb1f9a167d3ec43b9ea29c0e2c3037816d6478
step 14 299bc1d63c09b535bc38ee8fa99041fb009199378bc388cf8e7c6498edf8e414
step 15 7e4dd34c95ed4c5be6e62d8547972c46a35ad4449a390f80cacd7bbdd9c02c9a
step 16 56e81f171bcc55a6ff8345e692c0f86e5b48e01b996cadc001622fb5e363b421
step 17 286da0ffced8b8e3a334790c1a4a73eefeecd37918175d6110870805c7df7d96
step 18 7ef98722100f3de9f38d0754c23d9789f079efe2625f96d7e78359dedddb4a77
step 19 2225e95092580105210363d7d2036b68ead11c0598b47eaed8052deff2852151
step 20 26618d64f63dc3ce1dc2b10afb0d400a92e5c04df279b55f3640e109df5e108d
root 26618d64f63dc3ce1dc2b10afb0d400a92e5c04df279b55f3640e109df5e108d
msg 7078008aa778162c0d769e68e1deadadff80ecfb7fa590c3abce292fac5d34a1c48cdaeb11bfde2097faca2496062b4c839c44f07408fc3594350da9bc77da64d2000022
get 008aa778162c0d769e68e1deadadff80ecfb7fa590c3abce292fac5d34a1c4 6fc0ac2342e58925e551e3e83f10cdd5e9a2b417568237299579b29ff972dea92a35
get 008aa778162c0d769e68e1deadadff80ecfb7fa590c3abce292fac5d34a1c400 null
get 008aa778162c0d769e68e1deadadff80ecfb7fa590c3abce292fac5d34a1c480 null
end
case unitrie-99
step 1 bc4fcf7af1211a277f7a0271b72f87e154f52feb4af005729e74cd1ef62ee89c
step 2 e2c38610435b55b9c96697884a47b7e2473fafea55e7081ada37aa9e7cad6fb7
step 3 7be76255b46cd3c3fadde72b493f4b1d6d353adcbb15bc2ad56c4702c0e9b348
step 4 42b83889a4898cf147e1d9a8feeb057054a8f7bc87cc4b37cbc834238df23750
root 42b83889a4898cf147e1d9a8feeb057054a8f7bc87cc4b37cbc834238df23750
msg 5f070023506f9f539e3168a3fa2222eb4eafbceb0d44ae3c475efa743a3d14c3b77da15652282c22506f73a45ec050dac36f9c66e00188df6bdd66464c69ef4e781e3a6d54318c4eeaf245
get 00b9d22f60286d61b7ce337000c46fb5eeb3232634f7a73c0f1d36aa18c62700db3242a118d4c2e0f362ba null
get 00b9d22f60286d61b7ce337000c46fb5eeb3232634f7a73c0f1d36aa18c627 eaf2
get 004fa9cf18b451fd111175a757de7586a2571e23af7d3a1d1e8a61dbbed0ab 52282c
end
