jbmc TrieSerializationHarness -cp /Users/void_rsk/.treehouse/rskj-fork-7783de/1/rskj-fork/verification/trie/.tools/batch-reference-b6/work/verification/trie/jbmc/build/harness:/Users/void_rsk/.treehouse/rskj-fork-7783de/1/rskj-fork/verification/trie/.tools/batch-reference-b6/work/verification/trie/jbmc/build/models:/Users/void_rsk/.treehouse/rskj-fork-7783de/1/rskj-fork/verification/trie/.tools/batch-reference-b6/work/verification/trie/.tools/cbmc/jbmc/lib/java-models-library/target/core-models.jar:/Users/void_rsk/.treehouse/rskj-fork-7783de/1/rskj-fork/verification/trie/.tools/batch-reference-b6/work/verification/trie/.tools/cbmc/jbmc/lib/java-models-library/target/cprover-api.jar:/Users/void_rsk/.treehouse/rskj-fork-7783de/1/rskj-fork/verification/trie/.tools/batch-reference-b6/work/verification/trie/jbmc/build/jdk17/java.base:/Users/void_rsk/.treehouse/rskj-fork-7783de/1/rskj-fork/verification/trie/.tools/batch-reference-b6/work/verification/trie/.tools/deps/rskj1:/Users/void_rsk/.treehouse/rskj-fork-7783de/1/rskj-fork/verification/trie/.tools/batch-reference-b6/work/verification/trie/.tools/deps/jars/slf4j-api-1.7.36.jar:/Users/void_rsk/.treehouse/rskj-fork-7783de/1/rskj-fork/verification/trie/.tools/batch-reference-b6/work/verification/trie/.tools/deps/jars/bitcoinj-thin-0.14.4-rsk-18.jar:/Users/void_rsk/.treehouse/rskj-fork-7783de/1/rskj-fork/verification/trie/.tools/batch-reference-b6/work/verification/trie/.tools/deps/jars/guava-18.0.jar:/Users/void_rsk/.treehouse/rskj-fork-7783de/1/rskj-fork/verification/trie/.tools/batch-reference-b6/work/verification/trie/.tools/deps/jars/commons-lang3-3.12.0.jar:/Users/void_rsk/.treehouse/rskj-fork-7783de/1/rskj-fork/verification/trie/.tools/batch-reference-b6/work/verification/trie/.tools/deps/jars/bclcrypto-jdk15on-1.59.jar --function TrieSerializationHarness.hashChildNegative --unwinding-assertions --static-values /Users/void_rsk/.treehouse/rskj-fork-7783de/1/rskj-fork/verification/trie/.tools/batch-reference-b6/work/verification/trie/jbmc/models/static-values.json --unwind 40 --unwindset java::org.ethereum.crypto.Keccak256Helper.keccak256:([B)[B.0:17,java::org.ethereum.crypto.Keccak256Helper.keccak256:([B)[B.1:17,java::org.ethereum.crypto.Keccak256Helper.sameBytes:([B[B)Z.0:65,java::org.ethereum.crypto.Keccak256Helper.fresh:()[B.0:33,java::array[byte].clone:()Ljava/lang/Object;.0:65,java::Nondet.bytes:(I)[B.0:75,java::Nondet.cat:([[B)[B.0:9,java::Nondet.cat:([[B)[B.1:130,java::Nondet.same:([B[B)Z.0:130,java::Nondet.at:([BI[B)Z.0:130,java::Nondet.slice:([BII)[B.0:130,java::Nondet.rep:(II)[B.0:130,java::Nondet.b:([I)[B.0:130,java::java.lang.System.arraycopy:(Ljava/lang/Object;ILjava/lang/Object;II)V.0:130,java::java.lang.System.arraycopy:(Ljava/lang/Object;ILjava/lang/Object;II)V.1:130,java::java.nio.ByteBuffer.get:([B)Ljava/nio/ByteBuffer;.0:130,java::java.nio.ByteBuffer.put:([B)Ljava/nio/ByteBuffer;.0:130 --max-nondet-array-length 64 --java-cp-include-files ^(?!.*org/ethereum/datasource/(?!(KeyValueDataSource|DataSource|DataSourceKeyIterator)\.class)).*$

JBMC version 6.11.0 (cbmc-6.11.0-820ff0f555b43fb78e0cd9332e498461bd14244b) 64-bit arm64 macos
Parsing ...
Trying to load Java main class: TrieSerializationHarness
Found Java main class: TrieSerializationHarness
Converting
Java: added 18601 String or Class constant symbols
Stub static field err found for non-stub type java::java.lang.System. In future this will be a fatal error.
Generating GOTO Program
Running GOTO functions transformation passes
Running with 16 object bits, 48 offset bits (default)
Starting Bounded Model Checking
loop identifier java::Nondet.cat:([[B)[B.0 for non-existent function provided with unwindset
loop identifier java::Nondet.cat:([[B)[B.1 for non-existent function provided with unwindset
loop identifier java::Nondet.same:([B[B)Z.0 for non-existent function provided with unwindset
loop identifier java::Nondet.at:([BI[B)Z.0 for non-existent function provided with unwindset
loop identifier java::Nondet.slice:([BII)[B.0 for non-existent function provided with unwindset
loop identifier java::Nondet.rep:(II)[B.0 for non-existent function provided with unwindset
loop identifier java::Nondet.b:([I)[B.0 for non-existent function provided with unwindset
Unwinding recursion java::java.lang.Object.<clinit_wrapper> iteration 1
Unwinding recursion java::java.lang.Object.<clinit_wrapper> iteration 1
Unwinding recursion java::org.ethereum.crypto.Keccak256Helper.<clinit_wrapper> iteration 1
Unwinding recursion java::org.ethereum.crypto.Keccak256Helper.<clinit_wrapper> iteration 1
Unwinding recursion java::org.ethereum.crypto.Keccak256Helper.<clinit_wrapper> iteration 1
Unwinding recursion java::org.ethereum.crypto.Keccak256Helper.<clinit_wrapper> iteration 1
Unwinding recursion java::org.ethereum.crypto.Keccak256Helper.<clinit_wrapper> iteration 1
Unwinding recursion java::org.ethereum.crypto.Keccak256Helper.<clinit_wrapper> iteration 1
Unwinding recursion java::org.slf4j.helpers.NOPLogger.<clinit_wrapper> iteration 1
Unwinding recursion java::org.slf4j.helpers.NOPLogger.<clinit_wrapper> iteration 1
Unwinding recursion java::co.rsk.trie.Trie.<clinit_wrapper> iteration 1
Unwinding recursion java::co.rsk.metrics.profilers.impl.DisabledProfiler.<clinit_wrapper> iteration 1
Unwinding recursion java::co.rsk.metrics.profilers.impl.DisabledProfiler.<clinit_wrapper> iteration 1
Unwinding recursion java::co.rsk.metrics.profilers.ProfilerFactory.<clinit_wrapper> iteration 1
Unwinding recursion java::co.rsk.trie.Trie.<clinit_wrapper> iteration 1
Unwinding recursion java::co.rsk.trie.Trie.<clinit_wrapper> iteration 1
Unwinding recursion java::co.rsk.crypto.Keccak256.<clinit_wrapper> iteration 1
Unwinding recursion java::co.rsk.crypto.Keccak256.<clinit_wrapper> iteration 1
Unwinding recursion java::org.ethereum.util.ByteUtil.<clinit_wrapper> iteration 1
Unwinding recursion java::org.ethereum.util.ByteUtil.<clinit_wrapper> iteration 1
Unwinding recursion java::co.rsk.core.types.bytes.HexPrintableBytes.<clinit_wrapper> iteration 1
Unwinding recursion java::co.rsk.core.types.bytes.HexPrintableBytes.<clinit_wrapper> iteration 1
Unwinding recursion java::org.ethereum.util.ByteUtil.<clinit_wrapper> iteration 1
Unwinding recursion java::org.ethereum.util.ByteUtil.<clinit_wrapper> iteration 1
Unwinding recursion java::java.lang.Float.<clinit_wrapper> iteration 1
Unwinding recursion java::org.cprover.CProver.<clinit_wrapper> iteration 1
Unwinding recursion java::org.cprover.CProver.<clinit_wrapper> iteration 1
Unwinding recursion java::org.cprover.CProver.<clinit_wrapper> iteration 1
Unwinding recursion java::java.lang.Math.<clinit_wrapper> iteration 1
Unwinding recursion java::java.lang.Double.<clinit_wrapper> iteration 1
Unwinding recursion java::java.lang.Math.<clinit_wrapper> iteration 1
Unwinding recursion java::org.ethereum.util.RLP.<clinit_wrapper> iteration 1
Unwinding loop java::org.ethereum.crypto.Keccak256Helper.fresh:()[B.0 iteration 1 file org/ethereum/crypto/Keccak256Helper.java line 105 function java::org.ethereum.crypto.Keccak256Helper.fresh:()[B bytecode-index 13 thread 0
Unwinding loop java::org.ethereum.crypto.Keccak256Helper.fresh:()[B.0 iteration 2 file org/ethereum/crypto/Keccak256Helper.java line 105 function java::org.ethereum.crypto.Keccak256Helper.fresh:()[B bytecode-index 13 thread 0
Unwinding loop java::org.ethereum.crypto.Keccak256Helper.fresh:()[B.0 iteration 3 file org/ethereum/crypto/Keccak256Helper.java line 105 function java::org.ethereum.crypto.Keccak256Helper.fresh:()[B bytecode-index 13 thread 0
Unwinding loop java::org.ethereum.crypto.Keccak256Helper.fresh:()[B.0 iteration 4 file org/ethereum/crypto/Keccak256Helper.java line 105 function java::org.ethereum.crypto.Keccak256Helper.fresh:()[B bytecode-index 13 thread 0
Unwinding loop java::org.ethereum.crypto.Keccak256Helper.fresh:()[B.0 iteration 5 file org/ethereum/crypto/Keccak256Helper.java line 105 function java::org.ethereum.crypto.Keccak256Helper.fresh:()[B bytecode-index 13 thread 0
Unwinding loop java::org.ethereum.crypto.Keccak256Helper.fresh:()[B.0 iteration 6 file org/ethereum/crypto/Keccak256Helper.java line 105 function java::org.ethereum.crypto.Keccak256Helper.fresh:()[B bytecode-index 13 thread 0
Unwinding loop java::org.ethereum.crypto.Keccak256Helper.fresh:()[B.0 iteration 7 file org/ethereum/crypto/Keccak256Helper.java line 105 function java::org.ethereum.crypto.Keccak256Helper.fresh:()[B bytecode-index 13 thread 0
Unwinding loop java::org.ethereum.crypto.Keccak256Helper.fresh:()[B.0 iteration 8 file org/ethereum/crypto/Keccak256Helper.java line 105 function java::org.ethereum.crypto.Keccak256Helper.fresh:()[B bytecode-index 13 thread 0
Unwinding loop java::org.ethereum.crypto.Keccak256Helper.fresh:()[B.0 iteration 9 file org/ethereum/crypto/Keccak256Helper.java line 105 function java::org.ethereum.crypto.Keccak256Helper.fresh:()[B bytecode-index 13 thread 0
Unwinding loop java::org.ethereum.crypto.Keccak256Helper.fresh:()[B.0 iteration 10 file org/ethereum/crypto/Keccak256Helper.java line 105 function java::org.ethereum.crypto.Keccak256Helper.fresh:()[B bytecode-index 13 thread 0
Unwinding loop java::org.ethereum.crypto.Keccak256Helper.fresh:()[B.0 iteration 11 file org/ethereum/crypto/Keccak256Helper.java line 105 function java::org.ethereum.crypto.Keccak256Helper.fresh:()[B bytecode-index 13 thread 0
Unwinding loop java::org.ethereum.crypto.Keccak256Helper.fresh:()[B.0 iteration 12 file org/ethereum/crypto/Keccak256Helper.java line 105 function java::org.ethereum.crypto.Keccak256Helper.fresh:()[B bytecode-index 13 thread 0
Unwinding loop java::org.ethereum.crypto.Keccak256Helper.fresh:()[B.0 iteration 13 file org/ethereum/crypto/Keccak256Helper.java line 105 function java::org.ethereum.crypto.Keccak256Helper.fresh:()[B bytecode-index 13 thread 0
Unwinding loop java::org.ethereum.crypto.Keccak256Helper.fresh:()[B.0 iteration 14 file org/ethereum/crypto/Keccak256Helper.java line 105 function java::org.ethereum.crypto.Keccak256Helper.fresh:()[B bytecode-index 13 thread 0
Unwinding loop java::org.ethereum.crypto.Keccak256Helper.fresh:()[B.0 iteration 15 file org/ethereum/crypto/Keccak256Helper.java line 105 function java::org.ethereum.crypto.Keccak256Helper.fresh:()[B bytecode-index 13 thread 0
Unwinding loop java::org.ethereum.crypto.Keccak256Helper.fresh:()[B.0 iteration 16 file org/ethereum/crypto/Keccak256Helper.java line 105 function java::org.ethereum.crypto.Keccak256Helper.fresh:()[B bytecode-index 13 thread 0
Unwinding loop java::org.ethereum.crypto.Keccak256Helper.fresh:()[B.0 iteration 17 file org/ethereum/crypto/Keccak256Helper.java line 105 function java::org.ethereum.crypto.Keccak256Helper.fresh:()[B bytecode-index 13 thread 0
Unwinding loop java::org.ethereum.crypto.Keccak256Helper.fresh:()[B.0 iteration 18 file org/ethereum/crypto/Keccak256Helper.java line 105 function java::org.ethereum.crypto.Keccak256Helper.fresh:()[B bytecode-index 13 thread 0
Unwinding loop java::org.ethereum.crypto.Keccak256Helper.fresh:()[B.0 iteration 19 file org/ethereum/crypto/Keccak256Helper.java line 105 function java::org.ethereum.crypto.Keccak256Helper.fresh:()[B bytecode-index 13 thread 0
Unwinding loop java::org.ethereum.crypto.Keccak256Helper.fresh:()[B.0 iteration 20 file org/ethereum/crypto/Keccak256Helper.java line 105 function java::org.ethereum.crypto.Keccak256Helper.fresh:()[B bytecode-index 13 thread 0
Unwinding loop java::org.ethereum.crypto.Keccak256Helper.fresh:()[B.0 iteration 21 file org/ethereum/crypto/Keccak256Helper.java line 105 function java::org.ethereum.crypto.Keccak256Helper.fresh:()[B bytecode-index 13 thread 0
Unwinding loop java::org.ethereum.crypto.Keccak256Helper.fresh:()[B.0 iteration 22 file org/ethereum/crypto/Keccak256Helper.java line 105 function java::org.ethereum.crypto.Keccak256Helper.fresh:()[B bytecode-index 13 thread 0
Unwinding loop java::org.ethereum.crypto.Keccak256Helper.fresh:()[B.0 iteration 23 file org/ethereum/crypto/Keccak256Helper.java line 105 function java::org.ethereum.crypto.Keccak256Helper.fresh:()[B bytecode-index 13 thread 0
Unwinding loop java::org.ethereum.crypto.Keccak256Helper.fresh:()[B.0 iteration 24 file org/ethereum/crypto/Keccak256Helper.java line 105 function java::org.ethereum.crypto.Keccak256Helper.fresh:()[B bytecode-index 13 thread 0
Unwinding loop java::org.ethereum.crypto.Keccak256Helper.fresh:()[B.0 iteration 25 file org/ethereum/crypto/Keccak256Helper.java line 105 function java::org.ethereum.crypto.Keccak256Helper.fresh:()[B bytecode-index 13 thread 0
Unwinding loop java::org.ethereum.crypto.Keccak256Helper.fresh:()[B.0 iteration 26 file org/ethereum/crypto/Keccak256Helper.java line 105 function java::org.ethereum.crypto.Keccak256Helper.fresh:()[B bytecode-index 13 thread 0
Unwinding loop java::org.ethereum.crypto.Keccak256Helper.fresh:()[B.0 iteration 27 file org/ethereum/crypto/Keccak256Helper.java line 105 function java::org.ethereum.crypto.Keccak256Helper.fresh:()[B bytecode-index 13 thread 0
Unwinding loop java::org.ethereum.crypto.Keccak256Helper.fresh:()[B.0 iteration 28 file org/ethereum/crypto/Keccak256Helper.java line 105 function java::org.ethereum.crypto.Keccak256Helper.fresh:()[B bytecode-index 13 thread 0
Unwinding loop java::org.ethereum.crypto.Keccak256Helper.fresh:()[B.0 iteration 29 file org/ethereum/crypto/Keccak256Helper.java line 105 function java::org.ethereum.crypto.Keccak256Helper.fresh:()[B bytecode-index 13 thread 0
Unwinding loop java::org.ethereum.crypto.Keccak256Helper.fresh:()[B.0 iteration 30 file org/ethereum/crypto/Keccak256Helper.java line 105 function java::org.ethereum.crypto.Keccak256Helper.fresh:()[B bytecode-index 13 thread 0
Unwinding loop java::org.ethereum.crypto.Keccak256Helper.fresh:()[B.0 iteration 31 file org/ethereum/crypto/Keccak256Helper.java line 105 function java::org.ethereum.crypto.Keccak256Helper.fresh:()[B bytecode-index 13 thread 0
Unwinding loop java::org.ethereum.crypto.Keccak256Helper.fresh:()[B.0 iteration 32 file org/ethereum/crypto/Keccak256Helper.java line 105 function java::org.ethereum.crypto.Keccak256Helper.fresh:()[B bytecode-index 13 thread 0
Unwinding recursion java::co.rsk.trie.Trie.<clinit_wrapper> iteration 1
Unwinding recursion java::co.rsk.trie.NodeReference.<clinit_wrapper> iteration 1
Unwinding recursion java::co.rsk.trie.NodeReference.<clinit_wrapper> iteration 1
Unwinding recursion java::co.rsk.trie.NodeReference.<clinit_wrapper> iteration 1
Unwinding recursion java::co.rsk.core.types.ints.Uint24.<clinit_wrapper> iteration 1
Unwinding recursion java::co.rsk.core.types.ints.Uint24.<clinit_wrapper> iteration 1
Unwinding recursion java::co.rsk.core.types.ints.Uint24.<clinit_wrapper> iteration 1
Unwinding recursion java::co.rsk.core.types.ints.Uint24.<clinit_wrapper> iteration 1
Unwinding recursion java::java.lang.Integer.<clinit_wrapper> iteration 1
Unwinding recursion java::Nondet.<clinit_wrapper> iteration 1
Unwinding recursion java::Nondet.<clinit_wrapper> iteration 1
Unwinding recursion java::Nondet.<clinit_wrapper> iteration 1
Unwinding recursion java::Nondet.<clinit_wrapper> iteration 1
Unwinding recursion java::Nondet.<clinit_wrapper> iteration 1
Unwinding recursion java::Nondet.<clinit_wrapper> iteration 1
Unwinding recursion java::Nondet.<clinit_wrapper> iteration 1
Unwinding recursion java::Nondet.<clinit_wrapper> iteration 1
Unwinding loop java::Nondet.bytes:(I)[B.0 iteration 1 file Nondet.java line 17 function java::Nondet.bytes:(I)[B bytecode-index 13 thread 0
Unwinding recursion java::java.lang.JbmcCanonicalClasses.<clinit_wrapper> iteration 1
Unwinding recursion java::java.lang.JbmcCanonicalClasses.<clinit_wrapper> iteration 1
Unwinding recursion java::java.lang.JbmcCanonicalClasses.<clinit_wrapper> iteration 1
Unwinding recursion java::java.lang.JbmcCanonicalClasses.<clinit_wrapper> iteration 1
Unwinding recursion java::java.lang.JbmcCanonicalClasses.<clinit_wrapper> iteration 1
Unwinding recursion java::java.lang.JbmcCanonicalClasses.<clinit_wrapper> iteration 1
Unwinding recursion java::java.lang.JbmcCanonicalClasses.<clinit_wrapper> iteration 1
Unwinding recursion java::java.lang.JbmcCanonicalClasses.<clinit_wrapper> iteration 1
Unwinding recursion java::java.util.Arrays.<clinit_wrapper> iteration 1
Unwinding recursion java::java.lang.System.<clinit_wrapper> iteration 1
Unwinding loop java::java.lang.System.arraycopy:(Ljava/lang/Object;ILjava/lang/Object;II)V.1 iteration 1 file java/lang/System.java line 51 function java::java.lang.System.arraycopy:(Ljava/lang/Object;ILjava/lang/Object;II)V bytecode-index 106 thread 0
Unwinding loop java::Nondet.bytes:(I)[B.0 iteration 1 file Nondet.java line 17 function java::Nondet.bytes:(I)[B bytecode-index 13 thread 0
Unwinding loop java::co.rsk.trie.PathEncoder.decodeBinaryPath:([BI)[B.0 iteration 1 file co/rsk/trie/PathEncoder.java line 78 function java::co.rsk.trie.PathEncoder.decodeBinaryPath:([BI)[B bytecode-index 31 thread 0
Unwinding loop java::co.rsk.trie.PathEncoder.decodeBinaryPath:([BI)[B.0 iteration 2 file co/rsk/trie/PathEncoder.java line 78 function java::co.rsk.trie.PathEncoder.decodeBinaryPath:([BI)[B bytecode-index 31 thread 0
Unwinding loop java::co.rsk.trie.PathEncoder.decodeBinaryPath:([BI)[B.0 iteration 3 file co/rsk/trie/PathEncoder.java line 78 function java::co.rsk.trie.PathEncoder.decodeBinaryPath:([BI)[B bytecode-index 31 thread 0
Unwinding loop java::co.rsk.trie.PathEncoder.decodeBinaryPath:([BI)[B.0 iteration 4 file co/rsk/trie/PathEncoder.java line 78 function java::co.rsk.trie.PathEncoder.decodeBinaryPath:([BI)[B bytecode-index 31 thread 0
Unwinding loop java::co.rsk.trie.PathEncoder.decodeBinaryPath:([BI)[B.0 iteration 5 file co/rsk/trie/PathEncoder.java line 78 function java::co.rsk.trie.PathEncoder.decodeBinaryPath:([BI)[B bytecode-index 31 thread 0
Unwinding loop java::co.rsk.trie.PathEncoder.decodeBinaryPath:([BI)[B.0 iteration 6 file co/rsk/trie/PathEncoder.java line 78 function java::co.rsk.trie.PathEncoder.decodeBinaryPath:([BI)[B bytecode-index 31 thread 0
Unwinding loop java::co.rsk.trie.PathEncoder.decodeBinaryPath:([BI)[B.0 iteration 7 file co/rsk/trie/PathEncoder.java line 78 function java::co.rsk.trie.PathEncoder.decodeBinaryPath:([BI)[B bytecode-index 31 thread 0
Unwinding loop java::co.rsk.trie.PathEncoder.decodeBinaryPath:([BI)[B.0 iteration 8 file co/rsk/trie/PathEncoder.java line 78 function java::co.rsk.trie.PathEncoder.decodeBinaryPath:([BI)[B bytecode-index 31 thread 0
Unwinding recursion java::java.util.Optional.<clinit_wrapper> iteration 1
Unwinding recursion java::java.util.Optional.<clinit_wrapper> iteration 1
Unwinding recursion co.rsk.trie.Trie.put(co.rsk.trie.TrieKeySlice, byte[], boolean) iteration 1
Unwinding recursion co.rsk.trie.Trie.internalPut(co.rsk.trie.TrieKeySlice, byte[], boolean) iteration 1
Unwinding loop java::java.lang.System.arraycopy:(Ljava/lang/Object;ILjava/lang/Object;II)V.1 iteration 1 file java/lang/System.java line 51 function java::java.lang.System.arraycopy:(Ljava/lang/Object;ILjava/lang/Object;II)V bytecode-index 106 thread 0
Unwinding recursion java::java.lang.Long.<clinit_wrapper> iteration 1
Unwinding loop java::java.lang.System.arraycopy:(Ljava/lang/Object;ILjava/lang/Object;II)V.1 iteration 1 file java/lang/System.java line 51 function java::java.lang.System.arraycopy:(Ljava/lang/Object;ILjava/lang/Object;II)V bytecode-index 106 thread 0
Unwinding loop java::java.lang.System.arraycopy:(Ljava/lang/Object;ILjava/lang/Object;II)V.1 iteration 2 file java/lang/System.java line 51 function java::java.lang.System.arraycopy:(Ljava/lang/Object;ILjava/lang/Object;II)V bytecode-index 106 thread 0
Unwinding loop java::java.lang.System.arraycopy:(Ljava/lang/Object;ILjava/lang/Object;II)V.1 iteration 3 file java/lang/System.java line 51 function java::java.lang.System.arraycopy:(Ljava/lang/Object;ILjava/lang/Object;II)V bytecode-index 106 thread 0
Unwinding loop java::java.lang.System.arraycopy:(Ljava/lang/Object;ILjava/lang/Object;II)V.1 iteration 4 file java/lang/System.java line 51 function java::java.lang.System.arraycopy:(Ljava/lang/Object;ILjava/lang/Object;II)V bytecode-index 106 thread 0
Unwinding loop java::java.lang.System.arraycopy:(Ljava/lang/Object;ILjava/lang/Object;II)V.1 iteration 5 file java/lang/System.java line 51 function java::java.lang.System.arraycopy:(Ljava/lang/Object;ILjava/lang/Object;II)V bytecode-index 106 thread 0
Unwinding loop java::java.lang.System.arraycopy:(Ljava/lang/Object;ILjava/lang/Object;II)V.1 iteration 6 file java/lang/System.java line 51 function java::java.lang.System.arraycopy:(Ljava/lang/Object;ILjava/lang/Object;II)V bytecode-index 106 thread 0
Unwinding loop java::java.lang.System.arraycopy:(Ljava/lang/Object;ILjava/lang/Object;II)V.1 iteration 7 file java/lang/System.java line 51 function java::java.lang.System.arraycopy:(Ljava/lang/Object;ILjava/lang/Object;II)V bytecode-index 106 thread 0
Unwinding loop java::co.rsk.trie.PathEncoder.encodeBinaryPath:([B)[B.0 iteration 1 file co/rsk/trie/PathEncoder.java line 56 function java::co.rsk.trie.PathEncoder.encodeBinaryPath:([B)[B bytecode-index 41 thread 0
Unwinding loop java::co.rsk.trie.PathEncoder.encodeBinaryPath:([B)[B.0 iteration 2 file co/rsk/trie/PathEncoder.java line 56 function java::co.rsk.trie.PathEncoder.encodeBinaryPath:([B)[B bytecode-index 41 thread 0
Unwinding loop java::co.rsk.trie.PathEncoder.encodeBinaryPath:([B)[B.0 iteration 3 file co/rsk/trie/PathEncoder.java line 56 function java::co.rsk.trie.PathEncoder.encodeBinaryPath:([B)[B bytecode-index 41 thread 0
Unwinding loop java::co.rsk.trie.PathEncoder.encodeBinaryPath:([B)[B.0 iteration 4 file co/rsk/trie/PathEncoder.java line 56 function java::co.rsk.trie.PathEncoder.encodeBinaryPath:([B)[B bytecode-index 41 thread 0
Unwinding loop java::co.rsk.trie.PathEncoder.encodeBinaryPath:([B)[B.0 iteration 5 file co/rsk/trie/PathEncoder.java line 56 function java::co.rsk.trie.PathEncoder.encodeBinaryPath:([B)[B bytecode-index 41 thread 0
Unwinding loop java::co.rsk.trie.PathEncoder.encodeBinaryPath:([B)[B.0 iteration 6 file co/rsk/trie/PathEncoder.java line 56 function java::co.rsk.trie.PathEncoder.encodeBinaryPath:([B)[B bytecode-index 41 thread 0
Unwinding loop java::co.rsk.trie.PathEncoder.encodeBinaryPath:([B)[B.0 iteration 7 file co/rsk/trie/PathEncoder.java line 56 function java::co.rsk.trie.PathEncoder.encodeBinaryPath:([B)[B bytecode-index 41 thread 0
Unwinding loop java::java.nio.ByteBuffer.put:([B)Ljava/nio/ByteBuffer;.0 iteration 1 file java/nio/ByteBuffer.java line 89 function java::java.nio.ByteBuffer.put:([B)Ljava/nio/ByteBuffer; bytecode-index 30 thread 0
Unwinding loop java::java.lang.System.arraycopy:(Ljava/lang/Object;ILjava/lang/Object;II)V.1 iteration 1 file java/lang/System.java line 51 function java::java.lang.System.arraycopy:(Ljava/lang/Object;ILjava/lang/Object;II)V bytecode-index 106 thread 0
Unwinding loop java::java.nio.ByteBuffer.put:([B)Ljava/nio/ByteBuffer;.0 iteration 1 file java/nio/ByteBuffer.java line 89 function java::java.nio.ByteBuffer.put:([B)Ljava/nio/ByteBuffer; bytecode-index 30 thread 0
Unwinding loop java::Nondet.bytes:(I)[B.0 iteration 1 file Nondet.java line 17 function java::Nondet.bytes:(I)[B bytecode-index 13 thread 0
Unwinding loop java::co.rsk.trie.PathEncoder.decodeBinaryPath:([BI)[B.0 iteration 1 file co/rsk/trie/PathEncoder.java line 78 function java::co.rsk.trie.PathEncoder.decodeBinaryPath:([BI)[B bytecode-index 31 thread 0
Unwinding loop java::co.rsk.trie.PathEncoder.decodeBinaryPath:([BI)[B.0 iteration 2 file co/rsk/trie/PathEncoder.java line 78 function java::co.rsk.trie.PathEncoder.decodeBinaryPath:([BI)[B bytecode-index 31 thread 0
Unwinding loop java::co.rsk.trie.PathEncoder.decodeBinaryPath:([BI)[B.0 iteration 3 file co/rsk/trie/PathEncoder.java line 78 function java::co.rsk.trie.PathEncoder.decodeBinaryPath:([BI)[B bytecode-index 31 thread 0
Unwinding loop java::co.rsk.trie.PathEncoder.decodeBinaryPath:([BI)[B.0 iteration 4 file co/rsk/trie/PathEncoder.java line 78 function java::co.rsk.trie.PathEncoder.decodeBinaryPath:([BI)[B bytecode-index 31 thread 0
Unwinding loop java::co.rsk.trie.PathEncoder.decodeBinaryPath:([BI)[B.0 iteration 5 file co/rsk/trie/PathEncoder.java line 78 function java::co.rsk.trie.PathEncoder.decodeBinaryPath:([BI)[B bytecode-index 31 thread 0
Unwinding loop java::co.rsk.trie.PathEncoder.decodeBinaryPath:([BI)[B.0 iteration 6 file co/rsk/trie/PathEncoder.java line 78 function java::co.rsk.trie.PathEncoder.decodeBinaryPath:([BI)[B bytecode-index 31 thread 0
Unwinding loop java::co.rsk.trie.PathEncoder.decodeBinaryPath:([BI)[B.0 iteration 7 file co/rsk/trie/PathEncoder.java line 78 function java::co.rsk.trie.PathEncoder.decodeBinaryPath:([BI)[B bytecode-index 31 thread 0
Unwinding loop java::co.rsk.trie.PathEncoder.decodeBinaryPath:([BI)[B.0 iteration 8 file co/rsk/trie/PathEncoder.java line 78 function java::co.rsk.trie.PathEncoder.decodeBinaryPath:([BI)[B bytecode-index 31 thread 0
Unwinding loop java::co.rsk.trie.PathEncoder.decodeBinaryPath:([BI)[B.0 iteration 9 file co/rsk/trie/PathEncoder.java line 78 function java::co.rsk.trie.PathEncoder.decodeBinaryPath:([BI)[B bytecode-index 31 thread 0
Unwinding loop java::co.rsk.trie.PathEncoder.decodeBinaryPath:([BI)[B.0 iteration 10 file co/rsk/trie/PathEncoder.java line 78 function java::co.rsk.trie.PathEncoder.decodeBinaryPath:([BI)[B bytecode-index 31 thread 0
Unwinding loop java::co.rsk.trie.PathEncoder.decodeBinaryPath:([BI)[B.0 iteration 11 file co/rsk/trie/PathEncoder.java line 78 function java::co.rsk.trie.PathEncoder.decodeBinaryPath:([BI)[B bytecode-index 31 thread 0
Unwinding loop java::co.rsk.trie.PathEncoder.decodeBinaryPath:([BI)[B.0 iteration 12 file co/rsk/trie/PathEncoder.java line 78 function java::co.rsk.trie.PathEncoder.decodeBinaryPath:([BI)[B bytecode-index 31 thread 0
Unwinding loop java::co.rsk.trie.PathEncoder.decodeBinaryPath:([BI)[B.0 iteration 13 file co/rsk/trie/PathEncoder.java line 78 function java::co.rsk.trie.PathEncoder.decodeBinaryPath:([BI)[B bytecode-index 31 thread 0
Unwinding loop java::co.rsk.trie.PathEncoder.decodeBinaryPath:([BI)[B.0 iteration 14 file co/rsk/trie/PathEncoder.java line 78 function java::co.rsk.trie.PathEncoder.decodeBinaryPath:([BI)[B bytecode-index 31 thread 0
Unwinding loop java::co.rsk.trie.PathEncoder.decodeBinaryPath:([BI)[B.0 iteration 15 file co/rsk/trie/PathEncoder.java line 78 function java::co.rsk.trie.PathEncoder.decodeBinaryPath:([BI)[B bytecode-index 31 thread 0
Unwinding loop java::co.rsk.trie.PathEncoder.decodeBinaryPath:([BI)[B.0 iteration 16 file co/rsk/trie/PathEncoder.java line 78 function java::co.rsk.trie.PathEncoder.decodeBinaryPath:([BI)[B bytecode-index 31 thread 0
Unwinding recursion co.rsk.trie.Trie.put(co.rsk.trie.TrieKeySlice, byte[], boolean) iteration 1
Unwinding recursion co.rsk.trie.Trie.internalPut(co.rsk.trie.TrieKeySlice, byte[], boolean) iteration 1
Unwinding loop java::co.rsk.trie.TrieKeySlice.commonPath:(Lco/rsk/trie/TrieKeySlice;)Lco/rsk/trie/TrieKeySlice;.0 iteration 1 file co/rsk/trie/TrieKeySlice.java line 74 function java::co.rsk.trie.TrieKeySlice.commonPath:(Lco/rsk/trie/TrieKeySlice;)Lco/rsk/trie/TrieKeySlice; bytecode-index 24 thread 0
Unwinding loop java::co.rsk.trie.TrieKeySlice.commonPath:(Lco/rsk/trie/TrieKeySlice;)Lco/rsk/trie/TrieKeySlice;.0 iteration 2 file co/rsk/trie/TrieKeySlice.java line 74 function java::co.rsk.trie.TrieKeySlice.commonPath:(Lco/rsk/trie/TrieKeySlice;)Lco/rsk/trie/TrieKeySlice; bytecode-index 24 thread 0
Unwinding loop java::co.rsk.trie.TrieKeySlice.commonPath:(Lco/rsk/trie/TrieKeySlice;)Lco/rsk/trie/TrieKeySlice;.0 iteration 3 file co/rsk/trie/TrieKeySlice.java line 74 function java::co.rsk.trie.TrieKeySlice.commonPath:(Lco/rsk/trie/TrieKeySlice;)Lco/rsk/trie/TrieKeySlice; bytecode-index 24 thread 0
Unwinding loop java::co.rsk.trie.TrieKeySlice.commonPath:(Lco/rsk/trie/TrieKeySlice;)Lco/rsk/trie/TrieKeySlice;.0 iteration 4 file co/rsk/trie/TrieKeySlice.java line 74 function java::co.rsk.trie.TrieKeySlice.commonPath:(Lco/rsk/trie/TrieKeySlice;)Lco/rsk/trie/TrieKeySlice; bytecode-index 24 thread 0
Unwinding loop java::co.rsk.trie.TrieKeySlice.commonPath:(Lco/rsk/trie/TrieKeySlice;)Lco/rsk/trie/TrieKeySlice;.0 iteration 5 file co/rsk/trie/TrieKeySlice.java line 74 function java::co.rsk.trie.TrieKeySlice.commonPath:(Lco/rsk/trie/TrieKeySlice;)Lco/rsk/trie/TrieKeySlice; bytecode-index 24 thread 0
Unwinding loop java::co.rsk.trie.TrieKeySlice.commonPath:(Lco/rsk/trie/TrieKeySlice;)Lco/rsk/trie/TrieKeySlice;.0 iteration 6 file co/rsk/trie/TrieKeySlice.java line 74 function java::co.rsk.trie.TrieKeySlice.commonPath:(Lco/rsk/trie/TrieKeySlice;)Lco/rsk/trie/TrieKeySlice; bytecode-index 24 thread 0
Unwinding loop java::co.rsk.trie.TrieKeySlice.commonPath:(Lco/rsk/trie/TrieKeySlice;)Lco/rsk/trie/TrieKeySlice;.0 iteration 7 file co/rsk/trie/TrieKeySlice.java line 74 function java::co.rsk.trie.TrieKeySlice.commonPath:(Lco/rsk/trie/TrieKeySlice;)Lco/rsk/trie/TrieKeySlice; bytecode-index 24 thread 0
Unwinding recursion co.rsk.trie.Trie.put(co.rsk.trie.TrieKeySlice, byte[], boolean) iteration 2
Unwinding recursion co.rsk.trie.Trie.internalPut(co.rsk.trie.TrieKeySlice, byte[], boolean) iteration 2
Unwinding loop java::java.lang.System.arraycopy:(Ljava/lang/Object;ILjava/lang/Object;II)V.1 iteration 1 file java/lang/System.java line 51 function java::java.lang.System.arraycopy:(Ljava/lang/Object;ILjava/lang/Object;II)V bytecode-index 106 thread 0
Unwinding loop java::java.lang.System.arraycopy:(Ljava/lang/Object;ILjava/lang/Object;II)V.1 iteration 1 file java/lang/System.java line 51 function java::java.lang.System.arraycopy:(Ljava/lang/Object;ILjava/lang/Object;II)V bytecode-index 106 thread 0
Unwinding loop java::java.lang.System.arraycopy:(Ljava/lang/Object;ILjava/lang/Object;II)V.1 iteration 2 file java/lang/System.java line 51 function java::java.lang.System.arraycopy:(Ljava/lang/Object;ILjava/lang/Object;II)V bytecode-index 106 thread 0
Unwinding loop java::java.lang.System.arraycopy:(Ljava/lang/Object;ILjava/lang/Object;II)V.1 iteration 3 file java/lang/System.java line 51 function java::java.lang.System.arraycopy:(Ljava/lang/Object;ILjava/lang/Object;II)V bytecode-index 106 thread 0
Unwinding loop java::java.lang.System.arraycopy:(Ljava/lang/Object;ILjava/lang/Object;II)V.1 iteration 4 file java/lang/System.java line 51 function java::java.lang.System.arraycopy:(Ljava/lang/Object;ILjava/lang/Object;II)V bytecode-index 106 thread 0
Unwinding loop java::java.lang.System.arraycopy:(Ljava/lang/Object;ILjava/lang/Object;II)V.1 iteration 5 file java/lang/System.java line 51 function java::java.lang.System.arraycopy:(Ljava/lang/Object;ILjava/lang/Object;II)V bytecode-index 106 thread 0
Unwinding loop java::java.lang.System.arraycopy:(Ljava/lang/Object;ILjava/lang/Object;II)V.1 iteration 6 file java/lang/System.java line 51 function java::java.lang.System.arraycopy:(Ljava/lang/Object;ILjava/lang/Object;II)V bytecode-index 106 thread 0
Unwinding loop java::java.lang.System.arraycopy:(Ljava/lang/Object;ILjava/lang/Object;II)V.1 iteration 7 file java/lang/System.java line 51 function java::java.lang.System.arraycopy:(Ljava/lang/Object;ILjava/lang/Object;II)V bytecode-index 106 thread 0
Unwinding loop java::co.rsk.trie.PathEncoder.encodeBinaryPath:([B)[B.0 iteration 1 file co/rsk/trie/PathEncoder.java line 56 function java::co.rsk.trie.PathEncoder.encodeBinaryPath:([B)[B bytecode-index 41 thread 0
Unwinding loop java::co.rsk.trie.PathEncoder.encodeBinaryPath:([B)[B.0 iteration 2 file co/rsk/trie/PathEncoder.java line 56 function java::co.rsk.trie.PathEncoder.encodeBinaryPath:([B)[B bytecode-index 41 thread 0
Unwinding loop java::co.rsk.trie.PathEncoder.encodeBinaryPath:([B)[B.0 iteration 3 file co/rsk/trie/PathEncoder.java line 56 function java::co.rsk.trie.PathEncoder.encodeBinaryPath:([B)[B bytecode-index 41 thread 0
Unwinding loop java::co.rsk.trie.PathEncoder.encodeBinaryPath:([B)[B.0 iteration 4 file co/rsk/trie/PathEncoder.java line 56 function java::co.rsk.trie.PathEncoder.encodeBinaryPath:([B)[B bytecode-index 41 thread 0
Unwinding loop java::co.rsk.trie.PathEncoder.encodeBinaryPath:([B)[B.0 iteration 5 file co/rsk/trie/PathEncoder.java line 56 function java::co.rsk.trie.PathEncoder.encodeBinaryPath:([B)[B bytecode-index 41 thread 0
Unwinding loop java::co.rsk.trie.PathEncoder.encodeBinaryPath:([B)[B.0 iteration 6 file co/rsk/trie/PathEncoder.java line 56 function java::co.rsk.trie.PathEncoder.encodeBinaryPath:([B)[B bytecode-index 41 thread 0
Unwinding loop java::co.rsk.trie.PathEncoder.encodeBinaryPath:([B)[B.0 iteration 7 file co/rsk/trie/PathEncoder.java line 56 function java::co.rsk.trie.PathEncoder.encodeBinaryPath:([B)[B bytecode-index 41 thread 0
Unwinding loop java::java.nio.ByteBuffer.put:([B)Ljava/nio/ByteBuffer;.0 iteration 1 file java/nio/ByteBuffer.java line 89 function java::java.nio.ByteBuffer.put:([B)Ljava/nio/ByteBuffer; bytecode-index 30 thread 0
Unwinding loop java::java.lang.System.arraycopy:(Ljava/lang/Object;ILjava/lang/Object;II)V.1 iteration 1 file java/lang/System.java line 51 function java::java.lang.System.arraycopy:(Ljava/lang/Object;ILjava/lang/Object;II)V bytecode-index 106 thread 0
Unwinding loop java::java.nio.ByteBuffer.put:([B)Ljava/nio/ByteBuffer;.0 iteration 1 file java/nio/ByteBuffer.java line 89 function java::java.nio.ByteBuffer.put:([B)Ljava/nio/ByteBuffer; bytecode-index 30 thread 0
Unwinding recursion co.rsk.trie.Trie.getMessageLength() iteration 1
Unwinding recursion co.rsk.trie.Trie.getMessageLength() iteration 1
Unwinding recursion co.rsk.trie.Trie.getMessageLength() iteration 1
Unwinding loop java::java.lang.System.arraycopy:(Ljava/lang/Object;ILjava/lang/Object;II)V.1 iteration 1 file java/lang/System.java line 51 function java::java.lang.System.arraycopy:(Ljava/lang/Object;ILjava/lang/Object;II)V bytecode-index 106 thread 0
Unwinding loop java::java.lang.System.arraycopy:(Ljava/lang/Object;ILjava/lang/Object;II)V.1 iteration 2 file java/lang/System.java line 51 function java::java.lang.System.arraycopy:(Ljava/lang/Object;ILjava/lang/Object;II)V bytecode-index 106 thread 0
Unwinding loop java::java.lang.System.arraycopy:(Ljava/lang/Object;ILjava/lang/Object;II)V.1 iteration 3 file java/lang/System.java line 51 function java::java.lang.System.arraycopy:(Ljava/lang/Object;ILjava/lang/Object;II)V bytecode-index 106 thread 0
Unwinding loop java::java.lang.System.arraycopy:(Ljava/lang/Object;ILjava/lang/Object;II)V.1 iteration 4 file java/lang/System.java line 51 function java::java.lang.System.arraycopy:(Ljava/lang/Object;ILjava/lang/Object;II)V bytecode-index 106 thread 0
Unwinding loop java::java.lang.System.arraycopy:(Ljava/lang/Object;ILjava/lang/Object;II)V.1 iteration 5 file java/lang/System.java line 51 function java::java.lang.System.arraycopy:(Ljava/lang/Object;ILjava/lang/Object;II)V bytecode-index 106 thread 0
Unwinding loop java::java.lang.System.arraycopy:(Ljava/lang/Object;ILjava/lang/Object;II)V.1 iteration 6 file java/lang/System.java line 51 function java::java.lang.System.arraycopy:(Ljava/lang/Object;ILjava/lang/Object;II)V bytecode-index 106 thread 0
Unwinding loop java::java.lang.System.arraycopy:(Ljava/lang/Object;ILjava/lang/Object;II)V.1 iteration 7 file java/lang/System.java line 51 function java::java.lang.System.arraycopy:(Ljava/lang/Object;ILjava/lang/Object;II)V bytecode-index 106 thread 0
Unwinding loop java::co.rsk.trie.PathEncoder.encodeBinaryPath:([B)[B.0 iteration 1 file co/rsk/trie/PathEncoder.java line 56 function java::co.rsk.trie.PathEncoder.encodeBinaryPath:([B)[B bytecode-index 41 thread 0
Unwinding loop java::co.rsk.trie.PathEncoder.encodeBinaryPath:([B)[B.0 iteration 2 file co/rsk/trie/PathEncoder.java line 56 function java::co.rsk.trie.PathEncoder.encodeBinaryPath:([B)[B bytecode-index 41 thread 0
Unwinding loop java::co.rsk.trie.PathEncoder.encodeBinaryPath:([B)[B.0 iteration 3 file co/rsk/trie/PathEncoder.java line 56 function java::co.rsk.trie.PathEncoder.encodeBinaryPath:([B)[B bytecode-index 41 thread 0
Unwinding loop java::co.rsk.trie.PathEncoder.encodeBinaryPath:([B)[B.0 iteration 4 file co/rsk/trie/PathEncoder.java line 56 function java::co.rsk.trie.PathEncoder.encodeBinaryPath:([B)[B bytecode-index 41 thread 0
Unwinding loop java::co.rsk.trie.PathEncoder.encodeBinaryPath:([B)[B.0 iteration 5 file co/rsk/trie/PathEncoder.java line 56 function java::co.rsk.trie.PathEncoder.encodeBinaryPath:([B)[B bytecode-index 41 thread 0
Unwinding loop java::co.rsk.trie.PathEncoder.encodeBinaryPath:([B)[B.0 iteration 6 file co/rsk/trie/PathEncoder.java line 56 function java::co.rsk.trie.PathEncoder.encodeBinaryPath:([B)[B bytecode-index 41 thread 0
Unwinding loop java::co.rsk.trie.PathEncoder.encodeBinaryPath:([B)[B.0 iteration 7 file co/rsk/trie/PathEncoder.java line 56 function java::co.rsk.trie.PathEncoder.encodeBinaryPath:([B)[B bytecode-index 41 thread 0
Unwinding loop java::java.nio.ByteBuffer.put:([B)Ljava/nio/ByteBuffer;.0 iteration 1 file java/nio/ByteBuffer.java line 89 function java::java.nio.ByteBuffer.put:([B)Ljava/nio/ByteBuffer; bytecode-index 30 thread 0
Unwinding recursion co.rsk.trie.Trie.getMessageLength() iteration 1
Unwinding loop java::java.lang.System.arraycopy:(Ljava/lang/Object;ILjava/lang/Object;II)V.1 iteration 1 file java/lang/System.java line 51 function java::java.lang.System.arraycopy:(Ljava/lang/Object;ILjava/lang/Object;II)V bytecode-index 106 thread 0
Unwinding loop java::java.lang.System.arraycopy:(Ljava/lang/Object;ILjava/lang/Object;II)V.1 iteration 2 file java/lang/System.java line 51 function java::java.lang.System.arraycopy:(Ljava/lang/Object;ILjava/lang/Object;II)V bytecode-index 106 thread 0
Unwinding loop java::java.lang.System.arraycopy:(Ljava/lang/Object;ILjava/lang/Object;II)V.1 iteration 3 file java/lang/System.java line 51 function java::java.lang.System.arraycopy:(Ljava/lang/Object;ILjava/lang/Object;II)V bytecode-index 106 thread 0
Unwinding loop java::java.lang.System.arraycopy:(Ljava/lang/Object;ILjava/lang/Object;II)V.1 iteration 4 file java/lang/System.java line 51 function java::java.lang.System.arraycopy:(Ljava/lang/Object;ILjava/lang/Object;II)V bytecode-index 106 thread 0
Unwinding recursion java::co.rsk.core.types.ints.Uint8.<clinit_wrapper> iteration 1
Unwinding recursion java::co.rsk.core.types.ints.Uint8.<clinit_wrapper> iteration 1
Unwinding loop java::java.nio.ByteBuffer.put:([B)Ljava/nio/ByteBuffer;.0 iteration 1 file java/nio/ByteBuffer.java line 89 function java::java.nio.ByteBuffer.put:([B)Ljava/nio/ByteBuffer; bytecode-index 30 thread 0
Unwinding loop java::java.nio.ByteBuffer.put:([B)Ljava/nio/ByteBuffer;.0 iteration 1 file java/nio/ByteBuffer.java line 89 function java::java.nio.ByteBuffer.put:([B)Ljava/nio/ByteBuffer; bytecode-index 30 thread 0
Unwinding loop java::java.nio.ByteBuffer.put:([B)Ljava/nio/ByteBuffer;.0 iteration 2 file java/nio/ByteBuffer.java line 89 function java::java.nio.ByteBuffer.put:([B)Ljava/nio/ByteBuffer; bytecode-index 30 thread 0
Unwinding loop java::java.nio.ByteBuffer.put:([B)Ljava/nio/ByteBuffer;.0 iteration 3 file java/nio/ByteBuffer.java line 89 function java::java.nio.ByteBuffer.put:([B)Ljava/nio/ByteBuffer; bytecode-index 30 thread 0
Unwinding loop java::java.nio.ByteBuffer.put:([B)Ljava/nio/ByteBuffer;.0 iteration 4 file java/nio/ByteBuffer.java line 89 function java::java.nio.ByteBuffer.put:([B)Ljava/nio/ByteBuffer; bytecode-index 30 thread 0
Unwinding loop java::java.nio.ByteBuffer.put:([B)Ljava/nio/ByteBuffer;.0 iteration 1 file java/nio/ByteBuffer.java line 89 function java::java.nio.ByteBuffer.put:([B)Ljava/nio/ByteBuffer; bytecode-index 30 thread 0
Unwinding loop java::java.lang.System.arraycopy:(Ljava/lang/Object;ILjava/lang/Object;II)V.1 iteration 1 file java/lang/System.java line 51 function java::java.lang.System.arraycopy:(Ljava/lang/Object;ILjava/lang/Object;II)V bytecode-index 106 thread 0
Unwinding loop java::java.nio.ByteBuffer.put:([B)Ljava/nio/ByteBuffer;.0 iteration 1 file java/nio/ByteBuffer.java line 89 function java::java.nio.ByteBuffer.put:([B)Ljava/nio/ByteBuffer; bytecode-index 30 thread 0
Unwinding loop java::Nondet.bytes:(I)[B.0 iteration 1 file Nondet.java line 17 function java::Nondet.bytes:(I)[B bytecode-index 13 thread 0
Unwinding loop java::co.rsk.trie.PathEncoder.decodeBinaryPath:([BI)[B.0 iteration 1 file co/rsk/trie/PathEncoder.java line 78 function java::co.rsk.trie.PathEncoder.decodeBinaryPath:([BI)[B bytecode-index 31 thread 0
Unwinding loop java::co.rsk.trie.PathEncoder.decodeBinaryPath:([BI)[B.0 iteration 2 file co/rsk/trie/PathEncoder.java line 78 function java::co.rsk.trie.PathEncoder.decodeBinaryPath:([BI)[B bytecode-index 31 thread 0
Unwinding loop java::co.rsk.trie.PathEncoder.decodeBinaryPath:([BI)[B.0 iteration 3 file co/rsk/trie/PathEncoder.java line 78 function java::co.rsk.trie.PathEncoder.decodeBinaryPath:([BI)[B bytecode-index 31 thread 0
Unwinding loop java::co.rsk.trie.PathEncoder.decodeBinaryPath:([BI)[B.0 iteration 4 file co/rsk/trie/PathEncoder.java line 78 function java::co.rsk.trie.PathEncoder.decodeBinaryPath:([BI)[B bytecode-index 31 thread 0
Unwinding loop java::co.rsk.trie.PathEncoder.decodeBinaryPath:([BI)[B.0 iteration 5 file co/rsk/trie/PathEncoder.java line 78 function java::co.rsk.trie.PathEncoder.decodeBinaryPath:([BI)[B bytecode-index 31 thread 0
Unwinding loop java::co.rsk.trie.PathEncoder.decodeBinaryPath:([BI)[B.0 iteration 6 file co/rsk/trie/PathEncoder.java line 78 function java::co.rsk.trie.PathEncoder.decodeBinaryPath:([BI)[B bytecode-index 31 thread 0
Unwinding loop java::co.rsk.trie.PathEncoder.decodeBinaryPath:([BI)[B.0 iteration 7 file co/rsk/trie/PathEncoder.java line 78 function java::co.rsk.trie.PathEncoder.decodeBinaryPath:([BI)[B bytecode-index 31 thread 0
Unwinding loop java::co.rsk.trie.PathEncoder.decodeBinaryPath:([BI)[B.0 iteration 8 file co/rsk/trie/PathEncoder.java line 78 function java::co.rsk.trie.PathEncoder.decodeBinaryPath:([BI)[B bytecode-index 31 thread 0
Unwinding recursion co.rsk.trie.Trie.put(co.rsk.trie.TrieKeySlice, byte[], boolean) iteration 1
Unwinding recursion co.rsk.trie.Trie.internalPut(co.rsk.trie.TrieKeySlice, byte[], boolean) iteration 1
Unwinding loop java::java.lang.System.arraycopy:(Ljava/lang/Object;ILjava/lang/Object;II)V.1 iteration 1 file java/lang/System.java line 51 function java::java.lang.System.arraycopy:(Ljava/lang/Object;ILjava/lang/Object;II)V bytecode-index 106 thread 0
Unwinding loop java::java.lang.System.arraycopy:(Ljava/lang/Object;ILjava/lang/Object;II)V.1 iteration 1 file java/lang/System.java line 51 function java::java.lang.System.arraycopy:(Ljava/lang/Object;ILjava/lang/Object;II)V bytecode-index 106 thread 0
Unwinding loop java::java.lang.System.arraycopy:(Ljava/lang/Object;ILjava/lang/Object;II)V.1 iteration 2 file java/lang/System.java line 51 function java::java.lang.System.arraycopy:(Ljava/lang/Object;ILjava/lang/Object;II)V bytecode-index 106 thread 0
Unwinding loop java::java.lang.System.arraycopy:(Ljava/lang/Object;ILjava/lang/Object;II)V.1 iteration 3 file java/lang/System.java line 51 function java::java.lang.System.arraycopy:(Ljava/lang/Object;ILjava/lang/Object;II)V bytecode-index 106 thread 0
Unwinding loop java::java.lang.System.arraycopy:(Ljava/lang/Object;ILjava/lang/Object;II)V.1 iteration 4 file java/lang/System.java line 51 function java::java.lang.System.arraycopy:(Ljava/lang/Object;ILjava/lang/Object;II)V bytecode-index 106 thread 0
Unwinding loop java::java.lang.System.arraycopy:(Ljava/lang/Object;ILjava/lang/Object;II)V.1 iteration 5 file java/lang/System.java line 51 function java::java.lang.System.arraycopy:(Ljava/lang/Object;ILjava/lang/Object;II)V bytecode-index 106 thread 0
Unwinding loop java::java.lang.System.arraycopy:(Ljava/lang/Object;ILjava/lang/Object;II)V.1 iteration 6 file java/lang/System.java line 51 function java::java.lang.System.arraycopy:(Ljava/lang/Object;ILjava/lang/Object;II)V bytecode-index 106 thread 0
Unwinding loop java::java.lang.System.arraycopy:(Ljava/lang/Object;ILjava/lang/Object;II)V.1 iteration 7 file java/lang/System.java line 51 function java::java.lang.System.arraycopy:(Ljava/lang/Object;ILjava/lang/Object;II)V bytecode-index 106 thread 0
Unwinding loop java::co.rsk.trie.PathEncoder.encodeBinaryPath:([B)[B.0 iteration 1 file co/rsk/trie/PathEncoder.java line 56 function java::co.rsk.trie.PathEncoder.encodeBinaryPath:([B)[B bytecode-index 41 thread 0
Unwinding loop java::co.rsk.trie.PathEncoder.encodeBinaryPath:([B)[B.0 iteration 2 file co/rsk/trie/PathEncoder.java line 56 function java::co.rsk.trie.PathEncoder.encodeBinaryPath:([B)[B bytecode-index 41 thread 0
Unwinding loop java::co.rsk.trie.PathEncoder.encodeBinaryPath:([B)[B.0 iteration 3 file co/rsk/trie/PathEncoder.java line 56 function java::co.rsk.trie.PathEncoder.encodeBinaryPath:([B)[B bytecode-index 41 thread 0
Unwinding loop java::co.rsk.trie.PathEncoder.encodeBinaryPath:([B)[B.0 iteration 4 file co/rsk/trie/PathEncoder.java line 56 function java::co.rsk.trie.PathEncoder.encodeBinaryPath:([B)[B bytecode-index 41 thread 0
Unwinding loop java::co.rsk.trie.PathEncoder.encodeBinaryPath:([B)[B.0 iteration 5 file co/rsk/trie/PathEncoder.java line 56 function java::co.rsk.trie.PathEncoder.encodeBinaryPath:([B)[B bytecode-index 41 thread 0
Unwinding loop java::co.rsk.trie.PathEncoder.encodeBinaryPath:([B)[B.0 iteration 6 file co/rsk/trie/PathEncoder.java line 56 function java::co.rsk.trie.PathEncoder.encodeBinaryPath:([B)[B bytecode-index 41 thread 0
Unwinding loop java::co.rsk.trie.PathEncoder.encodeBinaryPath:([B)[B.0 iteration 7 file co/rsk/trie/PathEncoder.java line 56 function java::co.rsk.trie.PathEncoder.encodeBinaryPath:([B)[B bytecode-index 41 thread 0
Unwinding loop java::java.nio.ByteBuffer.put:([B)Ljava/nio/ByteBuffer;.0 iteration 1 file java/nio/ByteBuffer.java line 89 function java::java.nio.ByteBuffer.put:([B)Ljava/nio/ByteBuffer; bytecode-index 30 thread 0
Unwinding loop java::java.lang.System.arraycopy:(Ljava/lang/Object;ILjava/lang/Object;II)V.1 iteration 1 file java/lang/System.java line 51 function java::java.lang.System.arraycopy:(Ljava/lang/Object;ILjava/lang/Object;II)V bytecode-index 106 thread 0
Unwinding loop java::java.nio.ByteBuffer.put:([B)Ljava/nio/ByteBuffer;.0 iteration 1 file java/nio/ByteBuffer.java line 89 function java::java.nio.ByteBuffer.put:([B)Ljava/nio/ByteBuffer; bytecode-index 30 thread 0
Unwinding recursion co.rsk.trie.Trie.toMessage() iteration 1
Unwinding loop java::java.lang.System.arraycopy:(Ljava/lang/Object;ILjava/lang/Object;II)V.1 iteration 1 file java/lang/System.java line 51 function java::java.lang.System.arraycopy:(Ljava/lang/Object;ILjava/lang/Object;II)V bytecode-index 106 thread 0
Unwinding loop java::java.lang.System.arraycopy:(Ljava/lang/Object;ILjava/lang/Object;II)V.1 iteration 2 file java/lang/System.java line 51 function java::java.lang.System.arraycopy:(Ljava/lang/Object;ILjava/lang/Object;II)V bytecode-index 106 thread 0
Unwinding loop java::java.lang.System.arraycopy:(Ljava/lang/Object;ILjava/lang/Object;II)V.1 iteration 3 file java/lang/System.java line 51 function java::java.lang.System.arraycopy:(Ljava/lang/Object;ILjava/lang/Object;II)V bytecode-index 106 thread 0
Unwinding loop java::java.lang.System.arraycopy:(Ljava/lang/Object;ILjava/lang/Object;II)V.1 iteration 4 file java/lang/System.java line 51 function java::java.lang.System.arraycopy:(Ljava/lang/Object;ILjava/lang/Object;II)V bytecode-index 106 thread 0
Unwinding loop java::java.lang.System.arraycopy:(Ljava/lang/Object;ILjava/lang/Object;II)V.1 iteration 5 file java/lang/System.java line 51 function java::java.lang.System.arraycopy:(Ljava/lang/Object;ILjava/lang/Object;II)V bytecode-index 106 thread 0
Unwinding loop java::java.lang.System.arraycopy:(Ljava/lang/Object;ILjava/lang/Object;II)V.1 iteration 6 file java/lang/System.java line 51 function java::java.lang.System.arraycopy:(Ljava/lang/Object;ILjava/lang/Object;II)V bytecode-index 106 thread 0
Unwinding loop java::java.lang.System.arraycopy:(Ljava/lang/Object;ILjava/lang/Object;II)V.1 iteration 7 file java/lang/System.java line 51 function java::java.lang.System.arraycopy:(Ljava/lang/Object;ILjava/lang/Object;II)V bytecode-index 106 thread 0
Unwinding loop java::java.lang.System.arraycopy:(Ljava/lang/Object;ILjava/lang/Object;II)V.1 iteration 8 file java/lang/System.java line 51 function java::java.lang.System.arraycopy:(Ljava/lang/Object;ILjava/lang/Object;II)V bytecode-index 106 thread 0
Unwinding loop java::java.lang.System.arraycopy:(Ljava/lang/Object;ILjava/lang/Object;II)V.1 iteration 9 file java/lang/System.java line 51 function java::java.lang.System.arraycopy:(Ljava/lang/Object;ILjava/lang/Object;II)V bytecode-index 106 thread 0
Unwinding loop java::java.lang.System.arraycopy:(Ljava/lang/Object;ILjava/lang/Object;II)V.1 iteration 10 file java/lang/System.java line 51 function java::java.lang.System.arraycopy:(Ljava/lang/Object;ILjava/lang/Object;II)V bytecode-index 106 thread 0
Unwinding loop java::org.ethereum.crypto.Keccak256Helper.fresh:()[B.0 iteration 1 file org/ethereum/crypto/Keccak256Helper.java line 105 function java::org.ethereum.crypto.Keccak256Helper.fresh:()[B bytecode-index 13 thread 0
Unwinding loop java::org.ethereum.crypto.Keccak256Helper.fresh:()[B.0 iteration 2 file org/ethereum/crypto/Keccak256Helper.java line 105 function java::org.ethereum.crypto.Keccak256Helper.fresh:()[B bytecode-index 13 thread 0
Unwinding loop java::org.ethereum.crypto.Keccak256Helper.fresh:()[B.0 iteration 3 file org/ethereum/crypto/Keccak256Helper.java line 105 function java::org.ethereum.crypto.Keccak256Helper.fresh:()[B bytecode-index 13 thread 0
Unwinding loop java::org.ethereum.crypto.Keccak256Helper.fresh:()[B.0 iteration 4 file org/ethereum/crypto/Keccak256Helper.java line 105 function java::org.ethereum.crypto.Keccak256Helper.fresh:()[B bytecode-index 13 thread 0
Unwinding loop java::org.ethereum.crypto.Keccak256Helper.fresh:()[B.0 iteration 5 file org/ethereum/crypto/Keccak256Helper.java line 105 function java::org.ethereum.crypto.Keccak256Helper.fresh:()[B bytecode-index 13 thread 0
Unwinding loop java::org.ethereum.crypto.Keccak256Helper.fresh:()[B.0 iteration 6 file org/ethereum/crypto/Keccak256Helper.java line 105 function java::org.ethereum.crypto.Keccak256Helper.fresh:()[B bytecode-index 13 thread 0
Unwinding loop java::org.ethereum.crypto.Keccak256Helper.fresh:()[B.0 iteration 7 file org/ethereum/crypto/Keccak256Helper.java line 105 function java::org.ethereum.crypto.Keccak256Helper.fresh:()[B bytecode-index 13 thread 0
Unwinding loop java::org.ethereum.crypto.Keccak256Helper.fresh:()[B.0 iteration 8 file org/ethereum/crypto/Keccak256Helper.java line 105 function java::org.ethereum.crypto.Keccak256Helper.fresh:()[B bytecode-index 13 thread 0
Unwinding loop java::org.ethereum.crypto.Keccak256Helper.fresh:()[B.0 iteration 9 file org/ethereum/crypto/Keccak256Helper.java line 105 function java::org.ethereum.crypto.Keccak256Helper.fresh:()[B bytecode-index 13 thread 0
Unwinding loop java::org.ethereum.crypto.Keccak256Helper.fresh:()[B.0 iteration 10 file org/ethereum/crypto/Keccak256Helper.java line 105 function java::org.ethereum.crypto.Keccak256Helper.fresh:()[B bytecode-index 13 thread 0
Unwinding loop java::org.ethereum.crypto.Keccak256Helper.fresh:()[B.0 iteration 11 file org/ethereum/crypto/Keccak256Helper.java line 105 function java::org.ethereum.crypto.Keccak256Helper.fresh:()[B bytecode-index 13 thread 0
Unwinding loop java::org.ethereum.crypto.Keccak256Helper.fresh:()[B.0 iteration 12 file org/ethereum/crypto/Keccak256Helper.java line 105 function java::org.ethereum.crypto.Keccak256Helper.fresh:()[B bytecode-index 13 thread 0
Unwinding loop java::org.ethereum.crypto.Keccak256Helper.fresh:()[B.0 iteration 13 file org/ethereum/crypto/Keccak256Helper.java line 105 function java::org.ethereum.crypto.Keccak256Helper.fresh:()[B bytecode-index 13 thread 0
Unwinding loop java::org.ethereum.crypto.Keccak256Helper.fresh:()[B.0 iteration 14 file org/ethereum/crypto/Keccak256Helper.java line 105 function java::org.ethereum.crypto.Keccak256Helper.fresh:()[B bytecode-index 13 thread 0
Unwinding loop java::org.ethereum.crypto.Keccak256Helper.fresh:()[B.0 iteration 15 file org/ethereum/crypto/Keccak256Helper.java line 105 function java::org.ethereum.crypto.Keccak256Helper.fresh:()[B bytecode-index 13 thread 0
Unwinding loop java::org.ethereum.crypto.Keccak256Helper.fresh:()[B.0 iteration 16 file org/ethereum/crypto/Keccak256Helper.java line 105 function java::org.ethereum.crypto.Keccak256Helper.fresh:()[B bytecode-index 13 thread 0
Unwinding loop java::org.ethereum.crypto.Keccak256Helper.fresh:()[B.0 iteration 17 file org/ethereum/crypto/Keccak256Helper.java line 105 function java::org.ethereum.crypto.Keccak256Helper.fresh:()[B bytecode-index 13 thread 0
Unwinding loop java::org.ethereum.crypto.Keccak256Helper.fresh:()[B.0 iteration 18 file org/ethereum/crypto/Keccak256Helper.java line 105 function java::org.ethereum.crypto.Keccak256Helper.fresh:()[B bytecode-index 13 thread 0
Unwinding loop java::org.ethereum.crypto.Keccak256Helper.fresh:()[B.0 iteration 19 file org/ethereum/crypto/Keccak256Helper.java line 105 function java::org.ethereum.crypto.Keccak256Helper.fresh:()[B bytecode-index 13 thread 0
Unwinding loop java::org.ethereum.crypto.Keccak256Helper.fresh:()[B.0 iteration 20 file org/ethereum/crypto/Keccak256Helper.java line 105 function java::org.ethereum.crypto.Keccak256Helper.fresh:()[B bytecode-index 13 thread 0
Unwinding loop java::org.ethereum.crypto.Keccak256Helper.fresh:()[B.0 iteration 21 file org/ethereum/crypto/Keccak256Helper.java line 105 function java::org.ethereum.crypto.Keccak256Helper.fresh:()[B bytecode-index 13 thread 0
Unwinding loop java::org.ethereum.crypto.Keccak256Helper.fresh:()[B.0 iteration 22 file org/ethereum/crypto/Keccak256Helper.java line 105 function java::org.ethereum.crypto.Keccak256Helper.fresh:()[B bytecode-index 13 thread 0
Unwinding loop java::org.ethereum.crypto.Keccak256Helper.fresh:()[B.0 iteration 23 file org/ethereum/crypto/Keccak256Helper.java line 105 function java::org.ethereum.crypto.Keccak256Helper.fresh:()[B bytecode-index 13 thread 0
Unwinding loop java::org.ethereum.crypto.Keccak256Helper.fresh:()[B.0 iteration 24 file org/ethereum/crypto/Keccak256Helper.java line 105 function java::org.ethereum.crypto.Keccak256Helper.fresh:()[B bytecode-index 13 thread 0
Unwinding loop java::org.ethereum.crypto.Keccak256Helper.fresh:()[B.0 iteration 25 file org/ethereum/crypto/Keccak256Helper.java line 105 function java::org.ethereum.crypto.Keccak256Helper.fresh:()[B bytecode-index 13 thread 0
Unwinding loop java::org.ethereum.crypto.Keccak256Helper.fresh:()[B.0 iteration 26 file org/ethereum/crypto/Keccak256Helper.java line 105 function java::org.ethereum.crypto.Keccak256Helper.fresh:()[B bytecode-index 13 thread 0
Unwinding loop java::org.ethereum.crypto.Keccak256Helper.fresh:()[B.0 iteration 27 file org/ethereum/crypto/Keccak256Helper.java line 105 function java::org.ethereum.crypto.Keccak256Helper.fresh:()[B bytecode-index 13 thread 0
Unwinding loop java::org.ethereum.crypto.Keccak256Helper.fresh:()[B.0 iteration 28 file org/ethereum/crypto/Keccak256Helper.java line 105 function java::org.ethereum.crypto.Keccak256Helper.fresh:()[B bytecode-index 13 thread 0
Unwinding loop java::org.ethereum.crypto.Keccak256Helper.fresh:()[B.0 iteration 29 file org/ethereum/crypto/Keccak256Helper.java line 105 function java::org.ethereum.crypto.Keccak256Helper.fresh:()[B bytecode-index 13 thread 0
Unwinding loop java::org.ethereum.crypto.Keccak256Helper.fresh:()[B.0 iteration 30 file org/ethereum/crypto/Keccak256Helper.java line 105 function java::org.ethereum.crypto.Keccak256Helper.fresh:()[B bytecode-index 13 thread 0
Unwinding loop java::org.ethereum.crypto.Keccak256Helper.fresh:()[B.0 iteration 31 file org/ethereum/crypto/Keccak256Helper.java line 105 function java::org.ethereum.crypto.Keccak256Helper.fresh:()[B bytecode-index 13 thread 0
Unwinding loop java::org.ethereum.crypto.Keccak256Helper.fresh:()[B.0 iteration 32 file org/ethereum/crypto/Keccak256Helper.java line 105 function java::org.ethereum.crypto.Keccak256Helper.fresh:()[B bytecode-index 13 thread 0
Unwinding loop java::java.lang.System.arraycopy:(Ljava/lang/Object;ILjava/lang/Object;II)V.1 iteration 1 file java/lang/System.java line 51 function java::java.lang.System.arraycopy:(Ljava/lang/Object;ILjava/lang/Object;II)V bytecode-index 106 thread 0
Unwinding loop java::java.lang.System.arraycopy:(Ljava/lang/Object;ILjava/lang/Object;II)V.1 iteration 2 file java/lang/System.java line 51 function java::java.lang.System.arraycopy:(Ljava/lang/Object;ILjava/lang/Object;II)V bytecode-index 106 thread 0
Unwinding loop java::java.lang.System.arraycopy:(Ljava/lang/Object;ILjava/lang/Object;II)V.1 iteration 3 file java/lang/System.java line 51 function java::java.lang.System.arraycopy:(Ljava/lang/Object;ILjava/lang/Object;II)V bytecode-index 106 thread 0
Unwinding loop java::java.lang.System.arraycopy:(Ljava/lang/Object;ILjava/lang/Object;II)V.1 iteration 4 file java/lang/System.java line 51 function java::java.lang.System.arraycopy:(Ljava/lang/Object;ILjava/lang/Object;II)V bytecode-index 106 thread 0
Unwinding loop java::java.lang.System.arraycopy:(Ljava/lang/Object;ILjava/lang/Object;II)V.1 iteration 5 file java/lang/System.java line 51 function java::java.lang.System.arraycopy:(Ljava/lang/Object;ILjava/lang/Object;II)V bytecode-index 106 thread 0
Unwinding loop java::java.lang.System.arraycopy:(Ljava/lang/Object;ILjava/lang/Object;II)V.1 iteration 6 file java/lang/System.java line 51 function java::java.lang.System.arraycopy:(Ljava/lang/Object;ILjava/lang/Object;II)V bytecode-index 106 thread 0
Unwinding loop java::java.lang.System.arraycopy:(Ljava/lang/Object;ILjava/lang/Object;II)V.1 iteration 7 file java/lang/System.java line 51 function java::java.lang.System.arraycopy:(Ljava/lang/Object;ILjava/lang/Object;II)V bytecode-index 106 thread 0
Unwinding loop java::java.lang.System.arraycopy:(Ljava/lang/Object;ILjava/lang/Object;II)V.1 iteration 8 file java/lang/System.java line 51 function java::java.lang.System.arraycopy:(Ljava/lang/Object;ILjava/lang/Object;II)V bytecode-index 106 thread 0
Unwinding loop java::java.lang.System.arraycopy:(Ljava/lang/Object;ILjava/lang/Object;II)V.1 iteration 9 file java/lang/System.java line 51 function java::java.lang.System.arraycopy:(Ljava/lang/Object;ILjava/lang/Object;II)V bytecode-index 106 thread 0
Unwinding loop java::java.lang.System.arraycopy:(Ljava/lang/Object;ILjava/lang/Object;II)V.1 iteration 10 file java/lang/System.java line 51 function java::java.lang.System.arraycopy:(Ljava/lang/Object;ILjava/lang/Object;II)V bytecode-index 106 thread 0
Unwinding loop java::java.lang.System.arraycopy:(Ljava/lang/Object;ILjava/lang/Object;II)V.1 iteration 11 file java/lang/System.java line 51 function java::java.lang.System.arraycopy:(Ljava/lang/Object;ILjava/lang/Object;II)V bytecode-index 106 thread 0
Unwinding loop java::java.lang.System.arraycopy:(Ljava/lang/Object;ILjava/lang/Object;II)V.1 iteration 12 file java/lang/System.java line 51 function java::java.lang.System.arraycopy:(Ljava/lang/Object;ILjava/lang/Object;II)V bytecode-index 106 thread 0
Unwinding loop java::java.lang.System.arraycopy:(Ljava/lang/Object;ILjava/lang/Object;II)V.1 iteration 13 file java/lang/System.java line 51 function java::java.lang.System.arraycopy:(Ljava/lang/Object;ILjava/lang/Object;II)V bytecode-index 106 thread 0
Unwinding loop java::java.lang.System.arraycopy:(Ljava/lang/Object;ILjava/lang/Object;II)V.1 iteration 14 file java/lang/System.java line 51 function java::java.lang.System.arraycopy:(Ljava/lang/Object;ILjava/lang/Object;II)V bytecode-index 106 thread 0
Unwinding loop java::java.lang.System.arraycopy:(Ljava/lang/Object;ILjava/lang/Object;II)V.1 iteration 15 file java/lang/System.java line 51 function java::java.lang.System.arraycopy:(Ljava/lang/Object;ILjava/lang/Object;II)V bytecode-index 106 thread 0
Unwinding loop java::java.lang.System.arraycopy:(Ljava/lang/Object;ILjava/lang/Object;II)V.1 iteration 16 file java/lang/System.java line 51 function java::java.lang.System.arraycopy:(Ljava/lang/Object;ILjava/lang/Object;II)V bytecode-index 106 thread 0
Unwinding loop java::java.lang.System.arraycopy:(Ljava/lang/Object;ILjava/lang/Object;II)V.1 iteration 17 file java/lang/System.java line 51 function java::java.lang.System.arraycopy:(Ljava/lang/Object;ILjava/lang/Object;II)V bytecode-index 106 thread 0
Unwinding loop java::java.lang.System.arraycopy:(Ljava/lang/Object;ILjava/lang/Object;II)V.1 iteration 18 file java/lang/System.java line 51 function java::java.lang.System.arraycopy:(Ljava/lang/Object;ILjava/lang/Object;II)V bytecode-index 106 thread 0
Unwinding loop java::java.lang.System.arraycopy:(Ljava/lang/Object;ILjava/lang/Object;II)V.1 iteration 19 file java/lang/System.java line 51 function java::java.lang.System.arraycopy:(Ljava/lang/Object;ILjava/lang/Object;II)V bytecode-index 106 thread 0
Unwinding loop java::java.lang.System.arraycopy:(Ljava/lang/Object;ILjava/lang/Object;II)V.1 iteration 20 file java/lang/System.java line 51 function java::java.lang.System.arraycopy:(Ljava/lang/Object;ILjava/lang/Object;II)V bytecode-index 106 thread 0
Unwinding loop java::java.lang.System.arraycopy:(Ljava/lang/Object;ILjava/lang/Object;II)V.1 iteration 21 file java/lang/System.java line 51 function java::java.lang.System.arraycopy:(Ljava/lang/Object;ILjava/lang/Object;II)V bytecode-index 106 thread 0
Unwinding loop java::java.lang.System.arraycopy:(Ljava/lang/Object;ILjava/lang/Object;II)V.1 iteration 22 file java/lang/System.java line 51 function java::java.lang.System.arraycopy:(Ljava/lang/Object;ILjava/lang/Object;II)V bytecode-index 106 thread 0
Unwinding loop java::java.lang.System.arraycopy:(Ljava/lang/Object;ILjava/lang/Object;II)V.1 iteration 23 file java/lang/System.java line 51 function java::java.lang.System.arraycopy:(Ljava/lang/Object;ILjava/lang/Object;II)V bytecode-index 106 thread 0
Unwinding loop java::java.lang.System.arraycopy:(Ljava/lang/Object;ILjava/lang/Object;II)V.1 iteration 24 file java/lang/System.java line 51 function java::java.lang.System.arraycopy:(Ljava/lang/Object;ILjava/lang/Object;II)V bytecode-index 106 thread 0
Unwinding loop java::java.lang.System.arraycopy:(Ljava/lang/Object;ILjava/lang/Object;II)V.1 iteration 25 file java/lang/System.java line 51 function java::java.lang.System.arraycopy:(Ljava/lang/Object;ILjava/lang/Object;II)V bytecode-index 106 thread 0
Unwinding loop java::java.lang.System.arraycopy:(Ljava/lang/Object;ILjava/lang/Object;II)V.1 iteration 26 file java/lang/System.java line 51 function java::java.lang.System.arraycopy:(Ljava/lang/Object;ILjava/lang/Object;II)V bytecode-index 106 thread 0
Unwinding loop java::java.lang.System.arraycopy:(Ljava/lang/Object;ILjava/lang/Object;II)V.1 iteration 27 file java/lang/System.java line 51 function java::java.lang.System.arraycopy:(Ljava/lang/Object;ILjava/lang/Object;II)V bytecode-index 106 thread 0
Unwinding loop java::java.lang.System.arraycopy:(Ljava/lang/Object;ILjava/lang/Object;II)V.1 iteration 28 file java/lang/System.java line 51 function java::java.lang.System.arraycopy:(Ljava/lang/Object;ILjava/lang/Object;II)V bytecode-index 106 thread 0
Unwinding loop java::java.lang.System.arraycopy:(Ljava/lang/Object;ILjava/lang/Object;II)V.1 iteration 29 file java/lang/System.java line 51 function java::java.lang.System.arraycopy:(Ljava/lang/Object;ILjava/lang/Object;II)V bytecode-index 106 thread 0
Unwinding loop java::java.lang.System.arraycopy:(Ljava/lang/Object;ILjava/lang/Object;II)V.1 iteration 30 file java/lang/System.java line 51 function java::java.lang.System.arraycopy:(Ljava/lang/Object;ILjava/lang/Object;II)V bytecode-index 106 thread 0
Unwinding loop java::java.lang.System.arraycopy:(Ljava/lang/Object;ILjava/lang/Object;II)V.1 iteration 31 file java/lang/System.java line 51 function java::java.lang.System.arraycopy:(Ljava/lang/Object;ILjava/lang/Object;II)V bytecode-index 106 thread 0
Unwinding loop java::java.lang.System.arraycopy:(Ljava/lang/Object;ILjava/lang/Object;II)V.1 iteration 32 file java/lang/System.java line 51 function java::java.lang.System.arraycopy:(Ljava/lang/Object;ILjava/lang/Object;II)V bytecode-index 106 thread 0
Unwinding loop java::java.nio.ByteBuffer.put:([B)Ljava/nio/ByteBuffer;.0 iteration 1 file java/nio/ByteBuffer.java line 89 function java::java.nio.ByteBuffer.put:([B)Ljava/nio/ByteBuffer; bytecode-index 30 thread 0
Unwinding loop java::java.nio.ByteBuffer.put:([B)Ljava/nio/ByteBuffer;.0 iteration 2 file java/nio/ByteBuffer.java line 89 function java::java.nio.ByteBuffer.put:([B)Ljava/nio/ByteBuffer; bytecode-index 30 thread 0
Unwinding loop java::java.nio.ByteBuffer.put:([B)Ljava/nio/ByteBuffer;.0 iteration 3 file java/nio/ByteBuffer.java line 89 function java::java.nio.ByteBuffer.put:([B)Ljava/nio/ByteBuffer; bytecode-index 30 thread 0
Unwinding loop java::java.nio.ByteBuffer.put:([B)Ljava/nio/ByteBuffer;.0 iteration 4 file java/nio/ByteBuffer.java line 89 function java::java.nio.ByteBuffer.put:([B)Ljava/nio/ByteBuffer; bytecode-index 30 thread 0
Unwinding loop java::java.nio.ByteBuffer.put:([B)Ljava/nio/ByteBuffer;.0 iteration 5 file java/nio/ByteBuffer.java line 89 function java::java.nio.ByteBuffer.put:([B)Ljava/nio/ByteBuffer; bytecode-index 30 thread 0
Unwinding loop java::java.nio.ByteBuffer.put:([B)Ljava/nio/ByteBuffer;.0 iteration 6 file java/nio/ByteBuffer.java line 89 function java::java.nio.ByteBuffer.put:([B)Ljava/nio/ByteBuffer; bytecode-index 30 thread 0
Unwinding loop java::java.nio.ByteBuffer.put:([B)Ljava/nio/ByteBuffer;.0 iteration 7 file java/nio/ByteBuffer.java line 89 function java::java.nio.ByteBuffer.put:([B)Ljava/nio/ByteBuffer; bytecode-index 30 thread 0
Unwinding loop java::java.nio.ByteBuffer.put:([B)Ljava/nio/ByteBuffer;.0 iteration 8 file java/nio/ByteBuffer.java line 89 function java::java.nio.ByteBuffer.put:([B)Ljava/nio/ByteBuffer; bytecode-index 30 thread 0
Unwinding loop java::java.nio.ByteBuffer.put:([B)Ljava/nio/ByteBuffer;.0 iteration 9 file java/nio/ByteBuffer.java line 89 function java::java.nio.ByteBuffer.put:([B)Ljava/nio/ByteBuffer; bytecode-index 30 thread 0
Unwinding loop java::java.nio.ByteBuffer.put:([B)Ljava/nio/ByteBuffer;.0 iteration 10 file java/nio/ByteBuffer.java line 89 function java::java.nio.ByteBuffer.put:([B)Ljava/nio/ByteBuffer; bytecode-index 30 thread 0
Unwinding loop java::java.nio.ByteBuffer.put:([B)Ljava/nio/ByteBuffer;.0 iteration 11 file java/nio/ByteBuffer.java line 89 function java::java.nio.ByteBuffer.put:([B)Ljava/nio/ByteBuffer; bytecode-index 30 thread 0
Unwinding loop java::java.nio.ByteBuffer.put:([B)Ljava/nio/ByteBuffer;.0 iteration 12 file java/nio/ByteBuffer.java line 89 function java::java.nio.ByteBuffer.put:([B)Ljava/nio/ByteBuffer; bytecode-index 30 thread 0
Unwinding loop java::java.nio.ByteBuffer.put:([B)Ljava/nio/ByteBuffer;.0 iteration 13 file java/nio/ByteBuffer.java line 89 function java::java.nio.ByteBuffer.put:([B)Ljava/nio/ByteBuffer; bytecode-index 30 thread 0
Unwinding loop java::java.nio.ByteBuffer.put:([B)Ljava/nio/ByteBuffer;.0 iteration 14 file java/nio/ByteBuffer.java line 89 function java::java.nio.ByteBuffer.put:([B)Ljava/nio/ByteBuffer; bytecode-index 30 thread 0
Unwinding loop java::java.nio.ByteBuffer.put:([B)Ljava/nio/ByteBuffer;.0 iteration 15 file java/nio/ByteBuffer.java line 89 function java::java.nio.ByteBuffer.put:([B)Ljava/nio/ByteBuffer; bytecode-index 30 thread 0
Unwinding loop java::java.nio.ByteBuffer.put:([B)Ljava/nio/ByteBuffer;.0 iteration 16 file java/nio/ByteBuffer.java line 89 function java::java.nio.ByteBuffer.put:([B)Ljava/nio/ByteBuffer; bytecode-index 30 thread 0
Unwinding loop java::java.nio.ByteBuffer.put:([B)Ljava/nio/ByteBuffer;.0 iteration 17 file java/nio/ByteBuffer.java line 89 function java::java.nio.ByteBuffer.put:([B)Ljava/nio/ByteBuffer; bytecode-index 30 thread 0
Unwinding loop java::java.nio.ByteBuffer.put:([B)Ljava/nio/ByteBuffer;.0 iteration 18 file java/nio/ByteBuffer.java line 89 function java::java.nio.ByteBuffer.put:([B)Ljava/nio/ByteBuffer; bytecode-index 30 thread 0
Unwinding loop java::java.nio.ByteBuffer.put:([B)Ljava/nio/ByteBuffer;.0 iteration 19 file java/nio/ByteBuffer.java line 89 function java::java.nio.ByteBuffer.put:([B)Ljava/nio/ByteBuffer; bytecode-index 30 thread 0
Unwinding loop java::java.nio.ByteBuffer.put:([B)Ljava/nio/ByteBuffer;.0 iteration 20 file java/nio/ByteBuffer.java line 89 function java::java.nio.ByteBuffer.put:([B)Ljava/nio/ByteBuffer; bytecode-index 30 thread 0
Unwinding loop java::java.nio.ByteBuffer.put:([B)Ljava/nio/ByteBuffer;.0 iteration 21 file java/nio/ByteBuffer.java line 89 function java::java.nio.ByteBuffer.put:([B)Ljava/nio/ByteBuffer; bytecode-index 30 thread 0
Unwinding loop java::java.nio.ByteBuffer.put:([B)Ljava/nio/ByteBuffer;.0 iteration 22 file java/nio/ByteBuffer.java line 89 function java::java.nio.ByteBuffer.put:([B)Ljava/nio/ByteBuffer; bytecode-index 30 thread 0
Unwinding loop java::java.nio.ByteBuffer.put:([B)Ljava/nio/ByteBuffer;.0 iteration 23 file java/nio/ByteBuffer.java line 89 function java::java.nio.ByteBuffer.put:([B)Ljava/nio/ByteBuffer; bytecode-index 30 thread 0
Unwinding loop java::java.nio.ByteBuffer.put:([B)Ljava/nio/ByteBuffer;.0 iteration 24 file java/nio/ByteBuffer.java line 89 function java::java.nio.ByteBuffer.put:([B)Ljava/nio/ByteBuffer; bytecode-index 30 thread 0
Unwinding loop java::java.nio.ByteBuffer.put:([B)Ljava/nio/ByteBuffer;.0 iteration 25 file java/nio/ByteBuffer.java line 89 function java::java.nio.ByteBuffer.put:([B)Ljava/nio/ByteBuffer; bytecode-index 30 thread 0
Unwinding loop java::java.nio.ByteBuffer.put:([B)Ljava/nio/ByteBuffer;.0 iteration 26 file java/nio/ByteBuffer.java line 89 function java::java.nio.ByteBuffer.put:([B)Ljava/nio/ByteBuffer; bytecode-index 30 thread 0
Unwinding loop java::java.nio.ByteBuffer.put:([B)Ljava/nio/ByteBuffer;.0 iteration 27 file java/nio/ByteBuffer.java line 89 function java::java.nio.ByteBuffer.put:([B)Ljava/nio/ByteBuffer; bytecode-index 30 thread 0
Unwinding loop java::java.nio.ByteBuffer.put:([B)Ljava/nio/ByteBuffer;.0 iteration 28 file java/nio/ByteBuffer.java line 89 function java::java.nio.ByteBuffer.put:([B)Ljava/nio/ByteBuffer; bytecode-index 30 thread 0
Unwinding loop java::java.nio.ByteBuffer.put:([B)Ljava/nio/ByteBuffer;.0 iteration 29 file java/nio/ByteBuffer.java line 89 function java::java.nio.ByteBuffer.put:([B)Ljava/nio/ByteBuffer; bytecode-index 30 thread 0
Unwinding loop java::java.nio.ByteBuffer.put:([B)Ljava/nio/ByteBuffer;.0 iteration 30 file java/nio/ByteBuffer.java line 89 function java::java.nio.ByteBuffer.put:([B)Ljava/nio/ByteBuffer; bytecode-index 30 thread 0
Unwinding loop java::java.nio.ByteBuffer.put:([B)Ljava/nio/ByteBuffer;.0 iteration 31 file java/nio/ByteBuffer.java line 89 function java::java.nio.ByteBuffer.put:([B)Ljava/nio/ByteBuffer; bytecode-index 30 thread 0
Unwinding loop java::java.nio.ByteBuffer.put:([B)Ljava/nio/ByteBuffer;.0 iteration 32 file java/nio/ByteBuffer.java line 89 function java::java.nio.ByteBuffer.put:([B)Ljava/nio/ByteBuffer; bytecode-index 30 thread 0
Unwinding recursion co.rsk.trie.Trie.toMessage() iteration 1
Unwinding loop java::java.lang.System.arraycopy:(Ljava/lang/Object;ILjava/lang/Object;II)V.1 iteration 1 file java/lang/System.java line 51 function java::java.lang.System.arraycopy:(Ljava/lang/Object;ILjava/lang/Object;II)V bytecode-index 106 thread 0
Unwinding loop java::java.lang.System.arraycopy:(Ljava/lang/Object;ILjava/lang/Object;II)V.1 iteration 2 file java/lang/System.java line 51 function java::java.lang.System.arraycopy:(Ljava/lang/Object;ILjava/lang/Object;II)V bytecode-index 106 thread 0
Unwinding loop java::java.lang.System.arraycopy:(Ljava/lang/Object;ILjava/lang/Object;II)V.1 iteration 3 file java/lang/System.java line 51 function java::java.lang.System.arraycopy:(Ljava/lang/Object;ILjava/lang/Object;II)V bytecode-index 106 thread 0
Unwinding loop java::java.lang.System.arraycopy:(Ljava/lang/Object;ILjava/lang/Object;II)V.1 iteration 4 file java/lang/System.java line 51 function java::java.lang.System.arraycopy:(Ljava/lang/Object;ILjava/lang/Object;II)V bytecode-index 106 thread 0
Unwinding loop java::java.nio.ByteBuffer.put:([B)Ljava/nio/ByteBuffer;.0 iteration 1 file java/nio/ByteBuffer.java line 89 function java::java.nio.ByteBuffer.put:([B)Ljava/nio/ByteBuffer; bytecode-index 30 thread 0
Unwinding loop java::java.nio.ByteBuffer.put:([B)Ljava/nio/ByteBuffer;.0 iteration 1 file java/nio/ByteBuffer.java line 89 function java::java.nio.ByteBuffer.put:([B)Ljava/nio/ByteBuffer; bytecode-index 30 thread 0
Unwinding loop java::java.nio.ByteBuffer.put:([B)Ljava/nio/ByteBuffer;.0 iteration 2 file java/nio/ByteBuffer.java line 89 function java::java.nio.ByteBuffer.put:([B)Ljava/nio/ByteBuffer; bytecode-index 30 thread 0
Unwinding loop java::java.nio.ByteBuffer.put:([B)Ljava/nio/ByteBuffer;.0 iteration 3 file java/nio/ByteBuffer.java line 89 function java::java.nio.ByteBuffer.put:([B)Ljava/nio/ByteBuffer; bytecode-index 30 thread 0
Unwinding loop java::java.nio.ByteBuffer.put:([B)Ljava/nio/ByteBuffer;.0 iteration 4 file java/nio/ByteBuffer.java line 89 function java::java.nio.ByteBuffer.put:([B)Ljava/nio/ByteBuffer; bytecode-index 30 thread 0
Unwinding loop java::java.nio.ByteBuffer.put:([B)Ljava/nio/ByteBuffer;.0 iteration 1 file java/nio/ByteBuffer.java line 89 function java::java.nio.ByteBuffer.put:([B)Ljava/nio/ByteBuffer; bytecode-index 30 thread 0
Unwinding loop java::java.lang.System.arraycopy:(Ljava/lang/Object;ILjava/lang/Object;II)V.1 iteration 1 file java/lang/System.java line 51 function java::java.lang.System.arraycopy:(Ljava/lang/Object;ILjava/lang/Object;II)V bytecode-index 106 thread 0
Unwinding loop java::java.nio.ByteBuffer.put:([B)Ljava/nio/ByteBuffer;.0 iteration 1 file java/nio/ByteBuffer.java line 89 function java::java.nio.ByteBuffer.put:([B)Ljava/nio/ByteBuffer; bytecode-index 30 thread 0
Unwinding loop java::java.lang.System.arraycopy:(Ljava/lang/Object;ILjava/lang/Object;II)V.1 iteration 1 file java/lang/System.java line 51 function java::java.lang.System.arraycopy:(Ljava/lang/Object;ILjava/lang/Object;II)V bytecode-index 106 thread 0
Unwinding loop java::java.lang.System.arraycopy:(Ljava/lang/Object;ILjava/lang/Object;II)V.1 iteration 2 file java/lang/System.java line 51 function java::java.lang.System.arraycopy:(Ljava/lang/Object;ILjava/lang/Object;II)V bytecode-index 106 thread 0
Unwinding loop java::java.lang.System.arraycopy:(Ljava/lang/Object;ILjava/lang/Object;II)V.1 iteration 3 file java/lang/System.java line 51 function java::java.lang.System.arraycopy:(Ljava/lang/Object;ILjava/lang/Object;II)V bytecode-index 106 thread 0
Unwinding loop java::java.lang.System.arraycopy:(Ljava/lang/Object;ILjava/lang/Object;II)V.1 iteration 4 file java/lang/System.java line 51 function java::java.lang.System.arraycopy:(Ljava/lang/Object;ILjava/lang/Object;II)V bytecode-index 106 thread 0
Unwinding loop java::java.lang.System.arraycopy:(Ljava/lang/Object;ILjava/lang/Object;II)V.1 iteration 5 file java/lang/System.java line 51 function java::java.lang.System.arraycopy:(Ljava/lang/Object;ILjava/lang/Object;II)V bytecode-index 106 thread 0
Unwinding loop java::java.lang.System.arraycopy:(Ljava/lang/Object;ILjava/lang/Object;II)V.1 iteration 6 file java/lang/System.java line 51 function java::java.lang.System.arraycopy:(Ljava/lang/Object;ILjava/lang/Object;II)V bytecode-index 106 thread 0
Unwinding loop java::java.lang.System.arraycopy:(Ljava/lang/Object;ILjava/lang/Object;II)V.1 iteration 7 file java/lang/System.java line 51 function java::java.lang.System.arraycopy:(Ljava/lang/Object;ILjava/lang/Object;II)V bytecode-index 106 thread 0
Unwinding loop java::java.lang.System.arraycopy:(Ljava/lang/Object;ILjava/lang/Object;II)V.1 iteration 8 file java/lang/System.java line 51 function java::java.lang.System.arraycopy:(Ljava/lang/Object;ILjava/lang/Object;II)V bytecode-index 106 thread 0
Unwinding loop java::java.lang.System.arraycopy:(Ljava/lang/Object;ILjava/lang/Object;II)V.1 iteration 9 file java/lang/System.java line 51 function java::java.lang.System.arraycopy:(Ljava/lang/Object;ILjava/lang/Object;II)V bytecode-index 106 thread 0
Unwinding loop java::java.lang.System.arraycopy:(Ljava/lang/Object;ILjava/lang/Object;II)V.1 iteration 10 file java/lang/System.java line 51 function java::java.lang.System.arraycopy:(Ljava/lang/Object;ILjava/lang/Object;II)V bytecode-index 106 thread 0
Unwinding loop java::java.lang.System.arraycopy:(Ljava/lang/Object;ILjava/lang/Object;II)V.1 iteration 11 file java/lang/System.java line 51 function java::java.lang.System.arraycopy:(Ljava/lang/Object;ILjava/lang/Object;II)V bytecode-index 106 thread 0
Unwinding loop java::java.lang.System.arraycopy:(Ljava/lang/Object;ILjava/lang/Object;II)V.1 iteration 12 file java/lang/System.java line 51 function java::java.lang.System.arraycopy:(Ljava/lang/Object;ILjava/lang/Object;II)V bytecode-index 106 thread 0
Unwinding loop java::java.lang.System.arraycopy:(Ljava/lang/Object;ILjava/lang/Object;II)V.1 iteration 13 file java/lang/System.java line 51 function java::java.lang.System.arraycopy:(Ljava/lang/Object;ILjava/lang/Object;II)V bytecode-index 106 thread 0
Unwinding loop java::java.lang.System.arraycopy:(Ljava/lang/Object;ILjava/lang/Object;II)V.1 iteration 14 file java/lang/System.java line 51 function java::java.lang.System.arraycopy:(Ljava/lang/Object;ILjava/lang/Object;II)V bytecode-index 106 thread 0
Unwinding loop java::java.lang.System.arraycopy:(Ljava/lang/Object;ILjava/lang/Object;II)V.1 iteration 15 file java/lang/System.java line 51 function java::java.lang.System.arraycopy:(Ljava/lang/Object;ILjava/lang/Object;II)V bytecode-index 106 thread 0
Unwinding loop java::java.lang.System.arraycopy:(Ljava/lang/Object;ILjava/lang/Object;II)V.1 iteration 16 file java/lang/System.java line 51 function java::java.lang.System.arraycopy:(Ljava/lang/Object;ILjava/lang/Object;II)V bytecode-index 106 thread 0
Unwinding loop java::java.lang.System.arraycopy:(Ljava/lang/Object;ILjava/lang/Object;II)V.1 iteration 17 file java/lang/System.java line 51 function java::java.lang.System.arraycopy:(Ljava/lang/Object;ILjava/lang/Object;II)V bytecode-index 106 thread 0
Unwinding loop java::java.lang.System.arraycopy:(Ljava/lang/Object;ILjava/lang/Object;II)V.1 iteration 18 file java/lang/System.java line 51 function java::java.lang.System.arraycopy:(Ljava/lang/Object;ILjava/lang/Object;II)V bytecode-index 106 thread 0
Unwinding loop java::java.lang.System.arraycopy:(Ljava/lang/Object;ILjava/lang/Object;II)V.1 iteration 19 file java/lang/System.java line 51 function java::java.lang.System.arraycopy:(Ljava/lang/Object;ILjava/lang/Object;II)V bytecode-index 106 thread 0
Unwinding loop java::java.lang.System.arraycopy:(Ljava/lang/Object;ILjava/lang/Object;II)V.1 iteration 20 file java/lang/System.java line 51 function java::java.lang.System.arraycopy:(Ljava/lang/Object;ILjava/lang/Object;II)V bytecode-index 106 thread 0
Unwinding loop java::java.lang.System.arraycopy:(Ljava/lang/Object;ILjava/lang/Object;II)V.1 iteration 21 file java/lang/System.java line 51 function java::java.lang.System.arraycopy:(Ljava/lang/Object;ILjava/lang/Object;II)V bytecode-index 106 thread 0
Unwinding loop java::java.lang.System.arraycopy:(Ljava/lang/Object;ILjava/lang/Object;II)V.1 iteration 22 file java/lang/System.java line 51 function java::java.lang.System.arraycopy:(Ljava/lang/Object;ILjava/lang/Object;II)V bytecode-index 106 thread 0
Unwinding loop java::java.lang.System.arraycopy:(Ljava/lang/Object;ILjava/lang/Object;II)V.1 iteration 23 file java/lang/System.java line 51 function java::java.lang.System.arraycopy:(Ljava/lang/Object;ILjava/lang/Object;II)V bytecode-index 106 thread 0
Unwinding loop java::java.lang.System.arraycopy:(Ljava/lang/Object;ILjava/lang/Object;II)V.1 iteration 24 file java/lang/System.java line 51 function java::java.lang.System.arraycopy:(Ljava/lang/Object;ILjava/lang/Object;II)V bytecode-index 106 thread 0
Unwinding loop java::java.lang.System.arraycopy:(Ljava/lang/Object;ILjava/lang/Object;II)V.1 iteration 25 file java/lang/System.java line 51 function java::java.lang.System.arraycopy:(Ljava/lang/Object;ILjava/lang/Object;II)V bytecode-index 106 thread 0
Unwinding loop java::java.lang.System.arraycopy:(Ljava/lang/Object;ILjava/lang/Object;II)V.1 iteration 26 file java/lang/System.java line 51 function java::java.lang.System.arraycopy:(Ljava/lang/Object;ILjava/lang/Object;II)V bytecode-index 106 thread 0
Unwinding loop java::java.lang.System.arraycopy:(Ljava/lang/Object;ILjava/lang/Object;II)V.1 iteration 27 file java/lang/System.java line 51 function java::java.lang.System.arraycopy:(Ljava/lang/Object;ILjava/lang/Object;II)V bytecode-index 106 thread 0
Unwinding loop java::java.lang.System.arraycopy:(Ljava/lang/Object;ILjava/lang/Object;II)V.1 iteration 28 file java/lang/System.java line 51 function java::java.lang.System.arraycopy:(Ljava/lang/Object;ILjava/lang/Object;II)V bytecode-index 106 thread 0
Unwinding loop java::java.lang.System.arraycopy:(Ljava/lang/Object;ILjava/lang/Object;II)V.1 iteration 29 file java/lang/System.java line 51 function java::java.lang.System.arraycopy:(Ljava/lang/Object;ILjava/lang/Object;II)V bytecode-index 106 thread 0
Unwinding loop java::java.lang.System.arraycopy:(Ljava/lang/Object;ILjava/lang/Object;II)V.1 iteration 30 file java/lang/System.java line 51 function java::java.lang.System.arraycopy:(Ljava/lang/Object;ILjava/lang/Object;II)V bytecode-index 106 thread 0
Unwinding loop java::java.lang.System.arraycopy:(Ljava/lang/Object;ILjava/lang/Object;II)V.1 iteration 31 file java/lang/System.java line 51 function java::java.lang.System.arraycopy:(Ljava/lang/Object;ILjava/lang/Object;II)V bytecode-index 106 thread 0
Unwinding loop java::java.lang.System.arraycopy:(Ljava/lang/Object;ILjava/lang/Object;II)V.1 iteration 32 file java/lang/System.java line 51 function java::java.lang.System.arraycopy:(Ljava/lang/Object;ILjava/lang/Object;II)V bytecode-index 106 thread 0
Unwinding loop java::java.lang.System.arraycopy:(Ljava/lang/Object;ILjava/lang/Object;II)V.1 iteration 33 file java/lang/System.java line 51 function java::java.lang.System.arraycopy:(Ljava/lang/Object;ILjava/lang/Object;II)V bytecode-index 106 thread 0
Unwinding loop java::java.lang.System.arraycopy:(Ljava/lang/Object;ILjava/lang/Object;II)V.1 iteration 34 file java/lang/System.java line 51 function java::java.lang.System.arraycopy:(Ljava/lang/Object;ILjava/lang/Object;II)V bytecode-index 106 thread 0
Unwinding loop java::java.lang.System.arraycopy:(Ljava/lang/Object;ILjava/lang/Object;II)V.1 iteration 35 file java/lang/System.java line 51 function java::java.lang.System.arraycopy:(Ljava/lang/Object;ILjava/lang/Object;II)V bytecode-index 106 thread 0
Unwinding loop java::java.lang.System.arraycopy:(Ljava/lang/Object;ILjava/lang/Object;II)V.1 iteration 36 file java/lang/System.java line 51 function java::java.lang.System.arraycopy:(Ljava/lang/Object;ILjava/lang/Object;II)V bytecode-index 106 thread 0
Unwinding loop java::java.lang.System.arraycopy:(Ljava/lang/Object;ILjava/lang/Object;II)V.1 iteration 37 file java/lang/System.java line 51 function java::java.lang.System.arraycopy:(Ljava/lang/Object;ILjava/lang/Object;II)V bytecode-index 106 thread 0
Unwinding loop java::java.lang.System.arraycopy:(Ljava/lang/Object;ILjava/lang/Object;II)V.1 iteration 38 file java/lang/System.java line 51 function java::java.lang.System.arraycopy:(Ljava/lang/Object;ILjava/lang/Object;II)V bytecode-index 106 thread 0
Unwinding loop java::java.lang.System.arraycopy:(Ljava/lang/Object;ILjava/lang/Object;II)V.1 iteration 39 file java/lang/System.java line 51 function java::java.lang.System.arraycopy:(Ljava/lang/Object;ILjava/lang/Object;II)V bytecode-index 106 thread 0
Unwinding loop java::java.lang.System.arraycopy:(Ljava/lang/Object;ILjava/lang/Object;II)V.1 iteration 40 file java/lang/System.java line 51 function java::java.lang.System.arraycopy:(Ljava/lang/Object;ILjava/lang/Object;II)V bytecode-index 106 thread 0
Unwinding recursion java::co.rsk.metrics.profilers.MetricKind.<clinit_wrapper> iteration 1
Unwinding recursion java::co.rsk.metrics.profilers.MetricKind.<clinit_wrapper> iteration 1
Unwinding recursion java::co.rsk.metrics.profilers.MetricKind.<clinit_wrapper> iteration 1
Unwinding recursion java::co.rsk.metrics.profilers.MetricKind.<clinit_wrapper> iteration 1
Unwinding recursion java::co.rsk.metrics.profilers.MetricKind.<clinit_wrapper> iteration 1
Unwinding recursion java::co.rsk.metrics.profilers.MetricKind.<clinit_wrapper> iteration 1
Unwinding recursion java::co.rsk.metrics.profilers.MetricKind.<clinit_wrapper> iteration 1
Unwinding recursion java::co.rsk.metrics.profilers.MetricKind.<clinit_wrapper> iteration 1
Unwinding recursion java::co.rsk.metrics.profilers.MetricKind.<clinit_wrapper> iteration 1
Unwinding recursion java::co.rsk.metrics.profilers.MetricKind.<clinit_wrapper> iteration 1
Unwinding recursion java::co.rsk.metrics.profilers.MetricKind.<clinit_wrapper> iteration 1
Unwinding recursion java::co.rsk.metrics.profilers.MetricKind.<clinit_wrapper> iteration 1
Unwinding recursion java::co.rsk.metrics.profilers.MetricKind.<clinit_wrapper> iteration 1
Unwinding recursion java::co.rsk.metrics.profilers.MetricKind.<clinit_wrapper> iteration 1
Unwinding recursion java::co.rsk.metrics.profilers.MetricKind.<clinit_wrapper> iteration 1
Unwinding recursion java::co.rsk.metrics.profilers.MetricKind.<clinit_wrapper> iteration 1
Unwinding recursion java::co.rsk.metrics.profilers.MetricKind.<clinit_wrapper> iteration 1
Unwinding recursion java::co.rsk.metrics.profilers.MetricKind.<clinit_wrapper> iteration 1
Unwinding recursion java::co.rsk.metrics.profilers.MetricKind.<clinit_wrapper> iteration 1
Unwinding recursion java::co.rsk.metrics.profilers.MetricKind.<clinit_wrapper> iteration 1
Unwinding recursion java::co.rsk.metrics.profilers.MetricKind.<clinit_wrapper> iteration 1
Unwinding recursion java::co.rsk.metrics.profilers.MetricKind.<clinit_wrapper> iteration 1
Unwinding recursion java::co.rsk.metrics.profilers.MetricKind.<clinit_wrapper> iteration 1
Unwinding recursion java::co.rsk.metrics.profilers.MetricKind.<clinit_wrapper> iteration 1
Unwinding recursion java::co.rsk.metrics.profilers.MetricKind.<clinit_wrapper> iteration 1
Unwinding recursion java::co.rsk.metrics.profilers.MetricKind.<clinit_wrapper> iteration 1
Unwinding recursion java::co.rsk.metrics.profilers.MetricKind.<clinit_wrapper> iteration 1
Unwinding recursion java::co.rsk.metrics.profilers.MetricKind.<clinit_wrapper> iteration 1
Unwinding recursion java::co.rsk.metrics.profilers.MetricKind.<clinit_wrapper> iteration 1
Unwinding recursion java::co.rsk.metrics.profilers.MetricKind.<clinit_wrapper> iteration 1
Unwinding recursion java::co.rsk.metrics.profilers.MetricKind.<clinit_wrapper> iteration 1
Unwinding recursion java::co.rsk.metrics.profilers.MetricKind.<clinit_wrapper> iteration 1
Unwinding recursion java::co.rsk.metrics.profilers.MetricKind.<clinit_wrapper> iteration 1
Unwinding recursion java::co.rsk.metrics.profilers.MetricKind.<clinit_wrapper> iteration 1
Unwinding recursion java::co.rsk.metrics.profilers.MetricKind.<clinit_wrapper> iteration 1
Unwinding recursion java::co.rsk.metrics.profilers.MetricKind.<clinit_wrapper> iteration 1
Unwinding recursion java::co.rsk.metrics.profilers.MetricKind.<clinit_wrapper> iteration 1
Unwinding recursion java::co.rsk.metrics.profilers.MetricKind.<clinit_wrapper> iteration 1
Unwinding recursion java::co.rsk.metrics.profilers.MetricKind.<clinit_wrapper> iteration 1
Unwinding recursion java::co.rsk.metrics.profilers.MetricKind.<clinit_wrapper> iteration 1
Unwinding recursion java::co.rsk.metrics.profilers.MetricKind.<clinit_wrapper> iteration 1
Unwinding recursion java::co.rsk.metrics.profilers.MetricKind.<clinit_wrapper> iteration 1
Unwinding recursion java::co.rsk.metrics.profilers.MetricKind.<clinit_wrapper> iteration 1
Unwinding recursion java::co.rsk.metrics.profilers.MetricKind.<clinit_wrapper> iteration 1
Unwinding recursion java::co.rsk.metrics.profilers.MetricKind.<clinit_wrapper> iteration 1
Unwinding recursion java::co.rsk.metrics.profilers.MetricKind.<clinit_wrapper> iteration 1
Unwinding recursion java::co.rsk.metrics.profilers.MetricKind.<clinit_wrapper> iteration 1
Unwinding recursion java::co.rsk.metrics.profilers.MetricKind.<clinit_wrapper> iteration 1
Unwinding recursion java::co.rsk.metrics.profilers.MetricKind.<clinit_wrapper> iteration 1
Unwinding recursion java::co.rsk.metrics.profilers.MetricKind.<clinit_wrapper> iteration 1
Unwinding recursion java::co.rsk.metrics.profilers.MetricKind.<clinit_wrapper> iteration 1
Unwinding recursion java::co.rsk.metrics.profilers.MetricKind.<clinit_wrapper> iteration 1
Unwinding recursion java::co.rsk.metrics.profilers.MetricKind.<clinit_wrapper> iteration 1
Unwinding recursion java::co.rsk.metrics.profilers.MetricKind.<clinit_wrapper> iteration 1
Unwinding recursion java::co.rsk.metrics.profilers.MetricKind.<clinit_wrapper> iteration 1
Unwinding recursion java::co.rsk.metrics.profilers.MetricKind.<clinit_wrapper> iteration 1
Unwinding recursion java::co.rsk.metrics.profilers.MetricKind.<clinit_wrapper> iteration 1
Unwinding recursion java::co.rsk.metrics.profilers.MetricKind.<clinit_wrapper> iteration 1
Unwinding recursion java::co.rsk.metrics.profilers.MetricKind.<clinit_wrapper> iteration 1
Unwinding recursion java::co.rsk.metrics.profilers.MetricKind.<clinit_wrapper> iteration 1
Unwinding recursion java::co.rsk.metrics.profilers.MetricKind.<clinit_wrapper> iteration 1
Unwinding recursion java::co.rsk.metrics.profilers.MetricKind.<clinit_wrapper> iteration 1
Unwinding recursion java::co.rsk.metrics.profilers.MetricKind.<clinit_wrapper> iteration 1
Unwinding recursion java::co.rsk.metrics.profilers.MetricKind.<clinit_wrapper> iteration 1
Unwinding recursion java::co.rsk.metrics.profilers.MetricKind.<clinit_wrapper> iteration 1
Unwinding recursion java::co.rsk.metrics.profilers.MetricKind.<clinit_wrapper> iteration 1
Unwinding recursion java::co.rsk.metrics.profilers.MetricKind.<clinit_wrapper> iteration 1
Unwinding recursion java::co.rsk.metrics.profilers.MetricKind.<clinit_wrapper> iteration 1
Unwinding recursion java::co.rsk.metrics.profilers.MetricKind.<clinit_wrapper> iteration 1
Unwinding recursion java::co.rsk.metrics.profilers.MetricKind.<clinit_wrapper> iteration 1
Unwinding recursion java::co.rsk.metrics.profilers.MetricKind.<clinit_wrapper> iteration 1
Unwinding recursion java::co.rsk.metrics.profilers.MetricKind.<clinit_wrapper> iteration 1
Unwinding recursion java::co.rsk.metrics.profilers.MetricKind.<clinit_wrapper> iteration 1
Unwinding recursion java::co.rsk.metrics.profilers.MetricKind.<clinit_wrapper> iteration 1
Unwinding recursion java::co.rsk.metrics.profilers.MetricKind.<clinit_wrapper> iteration 1
Unwinding recursion java::co.rsk.metrics.profilers.MetricKind.<clinit_wrapper> iteration 1
Unwinding recursion java::co.rsk.metrics.profilers.MetricKind.<clinit_wrapper> iteration 1
Unwinding recursion java::co.rsk.metrics.profilers.MetricKind.<clinit_wrapper> iteration 1
Unwinding recursion java::co.rsk.metrics.profilers.MetricKind.<clinit_wrapper> iteration 1
Unwinding recursion java::co.rsk.metrics.profilers.MetricKind.<clinit_wrapper> iteration 1
Unwinding recursion java::co.rsk.metrics.profilers.MetricKind.<clinit_wrapper> iteration 1
Unwinding recursion java::co.rsk.metrics.profilers.MetricKind.<clinit_wrapper> iteration 1
Unwinding recursion java::co.rsk.metrics.profilers.MetricKind.<clinit_wrapper> iteration 1
Unwinding recursion java::co.rsk.metrics.profilers.MetricKind.<clinit_wrapper> iteration 1
Unwinding recursion java::co.rsk.metrics.profilers.MetricKind.<clinit_wrapper> iteration 1
Unwinding recursion java::co.rsk.metrics.profilers.MetricKind.<clinit_wrapper> iteration 1
Unwinding recursion java::co.rsk.metrics.profilers.MetricKind.<clinit_wrapper> iteration 1
Unwinding recursion java::co.rsk.metrics.profilers.MetricKind.<clinit_wrapper> iteration 1
Unwinding recursion java::co.rsk.metrics.profilers.MetricKind.<clinit_wrapper> iteration 1
Unwinding recursion java::co.rsk.metrics.profilers.MetricKind.<clinit_wrapper> iteration 1
Unwinding recursion java::co.rsk.metrics.profilers.MetricKind.<clinit_wrapper> iteration 1
Unwinding recursion java::co.rsk.metrics.profilers.MetricKind.<clinit_wrapper> iteration 1
Unwinding recursion java::jbmcenv.Observe.<clinit_wrapper> iteration 1
Unwinding loop java::java.nio.ByteBuffer.get:([B)Ljava/nio/ByteBuffer;.0 iteration 1 file java/nio/ByteBuffer.java line 69 function java::java.nio.ByteBuffer.get:([B)Ljava/nio/ByteBuffer; bytecode-index 35 thread 0
Unwinding loop java::java.nio.ByteBuffer.get:([B)Ljava/nio/ByteBuffer;.0 iteration 2 file java/nio/ByteBuffer.java line 69 function java::java.nio.ByteBuffer.get:([B)Ljava/nio/ByteBuffer; bytecode-index 35 thread 0
Unwinding loop java::java.nio.ByteBuffer.get:([B)Ljava/nio/ByteBuffer;.0 iteration 3 file java/nio/ByteBuffer.java line 69 function java::java.nio.ByteBuffer.get:([B)Ljava/nio/ByteBuffer; bytecode-index 35 thread 0
Unwinding loop java::java.nio.ByteBuffer.get:([B)Ljava/nio/ByteBuffer;.0 iteration 4 file java/nio/ByteBuffer.java line 69 function java::java.nio.ByteBuffer.get:([B)Ljava/nio/ByteBuffer; bytecode-index 35 thread 0
Unwinding loop java::java.nio.ByteBuffer.get:([B)Ljava/nio/ByteBuffer;.0 iteration 5 file java/nio/ByteBuffer.java line 69 function java::java.nio.ByteBuffer.get:([B)Ljava/nio/ByteBuffer; bytecode-index 35 thread 0
Unwinding loop java::java.nio.ByteBuffer.get:([B)Ljava/nio/ByteBuffer;.0 iteration 6 file java/nio/ByteBuffer.java line 69 function java::java.nio.ByteBuffer.get:([B)Ljava/nio/ByteBuffer; bytecode-index 35 thread 0
Unwinding loop java::java.nio.ByteBuffer.get:([B)Ljava/nio/ByteBuffer;.0 iteration 7 file java/nio/ByteBuffer.java line 69 function java::java.nio.ByteBuffer.get:([B)Ljava/nio/ByteBuffer; bytecode-index 35 thread 0
Unwinding loop java::java.nio.ByteBuffer.get:([B)Ljava/nio/ByteBuffer;.0 iteration 8 file java/nio/ByteBuffer.java line 69 function java::java.nio.ByteBuffer.get:([B)Ljava/nio/ByteBuffer; bytecode-index 35 thread 0
Unwinding loop java::java.nio.ByteBuffer.get:([B)Ljava/nio/ByteBuffer;.0 iteration 9 file java/nio/ByteBuffer.java line 69 function java::java.nio.ByteBuffer.get:([B)Ljava/nio/ByteBuffer; bytecode-index 35 thread 0
Unwinding loop java::java.nio.ByteBuffer.get:([B)Ljava/nio/ByteBuffer;.0 iteration 10 file java/nio/ByteBuffer.java line 69 function java::java.nio.ByteBuffer.get:([B)Ljava/nio/ByteBuffer; bytecode-index 35 thread 0
Unwinding loop java::java.nio.ByteBuffer.get:([B)Ljava/nio/ByteBuffer;.0 iteration 11 file java/nio/ByteBuffer.java line 69 function java::java.nio.ByteBuffer.get:([B)Ljava/nio/ByteBuffer; bytecode-index 35 thread 0
Unwinding loop java::java.nio.ByteBuffer.get:([B)Ljava/nio/ByteBuffer;.0 iteration 12 file java/nio/ByteBuffer.java line 69 function java::java.nio.ByteBuffer.get:([B)Ljava/nio/ByteBuffer; bytecode-index 35 thread 0
Unwinding loop java::java.nio.ByteBuffer.get:([B)Ljava/nio/ByteBuffer;.0 iteration 13 file java/nio/ByteBuffer.java line 69 function java::java.nio.ByteBuffer.get:([B)Ljava/nio/ByteBuffer; bytecode-index 35 thread 0
Unwinding loop java::java.nio.ByteBuffer.get:([B)Ljava/nio/ByteBuffer;.0 iteration 14 file java/nio/ByteBuffer.java line 69 function java::java.nio.ByteBuffer.get:([B)Ljava/nio/ByteBuffer; bytecode-index 35 thread 0
Unwinding loop java::java.nio.ByteBuffer.get:([B)Ljava/nio/ByteBuffer;.0 iteration 15 file java/nio/ByteBuffer.java line 69 function java::java.nio.ByteBuffer.get:([B)Ljava/nio/ByteBuffer; bytecode-index 35 thread 0
Unwinding loop java::java.nio.ByteBuffer.get:([B)Ljava/nio/ByteBuffer;.0 iteration 16 file java/nio/ByteBuffer.java line 69 function java::java.nio.ByteBuffer.get:([B)Ljava/nio/ByteBuffer; bytecode-index 35 thread 0
Unwinding loop java::java.nio.ByteBuffer.get:([B)Ljava/nio/ByteBuffer;.0 iteration 17 file java/nio/ByteBuffer.java line 69 function java::java.nio.ByteBuffer.get:([B)Ljava/nio/ByteBuffer; bytecode-index 35 thread 0
Unwinding loop java::java.nio.ByteBuffer.get:([B)Ljava/nio/ByteBuffer;.0 iteration 18 file java/nio/ByteBuffer.java line 69 function java::java.nio.ByteBuffer.get:([B)Ljava/nio/ByteBuffer; bytecode-index 35 thread 0
Unwinding loop java::java.nio.ByteBuffer.get:([B)Ljava/nio/ByteBuffer;.0 iteration 19 file java/nio/ByteBuffer.java line 69 function java::java.nio.ByteBuffer.get:([B)Ljava/nio/ByteBuffer; bytecode-index 35 thread 0
Unwinding loop java::java.nio.ByteBuffer.get:([B)Ljava/nio/ByteBuffer;.0 iteration 20 file java/nio/ByteBuffer.java line 69 function java::java.nio.ByteBuffer.get:([B)Ljava/nio/ByteBuffer; bytecode-index 35 thread 0
Unwinding loop java::java.nio.ByteBuffer.get:([B)Ljava/nio/ByteBuffer;.0 iteration 21 file java/nio/ByteBuffer.java line 69 function java::java.nio.ByteBuffer.get:([B)Ljava/nio/ByteBuffer; bytecode-index 35 thread 0
Unwinding loop java::java.nio.ByteBuffer.get:([B)Ljava/nio/ByteBuffer;.0 iteration 22 file java/nio/ByteBuffer.java line 69 function java::java.nio.ByteBuffer.get:([B)Ljava/nio/ByteBuffer; bytecode-index 35 thread 0
Unwinding loop java::java.nio.ByteBuffer.get:([B)Ljava/nio/ByteBuffer;.0 iteration 23 file java/nio/ByteBuffer.java line 69 function java::java.nio.ByteBuffer.get:([B)Ljava/nio/ByteBuffer; bytecode-index 35 thread 0
Unwinding loop java::java.nio.ByteBuffer.get:([B)Ljava/nio/ByteBuffer;.0 iteration 24 file java/nio/ByteBuffer.java line 69 function java::java.nio.ByteBuffer.get:([B)Ljava/nio/ByteBuffer; bytecode-index 35 thread 0
Unwinding loop java::java.nio.ByteBuffer.get:([B)Ljava/nio/ByteBuffer;.0 iteration 25 file java/nio/ByteBuffer.java line 69 function java::java.nio.ByteBuffer.get:([B)Ljava/nio/ByteBuffer; bytecode-index 35 thread 0
Unwinding loop java::java.nio.ByteBuffer.get:([B)Ljava/nio/ByteBuffer;.0 iteration 26 file java/nio/ByteBuffer.java line 69 function java::java.nio.ByteBuffer.get:([B)Ljava/nio/ByteBuffer; bytecode-index 35 thread 0
Unwinding loop java::java.nio.ByteBuffer.get:([B)Ljava/nio/ByteBuffer;.0 iteration 27 file java/nio/ByteBuffer.java line 69 function java::java.nio.ByteBuffer.get:([B)Ljava/nio/ByteBuffer; bytecode-index 35 thread 0
Unwinding loop java::java.nio.ByteBuffer.get:([B)Ljava/nio/ByteBuffer;.0 iteration 28 file java/nio/ByteBuffer.java line 69 function java::java.nio.ByteBuffer.get:([B)Ljava/nio/ByteBuffer; bytecode-index 35 thread 0
Unwinding loop java::java.nio.ByteBuffer.get:([B)Ljava/nio/ByteBuffer;.0 iteration 29 file java/nio/ByteBuffer.java line 69 function java::java.nio.ByteBuffer.get:([B)Ljava/nio/ByteBuffer; bytecode-index 35 thread 0
Unwinding loop java::java.nio.ByteBuffer.get:([B)Ljava/nio/ByteBuffer;.0 iteration 30 file java/nio/ByteBuffer.java line 69 function java::java.nio.ByteBuffer.get:([B)Ljava/nio/ByteBuffer; bytecode-index 35 thread 0
Unwinding loop java::java.nio.ByteBuffer.get:([B)Ljava/nio/ByteBuffer;.0 iteration 31 file java/nio/ByteBuffer.java line 69 function java::java.nio.ByteBuffer.get:([B)Ljava/nio/ByteBuffer; bytecode-index 35 thread 0
Unwinding loop java::java.nio.ByteBuffer.get:([B)Ljava/nio/ByteBuffer;.0 iteration 32 file java/nio/ByteBuffer.java line 69 function java::java.nio.ByteBuffer.get:([B)Ljava/nio/ByteBuffer; bytecode-index 35 thread 0
Unwinding loop java::java.nio.ByteBuffer.get:([B)Ljava/nio/ByteBuffer;.0 iteration 1 file java/nio/ByteBuffer.java line 69 function java::java.nio.ByteBuffer.get:([B)Ljava/nio/ByteBuffer; bytecode-index 35 thread 0
Unwinding loop java::java.nio.ByteBuffer.get:([B)Ljava/nio/ByteBuffer;.0 iteration 1 file java/nio/ByteBuffer.java line 69 function java::java.nio.ByteBuffer.get:([B)Ljava/nio/ByteBuffer; bytecode-index 35 thread 0
Unwinding loop java::java.nio.ByteBuffer.get:([B)Ljava/nio/ByteBuffer;.0 iteration 2 file java/nio/ByteBuffer.java line 69 function java::java.nio.ByteBuffer.get:([B)Ljava/nio/ByteBuffer; bytecode-index 35 thread 0
Unwinding loop java::java.nio.ByteBuffer.get:([B)Ljava/nio/ByteBuffer;.0 iteration 3 file java/nio/ByteBuffer.java line 69 function java::java.nio.ByteBuffer.get:([B)Ljava/nio/ByteBuffer; bytecode-index 35 thread 0
Unwinding loop java::java.nio.ByteBuffer.get:([B)Ljava/nio/ByteBuffer;.0 iteration 4 file java/nio/ByteBuffer.java line 69 function java::java.nio.ByteBuffer.get:([B)Ljava/nio/ByteBuffer; bytecode-index 35 thread 0
Unwinding recursion co.rsk.trie.Trie.fromMessageRskip107(java.nio.ByteBuffer, co.rsk.trie.TrieStore) iteration 1
Unwinding recursion java::java.lang.Byte.<clinit_wrapper> iteration 1
Unwinding loop java::java.nio.ByteBuffer.get:([B)Ljava/nio/ByteBuffer;.0 iteration 1 file java/nio/ByteBuffer.java line 69 function java::java.nio.ByteBuffer.get:([B)Ljava/nio/ByteBuffer; bytecode-index 35 thread 0
Unwinding loop java::java.lang.System.arraycopy:(Ljava/lang/Object;ILjava/lang/Object;II)V.1 iteration 1 file java/lang/System.java line 51 function java::java.lang.System.arraycopy:(Ljava/lang/Object;ILjava/lang/Object;II)V bytecode-index 106 thread 0
Unwinding loop java::co.rsk.trie.PathEncoder.decodeBinaryPath:([BI)[B.0 iteration 1 file co/rsk/trie/PathEncoder.java line 78 function java::co.rsk.trie.PathEncoder.decodeBinaryPath:([BI)[B bytecode-index 31 thread 0
Unwinding loop java::co.rsk.trie.PathEncoder.decodeBinaryPath:([BI)[B.0 iteration 2 file co/rsk/trie/PathEncoder.java line 78 function java::co.rsk.trie.PathEncoder.decodeBinaryPath:([BI)[B bytecode-index 31 thread 0
Unwinding loop java::co.rsk.trie.PathEncoder.decodeBinaryPath:([BI)[B.0 iteration 3 file co/rsk/trie/PathEncoder.java line 78 function java::co.rsk.trie.PathEncoder.decodeBinaryPath:([BI)[B bytecode-index 31 thread 0
Unwinding loop java::co.rsk.trie.PathEncoder.decodeBinaryPath:([BI)[B.0 iteration 4 file co/rsk/trie/PathEncoder.java line 78 function java::co.rsk.trie.PathEncoder.decodeBinaryPath:([BI)[B bytecode-index 31 thread 0
Unwinding loop java::co.rsk.trie.PathEncoder.decodeBinaryPath:([BI)[B.0 iteration 5 file co/rsk/trie/PathEncoder.java line 78 function java::co.rsk.trie.PathEncoder.decodeBinaryPath:([BI)[B bytecode-index 31 thread 0
Unwinding loop java::co.rsk.trie.PathEncoder.decodeBinaryPath:([BI)[B.0 iteration 6 file co/rsk/trie/PathEncoder.java line 78 function java::co.rsk.trie.PathEncoder.decodeBinaryPath:([BI)[B bytecode-index 31 thread 0
Unwinding loop java::co.rsk.trie.PathEncoder.decodeBinaryPath:([BI)[B.0 iteration 7 file co/rsk/trie/PathEncoder.java line 78 function java::co.rsk.trie.PathEncoder.decodeBinaryPath:([BI)[B bytecode-index 31 thread 0
Unwinding loop java::java.nio.ByteBuffer.get:([B)Ljava/nio/ByteBuffer;.0 iteration 1 file java/nio/ByteBuffer.java line 69 function java::java.nio.ByteBuffer.get:([B)Ljava/nio/ByteBuffer; bytecode-index 35 thread 0
Unwinding loop java::org.ethereum.crypto.Keccak256Helper.fresh:()[B.0 iteration 1 file org/ethereum/crypto/Keccak256Helper.java line 105 function java::org.ethereum.crypto.Keccak256Helper.fresh:()[B bytecode-index 13 thread 0
Unwinding loop java::org.ethereum.crypto.Keccak256Helper.fresh:()[B.0 iteration 2 file org/ethereum/crypto/Keccak256Helper.java line 105 function java::org.ethereum.crypto.Keccak256Helper.fresh:()[B bytecode-index 13 thread 0
Unwinding loop java::org.ethereum.crypto.Keccak256Helper.fresh:()[B.0 iteration 3 file org/ethereum/crypto/Keccak256Helper.java line 105 function java::org.ethereum.crypto.Keccak256Helper.fresh:()[B bytecode-index 13 thread 0
Unwinding loop java::org.ethereum.crypto.Keccak256Helper.fresh:()[B.0 iteration 4 file org/ethereum/crypto/Keccak256Helper.java line 105 function java::org.ethereum.crypto.Keccak256Helper.fresh:()[B bytecode-index 13 thread 0
Unwinding loop java::org.ethereum.crypto.Keccak256Helper.fresh:()[B.0 iteration 5 file org/ethereum/crypto/Keccak256Helper.java line 105 function java::org.ethereum.crypto.Keccak256Helper.fresh:()[B bytecode-index 13 thread 0
Unwinding loop java::org.ethereum.crypto.Keccak256Helper.fresh:()[B.0 iteration 6 file org/ethereum/crypto/Keccak256Helper.java line 105 function java::org.ethereum.crypto.Keccak256Helper.fresh:()[B bytecode-index 13 thread 0
Unwinding loop java::org.ethereum.crypto.Keccak256Helper.fresh:()[B.0 iteration 7 file org/ethereum/crypto/Keccak256Helper.java line 105 function java::org.ethereum.crypto.Keccak256Helper.fresh:()[B bytecode-index 13 thread 0
Unwinding loop java::org.ethereum.crypto.Keccak256Helper.fresh:()[B.0 iteration 8 file org/ethereum/crypto/Keccak256Helper.java line 105 function java::org.ethereum.crypto.Keccak256Helper.fresh:()[B bytecode-index 13 thread 0
Unwinding loop java::org.ethereum.crypto.Keccak256Helper.fresh:()[B.0 iteration 9 file org/ethereum/crypto/Keccak256Helper.java line 105 function java::org.ethereum.crypto.Keccak256Helper.fresh:()[B bytecode-index 13 thread 0
Unwinding loop java::org.ethereum.crypto.Keccak256Helper.fresh:()[B.0 iteration 10 file org/ethereum/crypto/Keccak256Helper.java line 105 function java::org.ethereum.crypto.Keccak256Helper.fresh:()[B bytecode-index 13 thread 0
Unwinding loop java::org.ethereum.crypto.Keccak256Helper.fresh:()[B.0 iteration 11 file org/ethereum/crypto/Keccak256Helper.java line 105 function java::org.ethereum.crypto.Keccak256Helper.fresh:()[B bytecode-index 13 thread 0
Unwinding loop java::org.ethereum.crypto.Keccak256Helper.fresh:()[B.0 iteration 12 file org/ethereum/crypto/Keccak256Helper.java line 105 function java::org.ethereum.crypto.Keccak256Helper.fresh:()[B bytecode-index 13 thread 0
Unwinding loop java::org.ethereum.crypto.Keccak256Helper.fresh:()[B.0 iteration 13 file org/ethereum/crypto/Keccak256Helper.java line 105 function java::org.ethereum.crypto.Keccak256Helper.fresh:()[B bytecode-index 13 thread 0
Unwinding loop java::org.ethereum.crypto.Keccak256Helper.fresh:()[B.0 iteration 14 file org/ethereum/crypto/Keccak256Helper.java line 105 function java::org.ethereum.crypto.Keccak256Helper.fresh:()[B bytecode-index 13 thread 0
Unwinding loop java::org.ethereum.crypto.Keccak256Helper.fresh:()[B.0 iteration 15 file org/ethereum/crypto/Keccak256Helper.java line 105 function java::org.ethereum.crypto.Keccak256Helper.fresh:()[B bytecode-index 13 thread 0
Unwinding loop java::org.ethereum.crypto.Keccak256Helper.fresh:()[B.0 iteration 16 file org/ethereum/crypto/Keccak256Helper.java line 105 function java::org.ethereum.crypto.Keccak256Helper.fresh:()[B bytecode-index 13 thread 0
Unwinding loop java::org.ethereum.crypto.Keccak256Helper.fresh:()[B.0 iteration 17 file org/ethereum/crypto/Keccak256Helper.java line 105 function java::org.ethereum.crypto.Keccak256Helper.fresh:()[B bytecode-index 13 thread 0
Unwinding loop java::org.ethereum.crypto.Keccak256Helper.fresh:()[B.0 iteration 18 file org/ethereum/crypto/Keccak256Helper.java line 105 function java::org.ethereum.crypto.Keccak256Helper.fresh:()[B bytecode-index 13 thread 0
Unwinding loop java::org.ethereum.crypto.Keccak256Helper.fresh:()[B.0 iteration 19 file org/ethereum/crypto/Keccak256Helper.java line 105 function java::org.ethereum.crypto.Keccak256Helper.fresh:()[B bytecode-index 13 thread 0
Unwinding loop java::org.ethereum.crypto.Keccak256Helper.fresh:()[B.0 iteration 20 file org/ethereum/crypto/Keccak256Helper.java line 105 function java::org.ethereum.crypto.Keccak256Helper.fresh:()[B bytecode-index 13 thread 0
Unwinding loop java::org.ethereum.crypto.Keccak256Helper.fresh:()[B.0 iteration 21 file org/ethereum/crypto/Keccak256Helper.java line 105 function java::org.ethereum.crypto.Keccak256Helper.fresh:()[B bytecode-index 13 thread 0
Unwinding loop java::org.ethereum.crypto.Keccak256Helper.fresh:()[B.0 iteration 22 file org/ethereum/crypto/Keccak256Helper.java line 105 function java::org.ethereum.crypto.Keccak256Helper.fresh:()[B bytecode-index 13 thread 0
Unwinding loop java::org.ethereum.crypto.Keccak256Helper.fresh:()[B.0 iteration 23 file org/ethereum/crypto/Keccak256Helper.java line 105 function java::org.ethereum.crypto.Keccak256Helper.fresh:()[B bytecode-index 13 thread 0
Unwinding loop java::org.ethereum.crypto.Keccak256Helper.fresh:()[B.0 iteration 24 file org/ethereum/crypto/Keccak256Helper.java line 105 function java::org.ethereum.crypto.Keccak256Helper.fresh:()[B bytecode-index 13 thread 0
Unwinding loop java::org.ethereum.crypto.Keccak256Helper.fresh:()[B.0 iteration 25 file org/ethereum/crypto/Keccak256Helper.java line 105 function java::org.ethereum.crypto.Keccak256Helper.fresh:()[B bytecode-index 13 thread 0
Unwinding loop java::org.ethereum.crypto.Keccak256Helper.fresh:()[B.0 iteration 26 file org/ethereum/crypto/Keccak256Helper.java line 105 function java::org.ethereum.crypto.Keccak256Helper.fresh:()[B bytecode-index 13 thread 0
Unwinding loop java::org.ethereum.crypto.Keccak256Helper.fresh:()[B.0 iteration 27 file org/ethereum/crypto/Keccak256Helper.java line 105 function java::org.ethereum.crypto.Keccak256Helper.fresh:()[B bytecode-index 13 thread 0
Unwinding loop java::org.ethereum.crypto.Keccak256Helper.fresh:()[B.0 iteration 28 file org/ethereum/crypto/Keccak256Helper.java line 105 function java::org.ethereum.crypto.Keccak256Helper.fresh:()[B bytecode-index 13 thread 0
Unwinding loop java::org.ethereum.crypto.Keccak256Helper.fresh:()[B.0 iteration 29 file org/ethereum/crypto/Keccak256Helper.java line 105 function java::org.ethereum.crypto.Keccak256Helper.fresh:()[B bytecode-index 13 thread 0
Unwinding loop java::org.ethereum.crypto.Keccak256Helper.fresh:()[B.0 iteration 30 file org/ethereum/crypto/Keccak256Helper.java line 105 function java::org.ethereum.crypto.Keccak256Helper.fresh:()[B bytecode-index 13 thread 0
Unwinding loop java::org.ethereum.crypto.Keccak256Helper.fresh:()[B.0 iteration 31 file org/ethereum/crypto/Keccak256Helper.java line 105 function java::org.ethereum.crypto.Keccak256Helper.fresh:()[B bytecode-index 13 thread 0
Unwinding loop java::org.ethereum.crypto.Keccak256Helper.fresh:()[B.0 iteration 32 file org/ethereum/crypto/Keccak256Helper.java line 105 function java::org.ethereum.crypto.Keccak256Helper.fresh:()[B bytecode-index 13 thread 0
Unwinding loop java::java.nio.ByteBuffer.get:([B)Ljava/nio/ByteBuffer;.0 iteration 1 file java/nio/ByteBuffer.java line 69 function java::java.nio.ByteBuffer.get:([B)Ljava/nio/ByteBuffer; bytecode-index 35 thread 0
Unwinding loop java::java.nio.ByteBuffer.get:([B)Ljava/nio/ByteBuffer;.0 iteration 1 file java/nio/ByteBuffer.java line 69 function java::java.nio.ByteBuffer.get:([B)Ljava/nio/ByteBuffer; bytecode-index 35 thread 0
Unwinding loop java::org.ethereum.crypto.Keccak256Helper.fresh:()[B.0 iteration 1 file org/ethereum/crypto/Keccak256Helper.java line 105 function java::org.ethereum.crypto.Keccak256Helper.fresh:()[B bytecode-index 13 thread 0
Unwinding loop java::org.ethereum.crypto.Keccak256Helper.fresh:()[B.0 iteration 2 file org/ethereum/crypto/Keccak256Helper.java line 105 function java::org.ethereum.crypto.Keccak256Helper.fresh:()[B bytecode-index 13 thread 0
Unwinding loop java::org.ethereum.crypto.Keccak256Helper.fresh:()[B.0 iteration 3 file org/ethereum/crypto/Keccak256Helper.java line 105 function java::org.ethereum.crypto.Keccak256Helper.fresh:()[B bytecode-index 13 thread 0
Unwinding loop java::org.ethereum.crypto.Keccak256Helper.fresh:()[B.0 iteration 4 file org/ethereum/crypto/Keccak256Helper.java line 105 function java::org.ethereum.crypto.Keccak256Helper.fresh:()[B bytecode-index 13 thread 0
Unwinding loop java::org.ethereum.crypto.Keccak256Helper.fresh:()[B.0 iteration 5 file org/ethereum/crypto/Keccak256Helper.java line 105 function java::org.ethereum.crypto.Keccak256Helper.fresh:()[B bytecode-index 13 thread 0
Unwinding loop java::org.ethereum.crypto.Keccak256Helper.fresh:()[B.0 iteration 6 file org/ethereum/crypto/Keccak256Helper.java line 105 function java::org.ethereum.crypto.Keccak256Helper.fresh:()[B bytecode-index 13 thread 0
Unwinding loop java::org.ethereum.crypto.Keccak256Helper.fresh:()[B.0 iteration 7 file org/ethereum/crypto/Keccak256Helper.java line 105 function java::org.ethereum.crypto.Keccak256Helper.fresh:()[B bytecode-index 13 thread 0
Unwinding loop java::org.ethereum.crypto.Keccak256Helper.fresh:()[B.0 iteration 8 file org/ethereum/crypto/Keccak256Helper.java line 105 function java::org.ethereum.crypto.Keccak256Helper.fresh:()[B bytecode-index 13 thread 0
Unwinding loop java::org.ethereum.crypto.Keccak256Helper.fresh:()[B.0 iteration 9 file org/ethereum/crypto/Keccak256Helper.java line 105 function java::org.ethereum.crypto.Keccak256Helper.fresh:()[B bytecode-index 13 thread 0
Unwinding loop java::org.ethereum.crypto.Keccak256Helper.fresh:()[B.0 iteration 10 file org/ethereum/crypto/Keccak256Helper.java line 105 function java::org.ethereum.crypto.Keccak256Helper.fresh:()[B bytecode-index 13 thread 0
Unwinding loop java::org.ethereum.crypto.Keccak256Helper.fresh:()[B.0 iteration 11 file org/ethereum/crypto/Keccak256Helper.java line 105 function java::org.ethereum.crypto.Keccak256Helper.fresh:()[B bytecode-index 13 thread 0
Unwinding loop java::org.ethereum.crypto.Keccak256Helper.fresh:()[B.0 iteration 12 file org/ethereum/crypto/Keccak256Helper.java line 105 function java::org.ethereum.crypto.Keccak256Helper.fresh:()[B bytecode-index 13 thread 0
Unwinding loop java::org.ethereum.crypto.Keccak256Helper.fresh:()[B.0 iteration 13 file org/ethereum/crypto/Keccak256Helper.java line 105 function java::org.ethereum.crypto.Keccak256Helper.fresh:()[B bytecode-index 13 thread 0
Unwinding loop java::org.ethereum.crypto.Keccak256Helper.fresh:()[B.0 iteration 14 file org/ethereum/crypto/Keccak256Helper.java line 105 function java::org.ethereum.crypto.Keccak256Helper.fresh:()[B bytecode-index 13 thread 0
Unwinding loop java::org.ethereum.crypto.Keccak256Helper.fresh:()[B.0 iteration 15 file org/ethereum/crypto/Keccak256Helper.java line 105 function java::org.ethereum.crypto.Keccak256Helper.fresh:()[B bytecode-index 13 thread 0
Unwinding loop java::org.ethereum.crypto.Keccak256Helper.fresh:()[B.0 iteration 16 file org/ethereum/crypto/Keccak256Helper.java line 105 function java::org.ethereum.crypto.Keccak256Helper.fresh:()[B bytecode-index 13 thread 0
Unwinding loop java::org.ethereum.crypto.Keccak256Helper.fresh:()[B.0 iteration 17 file org/ethereum/crypto/Keccak256Helper.java line 105 function java::org.ethereum.crypto.Keccak256Helper.fresh:()[B bytecode-index 13 thread 0
Unwinding loop java::org.ethereum.crypto.Keccak256Helper.fresh:()[B.0 iteration 18 file org/ethereum/crypto/Keccak256Helper.java line 105 function java::org.ethereum.crypto.Keccak256Helper.fresh:()[B bytecode-index 13 thread 0
Unwinding loop java::org.ethereum.crypto.Keccak256Helper.fresh:()[B.0 iteration 19 file org/ethereum/crypto/Keccak256Helper.java line 105 function java::org.ethereum.crypto.Keccak256Helper.fresh:()[B bytecode-index 13 thread 0
Unwinding loop java::org.ethereum.crypto.Keccak256Helper.fresh:()[B.0 iteration 20 file org/ethereum/crypto/Keccak256Helper.java line 105 function java::org.ethereum.crypto.Keccak256Helper.fresh:()[B bytecode-index 13 thread 0
Unwinding loop java::org.ethereum.crypto.Keccak256Helper.fresh:()[B.0 iteration 21 file org/ethereum/crypto/Keccak256Helper.java line 105 function java::org.ethereum.crypto.Keccak256Helper.fresh:()[B bytecode-index 13 thread 0
Unwinding loop java::org.ethereum.crypto.Keccak256Helper.fresh:()[B.0 iteration 22 file org/ethereum/crypto/Keccak256Helper.java line 105 function java::org.ethereum.crypto.Keccak256Helper.fresh:()[B bytecode-index 13 thread 0
Unwinding loop java::org.ethereum.crypto.Keccak256Helper.fresh:()[B.0 iteration 23 file org/ethereum/crypto/Keccak256Helper.java line 105 function java::org.ethereum.crypto.Keccak256Helper.fresh:()[B bytecode-index 13 thread 0
Unwinding loop java::org.ethereum.crypto.Keccak256Helper.fresh:()[B.0 iteration 24 file org/ethereum/crypto/Keccak256Helper.java line 105 function java::org.ethereum.crypto.Keccak256Helper.fresh:()[B bytecode-index 13 thread 0
Unwinding loop java::org.ethereum.crypto.Keccak256Helper.fresh:()[B.0 iteration 25 file org/ethereum/crypto/Keccak256Helper.java line 105 function java::org.ethereum.crypto.Keccak256Helper.fresh:()[B bytecode-index 13 thread 0
Unwinding loop java::org.ethereum.crypto.Keccak256Helper.fresh:()[B.0 iteration 26 file org/ethereum/crypto/Keccak256Helper.java line 105 function java::org.ethereum.crypto.Keccak256Helper.fresh:()[B bytecode-index 13 thread 0
Unwinding loop java::org.ethereum.crypto.Keccak256Helper.fresh:()[B.0 iteration 27 file org/ethereum/crypto/Keccak256Helper.java line 105 function java::org.ethereum.crypto.Keccak256Helper.fresh:()[B bytecode-index 13 thread 0
Unwinding loop java::org.ethereum.crypto.Keccak256Helper.fresh:()[B.0 iteration 28 file org/ethereum/crypto/Keccak256Helper.java line 105 function java::org.ethereum.crypto.Keccak256Helper.fresh:()[B bytecode-index 13 thread 0
Unwinding loop java::org.ethereum.crypto.Keccak256Helper.fresh:()[B.0 iteration 29 file org/ethereum/crypto/Keccak256Helper.java line 105 function java::org.ethereum.crypto.Keccak256Helper.fresh:()[B bytecode-index 13 thread 0
Unwinding loop java::org.ethereum.crypto.Keccak256Helper.fresh:()[B.0 iteration 30 file org/ethereum/crypto/Keccak256Helper.java line 105 function java::org.ethereum.crypto.Keccak256Helper.fresh:()[B bytecode-index 13 thread 0
Unwinding loop java::org.ethereum.crypto.Keccak256Helper.fresh:()[B.0 iteration 31 file org/ethereum/crypto/Keccak256Helper.java line 105 function java::org.ethereum.crypto.Keccak256Helper.fresh:()[B bytecode-index 13 thread 0
Unwinding loop java::org.ethereum.crypto.Keccak256Helper.fresh:()[B.0 iteration 32 file org/ethereum/crypto/Keccak256Helper.java line 105 function java::org.ethereum.crypto.Keccak256Helper.fresh:()[B bytecode-index 13 thread 0
Unwinding recursion java::TrieSerializationHarness.<clinit_wrapper> iteration 1
aborting path on assume(false) at file TrieSerializationHarness.java line 92 function java::TrieSerializationHarness.hashChildNegative:()V bytecode-index 56 thread 0
Runtime Symex: 3.78064s
size of program expression: 39967 steps
simple slicing removed 3 assignments
Generated 5936 VCC(s), 1 remaining after simplification
Runtime Postprocess Equation: 0.0146349s
Passing problem to string refinement loop with MiniSAT 2.2.1 without simplifier
converting SSA
Runtime Convert SSA: 0.126149s
Running string refinement loop with MiniSAT 2.2.1 without simplifier
280394 variables, 128362 clauses
SAT checker: instance is SATISFIABLE
BV-Refinement: got SAT, and it simulates => SAT
Total iterations: 1
Runtime Solver: 0.177953s
Runtime decision procedure: 0.308644s

** Results:
[array-create-negative-size.1] Array size should be >= 0: SUCCESS
[array-create-negative-size.2] Array size should be >= 0: SUCCESS
[array-create-negative-size.3] Array size should be >= 0: SUCCESS
[array-create-negative-size.4] Array size should be >= 0: SUCCESS
[array-create-negative-size.5] Array size should be >= 0: SUCCESS
[array-create-negative-size.6] Array size should be >= 0: SUCCESS
[array-create-negative-size.7] Array size should be >= 0: SUCCESS
[array-create-negative-size.8] Array size should be >= 0: SUCCESS
[array-create-negative-size.9] Array size should be >= 0: SUCCESS
[array-create-negative-size.10] Array size should be >= 0: SUCCESS
[array-create-negative-size.11] Array size should be >= 0: SUCCESS
[array-create-negative-size.12] Array size should be >= 0: SUCCESS
[array-create-negative-size.13] Array size should be >= 0: SUCCESS
[bad-dynamic-cast.1] Dynamic cast check: SUCCESS
function java::co.rsk.trie.PathEncoder.calculateEncodedLength:(I)I
[java::co.rsk.trie.PathEncoder.calculateEncodedLength:(I)I.1] assertion: SUCCESS
[java::co.rsk.trie.PathEncoder.calculateEncodedLength:(I)I.2] assertion: SUCCESS

function java::co.rsk.trie.Trie.getNodeReference:(B)Lco/rsk/trie/NodeReference;
[java::co.rsk.trie.Trie.getNodeReference:(B)Lco/rsk/trie/NodeReference;.1] assertion: SUCCESS
[java::co.rsk.trie.Trie.getNodeReference:(B)Lco/rsk/trie/NodeReference;.2] assertion: SUCCESS

function java::java.lang.Integer.toHexString:(I)Ljava/lang/String;
[java::java.lang.Integer.toHexString:(I)Ljava/lang/String;.1] assertion: SUCCESS

function java::java.lang.String.<init>:(Ljava/lang/String;)V
[java::java.lang.String.<init>:(Ljava/lang/String;)V.1] assertion: SUCCESS
[java::java.lang.String.<init>:(Ljava/lang/String;)V.2] assertion: SUCCESS
[java::java.lang.String.<init>:(Ljava/lang/String;)V.3] assertion: SUCCESS

function java::java.lang.String.length:()I
[java::java.lang.String.length:()I.1] assertion: SUCCESS

function java::java.lang.String.startsWith:(Ljava/lang/String;)Z
[java::java.lang.String.startsWith:(Ljava/lang/String;)Z.1] assertion: SUCCESS
[java::java.lang.String.startsWith:(Ljava/lang/String;)Z.2] assertion: SUCCESS
[java::java.lang.String.startsWith:(Ljava/lang/String;)Z.3] assertion: SUCCESS
[java::java.lang.String.startsWith:(Ljava/lang/String;)Z.4] assertion: SUCCESS

function java::java.lang.String.toString:()Ljava/lang/String;
[java::java.lang.String.toString:()Ljava/lang/String;.1] assertion: SUCCESS
[java::java.lang.String.toString:()Ljava/lang/String;.2] assertion: SUCCESS
[java::java.lang.String.toString:()Ljava/lang/String;.3] assertion: SUCCESS

function java::java.lang.StringBuilder.<init>:()V
[java::java.lang.StringBuilder.<init>:()V.1] assertion: SUCCESS

function java::java.lang.StringBuilder.<init>:(I)V
[java::java.lang.StringBuilder.<init>:(I)V.1] assertion: SUCCESS

function java::java.lang.StringBuilder.append:(C)Ljava/lang/StringBuilder;
[java::java.lang.StringBuilder.append:(C)Ljava/lang/StringBuilder;.1] assertion: SUCCESS
[java::java.lang.StringBuilder.append:(C)Ljava/lang/StringBuilder;.2] assertion: SUCCESS
[java::java.lang.StringBuilder.append:(C)Ljava/lang/StringBuilder;.3] assertion: SUCCESS
[java::java.lang.StringBuilder.append:(C)Ljava/lang/StringBuilder;.4] assertion: SUCCESS

function java::java.lang.StringBuilder.append:(Ljava/lang/String;)Ljava/lang/StringBuilder;
[java::java.lang.StringBuilder.append:(Ljava/lang/String;)Ljava/lang/StringBuilder;.1] assertion: SUCCESS
[java::java.lang.StringBuilder.append:(Ljava/lang/String;)Ljava/lang/StringBuilder;.2] assertion: SUCCESS
[java::java.lang.StringBuilder.append:(Ljava/lang/String;)Ljava/lang/StringBuilder;.3] assertion: SUCCESS
[java::java.lang.StringBuilder.append:(Ljava/lang/String;)Ljava/lang/StringBuilder;.4] assertion: SUCCESS
[java::java.lang.StringBuilder.append:(Ljava/lang/String;)Ljava/lang/StringBuilder;.5] assertion: SUCCESS
[java::java.lang.StringBuilder.append:(Ljava/lang/String;)Ljava/lang/StringBuilder;.6] assertion: SUCCESS

function java::java.lang.StringBuilder.toString:()Ljava/lang/String;
[java::java.lang.StringBuilder.toString:()Ljava/lang/String;.1] assertion: SUCCESS
[java::java.lang.StringBuilder.toString:()Ljava/lang/String;.2] assertion: SUCCESS
[java::java.lang.StringBuilder.toString:()Ljava/lang/String;.3] assertion: SUCCESS

function java::java.util.Optional.orElse:(Ljava/lang/Object;)Ljava/lang/Object;
[java::java.util.Optional.orElse:(Ljava/lang/Object;)Ljava/lang/Object;.1] assertion: SUCCESS

function java::lambda_synthetic_class$co_rsk_trie_NodeReference_<init>_(Lco/rsk/trie/TrieStore;Lco/rsk/trie/Trie;Lco/rsk/crypto/Keccak256;)V$4.<init>
[java::lambda_synthetic_class$co_rsk_trie_NodeReference_<init>_(Lco/rsk/trie/TrieStore;Lco/rsk/trie/Trie;Lco/rsk/crypto/Keccak256;)V$4.<init>.1] assertion: SUCCESS

function java::lambda_synthetic_class$co_rsk_trie_NodeReference_referenceSize_()J$5.<init>
[java::lambda_synthetic_class$co_rsk_trie_NodeReference_referenceSize_()J$5.<init>.1] assertion: SUCCESS

function java::lambda_synthetic_class$co_rsk_trie_NodeReference_serializeInto_(Ljava/nio/ByteBuffer;)V$49.<init>
[java::lambda_synthetic_class$co_rsk_trie_NodeReference_serializeInto_(Ljava/nio/ByteBuffer;)V$49.<init>.1] assertion: SUCCESS

function java::lambda_synthetic_class$co_rsk_trie_NodeReference_serializeInto_(Ljava/nio/ByteBuffer;)V$57.<init>
[java::lambda_synthetic_class$co_rsk_trie_NodeReference_serializeInto_(Ljava/nio/ByteBuffer;)V$57.<init>.1] assertion: SUCCESS

function java::lambda_synthetic_class$co_rsk_trie_Trie_<init>_(Lco/rsk/trie/TrieStore;Lco/rsk/trie/TrieKeySlice;[BLco/rsk/trie/NodeReference;Lco/rsk/trie/NodeReference;Lco/rsk/core/types/ints/Uint24;Lco/rsk/crypto/Keccak256;Lco/rsk/bitcoinj/core/VarInt;)V$14.<init>
[java::lambda_synthetic_class$co_rsk_trie_Trie_<init>_(Lco/rsk/trie/TrieStore;Lco/rsk/trie/TrieKeySlice;[BLco/rsk/trie/NodeReference;Lco/rsk/trie/NodeReference;Lco/rsk/core/types/ints/Uint24;Lco/rsk/crypto/Keccak256;Lco/rsk/bitcoinj/core/VarInt;)V$14.<init>.1] assertion: SUCCESS

function java::org.bouncycastle.util.Strings$1.<init>:()V
[java::org.bouncycastle.util.Strings$1.<init>:()V.null-pointer-exception.1] Null pointer check: SUCCESS

function java::org.bouncycastle.util.Strings.<clinit>:()V
[java::org.bouncycastle.util.Strings.<clinit>:()V.null-pointer-exception.1] Null pointer check: SUCCESS

function java::org.bouncycastle.util.Strings.asCharArray:([B)[C
[java::org.bouncycastle.util.Strings.asCharArray:([B)[C.1] assertion: SUCCESS
[java::org.bouncycastle.util.Strings.asCharArray:([B)[C.2] assertion: SUCCESS
[java::org.bouncycastle.util.Strings.asCharArray:([B)[C.3] assertion: SUCCESS
[java::org.bouncycastle.util.Strings.asCharArray:([B)[C.4] assertion: SUCCESS
[java::org.bouncycastle.util.Strings.asCharArray:([B)[C.5] assertion: SUCCESS
[java::org.bouncycastle.util.Strings.asCharArray:([B)[C.6] assertion: SUCCESS
[java::org.bouncycastle.util.Strings.asCharArray:([B)[C.7] assertion: SUCCESS
[java::org.bouncycastle.util.Strings.asCharArray:([B)[C.8] assertion: SUCCESS

function java::org.bouncycastle.util.Strings.fromByteArray:([B)Ljava/lang/String;
[java::org.bouncycastle.util.Strings.fromByteArray:([B)Ljava/lang/String;.null-pointer-exception.1] Null pointer check: SUCCESS

function java::org.bouncycastle.util.encoders.EncoderException.<init>:(Ljava/lang/String;Ljava/lang/Throwable;)V
[java::org.bouncycastle.util.encoders.EncoderException.<init>:(Ljava/lang/String;Ljava/lang/Throwable;)V.1] assertion: SUCCESS
[java::org.bouncycastle.util.encoders.EncoderException.<init>:(Ljava/lang/String;Ljava/lang/Throwable;)V.null-pointer-exception.1] Null pointer check: SUCCESS

function java::org.bouncycastle.util.encoders.Hex.<clinit>:()V
[java::org.bouncycastle.util.encoders.Hex.<clinit>:()V.null-pointer-exception.1] Null pointer check: SUCCESS

function java::org.bouncycastle.util.encoders.Hex.encode:([BII)[B
[java::org.bouncycastle.util.encoders.Hex.encode:([BII)[B.null-pointer-exception.1] Null pointer check: SUCCESS
[java::org.bouncycastle.util.encoders.Hex.encode:([BII)[B.null-pointer-exception.2] Null pointer check: SUCCESS
[java::org.bouncycastle.util.encoders.Hex.encode:([BII)[B.null-pointer-exception.3] Null pointer check: SUCCESS
[java::org.bouncycastle.util.encoders.Hex.encode:([BII)[B.null-pointer-exception.4] Null pointer check: SUCCESS
[java::org.bouncycastle.util.encoders.Hex.encode:([BII)[B.null-pointer-exception.5] Null pointer check: SUCCESS
[java::org.bouncycastle.util.encoders.Hex.encode:([BII)[B.null-pointer-exception.6] Null pointer check: SUCCESS
[java::org.bouncycastle.util.encoders.Hex.encode:([BII)[B.null-pointer-exception.7] Null pointer check: SUCCESS
[java::org.bouncycastle.util.encoders.Hex.encode:([BII)[B.null-pointer-exception.8] Null pointer check: SUCCESS
[java::org.bouncycastle.util.encoders.Hex.encode:([BII)[B.null-pointer-exception.9] Null pointer check: SUCCESS
[java::org.bouncycastle.util.encoders.Hex.encode:([BII)[B.null-pointer-exception.10] Null pointer check: SUCCESS

function java::org.bouncycastle.util.encoders.Hex.toHexString:([B)Ljava/lang/String;
[java::org.bouncycastle.util.encoders.Hex.toHexString:([B)Ljava/lang/String;.1] assertion: SUCCESS

function java::org.bouncycastle.util.encoders.HexEncoder.<init>:()V
[java::org.bouncycastle.util.encoders.HexEncoder.<init>:()V.1] assertion: SUCCESS
[java::org.bouncycastle.util.encoders.HexEncoder.<init>:()V.2] assertion: SUCCESS
[java::org.bouncycastle.util.encoders.HexEncoder.<init>:()V.3] assertion: SUCCESS
[java::org.bouncycastle.util.encoders.HexEncoder.<init>:()V.4] assertion: SUCCESS
[java::org.bouncycastle.util.encoders.HexEncoder.<init>:()V.5] assertion: SUCCESS
[java::org.bouncycastle.util.encoders.HexEncoder.<init>:()V.6] assertion: SUCCESS
[java::org.bouncycastle.util.encoders.HexEncoder.<init>:()V.7] assertion: SUCCESS
[java::org.bouncycastle.util.encoders.HexEncoder.<init>:()V.8] assertion: SUCCESS
[java::org.bouncycastle.util.encoders.HexEncoder.<init>:()V.9] assertion: SUCCESS
[java::org.bouncycastle.util.encoders.HexEncoder.<init>:()V.10] assertion: SUCCESS
[java::org.bouncycastle.util.encoders.HexEncoder.<init>:()V.11] assertion: SUCCESS
[java::org.bouncycastle.util.encoders.HexEncoder.<init>:()V.12] assertion: SUCCESS
[java::org.bouncycastle.util.encoders.HexEncoder.<init>:()V.13] assertion: SUCCESS
[java::org.bouncycastle.util.encoders.HexEncoder.<init>:()V.14] assertion: SUCCESS
[java::org.bouncycastle.util.encoders.HexEncoder.<init>:()V.15] assertion: SUCCESS
[java::org.bouncycastle.util.encoders.HexEncoder.<init>:()V.16] assertion: SUCCESS
[java::org.bouncycastle.util.encoders.HexEncoder.<init>:()V.17] assertion: SUCCESS
[java::org.bouncycastle.util.encoders.HexEncoder.<init>:()V.18] assertion: SUCCESS
[java::org.bouncycastle.util.encoders.HexEncoder.<init>:()V.19] assertion: SUCCESS
[java::org.bouncycastle.util.encoders.HexEncoder.<init>:()V.20] assertion: SUCCESS
[java::org.bouncycastle.util.encoders.HexEncoder.<init>:()V.21] assertion: SUCCESS
[java::org.bouncycastle.util.encoders.HexEncoder.<init>:()V.22] assertion: SUCCESS
[java::org.bouncycastle.util.encoders.HexEncoder.<init>:()V.23] assertion: SUCCESS
[java::org.bouncycastle.util.encoders.HexEncoder.<init>:()V.24] assertion: SUCCESS
[java::org.bouncycastle.util.encoders.HexEncoder.<init>:()V.25] assertion: SUCCESS
[java::org.bouncycastle.util.encoders.HexEncoder.<init>:()V.26] assertion: SUCCESS
[java::org.bouncycastle.util.encoders.HexEncoder.<init>:()V.27] assertion: SUCCESS
[java::org.bouncycastle.util.encoders.HexEncoder.<init>:()V.28] assertion: SUCCESS
[java::org.bouncycastle.util.encoders.HexEncoder.<init>:()V.29] assertion: SUCCESS
[java::org.bouncycastle.util.encoders.HexEncoder.<init>:()V.30] assertion: SUCCESS
[java::org.bouncycastle.util.encoders.HexEncoder.<init>:()V.31] assertion: SUCCESS
[java::org.bouncycastle.util.encoders.HexEncoder.<init>:()V.32] assertion: SUCCESS
[java::org.bouncycastle.util.encoders.HexEncoder.<init>:()V.33] assertion: SUCCESS
[java::org.bouncycastle.util.encoders.HexEncoder.<init>:()V.34] assertion: SUCCESS
[java::org.bouncycastle.util.encoders.HexEncoder.<init>:()V.35] assertion: SUCCESS
[java::org.bouncycastle.util.encoders.HexEncoder.<init>:()V.36] assertion: SUCCESS
[java::org.bouncycastle.util.encoders.HexEncoder.<init>:()V.37] assertion: SUCCESS
[java::org.bouncycastle.util.encoders.HexEncoder.<init>:()V.38] assertion: SUCCESS
[java::org.bouncycastle.util.encoders.HexEncoder.<init>:()V.39] assertion: SUCCESS
[java::org.bouncycastle.util.encoders.HexEncoder.<init>:()V.40] assertion: SUCCESS
[java::org.bouncycastle.util.encoders.HexEncoder.<init>:()V.41] assertion: SUCCESS
[java::org.bouncycastle.util.encoders.HexEncoder.<init>:()V.42] assertion: SUCCESS
[java::org.bouncycastle.util.encoders.HexEncoder.<init>:()V.43] assertion: SUCCESS
[java::org.bouncycastle.util.encoders.HexEncoder.<init>:()V.44] assertion: SUCCESS
[java::org.bouncycastle.util.encoders.HexEncoder.<init>:()V.45] assertion: SUCCESS
[java::org.bouncycastle.util.encoders.HexEncoder.<init>:()V.46] assertion: SUCCESS
[java::org.bouncycastle.util.encoders.HexEncoder.<init>:()V.47] assertion: SUCCESS
[java::org.bouncycastle.util.encoders.HexEncoder.<init>:()V.48] assertion: SUCCESS
[java::org.bouncycastle.util.encoders.HexEncoder.<init>:()V.49] assertion: SUCCESS
[java::org.bouncycastle.util.encoders.HexEncoder.<init>:()V.50] assertion: SUCCESS
[java::org.bouncycastle.util.encoders.HexEncoder.<init>:()V.null-pointer-exception.1] Null pointer check: SUCCESS
[java::org.bouncycastle.util.encoders.HexEncoder.<init>:()V.null-pointer-exception.2] Null pointer check: SUCCESS

function java::org.bouncycastle.util.encoders.HexEncoder.encode:([BIILjava/io/OutputStream;)I
[java::org.bouncycastle.util.encoders.HexEncoder.encode:([BIILjava/io/OutputStream;)I.1] assertion: SUCCESS
[java::org.bouncycastle.util.encoders.HexEncoder.encode:([BIILjava/io/OutputStream;)I.2] assertion: SUCCESS
[java::org.bouncycastle.util.encoders.HexEncoder.encode:([BIILjava/io/OutputStream;)I.3] assertion: SUCCESS
[java::org.bouncycastle.util.encoders.HexEncoder.encode:([BIILjava/io/OutputStream;)I.4] assertion: SUCCESS
[java::org.bouncycastle.util.encoders.HexEncoder.encode:([BIILjava/io/OutputStream;)I.5] assertion: SUCCESS
[java::org.bouncycastle.util.encoders.HexEncoder.encode:([BIILjava/io/OutputStream;)I.6] assertion: SUCCESS
[java::org.bouncycastle.util.encoders.HexEncoder.encode:([BIILjava/io/OutputStream;)I.7] assertion: SUCCESS
[java::org.bouncycastle.util.encoders.HexEncoder.encode:([BIILjava/io/OutputStream;)I.8] assertion: SUCCESS
[java::org.bouncycastle.util.encoders.HexEncoder.encode:([BIILjava/io/OutputStream;)I.9] assertion: SUCCESS
[java::org.bouncycastle.util.encoders.HexEncoder.encode:([BIILjava/io/OutputStream;)I.10] assertion: SUCCESS
[java::org.bouncycastle.util.encoders.HexEncoder.encode:([BIILjava/io/OutputStream;)I.11] assertion: SUCCESS
[java::org.bouncycastle.util.encoders.HexEncoder.encode:([BIILjava/io/OutputStream;)I.null-pointer-exception.1] Null pointer check: SUCCESS
[java::org.bouncycastle.util.encoders.HexEncoder.encode:([BIILjava/io/OutputStream;)I.null-pointer-exception.2] Null pointer check: SUCCESS

function java::org.bouncycastle.util.encoders.HexEncoder.initialiseDecodingTable:()V
[java::org.bouncycastle.util.encoders.HexEncoder.initialiseDecodingTable:()V.1] assertion: SUCCESS
[java::org.bouncycastle.util.encoders.HexEncoder.initialiseDecodingTable:()V.2] assertion: SUCCESS
[java::org.bouncycastle.util.encoders.HexEncoder.initialiseDecodingTable:()V.3] assertion: SUCCESS
[java::org.bouncycastle.util.encoders.HexEncoder.initialiseDecodingTable:()V.4] assertion: SUCCESS
[java::org.bouncycastle.util.encoders.HexEncoder.initialiseDecodingTable:()V.5] assertion: SUCCESS
[java::org.bouncycastle.util.encoders.HexEncoder.initialiseDecodingTable:()V.6] assertion: SUCCESS
[java::org.bouncycastle.util.encoders.HexEncoder.initialiseDecodingTable:()V.7] assertion: SUCCESS
[java::org.bouncycastle.util.encoders.HexEncoder.initialiseDecodingTable:()V.8] assertion: SUCCESS
[java::org.bouncycastle.util.encoders.HexEncoder.initialiseDecodingTable:()V.9] assertion: SUCCESS
[java::org.bouncycastle.util.encoders.HexEncoder.initialiseDecodingTable:()V.10] assertion: SUCCESS
[java::org.bouncycastle.util.encoders.HexEncoder.initialiseDecodingTable:()V.11] assertion: SUCCESS
[java::org.bouncycastle.util.encoders.HexEncoder.initialiseDecodingTable:()V.12] assertion: SUCCESS
[java::org.bouncycastle.util.encoders.HexEncoder.initialiseDecodingTable:()V.13] assertion: SUCCESS
[java::org.bouncycastle.util.encoders.HexEncoder.initialiseDecodingTable:()V.14] assertion: SUCCESS
[java::org.bouncycastle.util.encoders.HexEncoder.initialiseDecodingTable:()V.15] assertion: SUCCESS
[java::org.bouncycastle.util.encoders.HexEncoder.initialiseDecodingTable:()V.16] assertion: SUCCESS
[java::org.bouncycastle.util.encoders.HexEncoder.initialiseDecodingTable:()V.17] assertion: SUCCESS
[java::org.bouncycastle.util.encoders.HexEncoder.initialiseDecodingTable:()V.18] assertion: SUCCESS
[java::org.bouncycastle.util.encoders.HexEncoder.initialiseDecodingTable:()V.19] assertion: SUCCESS
[java::org.bouncycastle.util.encoders.HexEncoder.initialiseDecodingTable:()V.20] assertion: SUCCESS
[java::org.bouncycastle.util.encoders.HexEncoder.initialiseDecodingTable:()V.21] assertion: SUCCESS
[java::org.bouncycastle.util.encoders.HexEncoder.initialiseDecodingTable:()V.22] assertion: SUCCESS
[java::org.bouncycastle.util.encoders.HexEncoder.initialiseDecodingTable:()V.23] assertion: SUCCESS
[java::org.bouncycastle.util.encoders.HexEncoder.initialiseDecodingTable:()V.24] assertion: SUCCESS
[java::org.bouncycastle.util.encoders.HexEncoder.initialiseDecodingTable:()V.25] assertion: SUCCESS
[java::org.bouncycastle.util.encoders.HexEncoder.initialiseDecodingTable:()V.26] assertion: SUCCESS
[java::org.bouncycastle.util.encoders.HexEncoder.initialiseDecodingTable:()V.27] assertion: SUCCESS
[java::org.bouncycastle.util.encoders.HexEncoder.initialiseDecodingTable:()V.28] assertion: SUCCESS
[java::org.bouncycastle.util.encoders.HexEncoder.initialiseDecodingTable:()V.29] assertion: SUCCESS
[java::org.bouncycastle.util.encoders.HexEncoder.initialiseDecodingTable:()V.30] assertion: SUCCESS
[java::org.bouncycastle.util.encoders.HexEncoder.initialiseDecodingTable:()V.31] assertion: SUCCESS
[java::org.bouncycastle.util.encoders.HexEncoder.initialiseDecodingTable:()V.32] assertion: SUCCESS
[java::org.bouncycastle.util.encoders.HexEncoder.initialiseDecodingTable:()V.33] assertion: SUCCESS
[java::org.bouncycastle.util.encoders.HexEncoder.initialiseDecodingTable:()V.34] assertion: SUCCESS
[java::org.bouncycastle.util.encoders.HexEncoder.initialiseDecodingTable:()V.35] assertion: SUCCESS
[java::org.bouncycastle.util.encoders.HexEncoder.initialiseDecodingTable:()V.36] assertion: SUCCESS
[java::org.bouncycastle.util.encoders.HexEncoder.initialiseDecodingTable:()V.37] assertion: SUCCESS
[java::org.bouncycastle.util.encoders.HexEncoder.initialiseDecodingTable:()V.38] assertion: SUCCESS
[java::org.bouncycastle.util.encoders.HexEncoder.initialiseDecodingTable:()V.39] assertion: SUCCESS
[java::org.bouncycastle.util.encoders.HexEncoder.initialiseDecodingTable:()V.40] assertion: SUCCESS
[java::org.bouncycastle.util.encoders.HexEncoder.initialiseDecodingTable:()V.41] assertion: SUCCESS
[java::org.bouncycastle.util.encoders.HexEncoder.initialiseDecodingTable:()V.42] assertion: SUCCESS
[java::org.bouncycastle.util.encoders.HexEncoder.initialiseDecodingTable:()V.43] assertion: SUCCESS
[java::org.bouncycastle.util.encoders.HexEncoder.initialiseDecodingTable:()V.44] assertion: SUCCESS
[java::org.bouncycastle.util.encoders.HexEncoder.initialiseDecodingTable:()V.45] assertion: SUCCESS
[java::org.bouncycastle.util.encoders.HexEncoder.initialiseDecodingTable:()V.46] assertion: SUCCESS
[java::org.bouncycastle.util.encoders.HexEncoder.initialiseDecodingTable:()V.47] assertion: SUCCESS
[java::org.bouncycastle.util.encoders.HexEncoder.initialiseDecodingTable:()V.48] assertion: SUCCESS
[java::org.bouncycastle.util.encoders.HexEncoder.initialiseDecodingTable:()V.49] assertion: SUCCESS
[java::org.bouncycastle.util.encoders.HexEncoder.initialiseDecodingTable:()V.50] assertion: SUCCESS
[java::org.bouncycastle.util.encoders.HexEncoder.initialiseDecodingTable:()V.51] assertion: SUCCESS
[java::org.bouncycastle.util.encoders.HexEncoder.initialiseDecodingTable:()V.52] assertion: SUCCESS
[java::org.bouncycastle.util.encoders.HexEncoder.initialiseDecodingTable:()V.53] assertion: SUCCESS
[java::org.bouncycastle.util.encoders.HexEncoder.initialiseDecodingTable:()V.54] assertion: SUCCESS
[java::org.bouncycastle.util.encoders.HexEncoder.initialiseDecodingTable:()V.55] assertion: SUCCESS
[java::org.bouncycastle.util.encoders.HexEncoder.initialiseDecodingTable:()V.56] assertion: SUCCESS
[java::org.bouncycastle.util.encoders.HexEncoder.initialiseDecodingTable:()V.57] assertion: SUCCESS
[java::org.bouncycastle.util.encoders.HexEncoder.initialiseDecodingTable:()V.58] assertion: SUCCESS
[java::org.bouncycastle.util.encoders.HexEncoder.initialiseDecodingTable:()V.59] assertion: SUCCESS
[java::org.bouncycastle.util.encoders.HexEncoder.initialiseDecodingTable:()V.60] assertion: SUCCESS
[java::org.bouncycastle.util.encoders.HexEncoder.initialiseDecodingTable:()V.61] assertion: SUCCESS
[java::org.bouncycastle.util.encoders.HexEncoder.initialiseDecodingTable:()V.62] assertion: SUCCESS
[java::org.bouncycastle.util.encoders.HexEncoder.initialiseDecodingTable:()V.63] assertion: SUCCESS
[java::org.bouncycastle.util.encoders.HexEncoder.initialiseDecodingTable:()V.64] assertion: SUCCESS

function java::org.cprover.CProver.classIdentifier:(Ljava/lang/Object;)Ljava/lang/String;
[java::org.cprover.CProver.classIdentifier:(Ljava/lang/Object;)Ljava/lang/String;.1] assertion: SUCCESS
[java::org.cprover.CProver.classIdentifier:(Ljava/lang/Object;)Ljava/lang/String;.2] assertion: SUCCESS

function java::org.cprover.CProverString.charAt:(Ljava/lang/String;I)C
[java::org.cprover.CProverString.charAt:(Ljava/lang/String;I)C.1] assertion: SUCCESS
[java::org.cprover.CProverString.charAt:(Ljava/lang/String;I)C.2] assertion: SUCCESS

function java::org.cprover.CProverString.format:(Ljava/lang/String;Ljava/lang/String;Ljava/lang/String;Ljava/lang/String;Ljava/lang/String;Ljava/lang/String;Ljava/lang/String;Ljava/lang/String;Ljava/lang/String;Ljava/lang/String;Ljava/lang/String;)Ljava/lang/String;
[java::org.cprover.CProverString.format:(Ljava/lang/String;Ljava/lang/String;Ljava/lang/String;Ljava/lang/String;Ljava/lang/String;Ljava/lang/String;Ljava/lang/String;Ljava/lang/String;Ljava/lang/String;Ljava/lang/String;Ljava/lang/String;)Ljava/lang/String;.1] assertion: SUCCESS
[java::org.cprover.CProverString.format:(Ljava/lang/String;Ljava/lang/String;Ljava/lang/String;Ljava/lang/String;Ljava/lang/String;Ljava/lang/String;Ljava/lang/String;Ljava/lang/String;Ljava/lang/String;Ljava/lang/String;Ljava/lang/String;)Ljava/lang/String;.2] assertion: SUCCESS
[java::org.cprover.CProverString.format:(Ljava/lang/String;Ljava/lang/String;Ljava/lang/String;Ljava/lang/String;Ljava/lang/String;Ljava/lang/String;Ljava/lang/String;Ljava/lang/String;Ljava/lang/String;Ljava/lang/String;Ljava/lang/String;)Ljava/lang/String;.3] assertion: SUCCESS
[java::org.cprover.CProverString.format:(Ljava/lang/String;Ljava/lang/String;Ljava/lang/String;Ljava/lang/String;Ljava/lang/String;Ljava/lang/String;Ljava/lang/String;Ljava/lang/String;Ljava/lang/String;Ljava/lang/String;Ljava/lang/String;)Ljava/lang/String;.4] assertion: SUCCESS
[java::org.cprover.CProverString.format:(Ljava/lang/String;Ljava/lang/String;Ljava/lang/String;Ljava/lang/String;Ljava/lang/String;Ljava/lang/String;Ljava/lang/String;Ljava/lang/String;Ljava/lang/String;Ljava/lang/String;Ljava/lang/String;)Ljava/lang/String;.5] assertion: SUCCESS
[java::org.cprover.CProverString.format:(Ljava/lang/String;Ljava/lang/String;Ljava/lang/String;Ljava/lang/String;Ljava/lang/String;Ljava/lang/String;Ljava/lang/String;Ljava/lang/String;Ljava/lang/String;Ljava/lang/String;Ljava/lang/String;)Ljava/lang/String;.6] assertion: SUCCESS
[java::org.cprover.CProverString.format:(Ljava/lang/String;Ljava/lang/String;Ljava/lang/String;Ljava/lang/String;Ljava/lang/String;Ljava/lang/String;Ljava/lang/String;Ljava/lang/String;Ljava/lang/String;Ljava/lang/String;Ljava/lang/String;)Ljava/lang/String;.7] assertion: SUCCESS
[java::org.cprover.CProverString.format:(Ljava/lang/String;Ljava/lang/String;Ljava/lang/String;Ljava/lang/String;Ljava/lang/String;Ljava/lang/String;Ljava/lang/String;Ljava/lang/String;Ljava/lang/String;Ljava/lang/String;Ljava/lang/String;)Ljava/lang/String;.8] assertion: SUCCESS
[java::org.cprover.CProverString.format:(Ljava/lang/String;Ljava/lang/String;Ljava/lang/String;Ljava/lang/String;Ljava/lang/String;Ljava/lang/String;Ljava/lang/String;Ljava/lang/String;Ljava/lang/String;Ljava/lang/String;Ljava/lang/String;)Ljava/lang/String;.9] assertion: SUCCESS
[java::org.cprover.CProverString.format:(Ljava/lang/String;Ljava/lang/String;Ljava/lang/String;Ljava/lang/String;Ljava/lang/String;Ljava/lang/String;Ljava/lang/String;Ljava/lang/String;Ljava/lang/String;Ljava/lang/String;Ljava/lang/String;)Ljava/lang/String;.10] assertion: SUCCESS
[java::org.cprover.CProverString.format:(Ljava/lang/String;Ljava/lang/String;Ljava/lang/String;Ljava/lang/String;Ljava/lang/String;Ljava/lang/String;Ljava/lang/String;Ljava/lang/String;Ljava/lang/String;Ljava/lang/String;Ljava/lang/String;)Ljava/lang/String;.11] assertion: SUCCESS
[java::org.cprover.CProverString.format:(Ljava/lang/String;Ljava/lang/String;Ljava/lang/String;Ljava/lang/String;Ljava/lang/String;Ljava/lang/String;Ljava/lang/String;Ljava/lang/String;Ljava/lang/String;Ljava/lang/String;Ljava/lang/String;)Ljava/lang/String;.12] assertion: SUCCESS
[java::org.cprover.CProverString.format:(Ljava/lang/String;Ljava/lang/String;Ljava/lang/String;Ljava/lang/String;Ljava/lang/String;Ljava/lang/String;Ljava/lang/String;Ljava/lang/String;Ljava/lang/String;Ljava/lang/String;Ljava/lang/String;)Ljava/lang/String;.13] assertion: SUCCESS
[java::org.cprover.CProverString.format:(Ljava/lang/String;Ljava/lang/String;Ljava/lang/String;Ljava/lang/String;Ljava/lang/String;Ljava/lang/String;Ljava/lang/String;Ljava/lang/String;Ljava/lang/String;Ljava/lang/String;Ljava/lang/String;)Ljava/lang/String;.14] assertion: SUCCESS
[java::org.cprover.CProverString.format:(Ljava/lang/String;Ljava/lang/String;Ljava/lang/String;Ljava/lang/String;Ljava/lang/String;Ljava/lang/String;Ljava/lang/String;Ljava/lang/String;Ljava/lang/String;Ljava/lang/String;Ljava/lang/String;)Ljava/lang/String;.15] assertion: SUCCESS
[java::org.cprover.CProverString.format:(Ljava/lang/String;Ljava/lang/String;Ljava/lang/String;Ljava/lang/String;Ljava/lang/String;Ljava/lang/String;Ljava/lang/String;Ljava/lang/String;Ljava/lang/String;Ljava/lang/String;Ljava/lang/String;)Ljava/lang/String;.16] assertion: SUCCESS
[java::org.cprover.CProverString.format:(Ljava/lang/String;Ljava/lang/String;Ljava/lang/String;Ljava/lang/String;Ljava/lang/String;Ljava/lang/String;Ljava/lang/String;Ljava/lang/String;Ljava/lang/String;Ljava/lang/String;Ljava/lang/String;)Ljava/lang/String;.17] assertion: SUCCESS
[java::org.cprover.CProverString.format:(Ljava/lang/String;Ljava/lang/String;Ljava/lang/String;Ljava/lang/String;Ljava/lang/String;Ljava/lang/String;Ljava/lang/String;Ljava/lang/String;Ljava/lang/String;Ljava/lang/String;Ljava/lang/String;)Ljava/lang/String;.18] assertion: SUCCESS
[java::org.cprover.CProverString.format:(Ljava/lang/String;Ljava/lang/String;Ljava/lang/String;Ljava/lang/String;Ljava/lang/String;Ljava/lang/String;Ljava/lang/String;Ljava/lang/String;Ljava/lang/String;Ljava/lang/String;Ljava/lang/String;)Ljava/lang/String;.19] assertion: SUCCESS
[java::org.cprover.CProverString.format:(Ljava/lang/String;Ljava/lang/String;Ljava/lang/String;Ljava/lang/String;Ljava/lang/String;Ljava/lang/String;Ljava/lang/String;Ljava/lang/String;Ljava/lang/String;Ljava/lang/String;Ljava/lang/String;)Ljava/lang/String;.20] assertion: SUCCESS
[java::org.cprover.CProverString.format:(Ljava/lang/String;Ljava/lang/String;Ljava/lang/String;Ljava/lang/String;Ljava/lang/String;Ljava/lang/String;Ljava/lang/String;Ljava/lang/String;Ljava/lang/String;Ljava/lang/String;Ljava/lang/String;)Ljava/lang/String;.21] assertion: SUCCESS
[java::org.cprover.CProverString.format:(Ljava/lang/String;Ljava/lang/String;Ljava/lang/String;Ljava/lang/String;Ljava/lang/String;Ljava/lang/String;Ljava/lang/String;Ljava/lang/String;Ljava/lang/String;Ljava/lang/String;Ljava/lang/String;)Ljava/lang/String;.22] assertion: SUCCESS
[java::org.cprover.CProverString.format:(Ljava/lang/String;Ljava/lang/String;Ljava/lang/String;Ljava/lang/String;Ljava/lang/String;Ljava/lang/String;Ljava/lang/String;Ljava/lang/String;Ljava/lang/String;Ljava/lang/String;Ljava/lang/String;)Ljava/lang/String;.23] assertion: SUCCESS

function java::org.cprover.CProverString.toString:(F)Ljava/lang/String;
[java::org.cprover.CProverString.toString:(F)Ljava/lang/String;.1] assertion: SUCCESS
[java::org.cprover.CProverString.toString:(F)Ljava/lang/String;.2] assertion: SUCCESS
[java::org.cprover.CProverString.toString:(F)Ljava/lang/String;.3] assertion: SUCCESS
[java::org.cprover.CProverString.toString:(F)Ljava/lang/String;.4] assertion: SUCCESS
[java::org.cprover.CProverString.toString:(F)Ljava/lang/String;.5] assertion: SUCCESS
[java::org.cprover.CProverString.toString:(F)Ljava/lang/String;.6] assertion: SUCCESS
[java::org.cprover.CProverString.toString:(F)Ljava/lang/String;.7] assertion: SUCCESS
[java::org.cprover.CProverString.toString:(F)Ljava/lang/String;.8] assertion: SUCCESS
[java::org.cprover.CProverString.toString:(F)Ljava/lang/String;.9] assertion: SUCCESS

function java::org.cprover.CProverString.toString:(I)Ljava/lang/String;
[java::org.cprover.CProverString.toString:(I)Ljava/lang/String;.1] assertion: SUCCESS

function java::org.cprover.CProverString.toString:(J)Ljava/lang/String;
[java::org.cprover.CProverString.toString:(J)Ljava/lang/String;.1] assertion: SUCCESS

Nondet.java function java::Nondet.<clinit>:()V
[java::Nondet.<clinit>:()V.array-create-negative-size.1] line 65 Array size should be >= 0: SUCCESS
[java::Nondet.<clinit>:()V.array-create-negative-size.2] line 65 Array size should be >= 0: SUCCESS
[java::Nondet.<clinit>:()V.array-create-negative-size.3] line 65 Array size should be >= 0: SUCCESS
[java::Nondet.<clinit>:()V.array-create-negative-size.4] line 65 Array size should be >= 0: SUCCESS
[java::Nondet.<clinit>:()V.array-create-negative-size.5] line 65 Array size should be >= 0: SUCCESS
[java::Nondet.<clinit>:()V.array-create-negative-size.6] line 65 Array size should be >= 0: SUCCESS
[java::Nondet.<clinit>:()V.array-create-negative-size.7] line 65 Array size should be >= 0: SUCCESS
[java::Nondet.<clinit>:()V.array-create-negative-size.8] line 65 Array size should be >= 0: SUCCESS
[java::Nondet.<clinit>:()V.array-create-negative-size.9] line 65 Array size should be >= 0: SUCCESS
[java::Nondet.<clinit>:()V.array-create-negative-size.10] line 65 Array size should be >= 0: SUCCESS
[java::Nondet.<clinit>:()V.array-create-negative-size.11] line 65 Array size should be >= 0: SUCCESS
[java::Nondet.<clinit>:()V.array-create-negative-size.12] line 65 Array size should be >= 0: SUCCESS
[java::Nondet.<clinit>:()V.array-create-negative-size.13] line 65 Array size should be >= 0: SUCCESS
[java::Nondet.<clinit>:()V.array-index-out-of-bounds-high.1] line 65 Array index should be < length: SUCCESS
[java::Nondet.<clinit>:()V.array-index-out-of-bounds-high.2] line 65 Array index should be < length: SUCCESS
[java::Nondet.<clinit>:()V.array-index-out-of-bounds-high.3] line 65 Array index should be < length: SUCCESS
[java::Nondet.<clinit>:()V.array-index-out-of-bounds-high.4] line 65 Array index should be < length: SUCCESS
[java::Nondet.<clinit>:()V.array-index-out-of-bounds-high.5] line 65 Array index should be < length: SUCCESS
[java::Nondet.<clinit>:()V.array-index-out-of-bounds-high.6] line 65 Array index should be < length: SUCCESS
[java::Nondet.<clinit>:()V.array-index-out-of-bounds-high.7] line 65 Array index should be < length: SUCCESS
[java::Nondet.<clinit>:()V.array-index-out-of-bounds-high.8] line 65 Array index should be < length: SUCCESS
[java::Nondet.<clinit>:()V.array-index-out-of-bounds-high.9] line 65 Array index should be < length: SUCCESS
[java::Nondet.<clinit>:()V.array-index-out-of-bounds-high.10] line 65 Array index should be < length: SUCCESS
[java::Nondet.<clinit>:()V.array-index-out-of-bounds-high.11] line 65 Array index should be < length: SUCCESS
[java::Nondet.<clinit>:()V.array-index-out-of-bounds-high.12] line 65 Array index should be < length: SUCCESS
[java::Nondet.<clinit>:()V.array-index-out-of-bounds-high.13] line 65 Array index should be < length: SUCCESS
[java::Nondet.<clinit>:()V.array-index-out-of-bounds-high.14] line 65 Array index should be < length: SUCCESS
[java::Nondet.<clinit>:()V.array-index-out-of-bounds-high.15] line 65 Array index should be < length: SUCCESS
[java::Nondet.<clinit>:()V.array-index-out-of-bounds-high.16] line 65 Array index should be < length: SUCCESS
[java::Nondet.<clinit>:()V.array-index-out-of-bounds-high.17] line 65 Array index should be < length: SUCCESS
[java::Nondet.<clinit>:()V.array-index-out-of-bounds-high.18] line 65 Array index should be < length: SUCCESS
[java::Nondet.<clinit>:()V.array-index-out-of-bounds-high.19] line 65 Array index should be < length: SUCCESS
[java::Nondet.<clinit>:()V.array-index-out-of-bounds-high.20] line 65 Array index should be < length: SUCCESS
[java::Nondet.<clinit>:()V.array-index-out-of-bounds-high.21] line 65 Array index should be < length: SUCCESS
[java::Nondet.<clinit>:()V.array-index-out-of-bounds-high.22] line 65 Array index should be < length: SUCCESS
[java::Nondet.<clinit>:()V.array-index-out-of-bounds-high.23] line 65 Array index should be < length: SUCCESS
[java::Nondet.<clinit>:()V.array-index-out-of-bounds-high.24] line 65 Array index should be < length: SUCCESS
[java::Nondet.<clinit>:()V.array-index-out-of-bounds-high.25] line 65 Array index should be < length: SUCCESS
[java::Nondet.<clinit>:()V.array-index-out-of-bounds-high.26] line 65 Array index should be < length: SUCCESS
[java::Nondet.<clinit>:()V.array-index-out-of-bounds-high.27] line 65 Array index should be < length: SUCCESS
[java::Nondet.<clinit>:()V.array-index-out-of-bounds-low.1] line 65 Array index should be >= 0: SUCCESS
[java::Nondet.<clinit>:()V.array-index-out-of-bounds-low.2] line 65 Array index should be >= 0: SUCCESS
[java::Nondet.<clinit>:()V.array-index-out-of-bounds-low.3] line 65 Array index should be >= 0: SUCCESS
[java::Nondet.<clinit>:()V.array-index-out-of-bounds-low.4] line 65 Array index should be >= 0: SUCCESS
[java::Nondet.<clinit>:()V.array-index-out-of-bounds-low.5] line 65 Array index should be >= 0: SUCCESS
[java::Nondet.<clinit>:()V.array-index-out-of-bounds-low.6] line 65 Array index should be >= 0: SUCCESS
[java::Nondet.<clinit>:()V.array-index-out-of-bounds-low.7] line 65 Array index should be >= 0: SUCCESS
[java::Nondet.<clinit>:()V.array-index-out-of-bounds-low.8] line 65 Array index should be >= 0: SUCCESS
[java::Nondet.<clinit>:()V.array-index-out-of-bounds-low.9] line 65 Array index should be >= 0: SUCCESS
[java::Nondet.<clinit>:()V.array-index-out-of-bounds-low.10] line 65 Array index should be >= 0: SUCCESS
[java::Nondet.<clinit>:()V.array-index-out-of-bounds-low.11] line 65 Array index should be >= 0: SUCCESS
[java::Nondet.<clinit>:()V.array-index-out-of-bounds-low.12] line 65 Array index should be >= 0: SUCCESS
[java::Nondet.<clinit>:()V.array-index-out-of-bounds-low.13] line 65 Array index should be >= 0: SUCCESS
[java::Nondet.<clinit>:()V.array-index-out-of-bounds-low.14] line 65 Array index should be >= 0: SUCCESS
[java::Nondet.<clinit>:()V.array-index-out-of-bounds-low.15] line 65 Array index should be >= 0: SUCCESS
[java::Nondet.<clinit>:()V.array-index-out-of-bounds-low.16] line 65 Array index should be >= 0: SUCCESS
[java::Nondet.<clinit>:()V.array-index-out-of-bounds-low.17] line 65 Array index should be >= 0: SUCCESS
[java::Nondet.<clinit>:()V.array-index-out-of-bounds-low.18] line 65 Array index should be >= 0: SUCCESS
[java::Nondet.<clinit>:()V.array-index-out-of-bounds-low.19] line 65 Array index should be >= 0: SUCCESS
[java::Nondet.<clinit>:()V.array-index-out-of-bounds-low.20] line 65 Array index should be >= 0: SUCCESS
[java::Nondet.<clinit>:()V.array-index-out-of-bounds-low.21] line 65 Array index should be >= 0: SUCCESS
[java::Nondet.<clinit>:()V.array-index-out-of-bounds-low.22] line 65 Array index should be >= 0: SUCCESS
[java::Nondet.<clinit>:()V.array-index-out-of-bounds-low.23] line 65 Array index should be >= 0: SUCCESS
[java::Nondet.<clinit>:()V.array-index-out-of-bounds-low.24] line 65 Array index should be >= 0: SUCCESS
[java::Nondet.<clinit>:()V.array-index-out-of-bounds-low.25] line 65 Array index should be >= 0: SUCCESS
[java::Nondet.<clinit>:()V.array-index-out-of-bounds-low.26] line 65 Array index should be >= 0: SUCCESS
[java::Nondet.<clinit>:()V.array-index-out-of-bounds-low.27] line 65 Array index should be >= 0: SUCCESS
[java::Nondet.<clinit>:()V.null-pointer-exception.1] line 65 Null pointer check: SUCCESS
[java::Nondet.<clinit>:()V.null-pointer-exception.2] line 65 Null pointer check: SUCCESS
[java::Nondet.<clinit>:()V.null-pointer-exception.3] line 65 Null pointer check: SUCCESS
[java::Nondet.<clinit>:()V.null-pointer-exception.4] line 65 Null pointer check: SUCCESS
[java::Nondet.<clinit>:()V.null-pointer-exception.5] line 65 Null pointer check: SUCCESS
[java::Nondet.<clinit>:()V.null-pointer-exception.6] line 65 Null pointer check: SUCCESS
[java::Nondet.<clinit>:()V.null-pointer-exception.7] line 65 Null pointer check: SUCCESS
[java::Nondet.<clinit>:()V.null-pointer-exception.8] line 65 Null pointer check: SUCCESS
[java::Nondet.<clinit>:()V.null-pointer-exception.9] line 65 Null pointer check: SUCCESS
[java::Nondet.<clinit>:()V.null-pointer-exception.10] line 65 Null pointer check: SUCCESS
[java::Nondet.<clinit>:()V.null-pointer-exception.11] line 65 Null pointer check: SUCCESS
[java::Nondet.<clinit>:()V.null-pointer-exception.12] line 65 Null pointer check: SUCCESS
[java::Nondet.<clinit>:()V.null-pointer-exception.13] line 65 Null pointer check: SUCCESS
[java::Nondet.<clinit>:()V.null-pointer-exception.14] line 65 Null pointer check: SUCCESS
[java::Nondet.<clinit>:()V.null-pointer-exception.15] line 65 Null pointer check: SUCCESS
[java::Nondet.<clinit>:()V.null-pointer-exception.16] line 65 Null pointer check: SUCCESS
[java::Nondet.<clinit>:()V.null-pointer-exception.17] line 65 Null pointer check: SUCCESS
[java::Nondet.<clinit>:()V.null-pointer-exception.18] line 65 Null pointer check: SUCCESS
[java::Nondet.<clinit>:()V.null-pointer-exception.19] line 65 Null pointer check: SUCCESS
[java::Nondet.<clinit>:()V.null-pointer-exception.20] line 65 Null pointer check: SUCCESS
[java::Nondet.<clinit>:()V.null-pointer-exception.21] line 65 Null pointer check: SUCCESS
[java::Nondet.<clinit>:()V.null-pointer-exception.22] line 65 Null pointer check: SUCCESS
[java::Nondet.<clinit>:()V.null-pointer-exception.23] line 65 Null pointer check: SUCCESS
[java::Nondet.<clinit>:()V.null-pointer-exception.24] line 65 Null pointer check: SUCCESS
[java::Nondet.<clinit>:()V.null-pointer-exception.25] line 65 Null pointer check: SUCCESS
[java::Nondet.<clinit>:()V.null-pointer-exception.26] line 65 Null pointer check: SUCCESS
[java::Nondet.<clinit>:()V.null-pointer-exception.27] line 65 Null pointer check: SUCCESS
[java::Nondet.<clinit>:()V.array-create-negative-size.14] line 75 Array size should be >= 0: SUCCESS
[java::Nondet.<clinit>:()V.array-index-out-of-bounds-high.28] line 75 Array index should be < length: SUCCESS
[java::Nondet.<clinit>:()V.array-index-out-of-bounds-high.29] line 75 Array index should be < length: SUCCESS
[java::Nondet.<clinit>:()V.array-index-out-of-bounds-high.30] line 75 Array index should be < length: SUCCESS
[java::Nondet.<clinit>:()V.array-index-out-of-bounds-low.28] line 75 Array index should be >= 0: SUCCESS
[java::Nondet.<clinit>:()V.array-index-out-of-bounds-low.29] line 75 Array index should be >= 0: SUCCESS
[java::Nondet.<clinit>:()V.array-index-out-of-bounds-low.30] line 75 Array index should be >= 0: SUCCESS
[java::Nondet.<clinit>:()V.null-pointer-exception.28] line 75 Null pointer check: SUCCESS
[java::Nondet.<clinit>:()V.null-pointer-exception.29] line 75 Null pointer check: SUCCESS
[java::Nondet.<clinit>:()V.null-pointer-exception.30] line 75 Null pointer check: SUCCESS

Nondet.java function java::Nondet.bytes:(I)[B
[java::Nondet.bytes:(I)[B.array-create-negative-size.1] line 16 Array size should be >= 0: SUCCESS
[java::Nondet.bytes:(I)[B.array-index-out-of-bounds-high.1] line 18 Array index should be < length: SUCCESS
[java::Nondet.bytes:(I)[B.array-index-out-of-bounds-low.1] line 18 Array index should be >= 0: SUCCESS
[java::Nondet.bytes:(I)[B.null-pointer-exception.1] line 18 Null pointer check: SUCCESS

TrieSerializationHarness.java function java::TrieSerializationHarness.<clinit>:()V
[java::TrieSerializationHarness.<clinit>:()V.null-pointer-exception.1] line 12 Null pointer check: SUCCESS

TrieSerializationHarness.java function java::TrieSerializationHarness.hashChildNegative:()V
[java::TrieSerializationHarness.hashChildNegative:()V.1] line 88 no uncaught exception: SUCCESS
[java::TrieSerializationHarness.hashChildNegative:()V.array-index-out-of-bounds-high.1] line 89 Array index should be < length: SUCCESS
[java::TrieSerializationHarness.hashChildNegative:()V.array-index-out-of-bounds-high.2] line 89 Array index should be < length: SUCCESS
[java::TrieSerializationHarness.hashChildNegative:()V.array-index-out-of-bounds-low.1] line 89 Array index should be >= 0: SUCCESS
[java::TrieSerializationHarness.hashChildNegative:()V.array-index-out-of-bounds-low.2] line 89 Array index should be >= 0: SUCCESS
[java::TrieSerializationHarness.hashChildNegative:()V.null-pointer-exception.1] line 89 Null pointer check: SUCCESS
[java::TrieSerializationHarness.hashChildNegative:()V.null-pointer-exception.2] line 89 Null pointer check: SUCCESS
[java::TrieSerializationHarness.hashChildNegative:()V.null-pointer-exception.3] line 89 Null pointer check: SUCCESS
[java::TrieSerializationHarness.hashChildNegative:()V.null-pointer-exception.4] line 89 Null pointer check: SUCCESS
[java::TrieSerializationHarness.hashChildNegative:()V.null-pointer-exception.5] line 89 Null pointer check: SUCCESS
[java::TrieSerializationHarness.hashChildNegative:()V.array-index-out-of-bounds-high.3] line 90 Array index should be < length: SUCCESS
[java::TrieSerializationHarness.hashChildNegative:()V.array-index-out-of-bounds-high.4] line 90 Array index should be < length: SUCCESS
[java::TrieSerializationHarness.hashChildNegative:()V.array-index-out-of-bounds-low.3] line 90 Array index should be >= 0: SUCCESS
[java::TrieSerializationHarness.hashChildNegative:()V.array-index-out-of-bounds-low.4] line 90 Array index should be >= 0: SUCCESS
[java::TrieSerializationHarness.hashChildNegative:()V.null-pointer-exception.6] line 90 Null pointer check: SUCCESS
[java::TrieSerializationHarness.hashChildNegative:()V.null-pointer-exception.7] line 90 Null pointer check: SUCCESS
[java::TrieSerializationHarness.hashChildNegative:()V.null-pointer-exception.8] line 90 Null pointer check: SUCCESS
[java::TrieSerializationHarness.hashChildNegative:()V.null-pointer-exception.9] line 90 Null pointer check: SUCCESS
[java::TrieSerializationHarness.hashChildNegative:()V.null-pointer-exception.10] line 91 Null pointer check: SUCCESS
[java::TrieSerializationHarness.hashChildNegative:()V.assertion.1] line 92 assertion at file TrieSerializationHarness.java line 92 function java::TrieSerializationHarness.hashChildNegative:()V bytecode-index 56: FAILURE
[java::TrieSerializationHarness.hashChildNegative:()V.null-pointer-exception.11] line 92 Null pointer check: SUCCESS
[java::TrieSerializationHarness.hashChildNegative:()V.null-pointer-exception.12] line 92 Null pointer check: SUCCESS
[java::TrieSerializationHarness.hashChildNegative:()V.null-pointer-exception.13] line 92 Null pointer check: SUCCESS
[java::TrieSerializationHarness.hashChildNegative:()V.null-pointer-exception.14] line 92 Null pointer check: SUCCESS
[java::TrieSerializationHarness.hashChildNegative:()V.null-pointer-exception.19] line 92 Null pointer check: SUCCESS
[java::TrieSerializationHarness.hashChildNegative:()V.null-pointer-exception.15] line 93 Null pointer check: SUCCESS
[java::TrieSerializationHarness.hashChildNegative:()V.null-pointer-exception.16] line 93 Null pointer check: SUCCESS
[java::TrieSerializationHarness.hashChildNegative:()V.null-pointer-exception.17] line 93 Null pointer check: SUCCESS
[java::TrieSerializationHarness.hashChildNegative:()V.null-pointer-exception.18] line 93 Null pointer check: SUCCESS

co/rsk/bitcoinj/core/Utils.java function java::co.rsk.bitcoinj.core.Utils.readInt64:([BI)J
[java::co.rsk.bitcoinj.core.Utils.readInt64:([BI)J.array-index-out-of-bounds-high.1] line 255 Array index should be < length: SUCCESS
[java::co.rsk.bitcoinj.core.Utils.readInt64:([BI)J.array-index-out-of-bounds-high.2] line 255 Array index should be < length: SUCCESS
[java::co.rsk.bitcoinj.core.Utils.readInt64:([BI)J.array-index-out-of-bounds-high.3] line 255 Array index should be < length: SUCCESS
[java::co.rsk.bitcoinj.core.Utils.readInt64:([BI)J.array-index-out-of-bounds-high.4] line 255 Array index should be < length: SUCCESS
[java::co.rsk.bitcoinj.core.Utils.readInt64:([BI)J.array-index-out-of-bounds-high.5] line 255 Array index should be < length: SUCCESS
[java::co.rsk.bitcoinj.core.Utils.readInt64:([BI)J.array-index-out-of-bounds-high.6] line 255 Array index should be < length: SUCCESS
[java::co.rsk.bitcoinj.core.Utils.readInt64:([BI)J.array-index-out-of-bounds-high.7] line 255 Array index should be < length: SUCCESS
[java::co.rsk.bitcoinj.core.Utils.readInt64:([BI)J.array-index-out-of-bounds-high.8] line 255 Array index should be < length: SUCCESS
[java::co.rsk.bitcoinj.core.Utils.readInt64:([BI)J.array-index-out-of-bounds-low.1] line 255 Array index should be >= 0: SUCCESS
[java::co.rsk.bitcoinj.core.Utils.readInt64:([BI)J.array-index-out-of-bounds-low.2] line 255 Array index should be >= 0: SUCCESS
[java::co.rsk.bitcoinj.core.Utils.readInt64:([BI)J.array-index-out-of-bounds-low.3] line 255 Array index should be >= 0: SUCCESS
[java::co.rsk.bitcoinj.core.Utils.readInt64:([BI)J.array-index-out-of-bounds-low.4] line 255 Array index should be >= 0: SUCCESS
[java::co.rsk.bitcoinj.core.Utils.readInt64:([BI)J.array-index-out-of-bounds-low.5] line 255 Array index should be >= 0: SUCCESS
[java::co.rsk.bitcoinj.core.Utils.readInt64:([BI)J.array-index-out-of-bounds-low.6] line 255 Array index should be >= 0: SUCCESS
[java::co.rsk.bitcoinj.core.Utils.readInt64:([BI)J.array-index-out-of-bounds-low.7] line 255 Array index should be >= 0: SUCCESS
[java::co.rsk.bitcoinj.core.Utils.readInt64:([BI)J.array-index-out-of-bounds-low.8] line 255 Array index should be >= 0: SUCCESS
[java::co.rsk.bitcoinj.core.Utils.readInt64:([BI)J.null-pointer-exception.1] line 255 Null pointer check: SUCCESS
[java::co.rsk.bitcoinj.core.Utils.readInt64:([BI)J.null-pointer-exception.2] line 255 Null pointer check: SUCCESS
[java::co.rsk.bitcoinj.core.Utils.readInt64:([BI)J.null-pointer-exception.3] line 255 Null pointer check: SUCCESS
[java::co.rsk.bitcoinj.core.Utils.readInt64:([BI)J.null-pointer-exception.4] line 255 Null pointer check: SUCCESS
[java::co.rsk.bitcoinj.core.Utils.readInt64:([BI)J.null-pointer-exception.5] line 255 Null pointer check: SUCCESS
[java::co.rsk.bitcoinj.core.Utils.readInt64:([BI)J.null-pointer-exception.6] line 255 Null pointer check: SUCCESS
[java::co.rsk.bitcoinj.core.Utils.readInt64:([BI)J.null-pointer-exception.7] line 255 Null pointer check: SUCCESS
[java::co.rsk.bitcoinj.core.Utils.readInt64:([BI)J.null-pointer-exception.8] line 255 Null pointer check: SUCCESS

co/rsk/bitcoinj/core/Utils.java function java::co.rsk.bitcoinj.core.Utils.readUint32:([BI)J
[java::co.rsk.bitcoinj.core.Utils.readUint32:([BI)J.array-index-out-of-bounds-high.1] line 247 Array index should be < length: SUCCESS
[java::co.rsk.bitcoinj.core.Utils.readUint32:([BI)J.array-index-out-of-bounds-high.2] line 247 Array index should be < length: SUCCESS
[java::co.rsk.bitcoinj.core.Utils.readUint32:([BI)J.array-index-out-of-bounds-high.3] line 247 Array index should be < length: SUCCESS
[java::co.rsk.bitcoinj.core.Utils.readUint32:([BI)J.array-index-out-of-bounds-high.4] line 247 Array index should be < length: SUCCESS
[java::co.rsk.bitcoinj.core.Utils.readUint32:([BI)J.array-index-out-of-bounds-low.1] line 247 Array index should be >= 0: SUCCESS
[java::co.rsk.bitcoinj.core.Utils.readUint32:([BI)J.array-index-out-of-bounds-low.2] line 247 Array index should be >= 0: SUCCESS
[java::co.rsk.bitcoinj.core.Utils.readUint32:([BI)J.array-index-out-of-bounds-low.3] line 247 Array index should be >= 0: SUCCESS
[java::co.rsk.bitcoinj.core.Utils.readUint32:([BI)J.array-index-out-of-bounds-low.4] line 247 Array index should be >= 0: SUCCESS
[java::co.rsk.bitcoinj.core.Utils.readUint32:([BI)J.null-pointer-exception.1] line 247 Null pointer check: SUCCESS
[java::co.rsk.bitcoinj.core.Utils.readUint32:([BI)J.null-pointer-exception.2] line 247 Null pointer check: SUCCESS
[java::co.rsk.bitcoinj.core.Utils.readUint32:([BI)J.null-pointer-exception.3] line 247 Null pointer check: SUCCESS
[java::co.rsk.bitcoinj.core.Utils.readUint32:([BI)J.null-pointer-exception.4] line 247 Null pointer check: SUCCESS

co/rsk/bitcoinj/core/Utils.java function java::co.rsk.bitcoinj.core.Utils.uint32ToByteArrayLE:(J[BI)V
[java::co.rsk.bitcoinj.core.Utils.uint32ToByteArrayLE:(J[BI)V.array-index-out-of-bounds-high.1] line 143 Array index should be < length: SUCCESS
[java::co.rsk.bitcoinj.core.Utils.uint32ToByteArrayLE:(J[BI)V.array-index-out-of-bounds-low.1] line 143 Array index should be >= 0: SUCCESS
[java::co.rsk.bitcoinj.core.Utils.uint32ToByteArrayLE:(J[BI)V.null-pointer-exception.1] line 143 Null pointer check: SUCCESS
[java::co.rsk.bitcoinj.core.Utils.uint32ToByteArrayLE:(J[BI)V.array-index-out-of-bounds-high.2] line 144 Array index should be < length: SUCCESS
[java::co.rsk.bitcoinj.core.Utils.uint32ToByteArrayLE:(J[BI)V.array-index-out-of-bounds-low.2] line 144 Array index should be >= 0: SUCCESS
[java::co.rsk.bitcoinj.core.Utils.uint32ToByteArrayLE:(J[BI)V.null-pointer-exception.2] line 144 Null pointer check: SUCCESS
[java::co.rsk.bitcoinj.core.Utils.uint32ToByteArrayLE:(J[BI)V.array-index-out-of-bounds-high.3] line 145 Array index should be < length: SUCCESS
[java::co.rsk.bitcoinj.core.Utils.uint32ToByteArrayLE:(J[BI)V.array-index-out-of-bounds-low.3] line 145 Array index should be >= 0: SUCCESS
[java::co.rsk.bitcoinj.core.Utils.uint32ToByteArrayLE:(J[BI)V.null-pointer-exception.3] line 145 Null pointer check: SUCCESS
[java::co.rsk.bitcoinj.core.Utils.uint32ToByteArrayLE:(J[BI)V.array-index-out-of-bounds-high.4] line 146 Array index should be < length: SUCCESS
[java::co.rsk.bitcoinj.core.Utils.uint32ToByteArrayLE:(J[BI)V.array-index-out-of-bounds-low.4] line 146 Array index should be >= 0: SUCCESS
[java::co.rsk.bitcoinj.core.Utils.uint32ToByteArrayLE:(J[BI)V.null-pointer-exception.4] line 146 Null pointer check: SUCCESS

co/rsk/bitcoinj/core/Utils.java function java::co.rsk.bitcoinj.core.Utils.uint64ToByteArrayLE:(J[BI)V
[java::co.rsk.bitcoinj.core.Utils.uint64ToByteArrayLE:(J[BI)V.array-index-out-of-bounds-high.1] line 150 Array index should be < length: SUCCESS
[java::co.rsk.bitcoinj.core.Utils.uint64ToByteArrayLE:(J[BI)V.array-index-out-of-bounds-low.1] line 150 Array index should be >= 0: SUCCESS
[java::co.rsk.bitcoinj.core.Utils.uint64ToByteArrayLE:(J[BI)V.null-pointer-exception.1] line 150 Null pointer check: SUCCESS
[java::co.rsk.bitcoinj.core.Utils.uint64ToByteArrayLE:(J[BI)V.array-index-out-of-bounds-high.2] line 151 Array index should be < length: SUCCESS
[java::co.rsk.bitcoinj.core.Utils.uint64ToByteArrayLE:(J[BI)V.array-index-out-of-bounds-low.2] line 151 Array index should be >= 0: SUCCESS
[java::co.rsk.bitcoinj.core.Utils.uint64ToByteArrayLE:(J[BI)V.null-pointer-exception.2] line 151 Null pointer check: SUCCESS
[java::co.rsk.bitcoinj.core.Utils.uint64ToByteArrayLE:(J[BI)V.array-index-out-of-bounds-high.3] line 152 Array index should be < length: SUCCESS
[java::co.rsk.bitcoinj.core.Utils.uint64ToByteArrayLE:(J[BI)V.array-index-out-of-bounds-low.3] line 152 Array index should be >= 0: SUCCESS
[java::co.rsk.bitcoinj.core.Utils.uint64ToByteArrayLE:(J[BI)V.null-pointer-exception.3] line 152 Null pointer check: SUCCESS
[java::co.rsk.bitcoinj.core.Utils.uint64ToByteArrayLE:(J[BI)V.array-index-out-of-bounds-high.4] line 153 Array index should be < length: SUCCESS
[java::co.rsk.bitcoinj.core.Utils.uint64ToByteArrayLE:(J[BI)V.array-index-out-of-bounds-low.4] line 153 Array index should be >= 0: SUCCESS
[java::co.rsk.bitcoinj.core.Utils.uint64ToByteArrayLE:(J[BI)V.null-pointer-exception.4] line 153 Null pointer check: SUCCESS
[java::co.rsk.bitcoinj.core.Utils.uint64ToByteArrayLE:(J[BI)V.array-index-out-of-bounds-high.5] line 154 Array index should be < length: SUCCESS
[java::co.rsk.bitcoinj.core.Utils.uint64ToByteArrayLE:(J[BI)V.array-index-out-of-bounds-low.5] line 154 Array index should be >= 0: SUCCESS
[java::co.rsk.bitcoinj.core.Utils.uint64ToByteArrayLE:(J[BI)V.null-pointer-exception.5] line 154 Null pointer check: SUCCESS
[java::co.rsk.bitcoinj.core.Utils.uint64ToByteArrayLE:(J[BI)V.array-index-out-of-bounds-high.6] line 155 Array index should be < length: SUCCESS
[java::co.rsk.bitcoinj.core.Utils.uint64ToByteArrayLE:(J[BI)V.array-index-out-of-bounds-low.6] line 155 Array index should be >= 0: SUCCESS
[java::co.rsk.bitcoinj.core.Utils.uint64ToByteArrayLE:(J[BI)V.null-pointer-exception.6] line 155 Null pointer check: SUCCESS
[java::co.rsk.bitcoinj.core.Utils.uint64ToByteArrayLE:(J[BI)V.array-index-out-of-bounds-high.7] line 156 Array index should be < length: SUCCESS
[java::co.rsk.bitcoinj.core.Utils.uint64ToByteArrayLE:(J[BI)V.array-index-out-of-bounds-low.7] line 156 Array index should be >= 0: SUCCESS
[java::co.rsk.bitcoinj.core.Utils.uint64ToByteArrayLE:(J[BI)V.null-pointer-exception.7] line 156 Null pointer check: SUCCESS
[java::co.rsk.bitcoinj.core.Utils.uint64ToByteArrayLE:(J[BI)V.array-index-out-of-bounds-high.8] line 157 Array index should be < length: SUCCESS
[java::co.rsk.bitcoinj.core.Utils.uint64ToByteArrayLE:(J[BI)V.array-index-out-of-bounds-low.8] line 157 Array index should be >= 0: SUCCESS
[java::co.rsk.bitcoinj.core.Utils.uint64ToByteArrayLE:(J[BI)V.null-pointer-exception.8] line 157 Null pointer check: SUCCESS

co/rsk/bitcoinj/core/VarInt.java function java::co.rsk.bitcoinj.core.VarInt.<init>:(J)V
[java::co.rsk.bitcoinj.core.VarInt.<init>:(J)V.null-pointer-exception.1] line 31 Null pointer check: SUCCESS
[java::co.rsk.bitcoinj.core.VarInt.<init>:(J)V.null-pointer-exception.2] line 32 Null pointer check: SUCCESS
[java::co.rsk.bitcoinj.core.VarInt.<init>:(J)V.null-pointer-exception.3] line 33 Null pointer check: SUCCESS
[java::co.rsk.bitcoinj.core.VarInt.<init>:(J)V.null-pointer-exception.4] line 33 Null pointer check: SUCCESS

co/rsk/bitcoinj/core/VarInt.java function java::co.rsk.bitcoinj.core.VarInt.<init>:([BI)V
[java::co.rsk.bitcoinj.core.VarInt.<init>:([BI)V.null-pointer-exception.1] line 42 Null pointer check: SUCCESS
[java::co.rsk.bitcoinj.core.VarInt.<init>:([BI)V.array-index-out-of-bounds-high.1] line 43 Array index should be < length: SUCCESS
[java::co.rsk.bitcoinj.core.VarInt.<init>:([BI)V.array-index-out-of-bounds-low.1] line 43 Array index should be >= 0: SUCCESS
[java::co.rsk.bitcoinj.core.VarInt.<init>:([BI)V.null-pointer-exception.2] line 43 Null pointer check: SUCCESS
[java::co.rsk.bitcoinj.core.VarInt.<init>:([BI)V.null-pointer-exception.3] line 45 Null pointer check: SUCCESS
[java::co.rsk.bitcoinj.core.VarInt.<init>:([BI)V.null-pointer-exception.4] line 46 Null pointer check: SUCCESS
[java::co.rsk.bitcoinj.core.VarInt.<init>:([BI)V.array-index-out-of-bounds-high.2] line 48 Array index should be < length: SUCCESS
[java::co.rsk.bitcoinj.core.VarInt.<init>:([BI)V.array-index-out-of-bounds-high.3] line 48 Array index should be < length: SUCCESS
[java::co.rsk.bitcoinj.core.VarInt.<init>:([BI)V.array-index-out-of-bounds-low.2] line 48 Array index should be >= 0: SUCCESS
[java::co.rsk.bitcoinj.core.VarInt.<init>:([BI)V.array-index-out-of-bounds-low.3] line 48 Array index should be >= 0: SUCCESS
[java::co.rsk.bitcoinj.core.VarInt.<init>:([BI)V.null-pointer-exception.5] line 48 Null pointer check: SUCCESS
[java::co.rsk.bitcoinj.core.VarInt.<init>:([BI)V.null-pointer-exception.6] line 48 Null pointer check: SUCCESS
[java::co.rsk.bitcoinj.core.VarInt.<init>:([BI)V.null-pointer-exception.7] line 48 Null pointer check: SUCCESS
[java::co.rsk.bitcoinj.core.VarInt.<init>:([BI)V.null-pointer-exception.8] line 49 Null pointer check: SUCCESS
[java::co.rsk.bitcoinj.core.VarInt.<init>:([BI)V.null-pointer-exception.9] line 51 Null pointer check: SUCCESS
[java::co.rsk.bitcoinj.core.VarInt.<init>:([BI)V.null-pointer-exception.10] line 52 Null pointer check: SUCCESS
[java::co.rsk.bitcoinj.core.VarInt.<init>:([BI)V.null-pointer-exception.11] line 54 Null pointer check: SUCCESS
[java::co.rsk.bitcoinj.core.VarInt.<init>:([BI)V.null-pointer-exception.12] line 55 Null pointer check: SUCCESS

co/rsk/bitcoinj/core/VarInt.java function java::co.rsk.bitcoinj.core.VarInt.encode:()[B
[java::co.rsk.bitcoinj.core.VarInt.encode:()[B.null-pointer-exception.1] line 95 Null pointer check: SUCCESS
[java::co.rsk.bitcoinj.core.VarInt.encode:()[B.array-create-negative-size.1] line 97 Array size should be >= 0: SUCCESS
[java::co.rsk.bitcoinj.core.VarInt.encode:()[B.array-index-out-of-bounds-high.1] line 97 Array index should be < length: SUCCESS
[java::co.rsk.bitcoinj.core.VarInt.encode:()[B.array-index-out-of-bounds-low.1] line 97 Array index should be >= 0: SUCCESS
[java::co.rsk.bitcoinj.core.VarInt.encode:()[B.null-pointer-exception.2] line 97 Null pointer check: SUCCESS
[java::co.rsk.bitcoinj.core.VarInt.encode:()[B.null-pointer-exception.3] line 97 Null pointer check: SUCCESS
[java::co.rsk.bitcoinj.core.VarInt.encode:()[B.array-create-negative-size.2] line 99 Array size should be >= 0: SUCCESS
[java::co.rsk.bitcoinj.core.VarInt.encode:()[B.array-index-out-of-bounds-high.2] line 99 Array index should be < length: SUCCESS
[java::co.rsk.bitcoinj.core.VarInt.encode:()[B.array-index-out-of-bounds-high.3] line 99 Array index should be < length: SUCCESS
[java::co.rsk.bitcoinj.core.VarInt.encode:()[B.array-index-out-of-bounds-high.4] line 99 Array index should be < length: SUCCESS
[java::co.rsk.bitcoinj.core.VarInt.encode:()[B.array-index-out-of-bounds-low.2] line 99 Array index should be >= 0: SUCCESS
[java::co.rsk.bitcoinj.core.VarInt.encode:()[B.array-index-out-of-bounds-low.3] line 99 Array index should be >= 0: SUCCESS
[java::co.rsk.bitcoinj.core.VarInt.encode:()[B.array-index-out-of-bounds-low.4] line 99 Array index should be >= 0: SUCCESS
[java::co.rsk.bitcoinj.core.VarInt.encode:()[B.null-pointer-exception.4] line 99 Null pointer check: SUCCESS
[java::co.rsk.bitcoinj.core.VarInt.encode:()[B.null-pointer-exception.5] line 99 Null pointer check: SUCCESS
[java::co.rsk.bitcoinj.core.VarInt.encode:()[B.null-pointer-exception.6] line 99 Null pointer check: SUCCESS
[java::co.rsk.bitcoinj.core.VarInt.encode:()[B.null-pointer-exception.7] line 99 Null pointer check: SUCCESS
[java::co.rsk.bitcoinj.core.VarInt.encode:()[B.null-pointer-exception.8] line 99 Null pointer check: SUCCESS
[java::co.rsk.bitcoinj.core.VarInt.encode:()[B.array-create-negative-size.3] line 101 Array size should be >= 0: SUCCESS
[java::co.rsk.bitcoinj.core.VarInt.encode:()[B.array-index-out-of-bounds-high.5] line 102 Array index should be < length: SUCCESS
[java::co.rsk.bitcoinj.core.VarInt.encode:()[B.array-index-out-of-bounds-low.5] line 102 Array index should be >= 0: SUCCESS
[java::co.rsk.bitcoinj.core.VarInt.encode:()[B.null-pointer-exception.9] line 102 Null pointer check: SUCCESS
[java::co.rsk.bitcoinj.core.VarInt.encode:()[B.null-pointer-exception.10] line 103 Null pointer check: SUCCESS
[java::co.rsk.bitcoinj.core.VarInt.encode:()[B.array-create-negative-size.4] line 106 Array size should be >= 0: SUCCESS
[java::co.rsk.bitcoinj.core.VarInt.encode:()[B.array-index-out-of-bounds-high.6] line 107 Array index should be < length: SUCCESS
[java::co.rsk.bitcoinj.core.VarInt.encode:()[B.array-index-out-of-bounds-low.6] line 107 Array index should be >= 0: SUCCESS
[java::co.rsk.bitcoinj.core.VarInt.encode:()[B.null-pointer-exception.11] line 107 Null pointer check: SUCCESS
[java::co.rsk.bitcoinj.core.VarInt.encode:()[B.null-pointer-exception.12] line 108 Null pointer check: SUCCESS

co/rsk/bitcoinj/core/VarInt.java function java::co.rsk.bitcoinj.core.VarInt.getSizeInBytes:()I
[java::co.rsk.bitcoinj.core.VarInt.getSizeInBytes:()I.null-pointer-exception.1] line 71 Null pointer check: SUCCESS

co/rsk/core/types/bytes/Bytes.java function java::co.rsk.core.types.bytes.Bytes.of:([B)Lco/rsk/core/types/bytes/Bytes;
[java::co.rsk.core.types.bytes.Bytes.of:([B)Lco/rsk/core/types/bytes/Bytes;.null-pointer-exception.1] line 58 Null pointer check: SUCCESS

co/rsk/core/types/bytes/Bytes.java function java::co.rsk.core.types.bytes.BytesImpl.<init>:([B)V
[java::co.rsk.core.types.bytes.BytesImpl.<init>:([B)V.null-pointer-exception.1] line 151 Null pointer check: SUCCESS
[java::co.rsk.core.types.bytes.BytesImpl.<init>:([B)V.bad-dynamic-cast.1] line 152 Dynamic cast check: SUCCESS
[java::co.rsk.core.types.bytes.BytesImpl.<init>:([B)V.null-pointer-exception.2] line 152 Null pointer check: SUCCESS

co/rsk/core/types/bytes/Bytes.java function java::co.rsk.core.types.bytes.BytesImpl.byteAt:(I)B
[java::co.rsk.core.types.bytes.BytesImpl.byteAt:(I)B.array-index-out-of-bounds-high.1] line 162 Array index should be < length: SUCCESS
[java::co.rsk.core.types.bytes.BytesImpl.byteAt:(I)B.array-index-out-of-bounds-low.1] line 162 Array index should be >= 0: SUCCESS
[java::co.rsk.core.types.bytes.BytesImpl.byteAt:(I)B.null-pointer-exception.1] line 162 Null pointer check: SUCCESS
[java::co.rsk.core.types.bytes.BytesImpl.byteAt:(I)B.null-pointer-exception.2] line 162 Null pointer check: SUCCESS

co/rsk/core/types/bytes/Bytes.java function java::co.rsk.core.types.bytes.BytesImpl.length:()I
[java::co.rsk.core.types.bytes.BytesImpl.length:()I.null-pointer-exception.1] line 157 Null pointer check: SUCCESS
[java::co.rsk.core.types.bytes.BytesImpl.length:()I.null-pointer-exception.2] line 157 Null pointer check: SUCCESS

co/rsk/core/types/bytes/Bytes.java function java::co.rsk.core.types.bytes.BytesImpl.toString:()Ljava/lang/String;
[java::co.rsk.core.types.bytes.BytesImpl.toString:()Ljava/lang/String;.null-pointer-exception.1] line 178 Null pointer check: SUCCESS

co/rsk/core/types/bytes/HexPrintableBytes.java function java::co.rsk.core.types.bytes.HexPrintableBytes.<clinit>:()V
[java::co.rsk.core.types.bytes.HexPrintableBytes.<clinit>:()V.null-pointer-exception.1] line 33 Null pointer check: SUCCESS
[java::co.rsk.core.types.bytes.HexPrintableBytes.<clinit>:()V.null-pointer-exception.2] line 34 Null pointer check: SUCCESS

co/rsk/core/types/bytes/HexPrintableBytes.java function java::co.rsk.core.types.bytes.HexPrintableBytes.toHexString:(II)Ljava/lang/String;
[java::co.rsk.core.types.bytes.HexPrintableBytes.toHexString:(II)Ljava/lang/String;.null-pointer-exception.1] line 68 Null pointer check: SUCCESS

co/rsk/core/types/bytes/HexPrintableBytes.java function java::co.rsk.core.types.bytes.HexPrintableBytes.toHexStringV2:(II)Ljava/lang/String;
[java::co.rsk.core.types.bytes.HexPrintableBytes.toHexStringV2:(II)Ljava/lang/String;.null-pointer-exception.1] line 89 Null pointer check: SUCCESS
[java::co.rsk.core.types.bytes.HexPrintableBytes.toHexStringV2:(II)Ljava/lang/String;.null-pointer-exception.2] line 90 Null pointer check: SUCCESS
[java::co.rsk.core.types.bytes.HexPrintableBytes.toHexStringV2:(II)Ljava/lang/String;.null-pointer-exception.3] line 90 Null pointer check: SUCCESS
[java::co.rsk.core.types.bytes.HexPrintableBytes.toHexStringV2:(II)Ljava/lang/String;.null-pointer-exception.4] line 94 Null pointer check: SUCCESS
[java::co.rsk.core.types.bytes.HexPrintableBytes.toHexStringV2:(II)Ljava/lang/String;.null-pointer-exception.5] line 96 Null pointer check: SUCCESS
[java::co.rsk.core.types.bytes.HexPrintableBytes.toHexStringV2:(II)Ljava/lang/String;.null-pointer-exception.6] line 97 Null pointer check: SUCCESS
[java::co.rsk.core.types.bytes.HexPrintableBytes.toHexStringV2:(II)Ljava/lang/String;.null-pointer-exception.7] line 98 Null pointer check: SUCCESS
[java::co.rsk.core.types.bytes.HexPrintableBytes.toHexStringV2:(II)Ljava/lang/String;.null-pointer-exception.8] line 100 Null pointer check: SUCCESS

co/rsk/core/types/bytes/HexPrintableBytes.java function java::co.rsk.core.types.bytes.HexPrintableBytes.toPrintableString:()Ljava/lang/String;
[java::co.rsk.core.types.bytes.HexPrintableBytes.toPrintableString:()Ljava/lang/String;.null-pointer-exception.1] line 60 Null pointer check: SUCCESS

co/rsk/core/types/bytes/HexPrintableBytes.java function java::co.rsk.core.types.bytes.HexPrintableBytes.toPrintableString:(Lco/rsk/core/types/bytes/PrintableBytes$Formatter;)Ljava/lang/String;
[java::co.rsk.core.types.bytes.HexPrintableBytes.toPrintableString:(Lco/rsk/core/types/bytes/PrintableBytes$Formatter;)Ljava/lang/String;.null-pointer-exception.1] line 55 Null pointer check: SUCCESS
[java::co.rsk.core.types.bytes.HexPrintableBytes.toPrintableString:(Lco/rsk/core/types/bytes/PrintableBytes$Formatter;)Ljava/lang/String;.null-pointer-exception.2] line 55 Null pointer check: SUCCESS

co/rsk/core/types/bytes/HexPrintableBytes.java function java::co.rsk.core.types.bytes.HexPrintableBytes.toPrintableString:(Lco/rsk/core/types/bytes/PrintableBytes$Formatter;II)Ljava/lang/String;
[java::co.rsk.core.types.bytes.HexPrintableBytes.toPrintableString:(Lco/rsk/core/types/bytes/PrintableBytes$Formatter;II)Ljava/lang/String;.null-pointer-exception.1] line 51 Null pointer check: SUCCESS

co/rsk/core/types/bytes/HexPrintableBytes.java function java::co.rsk.core.types.bytes.PrintableBytesHexFormatter.<init>:()V
[java::co.rsk.core.types.bytes.PrintableBytesHexFormatter.<init>:()V.null-pointer-exception.1] line 104 Null pointer check: SUCCESS

co/rsk/core/types/bytes/HexPrintableBytes.java function java::co.rsk.core.types.bytes.PrintableBytesHexFormatter.toFormattedString:(Lco/rsk/core/types/bytes/HexPrintableBytes;II)Ljava/lang/String;
[java::co.rsk.core.types.bytes.PrintableBytesHexFormatter.toFormattedString:(Lco/rsk/core/types/bytes/HexPrintableBytes;II)Ljava/lang/String;.bad-dynamic-cast.1] line 108 Dynamic cast check: SUCCESS
[java::co.rsk.core.types.bytes.PrintableBytesHexFormatter.toFormattedString:(Lco/rsk/core/types/bytes/HexPrintableBytes;II)Ljava/lang/String;.null-pointer-exception.1] line 108 Null pointer check: SUCCESS
[java::co.rsk.core.types.bytes.PrintableBytesHexFormatter.toFormattedString:(Lco/rsk/core/types/bytes/HexPrintableBytes;II)Ljava/lang/String;.null-pointer-exception.2] line 110 Null pointer check: SUCCESS
[java::co.rsk.core.types.bytes.PrintableBytesHexFormatter.toFormattedString:(Lco/rsk/core/types/bytes/HexPrintableBytes;II)Ljava/lang/String;.null-pointer-exception.3] line 110 Null pointer check: SUCCESS
[java::co.rsk.core.types.bytes.PrintableBytesHexFormatter.toFormattedString:(Lco/rsk/core/types/bytes/HexPrintableBytes;II)Ljava/lang/String;.null-pointer-exception.4] line 114 Null pointer check: SUCCESS
[java::co.rsk.core.types.bytes.PrintableBytesHexFormatter.toFormattedString:(Lco/rsk/core/types/bytes/HexPrintableBytes;II)Ljava/lang/String;.null-pointer-exception.5] line 114 Null pointer check: SUCCESS
[java::co.rsk.core.types.bytes.PrintableBytesHexFormatter.toFormattedString:(Lco/rsk/core/types/bytes/HexPrintableBytes;II)Ljava/lang/String;.null-pointer-exception.6] line 116 Null pointer check: SUCCESS

co/rsk/core/types/bytes/HexPrintableBytes.java function java::co.rsk.core.types.bytes.PrintableBytesHexFormatter.toFormattedString:(Lco/rsk/core/types/bytes/PrintableBytes;II)Ljava/lang/String;
[java::co.rsk.core.types.bytes.PrintableBytesHexFormatter.toFormattedString:(Lco/rsk/core/types/bytes/PrintableBytes;II)Ljava/lang/String;.bad-dynamic-cast.1] line 104 Dynamic cast check: SUCCESS
[java::co.rsk.core.types.bytes.PrintableBytesHexFormatter.toFormattedString:(Lco/rsk/core/types/bytes/PrintableBytes;II)Ljava/lang/String;.null-pointer-exception.1] line 104 Null pointer check: SUCCESS

co/rsk/core/types/bytes/HexPrintableBytes.java function java::co.rsk.core.types.bytes.PrintableBytesJsonHexFormatter.<init>:()V
[java::co.rsk.core.types.bytes.PrintableBytesJsonHexFormatter.<init>:()V.null-pointer-exception.1] line 120 Null pointer check: SUCCESS

co/rsk/core/types/bytes/HexPrintableBytes.java function java::co.rsk.core.types.bytes.PrintableBytesJsonHexFormatter.toFormattedString:(Lco/rsk/core/types/bytes/HexPrintableBytes;II)Ljava/lang/String;
[java::co.rsk.core.types.bytes.PrintableBytesJsonHexFormatter.toFormattedString:(Lco/rsk/core/types/bytes/HexPrintableBytes;II)Ljava/lang/String;.null-pointer-exception.1] line 124 Null pointer check: SUCCESS

co/rsk/core/types/bytes/HexPrintableBytes.java function java::co.rsk.core.types.bytes.PrintableBytesJsonHexFormatter.toFormattedString:(Lco/rsk/core/types/bytes/PrintableBytes;II)Ljava/lang/String;
[java::co.rsk.core.types.bytes.PrintableBytesJsonHexFormatter.toFormattedString:(Lco/rsk/core/types/bytes/PrintableBytes;II)Ljava/lang/String;.bad-dynamic-cast.1] line 120 Dynamic cast check: SUCCESS
[java::co.rsk.core.types.bytes.PrintableBytesJsonHexFormatter.toFormattedString:(Lco/rsk/core/types/bytes/PrintableBytes;II)Ljava/lang/String;.null-pointer-exception.1] line 120 Null pointer check: SUCCESS

co/rsk/core/types/ints/Uint16.java function java::co.rsk.core.types.ints.Uint16.decodeToInt:([BI)I
[java::co.rsk.core.types.ints.Uint16.decodeToInt:([BI)I.array-index-out-of-bounds-high.1] line 30 Array index should be < length: SUCCESS
[java::co.rsk.core.types.ints.Uint16.decodeToInt:([BI)I.array-index-out-of-bounds-high.2] line 30 Array index should be < length: SUCCESS
[java::co.rsk.core.types.ints.Uint16.decodeToInt:([BI)I.array-index-out-of-bounds-low.1] line 30 Array index should be >= 0: SUCCESS
[java::co.rsk.core.types.ints.Uint16.decodeToInt:([BI)I.array-index-out-of-bounds-low.2] line 30 Array index should be >= 0: SUCCESS
[java::co.rsk.core.types.ints.Uint16.decodeToInt:([BI)I.null-pointer-exception.1] line 30 Null pointer check: SUCCESS
[java::co.rsk.core.types.ints.Uint16.decodeToInt:([BI)I.null-pointer-exception.2] line 30 Null pointer check: SUCCESS

co/rsk/core/types/ints/Uint24.java function java::co.rsk.core.types.ints.Uint24.<clinit>:()V
[java::co.rsk.core.types.ints.Uint24.<clinit>:()V.null-pointer-exception.1] line 25 Null pointer check: SUCCESS
[java::co.rsk.core.types.ints.Uint24.<clinit>:()V.null-pointer-exception.2] line 26 Null pointer check: SUCCESS

co/rsk/core/types/ints/Uint24.java function java::co.rsk.core.types.ints.Uint24.<init>:(I)V
[java::co.rsk.core.types.ints.Uint24.<init>:(I)V.null-pointer-exception.1] line 30 Null pointer check: SUCCESS
[java::co.rsk.core.types.ints.Uint24.<init>:(I)V.null-pointer-exception.2] line 32 Null pointer check: SUCCESS
[java::co.rsk.core.types.ints.Uint24.<init>:(I)V.null-pointer-exception.3] line 32 Null pointer check: SUCCESS
[java::co.rsk.core.types.ints.Uint24.<init>:(I)V.null-pointer-exception.4] line 35 Null pointer check: SUCCESS

co/rsk/core/types/ints/Uint24.java function java::co.rsk.core.types.ints.Uint24.compareTo:(Lco/rsk/core/types/ints/Uint24;)I
[java::co.rsk.core.types.ints.Uint24.compareTo:(Lco/rsk/core/types/ints/Uint24;)I.null-pointer-exception.1] line 71 Null pointer check: SUCCESS
[java::co.rsk.core.types.ints.Uint24.compareTo:(Lco/rsk/core/types/ints/Uint24;)I.null-pointer-exception.2] line 71 Null pointer check: SUCCESS

co/rsk/core/types/ints/Uint24.java function java::co.rsk.core.types.ints.Uint24.decode:([BI)Lco/rsk/core/types/ints/Uint24;
[java::co.rsk.core.types.ints.Uint24.decode:([BI)Lco/rsk/core/types/ints/Uint24;.array-index-out-of-bounds-high.1] line 80 Array index should be < length: SUCCESS
[java::co.rsk.core.types.ints.Uint24.decode:([BI)Lco/rsk/core/types/ints/Uint24;.array-index-out-of-bounds-high.2] line 80 Array index should be < length: SUCCESS
[java::co.rsk.core.types.ints.Uint24.decode:([BI)Lco/rsk/core/types/ints/Uint24;.array-index-out-of-bounds-high.3] line 80 Array index should be < length: SUCCESS
[java::co.rsk.core.types.ints.Uint24.decode:([BI)Lco/rsk/core/types/ints/Uint24;.array-index-out-of-bounds-low.1] line 80 Array index should be >= 0: SUCCESS
[java::co.rsk.core.types.ints.Uint24.decode:([BI)Lco/rsk/core/types/ints/Uint24;.array-index-out-of-bounds-low.2] line 80 Array index should be >= 0: SUCCESS
[java::co.rsk.core.types.ints.Uint24.decode:([BI)Lco/rsk/core/types/ints/Uint24;.array-index-out-of-bounds-low.3] line 80 Array index should be >= 0: SUCCESS
[java::co.rsk.core.types.ints.Uint24.decode:([BI)Lco/rsk/core/types/ints/Uint24;.null-pointer-exception.1] line 80 Null pointer check: SUCCESS
[java::co.rsk.core.types.ints.Uint24.decode:([BI)Lco/rsk/core/types/ints/Uint24;.null-pointer-exception.2] line 80 Null pointer check: SUCCESS
[java::co.rsk.core.types.ints.Uint24.decode:([BI)Lco/rsk/core/types/ints/Uint24;.null-pointer-exception.3] line 80 Null pointer check: SUCCESS
[java::co.rsk.core.types.ints.Uint24.decode:([BI)Lco/rsk/core/types/ints/Uint24;.null-pointer-exception.4] line 83 Null pointer check: SUCCESS

co/rsk/core/types/ints/Uint24.java function java::co.rsk.core.types.ints.Uint24.encode:()[B
[java::co.rsk.core.types.ints.Uint24.encode:()[B.array-create-negative-size.1] line 39 Array size should be >= 0: SUCCESS
[java::co.rsk.core.types.ints.Uint24.encode:()[B.array-index-out-of-bounds-high.1] line 40 Array index should be < length: SUCCESS
[java::co.rsk.core.types.ints.Uint24.encode:()[B.array-index-out-of-bounds-low.1] line 40 Array index should be >= 0: SUCCESS
[java::co.rsk.core.types.ints.Uint24.encode:()[B.null-pointer-exception.1] line 40 Null pointer check: SUCCESS
[java::co.rsk.core.types.ints.Uint24.encode:()[B.null-pointer-exception.2] line 40 Null pointer check: SUCCESS
[java::co.rsk.core.types.ints.Uint24.encode:()[B.array-index-out-of-bounds-high.2] line 41 Array index should be < length: SUCCESS
[java::co.rsk.core.types.ints.Uint24.encode:()[B.array-index-out-of-bounds-low.2] line 41 Array index should be >= 0: SUCCESS
[java::co.rsk.core.types.ints.Uint24.encode:()[B.null-pointer-exception.3] line 41 Null pointer check: SUCCESS
[java::co.rsk.core.types.ints.Uint24.encode:()[B.null-pointer-exception.4] line 41 Null pointer check: SUCCESS
[java::co.rsk.core.types.ints.Uint24.encode:()[B.array-index-out-of-bounds-high.3] line 42 Array index should be < length: SUCCESS
[java::co.rsk.core.types.ints.Uint24.encode:()[B.array-index-out-of-bounds-low.3] line 42 Array index should be >= 0: SUCCESS
[java::co.rsk.core.types.ints.Uint24.encode:()[B.null-pointer-exception.5] line 42 Null pointer check: SUCCESS
[java::co.rsk.core.types.ints.Uint24.encode:()[B.null-pointer-exception.6] line 42 Null pointer check: SUCCESS

co/rsk/core/types/ints/Uint24.java function java::co.rsk.core.types.ints.Uint24.equals:(Ljava/lang/Object;)Z
[java::co.rsk.core.types.ints.Uint24.equals:(Ljava/lang/Object;)Z.null-pointer-exception.1] line 56 Null pointer check: SUCCESS
[java::co.rsk.core.types.ints.Uint24.equals:(Ljava/lang/Object;)Z.null-pointer-exception.2] line 56 Null pointer check: SUCCESS
[java::co.rsk.core.types.ints.Uint24.equals:(Ljava/lang/Object;)Z.bad-dynamic-cast.1] line 60 Dynamic cast check: SUCCESS
[java::co.rsk.core.types.ints.Uint24.equals:(Ljava/lang/Object;)Z.null-pointer-exception.3] line 61 Null pointer check: SUCCESS
[java::co.rsk.core.types.ints.Uint24.equals:(Ljava/lang/Object;)Z.null-pointer-exception.4] line 61 Null pointer check: SUCCESS

co/rsk/core/types/ints/Uint24.java function java::co.rsk.core.types.ints.Uint24.hashCode:()I
[java::co.rsk.core.types.ints.Uint24.hashCode:()I.null-pointer-exception.1] line 66 Null pointer check: SUCCESS

co/rsk/core/types/ints/Uint24.java function java::co.rsk.core.types.ints.Uint24.intValue:()I
[java::co.rsk.core.types.ints.Uint24.intValue:()I.null-pointer-exception.1] line 47 Null pointer check: SUCCESS

co/rsk/core/types/ints/Uint24.java function java::co.rsk.core.types.ints.Uint24.toString:()Ljava/lang/String;
[java::co.rsk.core.types.ints.Uint24.toString:()Ljava/lang/String;.null-pointer-exception.1] line 76 Null pointer check: SUCCESS

co/rsk/core/types/ints/Uint8.java function java::co.rsk.core.types.ints.Uint8.<clinit>:()V
[java::co.rsk.core.types.ints.Uint8.<clinit>:()V.null-pointer-exception.1] line 25 Null pointer check: SUCCESS

co/rsk/core/types/ints/Uint8.java function java::co.rsk.core.types.ints.Uint8.<init>:(I)V
[java::co.rsk.core.types.ints.Uint8.<init>:(I)V.null-pointer-exception.1] line 29 Null pointer check: SUCCESS
[java::co.rsk.core.types.ints.Uint8.<init>:(I)V.null-pointer-exception.2] line 31 Null pointer check: SUCCESS
[java::co.rsk.core.types.ints.Uint8.<init>:(I)V.null-pointer-exception.3] line 31 Null pointer check: SUCCESS
[java::co.rsk.core.types.ints.Uint8.<init>:(I)V.null-pointer-exception.4] line 34 Null pointer check: SUCCESS

co/rsk/core/types/ints/Uint8.java function java::co.rsk.core.types.ints.Uint8.asByte:()B
[java::co.rsk.core.types.ints.Uint8.asByte:()B.null-pointer-exception.1] line 38 Null pointer check: SUCCESS

co/rsk/core/types/ints/Uint8.java function java::co.rsk.core.types.ints.Uint8.decode:([BI)Lco/rsk/core/types/ints/Uint8;
[java::co.rsk.core.types.ints.Uint8.decode:([BI)Lco/rsk/core/types/ints/Uint8;.array-index-out-of-bounds-high.1] line 76 Array index should be < length: SUCCESS
[java::co.rsk.core.types.ints.Uint8.decode:([BI)Lco/rsk/core/types/ints/Uint8;.array-index-out-of-bounds-low.1] line 76 Array index should be >= 0: SUCCESS
[java::co.rsk.core.types.ints.Uint8.decode:([BI)Lco/rsk/core/types/ints/Uint8;.null-pointer-exception.1] line 76 Null pointer check: SUCCESS
[java::co.rsk.core.types.ints.Uint8.decode:([BI)Lco/rsk/core/types/ints/Uint8;.null-pointer-exception.2] line 77 Null pointer check: SUCCESS

co/rsk/core/types/ints/Uint8.java function java::co.rsk.core.types.ints.Uint8.encode:()[B
[java::co.rsk.core.types.ints.Uint8.encode:()[B.array-create-negative-size.1] line 42 Array size should be >= 0: SUCCESS
[java::co.rsk.core.types.ints.Uint8.encode:()[B.array-index-out-of-bounds-high.1] line 43 Array index should be < length: SUCCESS
[java::co.rsk.core.types.ints.Uint8.encode:()[B.array-index-out-of-bounds-low.1] line 43 Array index should be >= 0: SUCCESS
[java::co.rsk.core.types.ints.Uint8.encode:()[B.null-pointer-exception.1] line 43 Null pointer check: SUCCESS
[java::co.rsk.core.types.ints.Uint8.encode:()[B.null-pointer-exception.2] line 43 Null pointer check: SUCCESS

co/rsk/core/types/ints/Uint8.java function java::co.rsk.core.types.ints.Uint8.hashCode:()I
[java::co.rsk.core.types.ints.Uint8.hashCode:()I.null-pointer-exception.1] line 67 Null pointer check: SUCCESS

co/rsk/core/types/ints/Uint8.java function java::co.rsk.core.types.ints.Uint8.intValue:()I
[java::co.rsk.core.types.ints.Uint8.intValue:()I.null-pointer-exception.1] line 48 Null pointer check: SUCCESS

co/rsk/core/types/ints/Uint8.java function java::co.rsk.core.types.ints.Uint8.toString:()Ljava/lang/String;
[java::co.rsk.core.types.ints.Uint8.toString:()Ljava/lang/String;.null-pointer-exception.1] line 72 Null pointer check: SUCCESS

co/rsk/crypto/Keccak256.java function java::co.rsk.crypto.Keccak256.<clinit>:()V
[java::co.rsk.crypto.Keccak256.<clinit>:()V.array-create-negative-size.1] line 39 Array size should be >= 0: SUCCESS
[java::co.rsk.crypto.Keccak256.<clinit>:()V.null-pointer-exception.1] line 39 Null pointer check: SUCCESS

co/rsk/crypto/Keccak256.java function java::co.rsk.crypto.Keccak256.<init>:([B)V
[java::co.rsk.crypto.Keccak256.<init>:([B)V.null-pointer-exception.1] line 44 Null pointer check: SUCCESS
[java::co.rsk.crypto.Keccak256.<init>:([B)V.null-pointer-exception.2] line 45 Null pointer check: SUCCESS
[java::co.rsk.crypto.Keccak256.<init>:([B)V.null-pointer-exception.3] line 46 Null pointer check: SUCCESS

co/rsk/crypto/Keccak256.java function java::co.rsk.crypto.Keccak256.copy:()Lco/rsk/crypto/Keccak256;
[java::co.rsk.crypto.Keccak256.copy:()Lco/rsk/crypto/Keccak256;.null-pointer-exception.1] line 97 Null pointer check: SUCCESS
[java::co.rsk.crypto.Keccak256.copy:()Lco/rsk/crypto/Keccak256;.null-pointer-exception.2] line 97 Null pointer check: SUCCESS

co/rsk/crypto/Keccak256.java function java::co.rsk.crypto.Keccak256.getBytes:()[B
[java::co.rsk.crypto.Keccak256.getBytes:()[B.null-pointer-exception.1] line 90 Null pointer check: SUCCESS

co/rsk/crypto/Keccak256.java function java::co.rsk.crypto.Keccak256.hashCode:()I
[java::co.rsk.crypto.Keccak256.hashCode:()I.array-index-out-of-bounds-high.1] line 75 Array index should be < length: SUCCESS
[java::co.rsk.crypto.Keccak256.hashCode:()I.array-index-out-of-bounds-high.2] line 75 Array index should be < length: SUCCESS
[java::co.rsk.crypto.Keccak256.hashCode:()I.array-index-out-of-bounds-high.3] line 75 Array index should be < length: SUCCESS
[java::co.rsk.crypto.Keccak256.hashCode:()I.array-index-out-of-bounds-high.4] line 75 Array index should be < length: SUCCESS
[java::co.rsk.crypto.Keccak256.hashCode:()I.array-index-out-of-bounds-low.1] line 75 Array index should be >= 0: SUCCESS
[java::co.rsk.crypto.Keccak256.hashCode:()I.array-index-out-of-bounds-low.2] line 75 Array index should be >= 0: SUCCESS
[java::co.rsk.crypto.Keccak256.hashCode:()I.array-index-out-of-bounds-low.3] line 75 Array index should be >= 0: SUCCESS
[java::co.rsk.crypto.Keccak256.hashCode:()I.array-index-out-of-bounds-low.4] line 75 Array index should be >= 0: SUCCESS
[java::co.rsk.crypto.Keccak256.hashCode:()I.null-pointer-exception.1] line 75 Null pointer check: SUCCESS
[java::co.rsk.crypto.Keccak256.hashCode:()I.null-pointer-exception.2] line 75 Null pointer check: SUCCESS
[java::co.rsk.crypto.Keccak256.hashCode:()I.null-pointer-exception.3] line 75 Null pointer check: SUCCESS
[java::co.rsk.crypto.Keccak256.hashCode:()I.null-pointer-exception.4] line 75 Null pointer check: SUCCESS
[java::co.rsk.crypto.Keccak256.hashCode:()I.null-pointer-exception.5] line 75 Null pointer check: SUCCESS
[java::co.rsk.crypto.Keccak256.hashCode:()I.null-pointer-exception.6] line 75 Null pointer check: SUCCESS
[java::co.rsk.crypto.Keccak256.hashCode:()I.null-pointer-exception.7] line 75 Null pointer check: SUCCESS
[java::co.rsk.crypto.Keccak256.hashCode:()I.null-pointer-exception.8] line 75 Null pointer check: SUCCESS

co/rsk/crypto/Keccak256.java function java::co.rsk.crypto.Keccak256.toHexString:()Ljava/lang/String;
[java::co.rsk.crypto.Keccak256.toHexString:()Ljava/lang/String;.null-pointer-exception.1] line 59 Null pointer check: SUCCESS

co/rsk/crypto/Keccak256.java function java::co.rsk.crypto.Keccak256.toString:()Ljava/lang/String;
[java::co.rsk.crypto.Keccak256.toString:()Ljava/lang/String;.null-pointer-exception.1] line 83 Null pointer check: SUCCESS

co/rsk/metrics/profilers/MetricKind.java function java::co.rsk.metrics.profilers.MetricKind.$values:()[Lco/rsk/metrics/profilers/MetricKind;
[java::co.rsk.metrics.profilers.MetricKind.$values:()[Lco/rsk/metrics/profilers/MetricKind;.array-create-negative-size.1] line 26 Array size should be >= 0: SUCCESS
[java::co.rsk.metrics.profilers.MetricKind.$values:()[Lco/rsk/metrics/profilers/MetricKind;.array-index-out-of-bounds-high.1] line 26 Array index should be < length: SUCCESS
[java::co.rsk.metrics.profilers.MetricKind.$values:()[Lco/rsk/metrics/profilers/MetricKind;.array-index-out-of-bounds-high.2] line 26 Array index should be < length: SUCCESS
[java::co.rsk.metrics.profilers.MetricKind.$values:()[Lco/rsk/metrics/profilers/MetricKind;.array-index-out-of-bounds-high.3] line 26 Array index should be < length: SUCCESS
[java::co.rsk.metrics.profilers.MetricKind.$values:()[Lco/rsk/metrics/profilers/MetricKind;.array-index-out-of-bounds-high.4] line 26 Array index should be < length: SUCCESS
[java::co.rsk.metrics.profilers.MetricKind.$values:()[Lco/rsk/metrics/profilers/MetricKind;.array-index-out-of-bounds-high.5] line 26 Array index should be < length: SUCCESS
[java::co.rsk.metrics.profilers.MetricKind.$values:()[Lco/rsk/metrics/profilers/MetricKind;.array-index-out-of-bounds-high.6] line 26 Array index should be < length: SUCCESS
[java::co.rsk.metrics.profilers.MetricKind.$values:()[Lco/rsk/metrics/profilers/MetricKind;.array-index-out-of-bounds-high.7] line 26 Array index should be < length: SUCCESS
[java::co.rsk.metrics.profilers.MetricKind.$values:()[Lco/rsk/metrics/profilers/MetricKind;.array-index-out-of-bounds-high.8] line 26 Array index should be < length: SUCCESS
[java::co.rsk.metrics.profilers.MetricKind.$values:()[Lco/rsk/metrics/profilers/MetricKind;.array-index-out-of-bounds-high.9] line 26 Array index should be < length: SUCCESS
[java::co.rsk.metrics.profilers.MetricKind.$values:()[Lco/rsk/metrics/profilers/MetricKind;.array-index-out-of-bounds-high.10] line 26 Array index should be < length: SUCCESS
[java::co.rsk.metrics.profilers.MetricKind.$values:()[Lco/rsk/metrics/profilers/MetricKind;.array-index-out-of-bounds-high.11] line 26 Array index should be < length: SUCCESS
[java::co.rsk.metrics.profilers.MetricKind.$values:()[Lco/rsk/metrics/profilers/MetricKind;.array-index-out-of-bounds-high.12] line 26 Array index should be < length: SUCCESS
[java::co.rsk.metrics.profilers.MetricKind.$values:()[Lco/rsk/metrics/profilers/MetricKind;.array-index-out-of-bounds-high.13] line 26 Array index should be < length: SUCCESS
[java::co.rsk.metrics.profilers.MetricKind.$values:()[Lco/rsk/metrics/profilers/MetricKind;.array-index-out-of-bounds-high.14] line 26 Array index should be < length: SUCCESS
[java::co.rsk.metrics.profilers.MetricKind.$values:()[Lco/rsk/metrics/profilers/MetricKind;.array-index-out-of-bounds-high.15] line 26 Array index should be < length: SUCCESS
[java::co.rsk.metrics.profilers.MetricKind.$values:()[Lco/rsk/metrics/profilers/MetricKind;.array-index-out-of-bounds-high.16] line 26 Array index should be < length: SUCCESS
[java::co.rsk.metrics.profilers.MetricKind.$values:()[Lco/rsk/metrics/profilers/MetricKind;.array-index-out-of-bounds-high.17] line 26 Array index should be < length: SUCCESS
[java::co.rsk.metrics.profilers.MetricKind.$values:()[Lco/rsk/metrics/profilers/MetricKind;.array-index-out-of-bounds-high.18] line 26 Array index should be < length: SUCCESS
[java::co.rsk.metrics.profilers.MetricKind.$values:()[Lco/rsk/metrics/profilers/MetricKind;.array-index-out-of-bounds-high.19] line 26 Array index should be < length: SUCCESS
[java::co.rsk.metrics.profilers.MetricKind.$values:()[Lco/rsk/metrics/profilers/MetricKind;.array-index-out-of-bounds-high.20] line 26 Array index should be < length: SUCCESS
[java::co.rsk.metrics.profilers.MetricKind.$values:()[Lco/rsk/metrics/profilers/MetricKind;.array-index-out-of-bounds-high.21] line 26 Array index should be < length: SUCCESS
[java::co.rsk.metrics.profilers.MetricKind.$values:()[Lco/rsk/metrics/profilers/MetricKind;.array-index-out-of-bounds-high.22] line 26 Array index should be < length: SUCCESS
[java::co.rsk.metrics.profilers.MetricKind.$values:()[Lco/rsk/metrics/profilers/MetricKind;.array-index-out-of-bounds-high.23] line 26 Array index should be < length: SUCCESS
[java::co.rsk.metrics.profilers.MetricKind.$values:()[Lco/rsk/metrics/profilers/MetricKind;.array-index-out-of-bounds-high.24] line 26 Array index should be < length: SUCCESS
[java::co.rsk.metrics.profilers.MetricKind.$values:()[Lco/rsk/metrics/profilers/MetricKind;.array-index-out-of-bounds-high.25] line 26 Array index should be < length: SUCCESS
[java::co.rsk.metrics.profilers.MetricKind.$values:()[Lco/rsk/metrics/profilers/MetricKind;.array-index-out-of-bounds-high.26] line 26 Array index should be < length: SUCCESS
[java::co.rsk.metrics.profilers.MetricKind.$values:()[Lco/rsk/metrics/profilers/MetricKind;.array-index-out-of-bounds-high.27] line 26 Array index should be < length: SUCCESS
[java::co.rsk.metrics.profilers.MetricKind.$values:()[Lco/rsk/metrics/profilers/MetricKind;.array-index-out-of-bounds-high.28] line 26 Array index should be < length: SUCCESS
[java::co.rsk.metrics.profilers.MetricKind.$values:()[Lco/rsk/metrics/profilers/MetricKind;.array-index-out-of-bounds-high.29] line 26 Array index should be < length: SUCCESS
[java::co.rsk.metrics.profilers.MetricKind.$values:()[Lco/rsk/metrics/profilers/MetricKind;.array-index-out-of-bounds-high.30] line 26 Array index should be < length: SUCCESS
[java::co.rsk.metrics.profilers.MetricKind.$values:()[Lco/rsk/metrics/profilers/MetricKind;.array-index-out-of-bounds-low.1] line 26 Array index should be >= 0: SUCCESS
[java::co.rsk.metrics.profilers.MetricKind.$values:()[Lco/rsk/metrics/profilers/MetricKind;.array-index-out-of-bounds-low.2] line 26 Array index should be >= 0: SUCCESS
[java::co.rsk.metrics.profilers.MetricKind.$values:()[Lco/rsk/metrics/profilers/MetricKind;.array-index-out-of-bounds-low.3] line 26 Array index should be >= 0: SUCCESS
[java::co.rsk.metrics.profilers.MetricKind.$values:()[Lco/rsk/metrics/profilers/MetricKind;.array-index-out-of-bounds-low.4] line 26 Array index should be >= 0: SUCCESS
[java::co.rsk.metrics.profilers.MetricKind.$values:()[Lco/rsk/metrics/profilers/MetricKind;.array-index-out-of-bounds-low.5] line 26 Array index should be >= 0: SUCCESS
[java::co.rsk.metrics.profilers.MetricKind.$values:()[Lco/rsk/metrics/profilers/MetricKind;.array-index-out-of-bounds-low.6] line 26 Array index should be >= 0: SUCCESS
[java::co.rsk.metrics.profilers.MetricKind.$values:()[Lco/rsk/metrics/profilers/MetricKind;.array-index-out-of-bounds-low.7] line 26 Array index should be >= 0: SUCCESS
[java::co.rsk.metrics.profilers.MetricKind.$values:()[Lco/rsk/metrics/profilers/MetricKind;.array-index-out-of-bounds-low.8] line 26 Array index should be >= 0: SUCCESS
[java::co.rsk.metrics.profilers.MetricKind.$values:()[Lco/rsk/metrics/profilers/MetricKind;.array-index-out-of-bounds-low.9] line 26 Array index should be >= 0: SUCCESS
[java::co.rsk.metrics.profilers.MetricKind.$values:()[Lco/rsk/metrics/profilers/MetricKind;.array-index-out-of-bounds-low.10] line 26 Array index should be >= 0: SUCCESS
[java::co.rsk.metrics.profilers.MetricKind.$values:()[Lco/rsk/metrics/profilers/MetricKind;.array-index-out-of-bounds-low.11] line 26 Array index should be >= 0: SUCCESS
[java::co.rsk.metrics.profilers.MetricKind.$values:()[Lco/rsk/metrics/profilers/MetricKind;.array-index-out-of-bounds-low.12] line 26 Array index should be >= 0: SUCCESS
[java::co.rsk.metrics.profilers.MetricKind.$values:()[Lco/rsk/metrics/profilers/MetricKind;.array-index-out-of-bounds-low.13] line 26 Array index should be >= 0: SUCCESS
[java::co.rsk.metrics.profilers.MetricKind.$values:()[Lco/rsk/metrics/profilers/MetricKind;.array-index-out-of-bounds-low.14] line 26 Array index should be >= 0: SUCCESS
[java::co.rsk.metrics.profilers.MetricKind.$values:()[Lco/rsk/metrics/profilers/MetricKind;.array-index-out-of-bounds-low.15] line 26 Array index should be >= 0: SUCCESS
[java::co.rsk.metrics.profilers.MetricKind.$values:()[Lco/rsk/metrics/profilers/MetricKind;.array-index-out-of-bounds-low.16] line 26 Array index should be >= 0: SUCCESS
[java::co.rsk.metrics.profilers.MetricKind.$values:()[Lco/rsk/metrics/profilers/MetricKind;.array-index-out-of-bounds-low.17] line 26 Array index should be >= 0: SUCCESS
[java::co.rsk.metrics.profilers.MetricKind.$values:()[Lco/rsk/metrics/profilers/MetricKind;.array-index-out-of-bounds-low.18] line 26 Array index should be >= 0: SUCCESS
[java::co.rsk.metrics.profilers.MetricKind.$values:()[Lco/rsk/metrics/profilers/MetricKind;.array-index-out-of-bounds-low.19] line 26 Array index should be >= 0: SUCCESS
[java::co.rsk.metrics.profilers.MetricKind.$values:()[Lco/rsk/metrics/profilers/MetricKind;.array-index-out-of-bounds-low.20] line 26 Array index should be >= 0: SUCCESS
[java::co.rsk.metrics.profilers.MetricKind.$values:()[Lco/rsk/metrics/profilers/MetricKind;.array-index-out-of-bounds-low.21] line 26 Array index should be >= 0: SUCCESS
[java::co.rsk.metrics.profilers.MetricKind.$values:()[Lco/rsk/metrics/profilers/MetricKind;.array-index-out-of-bounds-low.22] line 26 Array index should be >= 0: SUCCESS
[java::co.rsk.metrics.profilers.MetricKind.$values:()[Lco/rsk/metrics/profilers/MetricKind;.array-index-out-of-bounds-low.23] line 26 Array index should be >= 0: SUCCESS
[java::co.rsk.metrics.profilers.MetricKind.$values:()[Lco/rsk/metrics/profilers/MetricKind;.array-index-out-of-bounds-low.24] line 26 Array index should be >= 0: SUCCESS
[java::co.rsk.metrics.profilers.MetricKind.$values:()[Lco/rsk/metrics/profilers/MetricKind;.array-index-out-of-bounds-low.25] line 26 Array index should be >= 0: SUCCESS
[java::co.rsk.metrics.profilers.MetricKind.$values:()[Lco/rsk/metrics/profilers/MetricKind;.array-index-out-of-bounds-low.26] line 26 Array index should be >= 0: SUCCESS
[java::co.rsk.metrics.profilers.MetricKind.$values:()[Lco/rsk/metrics/profilers/MetricKind;.array-index-out-of-bounds-low.27] line 26 Array index should be >= 0: SUCCESS
[java::co.rsk.metrics.profilers.MetricKind.$values:()[Lco/rsk/metrics/profilers/MetricKind;.array-index-out-of-bounds-low.28] line 26 Array index should be >= 0: SUCCESS
[java::co.rsk.metrics.profilers.MetricKind.$values:()[Lco/rsk/metrics/profilers/MetricKind;.array-index-out-of-bounds-low.29] line 26 Array index should be >= 0: SUCCESS
[java::co.rsk.metrics.profilers.MetricKind.$values:()[Lco/rsk/metrics/profilers/MetricKind;.array-index-out-of-bounds-low.30] line 26 Array index should be >= 0: SUCCESS
[java::co.rsk.metrics.profilers.MetricKind.$values:()[Lco/rsk/metrics/profilers/MetricKind;.null-pointer-exception.1] line 26 Null pointer check: SUCCESS
[java::co.rsk.metrics.profilers.MetricKind.$values:()[Lco/rsk/metrics/profilers/MetricKind;.null-pointer-exception.2] line 26 Null pointer check: SUCCESS
[java::co.rsk.metrics.profilers.MetricKind.$values:()[Lco/rsk/metrics/profilers/MetricKind;.null-pointer-exception.3] line 26 Null pointer check: SUCCESS
[java::co.rsk.metrics.profilers.MetricKind.$values:()[Lco/rsk/metrics/profilers/MetricKind;.null-pointer-exception.4] line 26 Null pointer check: SUCCESS
[java::co.rsk.metrics.profilers.MetricKind.$values:()[Lco/rsk/metrics/profilers/MetricKind;.null-pointer-exception.5] line 26 Null pointer check: SUCCESS
[java::co.rsk.metrics.profilers.MetricKind.$values:()[Lco/rsk/metrics/profilers/MetricKind;.null-pointer-exception.6] line 26 Null pointer check: SUCCESS
[java::co.rsk.metrics.profilers.MetricKind.$values:()[Lco/rsk/metrics/profilers/MetricKind;.null-pointer-exception.7] line 26 Null pointer check: SUCCESS
[java::co.rsk.metrics.profilers.MetricKind.$values:()[Lco/rsk/metrics/profilers/MetricKind;.null-pointer-exception.8] line 26 Null pointer check: SUCCESS
[java::co.rsk.metrics.profilers.MetricKind.$values:()[Lco/rsk/metrics/profilers/MetricKind;.null-pointer-exception.9] line 26 Null pointer check: SUCCESS
[java::co.rsk.metrics.profilers.MetricKind.$values:()[Lco/rsk/metrics/profilers/MetricKind;.null-pointer-exception.10] line 26 Null pointer check: SUCCESS
[java::co.rsk.metrics.profilers.MetricKind.$values:()[Lco/rsk/metrics/profilers/MetricKind;.null-pointer-exception.11] line 26 Null pointer check: SUCCESS
[java::co.rsk.metrics.profilers.MetricKind.$values:()[Lco/rsk/metrics/profilers/MetricKind;.null-pointer-exception.12] line 26 Null pointer check: SUCCESS
[java::co.rsk.metrics.profilers.MetricKind.$values:()[Lco/rsk/metrics/profilers/MetricKind;.null-pointer-exception.13] line 26 Null pointer check: SUCCESS
[java::co.rsk.metrics.profilers.MetricKind.$values:()[Lco/rsk/metrics/profilers/MetricKind;.null-pointer-exception.14] line 26 Null pointer check: SUCCESS
[java::co.rsk.metrics.profilers.MetricKind.$values:()[Lco/rsk/metrics/profilers/MetricKind;.null-pointer-exception.15] line 26 Null pointer check: SUCCESS
[java::co.rsk.metrics.profilers.MetricKind.$values:()[Lco/rsk/metrics/profilers/MetricKind;.null-pointer-exception.16] line 26 Null pointer check: SUCCESS
[java::co.rsk.metrics.profilers.MetricKind.$values:()[Lco/rsk/metrics/profilers/MetricKind;.null-pointer-exception.17] line 26 Null pointer check: SUCCESS
[java::co.rsk.metrics.profilers.MetricKind.$values:()[Lco/rsk/metrics/profilers/MetricKind;.null-pointer-exception.18] line 26 Null pointer check: SUCCESS
[java::co.rsk.metrics.profilers.MetricKind.$values:()[Lco/rsk/metrics/profilers/MetricKind;.null-pointer-exception.19] line 26 Null pointer check: SUCCESS
[java::co.rsk.metrics.profilers.MetricKind.$values:()[Lco/rsk/metrics/profilers/MetricKind;.null-pointer-exception.20] line 26 Null pointer check: SUCCESS
[java::co.rsk.metrics.profilers.MetricKind.$values:()[Lco/rsk/metrics/profilers/MetricKind;.null-pointer-exception.21] line 26 Null pointer check: SUCCESS
[java::co.rsk.metrics.profilers.MetricKind.$values:()[Lco/rsk/metrics/profilers/MetricKind;.null-pointer-exception.22] line 26 Null pointer check: SUCCESS
[java::co.rsk.metrics.profilers.MetricKind.$values:()[Lco/rsk/metrics/profilers/MetricKind;.null-pointer-exception.23] line 26 Null pointer check: SUCCESS
[java::co.rsk.metrics.profilers.MetricKind.$values:()[Lco/rsk/metrics/profilers/MetricKind;.null-pointer-exception.24] line 26 Null pointer check: SUCCESS
[java::co.rsk.metrics.profilers.MetricKind.$values:()[Lco/rsk/metrics/profilers/MetricKind;.null-pointer-exception.25] line 26 Null pointer check: SUCCESS
[java::co.rsk.metrics.profilers.MetricKind.$values:()[Lco/rsk/metrics/profilers/MetricKind;.null-pointer-exception.26] line 26 Null pointer check: SUCCESS
[java::co.rsk.metrics.profilers.MetricKind.$values:()[Lco/rsk/metrics/profilers/MetricKind;.null-pointer-exception.27] line 26 Null pointer check: SUCCESS
[java::co.rsk.metrics.profilers.MetricKind.$values:()[Lco/rsk/metrics/profilers/MetricKind;.null-pointer-exception.28] line 26 Null pointer check: SUCCESS
[java::co.rsk.metrics.profilers.MetricKind.$values:()[Lco/rsk/metrics/profilers/MetricKind;.null-pointer-exception.29] line 26 Null pointer check: SUCCESS
[java::co.rsk.metrics.profilers.MetricKind.$values:()[Lco/rsk/metrics/profilers/MetricKind;.null-pointer-exception.30] line 26 Null pointer check: SUCCESS

co/rsk/metrics/profilers/MetricKind.java function java::co.rsk.metrics.profilers.MetricKind.<clinit>:()V
[java::co.rsk.metrics.profilers.MetricKind.<clinit>:()V.null-pointer-exception.1] line 29 Null pointer check: SUCCESS
[java::co.rsk.metrics.profilers.MetricKind.<clinit>:()V.null-pointer-exception.2] line 30 Null pointer check: SUCCESS
[java::co.rsk.metrics.profilers.MetricKind.<clinit>:()V.null-pointer-exception.3] line 31 Null pointer check: SUCCESS
[java::co.rsk.metrics.profilers.MetricKind.<clinit>:()V.null-pointer-exception.4] line 32 Null pointer check: SUCCESS
[java::co.rsk.metrics.profilers.MetricKind.<clinit>:()V.null-pointer-exception.5] line 33 Null pointer check: SUCCESS
[java::co.rsk.metrics.profilers.MetricKind.<clinit>:()V.null-pointer-exception.6] line 34 Null pointer check: SUCCESS
[java::co.rsk.metrics.profilers.MetricKind.<clinit>:()V.null-pointer-exception.7] line 35 Null pointer check: SUCCESS
[java::co.rsk.metrics.profilers.MetricKind.<clinit>:()V.null-pointer-exception.8] line 36 Null pointer check: SUCCESS
[java::co.rsk.metrics.profilers.MetricKind.<clinit>:()V.null-pointer-exception.9] line 37 Null pointer check: SUCCESS
[java::co.rsk.metrics.profilers.MetricKind.<clinit>:()V.null-pointer-exception.10] line 38 Null pointer check: SUCCESS
[java::co.rsk.metrics.profilers.MetricKind.<clinit>:()V.null-pointer-exception.11] line 39 Null pointer check: SUCCESS
[java::co.rsk.metrics.profilers.MetricKind.<clinit>:()V.null-pointer-exception.12] line 40 Null pointer check: SUCCESS
[java::co.rsk.metrics.profilers.MetricKind.<clinit>:()V.null-pointer-exception.13] line 41 Null pointer check: SUCCESS
[java::co.rsk.metrics.profilers.MetricKind.<clinit>:()V.null-pointer-exception.14] line 42 Null pointer check: SUCCESS
[java::co.rsk.metrics.profilers.MetricKind.<clinit>:()V.null-pointer-exception.15] line 43 Null pointer check: SUCCESS
[java::co.rsk.metrics.profilers.MetricKind.<clinit>:()V.null-pointer-exception.16] line 44 Null pointer check: SUCCESS
[java::co.rsk.metrics.profilers.MetricKind.<clinit>:()V.null-pointer-exception.17] line 45 Null pointer check: SUCCESS
[java::co.rsk.metrics.profilers.MetricKind.<clinit>:()V.null-pointer-exception.18] line 46 Null pointer check: SUCCESS
[java::co.rsk.metrics.profilers.MetricKind.<clinit>:()V.null-pointer-exception.19] line 47 Null pointer check: SUCCESS
[java::co.rsk.metrics.profilers.MetricKind.<clinit>:()V.null-pointer-exception.20] line 48 Null pointer check: SUCCESS
[java::co.rsk.metrics.profilers.MetricKind.<clinit>:()V.null-pointer-exception.21] line 49 Null pointer check: SUCCESS
[java::co.rsk.metrics.profilers.MetricKind.<clinit>:()V.null-pointer-exception.22] line 50 Null pointer check: SUCCESS
[java::co.rsk.metrics.profilers.MetricKind.<clinit>:()V.null-pointer-exception.23] line 53 Null pointer check: SUCCESS
[java::co.rsk.metrics.profilers.MetricKind.<clinit>:()V.null-pointer-exception.24] line 54 Null pointer check: SUCCESS
[java::co.rsk.metrics.profilers.MetricKind.<clinit>:()V.null-pointer-exception.25] line 57 Null pointer check: SUCCESS
[java::co.rsk.metrics.profilers.MetricKind.<clinit>:()V.null-pointer-exception.26] line 58 Null pointer check: SUCCESS
[java::co.rsk.metrics.profilers.MetricKind.<clinit>:()V.null-pointer-exception.27] line 59 Null pointer check: SUCCESS
[java::co.rsk.metrics.profilers.MetricKind.<clinit>:()V.null-pointer-exception.28] line 60 Null pointer check: SUCCESS
[java::co.rsk.metrics.profilers.MetricKind.<clinit>:()V.null-pointer-exception.29] line 61 Null pointer check: SUCCESS
[java::co.rsk.metrics.profilers.MetricKind.<clinit>:()V.null-pointer-exception.30] line 62 Null pointer check: SUCCESS

co/rsk/metrics/profilers/MetricKind.java function java::co.rsk.metrics.profilers.MetricKind.<init>:(Ljava/lang/String;I)V
[java::co.rsk.metrics.profilers.MetricKind.<init>:(Ljava/lang/String;I)V.null-pointer-exception.1] line 26 Null pointer check: SUCCESS

co/rsk/metrics/profilers/impl/DisabledProfiler.java function java::co.rsk.metrics.profilers.impl.DisabledProfiler.<clinit>:()V
[java::co.rsk.metrics.profilers.impl.DisabledProfiler.<clinit>:()V.null-pointer-exception.1] line 30 Null pointer check: SUCCESS

co/rsk/metrics/profilers/impl/DisabledProfiler.java function java::co.rsk.metrics.profilers.impl.DisabledProfiler.<init>:()V
[java::co.rsk.metrics.profilers.impl.DisabledProfiler.<init>:()V.null-pointer-exception.1] line 32 Null pointer check: SUCCESS

co/rsk/trie/NodeReference.java function java::co.rsk.trie.NodeReference.<clinit>:()V
[java::co.rsk.trie.NodeReference.<clinit>:()V.null-pointer-exception.1] line 36 Null pointer check: SUCCESS

co/rsk/trie/NodeReference.java function java::co.rsk.trie.NodeReference.<init>:(Lco/rsk/trie/TrieStore;Lco/rsk/trie/Trie;Lco/rsk/crypto/Keccak256;)V
[java::co.rsk.trie.NodeReference.<init>:(Lco/rsk/trie/TrieStore;Lco/rsk/trie/Trie;Lco/rsk/crypto/Keccak256;)V.null-pointer-exception.1] line 58 Null pointer check: SUCCESS
[java::co.rsk.trie.NodeReference.<init>:(Lco/rsk/trie/TrieStore;Lco/rsk/trie/Trie;Lco/rsk/crypto/Keccak256;)V.null-pointer-exception.2] line 58 Null pointer check: SUCCESS

co/rsk/trie/NodeReference.java function java::co.rsk.trie.NodeReference.<init>:(Lco/rsk/trie/TrieStore;Lco/rsk/trie/Trie;Lco/rsk/crypto/Keccak256;Lco/rsk/util/NodeStopper;)V
[java::co.rsk.trie.NodeReference.<init>:(Lco/rsk/trie/TrieStore;Lco/rsk/trie/Trie;Lco/rsk/crypto/Keccak256;Lco/rsk/util/NodeStopper;)V.null-pointer-exception.1] line 44 Null pointer check: SUCCESS
[java::co.rsk.trie.NodeReference.<init>:(Lco/rsk/trie/TrieStore;Lco/rsk/trie/Trie;Lco/rsk/crypto/Keccak256;Lco/rsk/util/NodeStopper;)V.null-pointer-exception.2] line 45 Null pointer check: SUCCESS
[java::co.rsk.trie.NodeReference.<init>:(Lco/rsk/trie/TrieStore;Lco/rsk/trie/Trie;Lco/rsk/crypto/Keccak256;Lco/rsk/util/NodeStopper;)V.null-pointer-exception.3] line 46 Null pointer check: SUCCESS
[java::co.rsk.trie.NodeReference.<init>:(Lco/rsk/trie/TrieStore;Lco/rsk/trie/Trie;Lco/rsk/crypto/Keccak256;Lco/rsk/util/NodeStopper;)V.null-pointer-exception.4] line 47 Null pointer check: SUCCESS
[java::co.rsk.trie.NodeReference.<init>:(Lco/rsk/trie/TrieStore;Lco/rsk/trie/Trie;Lco/rsk/crypto/Keccak256;Lco/rsk/util/NodeStopper;)V.null-pointer-exception.5] line 48 Null pointer check: SUCCESS
[java::co.rsk.trie.NodeReference.<init>:(Lco/rsk/trie/TrieStore;Lco/rsk/trie/Trie;Lco/rsk/crypto/Keccak256;Lco/rsk/util/NodeStopper;)V.null-pointer-exception.6] line 50 Null pointer check: SUCCESS
[java::co.rsk.trie.NodeReference.<init>:(Lco/rsk/trie/TrieStore;Lco/rsk/trie/Trie;Lco/rsk/crypto/Keccak256;Lco/rsk/util/NodeStopper;)V.null-pointer-exception.7] line 51 Null pointer check: SUCCESS
[java::co.rsk.trie.NodeReference.<init>:(Lco/rsk/trie/TrieStore;Lco/rsk/trie/Trie;Lco/rsk/crypto/Keccak256;Lco/rsk/util/NodeStopper;)V.bad-dynamic-cast.1] line 54 Dynamic cast check: SUCCESS
[java::co.rsk.trie.NodeReference.<init>:(Lco/rsk/trie/TrieStore;Lco/rsk/trie/Trie;Lco/rsk/crypto/Keccak256;Lco/rsk/util/NodeStopper;)V.null-pointer-exception.8] line 54 Null pointer check: SUCCESS

co/rsk/trie/NodeReference.java function java::co.rsk.trie.NodeReference.getHash:()Ljava/util/Optional;
[java::co.rsk.trie.NodeReference.getHash:()Ljava/util/Optional;.null-pointer-exception.1] line 70 Null pointer check: SUCCESS
[java::co.rsk.trie.NodeReference.getHash:()Ljava/util/Optional;.null-pointer-exception.2] line 71 Null pointer check: SUCCESS
[java::co.rsk.trie.NodeReference.getHash:()Ljava/util/Optional;.null-pointer-exception.3] line 74 Null pointer check: SUCCESS
[java::co.rsk.trie.NodeReference.getHash:()Ljava/util/Optional;.null-pointer-exception.4] line 78 Null pointer check: SUCCESS
[java::co.rsk.trie.NodeReference.getHash:()Ljava/util/Optional;.null-pointer-exception.5] line 78 Null pointer check: SUCCESS
[java::co.rsk.trie.NodeReference.getHash:()Ljava/util/Optional;.null-pointer-exception.6] line 78 Null pointer check: SUCCESS
[java::co.rsk.trie.NodeReference.getHash:()Ljava/util/Optional;.null-pointer-exception.7] line 79 Null pointer check: SUCCESS

co/rsk/trie/NodeReference.java function java::co.rsk.trie.NodeReference.getNode:()Ljava/util/Optional;
[java::co.rsk.trie.NodeReference.getNode:()Ljava/util/Optional;.null-pointer-exception.1] line 88 Null pointer check: SUCCESS

co/rsk/trie/NodeReference.java function java::co.rsk.trie.NodeReference.getNode:(Z)Ljava/util/Optional;
[java::co.rsk.trie.NodeReference.getNode:(Z)Ljava/util/Optional;.null-pointer-exception.1] line 104 Null pointer check: SUCCESS
[java::co.rsk.trie.NodeReference.getNode:(Z)Ljava/util/Optional;.null-pointer-exception.2] line 105 Null pointer check: SUCCESS
[java::co.rsk.trie.NodeReference.getNode:(Z)Ljava/util/Optional;.null-pointer-exception.3] line 108 Null pointer check: SUCCESS
[java::co.rsk.trie.NodeReference.getNode:(Z)Ljava/util/Optional;.null-pointer-exception.4] line 112 Null pointer check: SUCCESS
[java::co.rsk.trie.NodeReference.getNode:(Z)Ljava/util/Optional;.null-pointer-exception.5] line 112 Null pointer check: SUCCESS
[java::co.rsk.trie.NodeReference.getNode:(Z)Ljava/util/Optional;.null-pointer-exception.6] line 112 Null pointer check: SUCCESS
[java::co.rsk.trie.NodeReference.getNode:(Z)Ljava/util/Optional;.null-pointer-exception.7] line 112 Null pointer check: SUCCESS
[java::co.rsk.trie.NodeReference.getNode:(Z)Ljava/util/Optional;.null-pointer-exception.8] line 115 Null pointer check: SUCCESS
[java::co.rsk.trie.NodeReference.getNode:(Z)Ljava/util/Optional;.null-pointer-exception.9] line 116 Null pointer check: SUCCESS
[java::co.rsk.trie.NodeReference.getNode:(Z)Ljava/util/Optional;.null-pointer-exception.10] line 117 Null pointer check: SUCCESS
[java::co.rsk.trie.NodeReference.getNode:(Z)Ljava/util/Optional;.null-pointer-exception.11] line 117 Null pointer check: SUCCESS
[java::co.rsk.trie.NodeReference.getNode:(Z)Ljava/util/Optional;.bad-dynamic-cast.1] line 122 Dynamic cast check: SUCCESS
[java::co.rsk.trie.NodeReference.getNode:(Z)Ljava/util/Optional;.null-pointer-exception.12] line 122 Null pointer check: SUCCESS
[java::co.rsk.trie.NodeReference.getNode:(Z)Ljava/util/Optional;.null-pointer-exception.13] line 122 Null pointer check: SUCCESS

co/rsk/trie/NodeReference.java function java::co.rsk.trie.NodeReference.getSerialized:()[B
[java::co.rsk.trie.NodeReference.getSerialized:()[B.null-pointer-exception.1] line 138 Null pointer check: SUCCESS
[java::co.rsk.trie.NodeReference.getSerialized:()[B.null-pointer-exception.2] line 138 Null pointer check: SUCCESS

co/rsk/trie/NodeReference.java function java::co.rsk.trie.NodeReference.isEmbeddable:()Z
[java::co.rsk.trie.NodeReference.isEmbeddable:()Z.null-pointer-exception.1] line 143 Null pointer check: SUCCESS
[java::co.rsk.trie.NodeReference.isEmbeddable:()Z.null-pointer-exception.2] line 146 Null pointer check: SUCCESS
[java::co.rsk.trie.NodeReference.isEmbeddable:()Z.null-pointer-exception.3] line 146 Null pointer check: SUCCESS

co/rsk/trie/NodeReference.java function java::co.rsk.trie.NodeReference.isEmpty:()Z
[java::co.rsk.trie.NodeReference.isEmpty:()Z.null-pointer-exception.1] line 62 Null pointer check: SUCCESS
[java::co.rsk.trie.NodeReference.isEmpty:()Z.null-pointer-exception.2] line 62 Null pointer check: SUCCESS

co/rsk/trie/NodeReference.java function java::co.rsk.trie.NodeReference.lambda$serializeInto$2:()Ljava/lang/IllegalStateException;
[java::co.rsk.trie.NodeReference.lambda$serializeInto$2:()Ljava/lang/IllegalStateException;.null-pointer-exception.1] line 176 Null pointer check: SUCCESS

co/rsk/trie/NodeReference.java function java::co.rsk.trie.NodeReference.nodeSize:(Lco/rsk/trie/Trie;)J
[java::co.rsk.trie.NodeReference.nodeSize:(Lco/rsk/trie/Trie;)J.null-pointer-exception.1] line 193 Null pointer check: SUCCESS
[java::co.rsk.trie.NodeReference.nodeSize:(Lco/rsk/trie/Trie;)J.null-pointer-exception.2] line 193 Null pointer check: SUCCESS
[java::co.rsk.trie.NodeReference.nodeSize:(Lco/rsk/trie/Trie;)J.null-pointer-exception.3] line 193 Null pointer check: SUCCESS
[java::co.rsk.trie.NodeReference.nodeSize:(Lco/rsk/trie/Trie;)J.null-pointer-exception.4] line 194 Null pointer check: SUCCESS
[java::co.rsk.trie.NodeReference.nodeSize:(Lco/rsk/trie/Trie;)J.null-pointer-exception.5] line 194 Null pointer check: SUCCESS
[java::co.rsk.trie.NodeReference.nodeSize:(Lco/rsk/trie/Trie;)J.null-pointer-exception.6] line 194 Null pointer check: SUCCESS

co/rsk/trie/NodeReference.java function java::co.rsk.trie.NodeReference.referenceSize:()J
[java::co.rsk.trie.NodeReference.referenceSize:()J.bad-dynamic-cast.1] line 189 Dynamic cast check: SUCCESS
[java::co.rsk.trie.NodeReference.referenceSize:()J.null-pointer-exception.1] line 189 Null pointer check: SUCCESS
[java::co.rsk.trie.NodeReference.referenceSize:()J.null-pointer-exception.2] line 189 Null pointer check: SUCCESS
[java::co.rsk.trie.NodeReference.referenceSize:()J.null-pointer-exception.3] line 189 Null pointer check: SUCCESS
[java::co.rsk.trie.NodeReference.referenceSize:()J.null-pointer-exception.4] line 189 Null pointer check: SUCCESS
[java::co.rsk.trie.NodeReference.referenceSize:()J.null-pointer-exception.5] line 189 Null pointer check: SUCCESS

co/rsk/trie/NodeReference.java function java::co.rsk.trie.NodeReference.serializeInto:(Ljava/nio/ByteBuffer;)V
[java::co.rsk.trie.NodeReference.serializeInto:(Ljava/nio/ByteBuffer;)V.null-pointer-exception.1] line 169 Null pointer check: SUCCESS
[java::co.rsk.trie.NodeReference.serializeInto:(Ljava/nio/ByteBuffer;)V.null-pointer-exception.2] line 170 Null pointer check: SUCCESS
[java::co.rsk.trie.NodeReference.serializeInto:(Ljava/nio/ByteBuffer;)V.null-pointer-exception.3] line 171 Null pointer check: SUCCESS
[java::co.rsk.trie.NodeReference.serializeInto:(Ljava/nio/ByteBuffer;)V.null-pointer-exception.4] line 172 Null pointer check: SUCCESS
[java::co.rsk.trie.NodeReference.serializeInto:(Ljava/nio/ByteBuffer;)V.null-pointer-exception.5] line 172 Null pointer check: SUCCESS
[java::co.rsk.trie.NodeReference.serializeInto:(Ljava/nio/ByteBuffer;)V.null-pointer-exception.6] line 172 Null pointer check: SUCCESS
[java::co.rsk.trie.NodeReference.serializeInto:(Ljava/nio/ByteBuffer;)V.null-pointer-exception.7] line 172 Null pointer check: SUCCESS
[java::co.rsk.trie.NodeReference.serializeInto:(Ljava/nio/ByteBuffer;)V.null-pointer-exception.8] line 173 Null pointer check: SUCCESS
[java::co.rsk.trie.NodeReference.serializeInto:(Ljava/nio/ByteBuffer;)V.null-pointer-exception.9] line 175 Null pointer check: SUCCESS
[java::co.rsk.trie.NodeReference.serializeInto:(Ljava/nio/ByteBuffer;)V.null-pointer-exception.10] line 175 Null pointer check: SUCCESS
[java::co.rsk.trie.NodeReference.serializeInto:(Ljava/nio/ByteBuffer;)V.null-pointer-exception.11] line 175 Null pointer check: SUCCESS
[java::co.rsk.trie.NodeReference.serializeInto:(Ljava/nio/ByteBuffer;)V.null-pointer-exception.12] line 175 Null pointer check: SUCCESS
[java::co.rsk.trie.NodeReference.serializeInto:(Ljava/nio/ByteBuffer;)V.bad-dynamic-cast.1] line 176 Dynamic cast check: SUCCESS
[java::co.rsk.trie.NodeReference.serializeInto:(Ljava/nio/ByteBuffer;)V.null-pointer-exception.13] line 176 Null pointer check: SUCCESS
[java::co.rsk.trie.NodeReference.serializeInto:(Ljava/nio/ByteBuffer;)V.null-pointer-exception.14] line 177 Null pointer check: SUCCESS

co/rsk/trie/NodeReference.java function java::co.rsk.trie.NodeReference.serializedLength:()I
[java::co.rsk.trie.NodeReference.serializedLength:()I.null-pointer-exception.1] line 157 Null pointer check: SUCCESS
[java::co.rsk.trie.NodeReference.serializedLength:()I.null-pointer-exception.2] line 158 Null pointer check: SUCCESS
[java::co.rsk.trie.NodeReference.serializedLength:()I.null-pointer-exception.3] line 159 Null pointer check: SUCCESS
[java::co.rsk.trie.NodeReference.serializedLength:()I.null-pointer-exception.4] line 159 Null pointer check: SUCCESS

co/rsk/trie/PathEncoder.java function java::co.rsk.trie.PathEncoder.calculateEncodedLength:(I)I
[java::co.rsk.trie.PathEncoder.calculateEncodedLength:(I)I.integer-divide-by-zero.1] line 91 Denominator should be nonzero: SUCCESS

co/rsk/trie/PathEncoder.java function java::co.rsk.trie.PathEncoder.decode:([BI)[B
[java::co.rsk.trie.PathEncoder.decode:([BI)[B.null-pointer-exception.1] line 41 Null pointer check: SUCCESS
[java::co.rsk.trie.PathEncoder.decode:([BI)[B.null-pointer-exception.2] line 41 Null pointer check: SUCCESS

co/rsk/trie/PathEncoder.java function java::co.rsk.trie.PathEncoder.decodeBinaryPath:([BI)[B
[java::co.rsk.trie.PathEncoder.decodeBinaryPath:([BI)[B.array-create-negative-size.1] line 76 Array size should be >= 0: SUCCESS
[java::co.rsk.trie.PathEncoder.decodeBinaryPath:([BI)[B.integer-divide-by-zero.1] line 79 Denominator should be nonzero: SUCCESS
[java::co.rsk.trie.PathEncoder.decodeBinaryPath:([BI)[B.integer-divide-by-zero.2] line 80 Denominator should be nonzero: SUCCESS
[java::co.rsk.trie.PathEncoder.decodeBinaryPath:([BI)[B.array-index-out-of-bounds-high.1] line 82 Array index should be < length: SUCCESS
[java::co.rsk.trie.PathEncoder.decodeBinaryPath:([BI)[B.array-index-out-of-bounds-low.1] line 82 Array index should be >= 0: SUCCESS
[java::co.rsk.trie.PathEncoder.decodeBinaryPath:([BI)[B.null-pointer-exception.1] line 82 Null pointer check: SUCCESS
[java::co.rsk.trie.PathEncoder.decodeBinaryPath:([BI)[B.array-index-out-of-bounds-high.2] line 83 Array index should be < length: SUCCESS
[java::co.rsk.trie.PathEncoder.decodeBinaryPath:([BI)[B.array-index-out-of-bounds-low.2] line 83 Array index should be >= 0: SUCCESS
[java::co.rsk.trie.PathEncoder.decodeBinaryPath:([BI)[B.null-pointer-exception.2] line 83 Null pointer check: SUCCESS

co/rsk/trie/PathEncoder.java function java::co.rsk.trie.PathEncoder.encode:([B)[B
[java::co.rsk.trie.PathEncoder.encode:([B)[B.null-pointer-exception.1] line 32 Null pointer check: SUCCESS
[java::co.rsk.trie.PathEncoder.encode:([B)[B.null-pointer-exception.2] line 32 Null pointer check: SUCCESS

co/rsk/trie/PathEncoder.java function java::co.rsk.trie.PathEncoder.encodeBinaryPath:([B)[B
[java::co.rsk.trie.PathEncoder.encodeBinaryPath:([B)[B.null-pointer-exception.1] line 50 Null pointer check: SUCCESS
[java::co.rsk.trie.PathEncoder.encodeBinaryPath:([B)[B.array-create-negative-size.1] line 53 Array size should be >= 0: SUCCESS
[java::co.rsk.trie.PathEncoder.encodeBinaryPath:([B)[B.integer-divide-by-zero.1] line 57 Denominator should be nonzero: SUCCESS
[java::co.rsk.trie.PathEncoder.encodeBinaryPath:([B)[B.array-index-out-of-bounds-high.1] line 62 Array index should be < length: SUCCESS
[java::co.rsk.trie.PathEncoder.encodeBinaryPath:([B)[B.array-index-out-of-bounds-low.1] line 62 Array index should be >= 0: SUCCESS
[java::co.rsk.trie.PathEncoder.encodeBinaryPath:([B)[B.null-pointer-exception.2] line 62 Null pointer check: SUCCESS
[java::co.rsk.trie.PathEncoder.encodeBinaryPath:([B)[B.array-index-out-of-bounds-high.2] line 66 Array index should be < length: SUCCESS
[java::co.rsk.trie.PathEncoder.encodeBinaryPath:([B)[B.array-index-out-of-bounds-high.3] line 66 Array index should be < length: SUCCESS
[java::co.rsk.trie.PathEncoder.encodeBinaryPath:([B)[B.array-index-out-of-bounds-low.2] line 66 Array index should be >= 0: SUCCESS
[java::co.rsk.trie.PathEncoder.encodeBinaryPath:([B)[B.array-index-out-of-bounds-low.3] line 66 Array index should be >= 0: SUCCESS
[java::co.rsk.trie.PathEncoder.encodeBinaryPath:([B)[B.null-pointer-exception.3] line 66 Null pointer check: SUCCESS
[java::co.rsk.trie.PathEncoder.encodeBinaryPath:([B)[B.null-pointer-exception.4] line 66 Null pointer check: SUCCESS

co/rsk/trie/SharedPathSerializer.java function java::co.rsk.trie.SharedPathSerializer.<init>:(Lco/rsk/trie/TrieKeySlice;)V
[java::co.rsk.trie.SharedPathSerializer.<init>:(Lco/rsk/trie/TrieKeySlice;)V.null-pointer-exception.1] line 34 Null pointer check: SUCCESS
[java::co.rsk.trie.SharedPathSerializer.<init>:(Lco/rsk/trie/TrieKeySlice;)V.null-pointer-exception.2] line 35 Null pointer check: SUCCESS
[java::co.rsk.trie.SharedPathSerializer.<init>:(Lco/rsk/trie/TrieKeySlice;)V.null-pointer-exception.3] line 36 Null pointer check: SUCCESS
[java::co.rsk.trie.SharedPathSerializer.<init>:(Lco/rsk/trie/TrieKeySlice;)V.null-pointer-exception.4] line 36 Null pointer check: SUCCESS
[java::co.rsk.trie.SharedPathSerializer.<init>:(Lco/rsk/trie/TrieKeySlice;)V.null-pointer-exception.5] line 36 Null pointer check: SUCCESS

co/rsk/trie/SharedPathSerializer.java function java::co.rsk.trie.SharedPathSerializer.deserialize:(Ljava/nio/ByteBuffer;Z)Lco/rsk/trie/TrieKeySlice;
[java::co.rsk.trie.SharedPathSerializer.deserialize:(Ljava/nio/ByteBuffer;Z)Lco/rsk/trie/TrieKeySlice;.array-create-negative-size.1] line 145 Array size should be >= 0: SUCCESS
[java::co.rsk.trie.SharedPathSerializer.deserialize:(Ljava/nio/ByteBuffer;Z)Lco/rsk/trie/TrieKeySlice;.null-pointer-exception.1] line 146 Null pointer check: SUCCESS

co/rsk/trie/SharedPathSerializer.java function java::co.rsk.trie.SharedPathSerializer.getPathBitsLength:(Ljava/nio/ByteBuffer;)I
[java::co.rsk.trie.SharedPathSerializer.getPathBitsLength:(Ljava/nio/ByteBuffer;)I.null-pointer-exception.1] line 124 Null pointer check: SUCCESS
[java::co.rsk.trie.SharedPathSerializer.getPathBitsLength:(Ljava/nio/ByteBuffer;)I.null-pointer-exception.2] line 132 Null pointer check: SUCCESS

co/rsk/trie/SharedPathSerializer.java function java::co.rsk.trie.SharedPathSerializer.isPresent:()Z
[java::co.rsk.trie.SharedPathSerializer.isPresent:()Z.null-pointer-exception.1] line 49 Null pointer check: SUCCESS

co/rsk/trie/SharedPathSerializer.java function java::co.rsk.trie.SharedPathSerializer.isPresent:(Lco/rsk/trie/TrieKeySlice;)Z
[java::co.rsk.trie.SharedPathSerializer.isPresent:(Lco/rsk/trie/TrieKeySlice;)Z.null-pointer-exception.1] line 186 Null pointer check: SUCCESS

co/rsk/trie/SharedPathSerializer.java function java::co.rsk.trie.SharedPathSerializer.lsharedSize:()I
[java::co.rsk.trie.SharedPathSerializer.lsharedSize:()I.null-pointer-exception.1] line 117 Null pointer check: SUCCESS

co/rsk/trie/SharedPathSerializer.java function java::co.rsk.trie.SharedPathSerializer.lsharedSize:(Lco/rsk/trie/TrieKeySlice;)I
[java::co.rsk.trie.SharedPathSerializer.lsharedSize:(Lco/rsk/trie/TrieKeySlice;)I.null-pointer-exception.1] line 100 Null pointer check: SUCCESS

co/rsk/trie/SharedPathSerializer.java function java::co.rsk.trie.SharedPathSerializer.readVarInt:(Ljava/nio/ByteBuffer;)Lco/rsk/bitcoinj/core/VarInt;
[java::co.rsk.trie.SharedPathSerializer.readVarInt:(Ljava/nio/ByteBuffer;)Lco/rsk/bitcoinj/core/VarInt;.null-pointer-exception.1] line 169 Null pointer check: SUCCESS
[java::co.rsk.trie.SharedPathSerializer.readVarInt:(Ljava/nio/ByteBuffer;)Lco/rsk/bitcoinj/core/VarInt;.null-pointer-exception.2] line 169 Null pointer check: SUCCESS
[java::co.rsk.trie.SharedPathSerializer.readVarInt:(Ljava/nio/ByteBuffer;)Lco/rsk/bitcoinj/core/VarInt;.array-create-negative-size.1] line 172 Array size should be >= 0: SUCCESS
[java::co.rsk.trie.SharedPathSerializer.readVarInt:(Ljava/nio/ByteBuffer;)Lco/rsk/bitcoinj/core/VarInt;.array-create-negative-size.2] line 174 Array size should be >= 0: SUCCESS
[java::co.rsk.trie.SharedPathSerializer.readVarInt:(Ljava/nio/ByteBuffer;)Lco/rsk/bitcoinj/core/VarInt;.array-create-negative-size.3] line 176 Array size should be >= 0: SUCCESS
[java::co.rsk.trie.SharedPathSerializer.readVarInt:(Ljava/nio/ByteBuffer;)Lco/rsk/bitcoinj/core/VarInt;.array-create-negative-size.4] line 178 Array size should be >= 0: SUCCESS
[java::co.rsk.trie.SharedPathSerializer.readVarInt:(Ljava/nio/ByteBuffer;)Lco/rsk/bitcoinj/core/VarInt;.null-pointer-exception.3] line 181 Null pointer check: SUCCESS
[java::co.rsk.trie.SharedPathSerializer.readVarInt:(Ljava/nio/ByteBuffer;)Lco/rsk/bitcoinj/core/VarInt;.null-pointer-exception.4] line 182 Null pointer check: SUCCESS

co/rsk/trie/SharedPathSerializer.java function java::co.rsk.trie.SharedPathSerializer.serializeBytes:(Ljava/nio/ByteBuffer;I[B)V
[java::co.rsk.trie.SharedPathSerializer.serializeBytes:(Ljava/nio/ByteBuffer;I[B)V.null-pointer-exception.1] line 68 Null pointer check: SUCCESS
[java::co.rsk.trie.SharedPathSerializer.serializeBytes:(Ljava/nio/ByteBuffer;I[B)V.null-pointer-exception.2] line 71 Null pointer check: SUCCESS
[java::co.rsk.trie.SharedPathSerializer.serializeBytes:(Ljava/nio/ByteBuffer;I[B)V.null-pointer-exception.3] line 73 Null pointer check: SUCCESS
[java::co.rsk.trie.SharedPathSerializer.serializeBytes:(Ljava/nio/ByteBuffer;I[B)V.null-pointer-exception.4] line 74 Null pointer check: SUCCESS
[java::co.rsk.trie.SharedPathSerializer.serializeBytes:(Ljava/nio/ByteBuffer;I[B)V.null-pointer-exception.5] line 74 Null pointer check: SUCCESS
[java::co.rsk.trie.SharedPathSerializer.serializeBytes:(Ljava/nio/ByteBuffer;I[B)V.null-pointer-exception.6] line 74 Null pointer check: SUCCESS
[java::co.rsk.trie.SharedPathSerializer.serializeBytes:(Ljava/nio/ByteBuffer;I[B)V.null-pointer-exception.7] line 76 Null pointer check: SUCCESS

co/rsk/trie/SharedPathSerializer.java function java::co.rsk.trie.SharedPathSerializer.serializeInto:(Lco/rsk/trie/TrieKeySlice;Ljava/nio/ByteBuffer;)V
[java::co.rsk.trie.SharedPathSerializer.serializeInto:(Lco/rsk/trie/TrieKeySlice;Ljava/nio/ByteBuffer;)V.null-pointer-exception.1] line 60 Null pointer check: SUCCESS
[java::co.rsk.trie.SharedPathSerializer.serializeInto:(Lco/rsk/trie/TrieKeySlice;Ljava/nio/ByteBuffer;)V.null-pointer-exception.2] line 61 Null pointer check: SUCCESS

co/rsk/trie/SharedPathSerializer.java function java::co.rsk.trie.SharedPathSerializer.serializeInto:(Ljava/nio/ByteBuffer;)V
[java::co.rsk.trie.SharedPathSerializer.serializeInto:(Ljava/nio/ByteBuffer;)V.null-pointer-exception.1] line 53 Null pointer check: SUCCESS

co/rsk/trie/SharedPathSerializer.java function java::co.rsk.trie.SharedPathSerializer.serializedLength:()I
[java::co.rsk.trie.SharedPathSerializer.serializedLength:()I.null-pointer-exception.1] line 41 Null pointer check: SUCCESS
[java::co.rsk.trie.SharedPathSerializer.serializedLength:()I.null-pointer-exception.2] line 45 Null pointer check: SUCCESS
[java::co.rsk.trie.SharedPathSerializer.serializedLength:()I.null-pointer-exception.3] line 45 Null pointer check: SUCCESS

co/rsk/trie/Trie.java function java::co.rsk.trie.Trie.<init>:()V
[java::co.rsk.trie.Trie.<init>:()V.null-pointer-exception.1] line 125 Null pointer check: SUCCESS

co/rsk/trie/Trie.java function java::co.rsk.trie.Trie.<init>:(Lco/rsk/trie/TrieStore;)V
[java::co.rsk.trie.Trie.<init>:(Lco/rsk/trie/TrieStore;)V.null-pointer-exception.1] line 129 Null pointer check: SUCCESS

co/rsk/trie/Trie.java function java::co.rsk.trie.Trie.<init>:(Lco/rsk/trie/TrieStore;Lco/rsk/trie/TrieKeySlice;[B)V
[java::co.rsk.trie.Trie.<init>:(Lco/rsk/trie/TrieStore;Lco/rsk/trie/TrieKeySlice;[B)V.null-pointer-exception.1] line 133 Null pointer check: SUCCESS
[java::co.rsk.trie.Trie.<init>:(Lco/rsk/trie/TrieStore;Lco/rsk/trie/TrieKeySlice;[B)V.null-pointer-exception.2] line 133 Null pointer check: SUCCESS

co/rsk/trie/Trie.java function java::co.rsk.trie.Trie.<init>:(Lco/rsk/trie/TrieStore;Lco/rsk/trie/TrieKeySlice;[BLco/rsk/trie/NodeReference;Lco/rsk/trie/NodeReference;Lco/rsk/core/types/ints/Uint24;Lco/rsk/crypto/Keccak256;)V
[java::co.rsk.trie.Trie.<init>:(Lco/rsk/trie/TrieStore;Lco/rsk/trie/TrieKeySlice;[BLco/rsk/trie/NodeReference;Lco/rsk/trie/NodeReference;Lco/rsk/core/types/ints/Uint24;Lco/rsk/crypto/Keccak256;)V.null-pointer-exception.1] line 137 Null pointer check: SUCCESS

co/rsk/trie/Trie.java function java::co.rsk.trie.Trie.<init>:(Lco/rsk/trie/TrieStore;Lco/rsk/trie/TrieKeySlice;[BLco/rsk/trie/NodeReference;Lco/rsk/trie/NodeReference;Lco/rsk/core/types/ints/Uint24;Lco/rsk/crypto/Keccak256;Lco/rsk/bitcoinj/core/VarInt;)V
[java::co.rsk.trie.Trie.<init>:(Lco/rsk/trie/TrieStore;Lco/rsk/trie/TrieKeySlice;[BLco/rsk/trie/NodeReference;Lco/rsk/trie/NodeReference;Lco/rsk/core/types/ints/Uint24;Lco/rsk/crypto/Keccak256;Lco/rsk/bitcoinj/core/VarInt;)V.null-pointer-exception.1] line 141 Null pointer check: SUCCESS
[java::co.rsk.trie.Trie.<init>:(Lco/rsk/trie/TrieStore;Lco/rsk/trie/TrieKeySlice;[BLco/rsk/trie/NodeReference;Lco/rsk/trie/NodeReference;Lco/rsk/core/types/ints/Uint24;Lco/rsk/crypto/Keccak256;Lco/rsk/bitcoinj/core/VarInt;)V.null-pointer-exception.2] line 141 Null pointer check: SUCCESS

co/rsk/trie/Trie.java function java::co.rsk.trie.Trie.<init>:(Lco/rsk/trie/TrieStore;Lco/rsk/trie/TrieKeySlice;[BLco/rsk/trie/NodeReference;Lco/rsk/trie/NodeReference;Lco/rsk/core/types/ints/Uint24;Lco/rsk/crypto/Keccak256;Lco/rsk/bitcoinj/core/VarInt;Lco/rsk/util/NodeStopper;)V
[java::co.rsk.trie.Trie.<init>:(Lco/rsk/trie/TrieStore;Lco/rsk/trie/TrieKeySlice;[BLco/rsk/trie/NodeReference;Lco/rsk/trie/NodeReference;Lco/rsk/core/types/ints/Uint24;Lco/rsk/crypto/Keccak256;Lco/rsk/bitcoinj/core/VarInt;Lco/rsk/util/NodeStopper;)V.null-pointer-exception.1] line 145 Null pointer check: SUCCESS
[java::co.rsk.trie.Trie.<init>:(Lco/rsk/trie/TrieStore;Lco/rsk/trie/TrieKeySlice;[BLco/rsk/trie/NodeReference;Lco/rsk/trie/NodeReference;Lco/rsk/core/types/ints/Uint24;Lco/rsk/crypto/Keccak256;Lco/rsk/bitcoinj/core/VarInt;Lco/rsk/util/NodeStopper;)V.null-pointer-exception.2] line 146 Null pointer check: SUCCESS
[java::co.rsk.trie.Trie.<init>:(Lco/rsk/trie/TrieStore;Lco/rsk/trie/TrieKeySlice;[BLco/rsk/trie/NodeReference;Lco/rsk/trie/NodeReference;Lco/rsk/core/types/ints/Uint24;Lco/rsk/crypto/Keccak256;Lco/rsk/bitcoinj/core/VarInt;Lco/rsk/util/NodeStopper;)V.null-pointer-exception.3] line 147 Null pointer check: SUCCESS
[java::co.rsk.trie.Trie.<init>:(Lco/rsk/trie/TrieStore;Lco/rsk/trie/TrieKeySlice;[BLco/rsk/trie/NodeReference;Lco/rsk/trie/NodeReference;Lco/rsk/core/types/ints/Uint24;Lco/rsk/crypto/Keccak256;Lco/rsk/bitcoinj/core/VarInt;Lco/rsk/util/NodeStopper;)V.null-pointer-exception.4] line 148 Null pointer check: SUCCESS
[java::co.rsk.trie.Trie.<init>:(Lco/rsk/trie/TrieStore;Lco/rsk/trie/TrieKeySlice;[BLco/rsk/trie/NodeReference;Lco/rsk/trie/NodeReference;Lco/rsk/core/types/ints/Uint24;Lco/rsk/crypto/Keccak256;Lco/rsk/bitcoinj/core/VarInt;Lco/rsk/util/NodeStopper;)V.null-pointer-exception.5] line 149 Null pointer check: SUCCESS
[java::co.rsk.trie.Trie.<init>:(Lco/rsk/trie/TrieStore;Lco/rsk/trie/TrieKeySlice;[BLco/rsk/trie/NodeReference;Lco/rsk/trie/NodeReference;Lco/rsk/core/types/ints/Uint24;Lco/rsk/crypto/Keccak256;Lco/rsk/bitcoinj/core/VarInt;Lco/rsk/util/NodeStopper;)V.null-pointer-exception.6] line 150 Null pointer check: SUCCESS
[java::co.rsk.trie.Trie.<init>:(Lco/rsk/trie/TrieStore;Lco/rsk/trie/TrieKeySlice;[BLco/rsk/trie/NodeReference;Lco/rsk/trie/NodeReference;Lco/rsk/core/types/ints/Uint24;Lco/rsk/crypto/Keccak256;Lco/rsk/bitcoinj/core/VarInt;Lco/rsk/util/NodeStopper;)V.null-pointer-exception.7] line 151 Null pointer check: SUCCESS
[java::co.rsk.trie.Trie.<init>:(Lco/rsk/trie/TrieStore;Lco/rsk/trie/TrieKeySlice;[BLco/rsk/trie/NodeReference;Lco/rsk/trie/NodeReference;Lco/rsk/core/types/ints/Uint24;Lco/rsk/crypto/Keccak256;Lco/rsk/bitcoinj/core/VarInt;Lco/rsk/util/NodeStopper;)V.null-pointer-exception.8] line 152 Null pointer check: SUCCESS
[java::co.rsk.trie.Trie.<init>:(Lco/rsk/trie/TrieStore;Lco/rsk/trie/TrieKeySlice;[BLco/rsk/trie/NodeReference;Lco/rsk/trie/NodeReference;Lco/rsk/core/types/ints/Uint24;Lco/rsk/crypto/Keccak256;Lco/rsk/bitcoinj/core/VarInt;Lco/rsk/util/NodeStopper;)V.null-pointer-exception.9] line 153 Null pointer check: SUCCESS
[java::co.rsk.trie.Trie.<init>:(Lco/rsk/trie/TrieStore;Lco/rsk/trie/TrieKeySlice;[BLco/rsk/trie/NodeReference;Lco/rsk/trie/NodeReference;Lco/rsk/core/types/ints/Uint24;Lco/rsk/crypto/Keccak256;Lco/rsk/bitcoinj/core/VarInt;Lco/rsk/util/NodeStopper;)V.bad-dynamic-cast.1] line 154 Dynamic cast check: SUCCESS
[java::co.rsk.trie.Trie.<init>:(Lco/rsk/trie/TrieStore;Lco/rsk/trie/TrieKeySlice;[BLco/rsk/trie/NodeReference;Lco/rsk/trie/NodeReference;Lco/rsk/core/types/ints/Uint24;Lco/rsk/crypto/Keccak256;Lco/rsk/bitcoinj/core/VarInt;Lco/rsk/util/NodeStopper;)V.null-pointer-exception.10] line 154 Null pointer check: SUCCESS
[java::co.rsk.trie.Trie.<init>:(Lco/rsk/trie/TrieStore;Lco/rsk/trie/TrieKeySlice;[BLco/rsk/trie/NodeReference;Lco/rsk/trie/NodeReference;Lco/rsk/core/types/ints/Uint24;Lco/rsk/crypto/Keccak256;Lco/rsk/bitcoinj/core/VarInt;Lco/rsk/util/NodeStopper;)V.null-pointer-exception.11] line 155 Null pointer check: SUCCESS

co/rsk/trie/Trie.java function java::co.rsk.trie.Trie.checkValueLength:()V
[java::co.rsk.trie.Trie.checkValueLength:()V.null-pointer-exception.1] line 1028 Null pointer check: SUCCESS
[java::co.rsk.trie.Trie.checkValueLength:()V.null-pointer-exception.2] line 1028 Null pointer check: SUCCESS
[java::co.rsk.trie.Trie.checkValueLength:()V.null-pointer-exception.3] line 1028 Null pointer check: SUCCESS
[java::co.rsk.trie.Trie.checkValueLength:()V.null-pointer-exception.4] line 1028 Null pointer check: SUCCESS
[java::co.rsk.trie.Trie.checkValueLength:()V.null-pointer-exception.5] line 1028 Null pointer check: SUCCESS
[java::co.rsk.trie.Trie.checkValueLength:()V.null-pointer-exception.6] line 1030 Null pointer check: SUCCESS
[java::co.rsk.trie.Trie.checkValueLength:()V.null-pointer-exception.7] line 1030 Null pointer check: SUCCESS
[java::co.rsk.trie.Trie.checkValueLength:()V.null-pointer-exception.8] line 1033 Null pointer check: SUCCESS
[java::co.rsk.trie.Trie.checkValueLength:()V.null-pointer-exception.9] line 1033 Null pointer check: SUCCESS
[java::co.rsk.trie.Trie.checkValueLength:()V.null-pointer-exception.10] line 1033 Null pointer check: SUCCESS
[java::co.rsk.trie.Trie.checkValueLength:()V.null-pointer-exception.11] line 1033 Null pointer check: SUCCESS
[java::co.rsk.trie.Trie.checkValueLength:()V.null-pointer-exception.12] line 1035 Null pointer check: SUCCESS
[java::co.rsk.trie.Trie.checkValueLength:()V.null-pointer-exception.13] line 1035 Null pointer check: SUCCESS

co/rsk/trie/Trie.java function java::co.rsk.trie.Trie.checkValueLengthAfterRetrieve:()V
[java::co.rsk.trie.Trie.checkValueLengthAfterRetrieve:()V.null-pointer-exception.1] line 1019 Null pointer check: SUCCESS
[java::co.rsk.trie.Trie.checkValueLengthAfterRetrieve:()V.null-pointer-exception.2] line 1019 Null pointer check: SUCCESS
[java::co.rsk.trie.Trie.checkValueLengthAfterRetrieve:()V.null-pointer-exception.3] line 1019 Null pointer check: SUCCESS
[java::co.rsk.trie.Trie.checkValueLengthAfterRetrieve:()V.null-pointer-exception.4] line 1021 Null pointer check: SUCCESS
[java::co.rsk.trie.Trie.checkValueLengthAfterRetrieve:()V.null-pointer-exception.5] line 1021 Null pointer check: SUCCESS
[java::co.rsk.trie.Trie.checkValueLengthAfterRetrieve:()V.null-pointer-exception.6] line 1024 Null pointer check: SUCCESS

co/rsk/trie/Trie.java function java::co.rsk.trie.Trie.cloneArray:([B)[B
[java::co.rsk.trie.Trie.cloneArray:([B)[B.null-pointer-exception.1] line 1076 Null pointer check: SUCCESS

co/rsk/trie/Trie.java function java::co.rsk.trie.Trie.fromMessage:([BLco/rsk/trie/TrieStore;)Lco/rsk/trie/Trie;
[java::co.rsk.trie.Trie.fromMessage:([BLco/rsk/trie/TrieStore;)Lco/rsk/trie/Trie;.null-pointer-exception.1] line 165 Null pointer check: SUCCESS
[java::co.rsk.trie.Trie.fromMessage:([BLco/rsk/trie/TrieStore;)Lco/rsk/trie/Trie;.array-index-out-of-bounds-high.1] line 166 Array index should be < length: SUCCESS
[java::co.rsk.trie.Trie.fromMessage:([BLco/rsk/trie/TrieStore;)Lco/rsk/trie/Trie;.array-index-out-of-bounds-low.1] line 166 Array index should be >= 0: SUCCESS
[java::co.rsk.trie.Trie.fromMessage:([BLco/rsk/trie/TrieStore;)Lco/rsk/trie/Trie;.null-pointer-exception.2] line 166 Null pointer check: SUCCESS
[java::co.rsk.trie.Trie.fromMessage:([BLco/rsk/trie/TrieStore;)Lco/rsk/trie/Trie;.null-pointer-exception.3] line 172 Null pointer check: SUCCESS

co/rsk/trie/Trie.java function java::co.rsk.trie.Trie.fromMessageOrchid:([BLco/rsk/trie/TrieStore;)Lco/rsk/trie/Trie;
[java::co.rsk.trie.Trie.fromMessageOrchid:([BLco/rsk/trie/TrieStore;)Lco/rsk/trie/Trie;.array-index-out-of-bounds-high.1] line 179 Array index should be < length: SUCCESS
[java::co.rsk.trie.Trie.fromMessageOrchid:([BLco/rsk/trie/TrieStore;)Lco/rsk/trie/Trie;.array-index-out-of-bounds-low.1] line 179 Array index should be >= 0: SUCCESS
[java::co.rsk.trie.Trie.fromMessageOrchid:([BLco/rsk/trie/TrieStore;)Lco/rsk/trie/Trie;.null-pointer-exception.1] line 179 Null pointer check: SUCCESS
[java::co.rsk.trie.Trie.fromMessageOrchid:([BLco/rsk/trie/TrieStore;)Lco/rsk/trie/Trie;.null-pointer-exception.2] line 183 Null pointer check: SUCCESS
[java::co.rsk.trie.Trie.fromMessageOrchid:([BLco/rsk/trie/TrieStore;)Lco/rsk/trie/Trie;.null-pointer-exception.3] line 183 Null pointer check: SUCCESS
[java::co.rsk.trie.Trie.fromMessageOrchid:([BLco/rsk/trie/TrieStore;)Lco/rsk/trie/Trie;.array-index-out-of-bounds-high.2] line 186 Array index should be < length: SUCCESS
[java::co.rsk.trie.Trie.fromMessageOrchid:([BLco/rsk/trie/TrieStore;)Lco/rsk/trie/Trie;.array-index-out-of-bounds-low.2] line 186 Array index should be >= 0: SUCCESS
[java::co.rsk.trie.Trie.fromMessageOrchid:([BLco/rsk/trie/TrieStore;)Lco/rsk/trie/Trie;.null-pointer-exception.4] line 186 Null pointer check: SUCCESS
[java::co.rsk.trie.Trie.fromMessageOrchid:([BLco/rsk/trie/TrieStore;)Lco/rsk/trie/Trie;.null-pointer-exception.5] line 198 Null pointer check: SUCCESS
[java::co.rsk.trie.Trie.fromMessageOrchid:([BLco/rsk/trie/TrieStore;)Lco/rsk/trie/Trie;.array-create-negative-size.1] line 199 Array size should be >= 0: SUCCESS
[java::co.rsk.trie.Trie.fromMessageOrchid:([BLco/rsk/trie/TrieStore;)Lco/rsk/trie/Trie;.null-pointer-exception.11] line 199 Null pointer check: SUCCESS
[java::co.rsk.trie.Trie.fromMessageOrchid:([BLco/rsk/trie/TrieStore;)Lco/rsk/trie/Trie;.null-pointer-exception.12] line 199 Null pointer check: SUCCESS
[java::co.rsk.trie.Trie.fromMessageOrchid:([BLco/rsk/trie/TrieStore;)Lco/rsk/trie/Trie;.array-index-out-of-bounds-high.3] line 201 Array index should be < length: SUCCESS
[java::co.rsk.trie.Trie.fromMessageOrchid:([BLco/rsk/trie/TrieStore;)Lco/rsk/trie/Trie;.array-index-out-of-bounds-high.4] line 201 Array index should be < length: SUCCESS
[java::co.rsk.trie.Trie.fromMessageOrchid:([BLco/rsk/trie/TrieStore;)Lco/rsk/trie/Trie;.array-index-out-of-bounds-high.5] line 201 Array index should be < length: SUCCESS
[java::co.rsk.trie.Trie.fromMessageOrchid:([BLco/rsk/trie/TrieStore;)Lco/rsk/trie/Trie;.array-index-out-of-bounds-low.3] line 201 Array index should be >= 0: SUCCESS
[java::co.rsk.trie.Trie.fromMessageOrchid:([BLco/rsk/trie/TrieStore;)Lco/rsk/trie/Trie;.array-index-out-of-bounds-low.4] line 201 Array index should be >= 0: SUCCESS
[java::co.rsk.trie.Trie.fromMessageOrchid:([BLco/rsk/trie/TrieStore;)Lco/rsk/trie/Trie;.array-index-out-of-bounds-low.5] line 201 Array index should be >= 0: SUCCESS
[java::co.rsk.trie.Trie.fromMessageOrchid:([BLco/rsk/trie/TrieStore;)Lco/rsk/trie/Trie;.null-pointer-exception.6] line 201 Null pointer check: SUCCESS
[java::co.rsk.trie.Trie.fromMessageOrchid:([BLco/rsk/trie/TrieStore;)Lco/rsk/trie/Trie;.null-pointer-exception.7] line 201 Null pointer check: SUCCESS
[java::co.rsk.trie.Trie.fromMessageOrchid:([BLco/rsk/trie/TrieStore;)Lco/rsk/trie/Trie;.null-pointer-exception.8] line 201 Null pointer check: SUCCESS
[java::co.rsk.trie.Trie.fromMessageOrchid:([BLco/rsk/trie/TrieStore;)Lco/rsk/trie/Trie;.null-pointer-exception.9] line 201 Null pointer check: SUCCESS
[java::co.rsk.trie.Trie.fromMessageOrchid:([BLco/rsk/trie/TrieStore;)Lco/rsk/trie/Trie;.null-pointer-exception.10] line 201 Null pointer check: SUCCESS
[java::co.rsk.trie.Trie.fromMessageOrchid:([BLco/rsk/trie/TrieStore;)Lco/rsk/trie/Trie;.null-pointer-exception.13] line 214 Null pointer check: SUCCESS
[java::co.rsk.trie.Trie.fromMessageOrchid:([BLco/rsk/trie/TrieStore;)Lco/rsk/trie/Trie;.null-pointer-exception.14] line 220 Null pointer check: SUCCESS
[java::co.rsk.trie.Trie.fromMessageOrchid:([BLco/rsk/trie/TrieStore;)Lco/rsk/trie/Trie;.null-pointer-exception.15] line 232 Null pointer check: SUCCESS
[java::co.rsk.trie.Trie.fromMessageOrchid:([BLco/rsk/trie/TrieStore;)Lco/rsk/trie/Trie;.null-pointer-exception.16] line 232 Null pointer check: SUCCESS
[java::co.rsk.trie.Trie.fromMessageOrchid:([BLco/rsk/trie/TrieStore;)Lco/rsk/trie/Trie;.null-pointer-exception.17] line 233 Null pointer check: SUCCESS
[java::co.rsk.trie.Trie.fromMessageOrchid:([BLco/rsk/trie/TrieStore;)Lco/rsk/trie/Trie;.null-pointer-exception.18] line 233 Null pointer check: SUCCESS
[java::co.rsk.trie.Trie.fromMessageOrchid:([BLco/rsk/trie/TrieStore;)Lco/rsk/trie/Trie;.null-pointer-exception.19] line 235 Null pointer check: SUCCESS
[java::co.rsk.trie.Trie.fromMessageOrchid:([BLco/rsk/trie/TrieStore;)Lco/rsk/trie/Trie;.null-pointer-exception.20] line 237 Null pointer check: SUCCESS
[java::co.rsk.trie.Trie.fromMessageOrchid:([BLco/rsk/trie/TrieStore;)Lco/rsk/trie/Trie;.array-create-negative-size.2] line 238 Array size should be >= 0: SUCCESS
[java::co.rsk.trie.Trie.fromMessageOrchid:([BLco/rsk/trie/TrieStore;)Lco/rsk/trie/Trie;.null-pointer-exception.26] line 238 Null pointer check: SUCCESS
[java::co.rsk.trie.Trie.fromMessageOrchid:([BLco/rsk/trie/TrieStore;)Lco/rsk/trie/Trie;.null-pointer-exception.27] line 238 Null pointer check: SUCCESS
[java::co.rsk.trie.Trie.fromMessageOrchid:([BLco/rsk/trie/TrieStore;)Lco/rsk/trie/Trie;.array-index-out-of-bounds-high.6] line 240 Array index should be < length: SUCCESS
[java::co.rsk.trie.Trie.fromMessageOrchid:([BLco/rsk/trie/TrieStore;)Lco/rsk/trie/Trie;.array-index-out-of-bounds-high.7] line 240 Array index should be < length: SUCCESS
[java::co.rsk.trie.Trie.fromMessageOrchid:([BLco/rsk/trie/TrieStore;)Lco/rsk/trie/Trie;.array-index-out-of-bounds-high.8] line 240 Array index should be < length: SUCCESS
[java::co.rsk.trie.Trie.fromMessageOrchid:([BLco/rsk/trie/TrieStore;)Lco/rsk/trie/Trie;.array-index-out-of-bounds-low.6] line 240 Array index should be >= 0: SUCCESS
[java::co.rsk.trie.Trie.fromMessageOrchid:([BLco/rsk/trie/TrieStore;)Lco/rsk/trie/Trie;.array-index-out-of-bounds-low.7] line 240 Array index should be >= 0: SUCCESS
[java::co.rsk.trie.Trie.fromMessageOrchid:([BLco/rsk/trie/TrieStore;)Lco/rsk/trie/Trie;.array-index-out-of-bounds-low.8] line 240 Array index should be >= 0: SUCCESS
[java::co.rsk.trie.Trie.fromMessageOrchid:([BLco/rsk/trie/TrieStore;)Lco/rsk/trie/Trie;.null-pointer-exception.21] line 240 Null pointer check: SUCCESS
[java::co.rsk.trie.Trie.fromMessageOrchid:([BLco/rsk/trie/TrieStore;)Lco/rsk/trie/Trie;.null-pointer-exception.22] line 240 Null pointer check: SUCCESS
[java::co.rsk.trie.Trie.fromMessageOrchid:([BLco/rsk/trie/TrieStore;)Lco/rsk/trie/Trie;.null-pointer-exception.23] line 240 Null pointer check: SUCCESS
[java::co.rsk.trie.Trie.fromMessageOrchid:([BLco/rsk/trie/TrieStore;)Lco/rsk/trie/Trie;.null-pointer-exception.24] line 240 Null pointer check: SUCCESS
[java::co.rsk.trie.Trie.fromMessageOrchid:([BLco/rsk/trie/TrieStore;)Lco/rsk/trie/Trie;.null-pointer-exception.25] line 240 Null pointer check: SUCCESS
[java::co.rsk.trie.Trie.fromMessageOrchid:([BLco/rsk/trie/TrieStore;)Lco/rsk/trie/Trie;.null-pointer-exception.28] line 245 Null pointer check: SUCCESS
[java::co.rsk.trie.Trie.fromMessageOrchid:([BLco/rsk/trie/TrieStore;)Lco/rsk/trie/Trie;.null-pointer-exception.29] line 254 Null pointer check: SUCCESS

co/rsk/trie/Trie.java function java::co.rsk.trie.Trie.fromMessageRskip107:(Ljava/nio/ByteBuffer;Lco/rsk/trie/TrieStore;)Lco/rsk/trie/Trie;
[java::co.rsk.trie.Trie.fromMessageRskip107:(Ljava/nio/ByteBuffer;Lco/rsk/trie/TrieStore;)Lco/rsk/trie/Trie;.null-pointer-exception.1] line 260 Null pointer check: SUCCESS
[java::co.rsk.trie.Trie.fromMessageRskip107:(Ljava/nio/ByteBuffer;Lco/rsk/trie/TrieStore;)Lco/rsk/trie/Trie;.array-create-negative-size.1] line 275 Array size should be >= 0: SUCCESS
[java::co.rsk.trie.Trie.fromMessageRskip107:(Ljava/nio/ByteBuffer;Lco/rsk/trie/TrieStore;)Lco/rsk/trie/Trie;.null-pointer-exception.2] line 276 Null pointer check: SUCCESS
[java::co.rsk.trie.Trie.fromMessageRskip107:(Ljava/nio/ByteBuffer;Lco/rsk/trie/TrieStore;)Lco/rsk/trie/Trie;.array-create-negative-size.2] line 279 Array size should be >= 0: SUCCESS
[java::co.rsk.trie.Trie.fromMessageRskip107:(Ljava/nio/ByteBuffer;Lco/rsk/trie/TrieStore;)Lco/rsk/trie/Trie;.null-pointer-exception.3] line 279 Null pointer check: SUCCESS
[java::co.rsk.trie.Trie.fromMessageRskip107:(Ljava/nio/ByteBuffer;Lco/rsk/trie/TrieStore;)Lco/rsk/trie/Trie;.null-pointer-exception.4] line 280 Null pointer check: SUCCESS
[java::co.rsk.trie.Trie.fromMessageRskip107:(Ljava/nio/ByteBuffer;Lco/rsk/trie/TrieStore;)Lco/rsk/trie/Trie;.null-pointer-exception.5] line 282 Null pointer check: SUCCESS
[java::co.rsk.trie.Trie.fromMessageRskip107:(Ljava/nio/ByteBuffer;Lco/rsk/trie/TrieStore;)Lco/rsk/trie/Trie;.array-create-negative-size.3] line 284 Array size should be >= 0: SUCCESS
[java::co.rsk.trie.Trie.fromMessageRskip107:(Ljava/nio/ByteBuffer;Lco/rsk/trie/TrieStore;)Lco/rsk/trie/Trie;.null-pointer-exception.6] line 285 Null pointer check: SUCCESS
[java::co.rsk.trie.Trie.fromMessageRskip107:(Ljava/nio/ByteBuffer;Lco/rsk/trie/TrieStore;)Lco/rsk/trie/Trie;.null-pointer-exception.7] line 286 Null pointer check: SUCCESS
[java::co.rsk.trie.Trie.fromMessageRskip107:(Ljava/nio/ByteBuffer;Lco/rsk/trie/TrieStore;)Lco/rsk/trie/Trie;.null-pointer-exception.8] line 287 Null pointer check: SUCCESS
[java::co.rsk.trie.Trie.fromMessageRskip107:(Ljava/nio/ByteBuffer;Lco/rsk/trie/TrieStore;)Lco/rsk/trie/Trie;.array-create-negative-size.4] line 293 Array size should be >= 0: SUCCESS
[java::co.rsk.trie.Trie.fromMessageRskip107:(Ljava/nio/ByteBuffer;Lco/rsk/trie/TrieStore;)Lco/rsk/trie/Trie;.null-pointer-exception.9] line 294 Null pointer check: SUCCESS
[java::co.rsk.trie.Trie.fromMessageRskip107:(Ljava/nio/ByteBuffer;Lco/rsk/trie/TrieStore;)Lco/rsk/trie/Trie;.array-create-negative-size.5] line 297 Array size should be >= 0: SUCCESS
[java::co.rsk.trie.Trie.fromMessageRskip107:(Ljava/nio/ByteBuffer;Lco/rsk/trie/TrieStore;)Lco/rsk/trie/Trie;.null-pointer-exception.10] line 297 Null pointer check: SUCCESS
[java::co.rsk.trie.Trie.fromMessageRskip107:(Ljava/nio/ByteBuffer;Lco/rsk/trie/TrieStore;)Lco/rsk/trie/Trie;.null-pointer-exception.11] line 298 Null pointer check: SUCCESS
[java::co.rsk.trie.Trie.fromMessageRskip107:(Ljava/nio/ByteBuffer;Lco/rsk/trie/TrieStore;)Lco/rsk/trie/Trie;.null-pointer-exception.12] line 300 Null pointer check: SUCCESS
[java::co.rsk.trie.Trie.fromMessageRskip107:(Ljava/nio/ByteBuffer;Lco/rsk/trie/TrieStore;)Lco/rsk/trie/Trie;.array-create-negative-size.6] line 302 Array size should be >= 0: SUCCESS
[java::co.rsk.trie.Trie.fromMessageRskip107:(Ljava/nio/ByteBuffer;Lco/rsk/trie/TrieStore;)Lco/rsk/trie/Trie;.null-pointer-exception.13] line 303 Null pointer check: SUCCESS
[java::co.rsk.trie.Trie.fromMessageRskip107:(Ljava/nio/ByteBuffer;Lco/rsk/trie/TrieStore;)Lco/rsk/trie/Trie;.null-pointer-exception.14] line 304 Null pointer check: SUCCESS
[java::co.rsk.trie.Trie.fromMessageRskip107:(Ljava/nio/ByteBuffer;Lco/rsk/trie/TrieStore;)Lco/rsk/trie/Trie;.null-pointer-exception.15] line 305 Null pointer check: SUCCESS
[java::co.rsk.trie.Trie.fromMessageRskip107:(Ljava/nio/ByteBuffer;Lco/rsk/trie/TrieStore;)Lco/rsk/trie/Trie;.null-pointer-exception.16] line 309 Null pointer check: SUCCESS
[java::co.rsk.trie.Trie.fromMessageRskip107:(Ljava/nio/ByteBuffer;Lco/rsk/trie/TrieStore;)Lco/rsk/trie/Trie;.array-create-negative-size.7] line 320 Array size should be >= 0: SUCCESS
[java::co.rsk.trie.Trie.fromMessageRskip107:(Ljava/nio/ByteBuffer;Lco/rsk/trie/TrieStore;)Lco/rsk/trie/Trie;.null-pointer-exception.17] line 321 Null pointer check: SUCCESS
[java::co.rsk.trie.Trie.fromMessageRskip107:(Ljava/nio/ByteBuffer;Lco/rsk/trie/TrieStore;)Lco/rsk/trie/Trie;.null-pointer-exception.18] line 322 Null pointer check: SUCCESS
[java::co.rsk.trie.Trie.fromMessageRskip107:(Ljava/nio/ByteBuffer;Lco/rsk/trie/TrieStore;)Lco/rsk/trie/Trie;.array-create-negative-size.8] line 323 Array size should be >= 0: SUCCESS
[java::co.rsk.trie.Trie.fromMessageRskip107:(Ljava/nio/ByteBuffer;Lco/rsk/trie/TrieStore;)Lco/rsk/trie/Trie;.null-pointer-exception.19] line 324 Null pointer check: SUCCESS
[java::co.rsk.trie.Trie.fromMessageRskip107:(Ljava/nio/ByteBuffer;Lco/rsk/trie/TrieStore;)Lco/rsk/trie/Trie;.null-pointer-exception.20] line 327 Null pointer check: SUCCESS
[java::co.rsk.trie.Trie.fromMessageRskip107:(Ljava/nio/ByteBuffer;Lco/rsk/trie/TrieStore;)Lco/rsk/trie/Trie;.array-create-negative-size.9] line 329 Array size should be >= 0: SUCCESS
[java::co.rsk.trie.Trie.fromMessageRskip107:(Ljava/nio/ByteBuffer;Lco/rsk/trie/TrieStore;)Lco/rsk/trie/Trie;.null-pointer-exception.21] line 330 Null pointer check: SUCCESS
[java::co.rsk.trie.Trie.fromMessageRskip107:(Ljava/nio/ByteBuffer;Lco/rsk/trie/TrieStore;)Lco/rsk/trie/Trie;.null-pointer-exception.22] line 331 Null pointer check: SUCCESS
[java::co.rsk.trie.Trie.fromMessageRskip107:(Ljava/nio/ByteBuffer;Lco/rsk/trie/TrieStore;)Lco/rsk/trie/Trie;.null-pointer-exception.23] line 332 Null pointer check: SUCCESS
[java::co.rsk.trie.Trie.fromMessageRskip107:(Ljava/nio/ByteBuffer;Lco/rsk/trie/TrieStore;)Lco/rsk/trie/Trie;.null-pointer-exception.24] line 340 Null pointer check: SUCCESS
[java::co.rsk.trie.Trie.fromMessageRskip107:(Ljava/nio/ByteBuffer;Lco/rsk/trie/TrieStore;)Lco/rsk/trie/Trie;.null-pointer-exception.25] line 341 Null pointer check: SUCCESS
[java::co.rsk.trie.Trie.fromMessageRskip107:(Ljava/nio/ByteBuffer;Lco/rsk/trie/TrieStore;)Lco/rsk/trie/Trie;.null-pointer-exception.26] line 341 Null pointer check: SUCCESS
[java::co.rsk.trie.Trie.fromMessageRskip107:(Ljava/nio/ByteBuffer;Lco/rsk/trie/TrieStore;)Lco/rsk/trie/Trie;.null-pointer-exception.27] line 344 Null pointer check: SUCCESS

co/rsk/trie/Trie.java function java::co.rsk.trie.Trie.getChildrenSize:()Lco/rsk/bitcoinj/core/VarInt;
[java::co.rsk.trie.Trie.getChildrenSize:()Lco/rsk/bitcoinj/core/VarInt;.null-pointer-exception.1] line 1002 Null pointer check: SUCCESS
[java::co.rsk.trie.Trie.getChildrenSize:()Lco/rsk/bitcoinj/core/VarInt;.null-pointer-exception.2] line 1003 Null pointer check: SUCCESS
[java::co.rsk.trie.Trie.getChildrenSize:()Lco/rsk/bitcoinj/core/VarInt;.null-pointer-exception.3] line 1004 Null pointer check: SUCCESS
[java::co.rsk.trie.Trie.getChildrenSize:()Lco/rsk/bitcoinj/core/VarInt;.null-pointer-exception.4] line 1004 Null pointer check: SUCCESS
[java::co.rsk.trie.Trie.getChildrenSize:()Lco/rsk/bitcoinj/core/VarInt;.null-pointer-exception.5] line 1006 Null pointer check: SUCCESS
[java::co.rsk.trie.Trie.getChildrenSize:()Lco/rsk/bitcoinj/core/VarInt;.null-pointer-exception.6] line 1006 Null pointer check: SUCCESS
[java::co.rsk.trie.Trie.getChildrenSize:()Lco/rsk/bitcoinj/core/VarInt;.null-pointer-exception.7] line 1006 Null pointer check: SUCCESS
[java::co.rsk.trie.Trie.getChildrenSize:()Lco/rsk/bitcoinj/core/VarInt;.null-pointer-exception.8] line 1006 Null pointer check: SUCCESS
[java::co.rsk.trie.Trie.getChildrenSize:()Lco/rsk/bitcoinj/core/VarInt;.null-pointer-exception.9] line 1006 Null pointer check: SUCCESS
[java::co.rsk.trie.Trie.getChildrenSize:()Lco/rsk/bitcoinj/core/VarInt;.null-pointer-exception.10] line 1006 Null pointer check: SUCCESS
[java::co.rsk.trie.Trie.getChildrenSize:()Lco/rsk/bitcoinj/core/VarInt;.null-pointer-exception.11] line 1010 Null pointer check: SUCCESS

co/rsk/trie/Trie.java function java::co.rsk.trie.Trie.getDataLength:([B)Lco/rsk/core/types/ints/Uint24;
[java::co.rsk.trie.Trie.getDataLength:([B)Lco/rsk/core/types/ints/Uint24;.null-pointer-exception.1] line 828 Null pointer check: SUCCESS
[java::co.rsk.trie.Trie.getDataLength:([B)Lco/rsk/core/types/ints/Uint24;.null-pointer-exception.2] line 828 Null pointer check: SUCCESS

co/rsk/trie/Trie.java function java::co.rsk.trie.Trie.getHash:()Lco/rsk/crypto/Keccak256;
[java::co.rsk.trie.Trie.getHash:()Lco/rsk/crypto/Keccak256;.null-pointer-exception.1] line 363 Null pointer check: SUCCESS
[java::co.rsk.trie.Trie.getHash:()Lco/rsk/crypto/Keccak256;.null-pointer-exception.2] line 364 Null pointer check: SUCCESS
[java::co.rsk.trie.Trie.getHash:()Lco/rsk/crypto/Keccak256;.null-pointer-exception.3] line 364 Null pointer check: SUCCESS
[java::co.rsk.trie.Trie.getHash:()Lco/rsk/crypto/Keccak256;.null-pointer-exception.4] line 367 Null pointer check: SUCCESS
[java::co.rsk.trie.Trie.getHash:()Lco/rsk/crypto/Keccak256;.null-pointer-exception.5] line 368 Null pointer check: SUCCESS
[java::co.rsk.trie.Trie.getHash:()Lco/rsk/crypto/Keccak256;.null-pointer-exception.6] line 371 Null pointer check: SUCCESS
[java::co.rsk.trie.Trie.getHash:()Lco/rsk/crypto/Keccak256;.null-pointer-exception.7] line 373 Null pointer check: SUCCESS
[java::co.rsk.trie.Trie.getHash:()Lco/rsk/crypto/Keccak256;.null-pointer-exception.8] line 373 Null pointer check: SUCCESS
[java::co.rsk.trie.Trie.getHash:()Lco/rsk/crypto/Keccak256;.null-pointer-exception.9] line 375 Null pointer check: SUCCESS
[java::co.rsk.trie.Trie.getHash:()Lco/rsk/crypto/Keccak256;.null-pointer-exception.10] line 375 Null pointer check: SUCCESS

co/rsk/trie/Trie.java function java::co.rsk.trie.Trie.getLeft:()Lco/rsk/trie/NodeReference;
[java::co.rsk.trie.Trie.getLeft:()Lco/rsk/trie/NodeReference;.null-pointer-exception.1] line 754 Null pointer check: SUCCESS

co/rsk/trie/Trie.java function java::co.rsk.trie.Trie.getMessageLength:()I
[java::co.rsk.trie.Trie.getMessageLength:()I.null-pointer-exception.1] line 515 Null pointer check: SUCCESS
[java::co.rsk.trie.Trie.getMessageLength:()I.null-pointer-exception.2] line 516 Null pointer check: SUCCESS
[java::co.rsk.trie.Trie.getMessageLength:()I.null-pointer-exception.3] line 519 Null pointer check: SUCCESS
[java::co.rsk.trie.Trie.getMessageLength:()I.null-pointer-exception.4] line 519 Null pointer check: SUCCESS

co/rsk/trie/Trie.java function java::co.rsk.trie.Trie.getRight:()Lco/rsk/trie/NodeReference;
[java::co.rsk.trie.Trie.getRight:()Lco/rsk/trie/NodeReference;.null-pointer-exception.1] line 758 Null pointer check: SUCCESS

co/rsk/trie/Trie.java function java::co.rsk.trie.Trie.getValue:()[B
[java::co.rsk.trie.Trie.getValue:()[B.null-pointer-exception.1] line 986 Null pointer check: SUCCESS
[java::co.rsk.trie.Trie.getValue:()[B.null-pointer-exception.2] line 986 Null pointer check: SUCCESS
[java::co.rsk.trie.Trie.getValue:()[B.null-pointer-exception.3] line 986 Null pointer check: SUCCESS
[java::co.rsk.trie.Trie.getValue:()[B.null-pointer-exception.4] line 987 Null pointer check: SUCCESS
[java::co.rsk.trie.Trie.getValue:()[B.null-pointer-exception.5] line 987 Null pointer check: SUCCESS
[java::co.rsk.trie.Trie.getValue:()[B.null-pointer-exception.6] line 988 Null pointer check: SUCCESS
[java::co.rsk.trie.Trie.getValue:()[B.null-pointer-exception.7] line 991 Null pointer check: SUCCESS

co/rsk/trie/Trie.java function java::co.rsk.trie.Trie.getValueHash:()Lco/rsk/crypto/Keccak256;
[java::co.rsk.trie.Trie.getValueHash:()Lco/rsk/crypto/Keccak256;.null-pointer-exception.1] line 978 Null pointer check: SUCCESS
[java::co.rsk.trie.Trie.getValueHash:()Lco/rsk/crypto/Keccak256;.null-pointer-exception.2] line 978 Null pointer check: SUCCESS
[java::co.rsk.trie.Trie.getValueHash:()Lco/rsk/crypto/Keccak256;.null-pointer-exception.3] line 978 Null pointer check: SUCCESS
[java::co.rsk.trie.Trie.getValueHash:()Lco/rsk/crypto/Keccak256;.null-pointer-exception.4] line 979 Null pointer check: SUCCESS
[java::co.rsk.trie.Trie.getValueHash:()Lco/rsk/crypto/Keccak256;.null-pointer-exception.5] line 979 Null pointer check: SUCCESS
[java::co.rsk.trie.Trie.getValueHash:()Lco/rsk/crypto/Keccak256;.null-pointer-exception.6] line 979 Null pointer check: SUCCESS
[java::co.rsk.trie.Trie.getValueHash:()Lco/rsk/crypto/Keccak256;.null-pointer-exception.7] line 982 Null pointer check: SUCCESS

co/rsk/trie/Trie.java function java::co.rsk.trie.Trie.getValueLength:()Lco/rsk/core/types/ints/Uint24;
[java::co.rsk.trie.Trie.getValueLength:()Lco/rsk/core/types/ints/Uint24;.null-pointer-exception.1] line 972 Null pointer check: SUCCESS

co/rsk/trie/Trie.java function java::co.rsk.trie.Trie.hasLongValue:()Z
[java::co.rsk.trie.Trie.hasLongValue:()Z.null-pointer-exception.1] line 968 Null pointer check: SUCCESS
[java::co.rsk.trie.Trie.hasLongValue:()Z.null-pointer-exception.2] line 968 Null pointer check: SUCCESS
[java::co.rsk.trie.Trie.hasLongValue:()Z.null-pointer-exception.3] line 968 Null pointer check: SUCCESS

co/rsk/trie/Trie.java function java::co.rsk.trie.Trie.hashCode:()I
[java::co.rsk.trie.Trie.hashCode:()I.null-pointer-exception.1] line 1106 Null pointer check: SUCCESS

co/rsk/trie/Trie.java function java::co.rsk.trie.Trie.internalPut:(Lco/rsk/trie/TrieKeySlice;[BZ)Lco/rsk/trie/Trie;
[java::co.rsk.trie.Trie.internalPut:(Lco/rsk/trie/TrieKeySlice;[BZ)Lco/rsk/trie/Trie;.null-pointer-exception.1] line 832 Null pointer check: SUCCESS
[java::co.rsk.trie.Trie.internalPut:(Lco/rsk/trie/TrieKeySlice;[BZ)Lco/rsk/trie/Trie;.null-pointer-exception.2] line 832 Null pointer check: SUCCESS
[java::co.rsk.trie.Trie.internalPut:(Lco/rsk/trie/TrieKeySlice;[BZ)Lco/rsk/trie/Trie;.null-pointer-exception.3] line 833 Null pointer check: SUCCESS
[java::co.rsk.trie.Trie.internalPut:(Lco/rsk/trie/TrieKeySlice;[BZ)Lco/rsk/trie/Trie;.null-pointer-exception.4] line 833 Null pointer check: SUCCESS
[java::co.rsk.trie.Trie.internalPut:(Lco/rsk/trie/TrieKeySlice;[BZ)Lco/rsk/trie/Trie;.null-pointer-exception.5] line 833 Null pointer check: SUCCESS
[java::co.rsk.trie.Trie.internalPut:(Lco/rsk/trie/TrieKeySlice;[BZ)Lco/rsk/trie/Trie;.null-pointer-exception.6] line 839 Null pointer check: SUCCESS
[java::co.rsk.trie.Trie.internalPut:(Lco/rsk/trie/TrieKeySlice;[BZ)Lco/rsk/trie/Trie;.null-pointer-exception.7] line 839 Null pointer check: SUCCESS
[java::co.rsk.trie.Trie.internalPut:(Lco/rsk/trie/TrieKeySlice;[BZ)Lco/rsk/trie/Trie;.null-pointer-exception.8] line 842 Null pointer check: SUCCESS
[java::co.rsk.trie.Trie.internalPut:(Lco/rsk/trie/TrieKeySlice;[BZ)Lco/rsk/trie/Trie;.null-pointer-exception.9] line 842 Null pointer check: SUCCESS
[java::co.rsk.trie.Trie.internalPut:(Lco/rsk/trie/TrieKeySlice;[BZ)Lco/rsk/trie/Trie;.null-pointer-exception.10] line 842 Null pointer check: SUCCESS
[java::co.rsk.trie.Trie.internalPut:(Lco/rsk/trie/TrieKeySlice;[BZ)Lco/rsk/trie/Trie;.null-pointer-exception.11] line 847 Null pointer check: SUCCESS
[java::co.rsk.trie.Trie.internalPut:(Lco/rsk/trie/TrieKeySlice;[BZ)Lco/rsk/trie/Trie;.null-pointer-exception.12] line 847 Null pointer check: SUCCESS
[java::co.rsk.trie.Trie.internalPut:(Lco/rsk/trie/TrieKeySlice;[BZ)Lco/rsk/trie/Trie;.null-pointer-exception.13] line 847 Null pointer check: SUCCESS
[java::co.rsk.trie.Trie.internalPut:(Lco/rsk/trie/TrieKeySlice;[BZ)Lco/rsk/trie/Trie;.null-pointer-exception.14] line 852 Null pointer check: SUCCESS
[java::co.rsk.trie.Trie.internalPut:(Lco/rsk/trie/TrieKeySlice;[BZ)Lco/rsk/trie/Trie;.null-pointer-exception.15] line 852 Null pointer check: SUCCESS
[java::co.rsk.trie.Trie.internalPut:(Lco/rsk/trie/TrieKeySlice;[BZ)Lco/rsk/trie/Trie;.null-pointer-exception.16] line 852 Null pointer check: SUCCESS
[java::co.rsk.trie.Trie.internalPut:(Lco/rsk/trie/TrieKeySlice;[BZ)Lco/rsk/trie/Trie;.null-pointer-exception.17] line 855 Null pointer check: SUCCESS
[java::co.rsk.trie.Trie.internalPut:(Lco/rsk/trie/TrieKeySlice;[BZ)Lco/rsk/trie/Trie;.null-pointer-exception.18] line 855 Null pointer check: SUCCESS
[java::co.rsk.trie.Trie.internalPut:(Lco/rsk/trie/TrieKeySlice;[BZ)Lco/rsk/trie/Trie;.null-pointer-exception.19] line 865 Null pointer check: SUCCESS
[java::co.rsk.trie.Trie.internalPut:(Lco/rsk/trie/TrieKeySlice;[BZ)Lco/rsk/trie/Trie;.null-pointer-exception.20] line 865 Null pointer check: SUCCESS
[java::co.rsk.trie.Trie.internalPut:(Lco/rsk/trie/TrieKeySlice;[BZ)Lco/rsk/trie/Trie;.null-pointer-exception.21] line 865 Null pointer check: SUCCESS
[java::co.rsk.trie.Trie.internalPut:(Lco/rsk/trie/TrieKeySlice;[BZ)Lco/rsk/trie/Trie;.null-pointer-exception.22] line 865 Null pointer check: SUCCESS
[java::co.rsk.trie.Trie.internalPut:(Lco/rsk/trie/TrieKeySlice;[BZ)Lco/rsk/trie/Trie;.null-pointer-exception.23] line 865 Null pointer check: SUCCESS
[java::co.rsk.trie.Trie.internalPut:(Lco/rsk/trie/TrieKeySlice;[BZ)Lco/rsk/trie/Trie;.null-pointer-exception.24] line 865 Null pointer check: SUCCESS
[java::co.rsk.trie.Trie.internalPut:(Lco/rsk/trie/TrieKeySlice;[BZ)Lco/rsk/trie/Trie;.null-pointer-exception.25] line 871 Null pointer check: SUCCESS
[java::co.rsk.trie.Trie.internalPut:(Lco/rsk/trie/TrieKeySlice;[BZ)Lco/rsk/trie/Trie;.null-pointer-exception.26] line 872 Null pointer check: SUCCESS
[java::co.rsk.trie.Trie.internalPut:(Lco/rsk/trie/TrieKeySlice;[BZ)Lco/rsk/trie/Trie;.null-pointer-exception.27] line 872 Null pointer check: SUCCESS
[java::co.rsk.trie.Trie.internalPut:(Lco/rsk/trie/TrieKeySlice;[BZ)Lco/rsk/trie/Trie;.null-pointer-exception.28] line 876 Null pointer check: SUCCESS
[java::co.rsk.trie.Trie.internalPut:(Lco/rsk/trie/TrieKeySlice;[BZ)Lco/rsk/trie/Trie;.null-pointer-exception.29] line 876 Null pointer check: SUCCESS
[java::co.rsk.trie.Trie.internalPut:(Lco/rsk/trie/TrieKeySlice;[BZ)Lco/rsk/trie/Trie;.null-pointer-exception.30] line 876 Null pointer check: SUCCESS
[java::co.rsk.trie.Trie.internalPut:(Lco/rsk/trie/TrieKeySlice;[BZ)Lco/rsk/trie/Trie;.null-pointer-exception.31] line 878 Null pointer check: SUCCESS
[java::co.rsk.trie.Trie.internalPut:(Lco/rsk/trie/TrieKeySlice;[BZ)Lco/rsk/trie/Trie;.null-pointer-exception.32] line 880 Null pointer check: SUCCESS
[java::co.rsk.trie.Trie.internalPut:(Lco/rsk/trie/TrieKeySlice;[BZ)Lco/rsk/trie/Trie;.null-pointer-exception.33] line 880 Null pointer check: SUCCESS
[java::co.rsk.trie.Trie.internalPut:(Lco/rsk/trie/TrieKeySlice;[BZ)Lco/rsk/trie/Trie;.null-pointer-exception.34] line 883 Null pointer check: SUCCESS
[java::co.rsk.trie.Trie.internalPut:(Lco/rsk/trie/TrieKeySlice;[BZ)Lco/rsk/trie/Trie;.null-pointer-exception.35] line 883 Null pointer check: SUCCESS
[java::co.rsk.trie.Trie.internalPut:(Lco/rsk/trie/TrieKeySlice;[BZ)Lco/rsk/trie/Trie;.null-pointer-exception.36] line 883 Null pointer check: SUCCESS
[java::co.rsk.trie.Trie.internalPut:(Lco/rsk/trie/TrieKeySlice;[BZ)Lco/rsk/trie/Trie;.null-pointer-exception.37] line 883 Null pointer check: SUCCESS
[java::co.rsk.trie.Trie.internalPut:(Lco/rsk/trie/TrieKeySlice;[BZ)Lco/rsk/trie/Trie;.null-pointer-exception.38] line 884 Null pointer check: SUCCESS
[java::co.rsk.trie.Trie.internalPut:(Lco/rsk/trie/TrieKeySlice;[BZ)Lco/rsk/trie/Trie;.null-pointer-exception.39] line 891 Null pointer check: SUCCESS
[java::co.rsk.trie.Trie.internalPut:(Lco/rsk/trie/TrieKeySlice;[BZ)Lco/rsk/trie/Trie;.null-pointer-exception.40] line 893 Null pointer check: SUCCESS
[java::co.rsk.trie.Trie.internalPut:(Lco/rsk/trie/TrieKeySlice;[BZ)Lco/rsk/trie/Trie;.null-pointer-exception.41] line 893 Null pointer check: SUCCESS
[java::co.rsk.trie.Trie.internalPut:(Lco/rsk/trie/TrieKeySlice;[BZ)Lco/rsk/trie/Trie;.null-pointer-exception.42] line 898 Null pointer check: SUCCESS
[java::co.rsk.trie.Trie.internalPut:(Lco/rsk/trie/TrieKeySlice;[BZ)Lco/rsk/trie/Trie;.null-pointer-exception.43] line 901 Null pointer check: SUCCESS
[java::co.rsk.trie.Trie.internalPut:(Lco/rsk/trie/TrieKeySlice;[BZ)Lco/rsk/trie/Trie;.null-pointer-exception.44] line 901 Null pointer check: SUCCESS
[java::co.rsk.trie.Trie.internalPut:(Lco/rsk/trie/TrieKeySlice;[BZ)Lco/rsk/trie/Trie;.null-pointer-exception.45] line 901 Null pointer check: SUCCESS
[java::co.rsk.trie.Trie.internalPut:(Lco/rsk/trie/TrieKeySlice;[BZ)Lco/rsk/trie/Trie;.null-pointer-exception.46] line 901 Null pointer check: SUCCESS
[java::co.rsk.trie.Trie.internalPut:(Lco/rsk/trie/TrieKeySlice;[BZ)Lco/rsk/trie/Trie;.null-pointer-exception.47] line 901 Null pointer check: SUCCESS
[java::co.rsk.trie.Trie.internalPut:(Lco/rsk/trie/TrieKeySlice;[BZ)Lco/rsk/trie/Trie;.null-pointer-exception.48] line 904 Null pointer check: SUCCESS
[java::co.rsk.trie.Trie.internalPut:(Lco/rsk/trie/TrieKeySlice;[BZ)Lco/rsk/trie/Trie;.null-pointer-exception.49] line 908 Null pointer check: SUCCESS
[java::co.rsk.trie.Trie.internalPut:(Lco/rsk/trie/TrieKeySlice;[BZ)Lco/rsk/trie/Trie;.null-pointer-exception.50] line 908 Null pointer check: SUCCESS
[java::co.rsk.trie.Trie.internalPut:(Lco/rsk/trie/TrieKeySlice;[BZ)Lco/rsk/trie/Trie;.null-pointer-exception.51] line 908 Null pointer check: SUCCESS
[java::co.rsk.trie.Trie.internalPut:(Lco/rsk/trie/TrieKeySlice;[BZ)Lco/rsk/trie/Trie;.null-pointer-exception.52] line 908 Null pointer check: SUCCESS
[java::co.rsk.trie.Trie.internalPut:(Lco/rsk/trie/TrieKeySlice;[BZ)Lco/rsk/trie/Trie;.null-pointer-exception.53] line 908 Null pointer check: SUCCESS
[java::co.rsk.trie.Trie.internalPut:(Lco/rsk/trie/TrieKeySlice;[BZ)Lco/rsk/trie/Trie;.null-pointer-exception.54] line 912 Null pointer check: SUCCESS
[java::co.rsk.trie.Trie.internalPut:(Lco/rsk/trie/TrieKeySlice;[BZ)Lco/rsk/trie/Trie;.null-pointer-exception.55] line 916 Null pointer check: SUCCESS
[java::co.rsk.trie.Trie.internalPut:(Lco/rsk/trie/TrieKeySlice;[BZ)Lco/rsk/trie/Trie;.null-pointer-exception.56] line 916 Null pointer check: SUCCESS
[java::co.rsk.trie.Trie.internalPut:(Lco/rsk/trie/TrieKeySlice;[BZ)Lco/rsk/trie/Trie;.null-pointer-exception.57] line 916 Null pointer check: SUCCESS
[java::co.rsk.trie.Trie.internalPut:(Lco/rsk/trie/TrieKeySlice;[BZ)Lco/rsk/trie/Trie;.null-pointer-exception.58] line 916 Null pointer check: SUCCESS
[java::co.rsk.trie.Trie.internalPut:(Lco/rsk/trie/TrieKeySlice;[BZ)Lco/rsk/trie/Trie;.null-pointer-exception.59] line 916 Null pointer check: SUCCESS
[java::co.rsk.trie.Trie.internalPut:(Lco/rsk/trie/TrieKeySlice;[BZ)Lco/rsk/trie/Trie;.null-pointer-exception.60] line 916 Null pointer check: SUCCESS

co/rsk/trie/Trie.java function java::co.rsk.trie.Trie.internalToMessage:()V
[java::co.rsk.trie.Trie.internalToMessage:()V.null-pointer-exception.1] line 678 Null pointer check: SUCCESS
[java::co.rsk.trie.Trie.internalToMessage:()V.null-pointer-exception.2] line 679 Null pointer check: SUCCESS
[java::co.rsk.trie.Trie.internalToMessage:()V.null-pointer-exception.3] line 681 Null pointer check: SUCCESS
[java::co.rsk.trie.Trie.internalToMessage:()V.null-pointer-exception.4] line 681 Null pointer check: SUCCESS
[java::co.rsk.trie.Trie.internalToMessage:()V.null-pointer-exception.5] line 682 Null pointer check: SUCCESS
[java::co.rsk.trie.Trie.internalToMessage:()V.null-pointer-exception.6] line 686 Null pointer check: SUCCESS
[java::co.rsk.trie.Trie.internalToMessage:()V.null-pointer-exception.7] line 687 Null pointer check: SUCCESS
[java::co.rsk.trie.Trie.internalToMessage:()V.null-pointer-exception.8] line 687 Null pointer check: SUCCESS
[java::co.rsk.trie.Trie.internalToMessage:()V.null-pointer-exception.9] line 688 Null pointer check: SUCCESS
[java::co.rsk.trie.Trie.internalToMessage:()V.null-pointer-exception.10] line 688 Null pointer check: SUCCESS
[java::co.rsk.trie.Trie.internalToMessage:()V.null-pointer-exception.11] line 689 Null pointer check: SUCCESS
[java::co.rsk.trie.Trie.internalToMessage:()V.null-pointer-exception.12] line 689 Null pointer check: SUCCESS
[java::co.rsk.trie.Trie.internalToMessage:()V.null-pointer-exception.13] line 690 Null pointer check: SUCCESS
[java::co.rsk.trie.Trie.internalToMessage:()V.null-pointer-exception.14] line 699 Null pointer check: SUCCESS
[java::co.rsk.trie.Trie.internalToMessage:()V.null-pointer-exception.15] line 703 Null pointer check: SUCCESS
[java::co.rsk.trie.Trie.internalToMessage:()V.null-pointer-exception.16] line 703 Null pointer check: SUCCESS
[java::co.rsk.trie.Trie.internalToMessage:()V.null-pointer-exception.17] line 707 Null pointer check: SUCCESS
[java::co.rsk.trie.Trie.internalToMessage:()V.null-pointer-exception.18] line 707 Null pointer check: SUCCESS
[java::co.rsk.trie.Trie.internalToMessage:()V.null-pointer-exception.19] line 711 Null pointer check: SUCCESS
[java::co.rsk.trie.Trie.internalToMessage:()V.null-pointer-exception.20] line 711 Null pointer check: SUCCESS
[java::co.rsk.trie.Trie.internalToMessage:()V.null-pointer-exception.21] line 715 Null pointer check: SUCCESS
[java::co.rsk.trie.Trie.internalToMessage:()V.null-pointer-exception.22] line 715 Null pointer check: SUCCESS
[java::co.rsk.trie.Trie.internalToMessage:()V.null-pointer-exception.23] line 719 Null pointer check: SUCCESS
[java::co.rsk.trie.Trie.internalToMessage:()V.null-pointer-exception.24] line 721 Null pointer check: SUCCESS
[java::co.rsk.trie.Trie.internalToMessage:()V.null-pointer-exception.25] line 723 Null pointer check: SUCCESS
[java::co.rsk.trie.Trie.internalToMessage:()V.null-pointer-exception.26] line 723 Null pointer check: SUCCESS
[java::co.rsk.trie.Trie.internalToMessage:()V.null-pointer-exception.27] line 725 Null pointer check: SUCCESS
[java::co.rsk.trie.Trie.internalToMessage:()V.null-pointer-exception.28] line 725 Null pointer check: SUCCESS
[java::co.rsk.trie.Trie.internalToMessage:()V.null-pointer-exception.29] line 727 Null pointer check: SUCCESS
[java::co.rsk.trie.Trie.internalToMessage:()V.null-pointer-exception.30] line 728 Null pointer check: SUCCESS
[java::co.rsk.trie.Trie.internalToMessage:()V.null-pointer-exception.31] line 728 Null pointer check: SUCCESS
[java::co.rsk.trie.Trie.internalToMessage:()V.null-pointer-exception.32] line 732 Null pointer check: SUCCESS
[java::co.rsk.trie.Trie.internalToMessage:()V.null-pointer-exception.33] line 732 Null pointer check: SUCCESS
[java::co.rsk.trie.Trie.internalToMessage:()V.null-pointer-exception.34] line 732 Null pointer check: SUCCESS
[java::co.rsk.trie.Trie.internalToMessage:()V.null-pointer-exception.35] line 733 Null pointer check: SUCCESS
[java::co.rsk.trie.Trie.internalToMessage:()V.null-pointer-exception.36] line 733 Null pointer check: SUCCESS
[java::co.rsk.trie.Trie.internalToMessage:()V.null-pointer-exception.37] line 734 Null pointer check: SUCCESS
[java::co.rsk.trie.Trie.internalToMessage:()V.null-pointer-exception.38] line 735 Null pointer check: SUCCESS
[java::co.rsk.trie.Trie.internalToMessage:()V.null-pointer-exception.39] line 735 Null pointer check: SUCCESS
[java::co.rsk.trie.Trie.internalToMessage:()V.null-pointer-exception.40] line 738 Null pointer check: SUCCESS
[java::co.rsk.trie.Trie.internalToMessage:()V.null-pointer-exception.41] line 738 Null pointer check: SUCCESS

co/rsk/trie/Trie.java function java::co.rsk.trie.Trie.isEmbeddable:()Z
[java::co.rsk.trie.Trie.isEmbeddable:()Z.null-pointer-exception.1] line 588 Null pointer check: SUCCESS
[java::co.rsk.trie.Trie.isEmbeddable:()Z.null-pointer-exception.2] line 588 Null pointer check: SUCCESS

co/rsk/trie/Trie.java function java::co.rsk.trie.Trie.isEmptyTrie:()Z
[java::co.rsk.trie.Trie.isEmptyTrie:()Z.null-pointer-exception.1] line 947 Null pointer check: SUCCESS
[java::co.rsk.trie.Trie.isEmptyTrie:()Z.null-pointer-exception.2] line 947 Null pointer check: SUCCESS
[java::co.rsk.trie.Trie.isEmptyTrie:()Z.null-pointer-exception.3] line 947 Null pointer check: SUCCESS

co/rsk/trie/Trie.java function java::co.rsk.trie.Trie.isEmptyTrie:(Lco/rsk/core/types/ints/Uint24;Lco/rsk/trie/NodeReference;Lco/rsk/trie/NodeReference;)Z
[java::co.rsk.trie.Trie.isEmptyTrie:(Lco/rsk/core/types/ints/Uint24;Lco/rsk/trie/NodeReference;Lco/rsk/trie/NodeReference;)Z.null-pointer-exception.1] line 960 Null pointer check: SUCCESS
[java::co.rsk.trie.Trie.isEmptyTrie:(Lco/rsk/core/types/ints/Uint24;Lco/rsk/trie/NodeReference;Lco/rsk/trie/NodeReference;)Z.null-pointer-exception.2] line 964 Null pointer check: SUCCESS
[java::co.rsk.trie.Trie.isEmptyTrie:(Lco/rsk/core/types/ints/Uint24;Lco/rsk/trie/NodeReference;Lco/rsk/trie/NodeReference;)Z.null-pointer-exception.3] line 964 Null pointer check: SUCCESS

co/rsk/trie/Trie.java function java::co.rsk.trie.Trie.isTerminal:()Z
[java::co.rsk.trie.Trie.isTerminal:()Z.null-pointer-exception.1] line 943 Null pointer check: SUCCESS
[java::co.rsk.trie.Trie.isTerminal:()Z.null-pointer-exception.2] line 943 Null pointer check: SUCCESS
[java::co.rsk.trie.Trie.isTerminal:()Z.null-pointer-exception.3] line 943 Null pointer check: SUCCESS
[java::co.rsk.trie.Trie.isTerminal:()Z.null-pointer-exception.4] line 943 Null pointer check: SUCCESS

co/rsk/trie/Trie.java function java::co.rsk.trie.Trie.makeEmptyHash:()Lco/rsk/crypto/Keccak256;
[java::co.rsk.trie.Trie.makeEmptyHash:()Lco/rsk/crypto/Keccak256;.null-pointer-exception.1] line 1089 Null pointer check: SUCCESS

co/rsk/trie/Trie.java function java::co.rsk.trie.Trie.printParam:(Ljava/lang/String;Ljava/lang/String;Lco/rsk/crypto/Keccak256;)Ljava/lang/String;
[java::co.rsk.trie.Trie.printParam:(Ljava/lang/String;Ljava/lang/String;Lco/rsk/crypto/Keccak256;)Ljava/lang/String;.null-pointer-exception.1] line 1144 Null pointer check: SUCCESS

co/rsk/trie/Trie.java function java::co.rsk.trie.Trie.put:(Lco/rsk/trie/TrieKeySlice;[BZ)Lco/rsk/trie/Trie;
[java::co.rsk.trie.Trie.put:(Lco/rsk/trie/TrieKeySlice;[BZ)Lco/rsk/trie/Trie;.null-pointer-exception.1] line 774 Null pointer check: SUCCESS
[java::co.rsk.trie.Trie.put:(Lco/rsk/trie/TrieKeySlice;[BZ)Lco/rsk/trie/Trie;.null-pointer-exception.2] line 778 Null pointer check: SUCCESS
[java::co.rsk.trie.Trie.put:(Lco/rsk/trie/TrieKeySlice;[BZ)Lco/rsk/trie/Trie;.null-pointer-exception.3] line 787 Null pointer check: SUCCESS
[java::co.rsk.trie.Trie.put:(Lco/rsk/trie/TrieKeySlice;[BZ)Lco/rsk/trie/Trie;.null-pointer-exception.4] line 792 Null pointer check: SUCCESS
[java::co.rsk.trie.Trie.put:(Lco/rsk/trie/TrieKeySlice;[BZ)Lco/rsk/trie/Trie;.null-pointer-exception.5] line 792 Null pointer check: SUCCESS
[java::co.rsk.trie.Trie.put:(Lco/rsk/trie/TrieKeySlice;[BZ)Lco/rsk/trie/Trie;.null-pointer-exception.6] line 797 Null pointer check: SUCCESS
[java::co.rsk.trie.Trie.put:(Lco/rsk/trie/TrieKeySlice;[BZ)Lco/rsk/trie/Trie;.null-pointer-exception.7] line 797 Null pointer check: SUCCESS
[java::co.rsk.trie.Trie.put:(Lco/rsk/trie/TrieKeySlice;[BZ)Lco/rsk/trie/Trie;.null-pointer-exception.8] line 797 Null pointer check: SUCCESS
[java::co.rsk.trie.Trie.put:(Lco/rsk/trie/TrieKeySlice;[BZ)Lco/rsk/trie/Trie;.null-pointer-exception.9] line 797 Null pointer check: SUCCESS
[java::co.rsk.trie.Trie.put:(Lco/rsk/trie/TrieKeySlice;[BZ)Lco/rsk/trie/Trie;.null-pointer-exception.10] line 803 Null pointer check: SUCCESS
[java::co.rsk.trie.Trie.put:(Lco/rsk/trie/TrieKeySlice;[BZ)Lco/rsk/trie/Trie;.null-pointer-exception.11] line 803 Null pointer check: SUCCESS
[java::co.rsk.trie.Trie.put:(Lco/rsk/trie/TrieKeySlice;[BZ)Lco/rsk/trie/Trie;.bad-dynamic-cast.1] line 804 Dynamic cast check: SUCCESS
[java::co.rsk.trie.Trie.put:(Lco/rsk/trie/TrieKeySlice;[BZ)Lco/rsk/trie/Trie;.null-pointer-exception.12] line 804 Null pointer check: SUCCESS
[java::co.rsk.trie.Trie.put:(Lco/rsk/trie/TrieKeySlice;[BZ)Lco/rsk/trie/Trie;.null-pointer-exception.13] line 804 Null pointer check: SUCCESS
[java::co.rsk.trie.Trie.put:(Lco/rsk/trie/TrieKeySlice;[BZ)Lco/rsk/trie/Trie;.null-pointer-exception.14] line 804 Null pointer check: SUCCESS
[java::co.rsk.trie.Trie.put:(Lco/rsk/trie/TrieKeySlice;[BZ)Lco/rsk/trie/Trie;.bad-dynamic-cast.2] line 807 Dynamic cast check: SUCCESS
[java::co.rsk.trie.Trie.put:(Lco/rsk/trie/TrieKeySlice;[BZ)Lco/rsk/trie/Trie;.null-pointer-exception.15] line 807 Null pointer check: SUCCESS
[java::co.rsk.trie.Trie.put:(Lco/rsk/trie/TrieKeySlice;[BZ)Lco/rsk/trie/Trie;.null-pointer-exception.16] line 807 Null pointer check: SUCCESS
[java::co.rsk.trie.Trie.put:(Lco/rsk/trie/TrieKeySlice;[BZ)Lco/rsk/trie/Trie;.null-pointer-exception.17] line 807 Null pointer check: SUCCESS
[java::co.rsk.trie.Trie.put:(Lco/rsk/trie/TrieKeySlice;[BZ)Lco/rsk/trie/Trie;.null-pointer-exception.18] line 813 Null pointer check: SUCCESS
[java::co.rsk.trie.Trie.put:(Lco/rsk/trie/TrieKeySlice;[BZ)Lco/rsk/trie/Trie;.null-pointer-exception.19] line 814 Null pointer check: SUCCESS
[java::co.rsk.trie.Trie.put:(Lco/rsk/trie/TrieKeySlice;[BZ)Lco/rsk/trie/Trie;.null-pointer-exception.20] line 814 Null pointer check: SUCCESS
[java::co.rsk.trie.Trie.put:(Lco/rsk/trie/TrieKeySlice;[BZ)Lco/rsk/trie/Trie;.null-pointer-exception.21] line 818 Null pointer check: SUCCESS
[java::co.rsk.trie.Trie.put:(Lco/rsk/trie/TrieKeySlice;[BZ)Lco/rsk/trie/Trie;.null-pointer-exception.22] line 818 Null pointer check: SUCCESS
[java::co.rsk.trie.Trie.put:(Lco/rsk/trie/TrieKeySlice;[BZ)Lco/rsk/trie/Trie;.null-pointer-exception.23] line 818 Null pointer check: SUCCESS
[java::co.rsk.trie.Trie.put:(Lco/rsk/trie/TrieKeySlice;[BZ)Lco/rsk/trie/Trie;.null-pointer-exception.24] line 820 Null pointer check: SUCCESS
[java::co.rsk.trie.Trie.put:(Lco/rsk/trie/TrieKeySlice;[BZ)Lco/rsk/trie/Trie;.null-pointer-exception.25] line 820 Null pointer check: SUCCESS
[java::co.rsk.trie.Trie.put:(Lco/rsk/trie/TrieKeySlice;[BZ)Lco/rsk/trie/Trie;.null-pointer-exception.26] line 820 Null pointer check: SUCCESS
[java::co.rsk.trie.Trie.put:(Lco/rsk/trie/TrieKeySlice;[BZ)Lco/rsk/trie/Trie;.null-pointer-exception.27] line 820 Null pointer check: SUCCESS
[java::co.rsk.trie.Trie.put:(Lco/rsk/trie/TrieKeySlice;[BZ)Lco/rsk/trie/Trie;.null-pointer-exception.28] line 820 Null pointer check: SUCCESS
[java::co.rsk.trie.Trie.put:(Lco/rsk/trie/TrieKeySlice;[BZ)Lco/rsk/trie/Trie;.null-pointer-exception.29] line 820 Null pointer check: SUCCESS
[java::co.rsk.trie.Trie.put:(Lco/rsk/trie/TrieKeySlice;[BZ)Lco/rsk/trie/Trie;.null-pointer-exception.30] line 820 Null pointer check: SUCCESS
[java::co.rsk.trie.Trie.put:(Lco/rsk/trie/TrieKeySlice;[BZ)Lco/rsk/trie/Trie;.null-pointer-exception.31] line 820 Null pointer check: SUCCESS

co/rsk/trie/Trie.java function java::co.rsk.trie.Trie.put:([B[B)Lco/rsk/trie/Trie;
[java::co.rsk.trie.Trie.put:([B[B)Lco/rsk/trie/Trie;.null-pointer-exception.1] line 440 Null pointer check: SUCCESS
[java::co.rsk.trie.Trie.put:([B[B)Lco/rsk/trie/Trie;.null-pointer-exception.2] line 442 Null pointer check: SUCCESS
[java::co.rsk.trie.Trie.put:([B[B)Lco/rsk/trie/Trie;.null-pointer-exception.3] line 442 Null pointer check: SUCCESS

co/rsk/trie/Trie.java function java::co.rsk.trie.Trie.readHash:([BI)Lco/rsk/crypto/Keccak256;
[java::co.rsk.trie.Trie.readHash:([BI)Lco/rsk/crypto/Keccak256;.null-pointer-exception.1] line 1094 Null pointer check: SUCCESS
[java::co.rsk.trie.Trie.readHash:([BI)Lco/rsk/crypto/Keccak256;.array-create-negative-size.1] line 1095 Array size should be >= 0: SUCCESS
[java::co.rsk.trie.Trie.readHash:([BI)Lco/rsk/crypto/Keccak256;.null-pointer-exception.7] line 1095 Null pointer check: SUCCESS
[java::co.rsk.trie.Trie.readHash:([BI)Lco/rsk/crypto/Keccak256;.null-pointer-exception.8] line 1095 Null pointer check: SUCCESS
[java::co.rsk.trie.Trie.readHash:([BI)Lco/rsk/crypto/Keccak256;.array-index-out-of-bounds-high.1] line 1097 Array index should be < length: SUCCESS
[java::co.rsk.trie.Trie.readHash:([BI)Lco/rsk/crypto/Keccak256;.array-index-out-of-bounds-high.2] line 1097 Array index should be < length: SUCCESS
[java::co.rsk.trie.Trie.readHash:([BI)Lco/rsk/crypto/Keccak256;.array-index-out-of-bounds-high.3] line 1097 Array index should be < length: SUCCESS
[java::co.rsk.trie.Trie.readHash:([BI)Lco/rsk/crypto/Keccak256;.array-index-out-of-bounds-low.1] line 1097 Array index should be >= 0: SUCCESS
[java::co.rsk.trie.Trie.readHash:([BI)Lco/rsk/crypto/Keccak256;.array-index-out-of-bounds-low.2] line 1097 Array index should be >= 0: SUCCESS
[java::co.rsk.trie.Trie.readHash:([BI)Lco/rsk/crypto/Keccak256;.array-index-out-of-bounds-low.3] line 1097 Array index should be >= 0: SUCCESS
[java::co.rsk.trie.Trie.readHash:([BI)Lco/rsk/crypto/Keccak256;.null-pointer-exception.2] line 1097 Null pointer check: SUCCESS
[java::co.rsk.trie.Trie.readHash:([BI)Lco/rsk/crypto/Keccak256;.null-pointer-exception.3] line 1097 Null pointer check: SUCCESS
[java::co.rsk.trie.Trie.readHash:([BI)Lco/rsk/crypto/Keccak256;.null-pointer-exception.4] line 1097 Null pointer check: SUCCESS
[java::co.rsk.trie.Trie.readHash:([BI)Lco/rsk/crypto/Keccak256;.null-pointer-exception.5] line 1097 Null pointer check: SUCCESS
[java::co.rsk.trie.Trie.readHash:([BI)Lco/rsk/crypto/Keccak256;.null-pointer-exception.6] line 1097 Null pointer check: SUCCESS
[java::co.rsk.trie.Trie.readHash:([BI)Lco/rsk/crypto/Keccak256;.null-pointer-exception.9] line 1101 Null pointer check: SUCCESS

co/rsk/trie/Trie.java function java::co.rsk.trie.Trie.readVarInt:(Ljava/nio/ByteBuffer;)Lco/rsk/bitcoinj/core/VarInt;
[java::co.rsk.trie.Trie.readVarInt:(Ljava/nio/ByteBuffer;)Lco/rsk/bitcoinj/core/VarInt;.null-pointer-exception.1] line 1151 Null pointer check: SUCCESS
[java::co.rsk.trie.Trie.readVarInt:(Ljava/nio/ByteBuffer;)Lco/rsk/bitcoinj/core/VarInt;.null-pointer-exception.2] line 1151 Null pointer check: SUCCESS
[java::co.rsk.trie.Trie.readVarInt:(Ljava/nio/ByteBuffer;)Lco/rsk/bitcoinj/core/VarInt;.array-create-negative-size.1] line 1154 Array size should be >= 0: SUCCESS
[java::co.rsk.trie.Trie.readVarInt:(Ljava/nio/ByteBuffer;)Lco/rsk/bitcoinj/core/VarInt;.array-create-negative-size.2] line 1156 Array size should be >= 0: SUCCESS
[java::co.rsk.trie.Trie.readVarInt:(Ljava/nio/ByteBuffer;)Lco/rsk/bitcoinj/core/VarInt;.array-create-negative-size.3] line 1158 Array size should be >= 0: SUCCESS
[java::co.rsk.trie.Trie.readVarInt:(Ljava/nio/ByteBuffer;)Lco/rsk/bitcoinj/core/VarInt;.array-create-negative-size.4] line 1160 Array size should be >= 0: SUCCESS
[java::co.rsk.trie.Trie.readVarInt:(Ljava/nio/ByteBuffer;)Lco/rsk/bitcoinj/core/VarInt;.null-pointer-exception.3] line 1163 Null pointer check: SUCCESS
[java::co.rsk.trie.Trie.readVarInt:(Ljava/nio/ByteBuffer;)Lco/rsk/bitcoinj/core/VarInt;.null-pointer-exception.4] line 1164 Null pointer check: SUCCESS

co/rsk/trie/Trie.java function java::co.rsk.trie.Trie.retrieveLongValue:()[B
[java::co.rsk.trie.Trie.retrieveLongValue:()[B.null-pointer-exception.1] line 1014 Null pointer check: SUCCESS
[java::co.rsk.trie.Trie.retrieveLongValue:()[B.null-pointer-exception.2] line 1014 Null pointer check: SUCCESS
[java::co.rsk.trie.Trie.retrieveLongValue:()[B.null-pointer-exception.3] line 1014 Null pointer check: SUCCESS
[java::co.rsk.trie.Trie.retrieveLongValue:()[B.null-pointer-exception.4] line 1014 Null pointer check: SUCCESS

co/rsk/trie/Trie.java function java::co.rsk.trie.Trie.retrieveNode:(B)Lco/rsk/trie/Trie;
[java::co.rsk.trie.Trie.retrieveNode:(B)Lco/rsk/trie/Trie;.null-pointer-exception.1] line 742 Null pointer check: SUCCESS

co/rsk/trie/Trie.java function java::co.rsk.trie.Trie.retrieveNode:(BZ)Lco/rsk/trie/Trie;
[java::co.rsk.trie.Trie.retrieveNode:(BZ)Lco/rsk/trie/Trie;.bad-dynamic-cast.1] line 746 Dynamic cast check: SUCCESS
[java::co.rsk.trie.Trie.retrieveNode:(BZ)Lco/rsk/trie/Trie;.null-pointer-exception.1] line 746 Null pointer check: SUCCESS
[java::co.rsk.trie.Trie.retrieveNode:(BZ)Lco/rsk/trie/Trie;.null-pointer-exception.2] line 746 Null pointer check: SUCCESS
[java::co.rsk.trie.Trie.retrieveNode:(BZ)Lco/rsk/trie/Trie;.null-pointer-exception.3] line 746 Null pointer check: SUCCESS

co/rsk/trie/Trie.java function java::co.rsk.trie.Trie.split:(Lco/rsk/trie/TrieKeySlice;)Lco/rsk/trie/Trie;
[java::co.rsk.trie.Trie.split:(Lco/rsk/trie/TrieKeySlice;)Lco/rsk/trie/Trie;.null-pointer-exception.1] line 920 Null pointer check: SUCCESS
[java::co.rsk.trie.Trie.split:(Lco/rsk/trie/TrieKeySlice;)Lco/rsk/trie/Trie;.null-pointer-exception.2] line 921 Null pointer check: SUCCESS
[java::co.rsk.trie.Trie.split:(Lco/rsk/trie/TrieKeySlice;)Lco/rsk/trie/Trie;.null-pointer-exception.3] line 921 Null pointer check: SUCCESS
[java::co.rsk.trie.Trie.split:(Lco/rsk/trie/TrieKeySlice;)Lco/rsk/trie/Trie;.null-pointer-exception.4] line 921 Null pointer check: SUCCESS
[java::co.rsk.trie.Trie.split:(Lco/rsk/trie/TrieKeySlice;)Lco/rsk/trie/Trie;.null-pointer-exception.5] line 921 Null pointer check: SUCCESS
[java::co.rsk.trie.Trie.split:(Lco/rsk/trie/TrieKeySlice;)Lco/rsk/trie/Trie;.null-pointer-exception.6] line 922 Null pointer check: SUCCESS
[java::co.rsk.trie.Trie.split:(Lco/rsk/trie/TrieKeySlice;)Lco/rsk/trie/Trie;.null-pointer-exception.7] line 922 Null pointer check: SUCCESS
[java::co.rsk.trie.Trie.split:(Lco/rsk/trie/TrieKeySlice;)Lco/rsk/trie/Trie;.null-pointer-exception.8] line 922 Null pointer check: SUCCESS
[java::co.rsk.trie.Trie.split:(Lco/rsk/trie/TrieKeySlice;)Lco/rsk/trie/Trie;.null-pointer-exception.9] line 922 Null pointer check: SUCCESS
[java::co.rsk.trie.Trie.split:(Lco/rsk/trie/TrieKeySlice;)Lco/rsk/trie/Trie;.null-pointer-exception.10] line 922 Null pointer check: SUCCESS
[java::co.rsk.trie.Trie.split:(Lco/rsk/trie/TrieKeySlice;)Lco/rsk/trie/Trie;.null-pointer-exception.11] line 922 Null pointer check: SUCCESS
[java::co.rsk.trie.Trie.split:(Lco/rsk/trie/TrieKeySlice;)Lco/rsk/trie/Trie;.null-pointer-exception.12] line 922 Null pointer check: SUCCESS
[java::co.rsk.trie.Trie.split:(Lco/rsk/trie/TrieKeySlice;)Lco/rsk/trie/Trie;.null-pointer-exception.13] line 922 Null pointer check: SUCCESS
[java::co.rsk.trie.Trie.split:(Lco/rsk/trie/TrieKeySlice;)Lco/rsk/trie/Trie;.null-pointer-exception.14] line 923 Null pointer check: SUCCESS
[java::co.rsk.trie.Trie.split:(Lco/rsk/trie/TrieKeySlice;)Lco/rsk/trie/Trie;.null-pointer-exception.15] line 923 Null pointer check: SUCCESS
[java::co.rsk.trie.Trie.split:(Lco/rsk/trie/TrieKeySlice;)Lco/rsk/trie/Trie;.null-pointer-exception.16] line 926 Null pointer check: SUCCESS
[java::co.rsk.trie.Trie.split:(Lco/rsk/trie/TrieKeySlice;)Lco/rsk/trie/Trie;.null-pointer-exception.17] line 926 Null pointer check: SUCCESS
[java::co.rsk.trie.Trie.split:(Lco/rsk/trie/TrieKeySlice;)Lco/rsk/trie/Trie;.null-pointer-exception.18] line 928 Null pointer check: SUCCESS
[java::co.rsk.trie.Trie.split:(Lco/rsk/trie/TrieKeySlice;)Lco/rsk/trie/Trie;.null-pointer-exception.19] line 928 Null pointer check: SUCCESS
[java::co.rsk.trie.Trie.split:(Lco/rsk/trie/TrieKeySlice;)Lco/rsk/trie/Trie;.null-pointer-exception.20] line 939 Null pointer check: SUCCESS
[java::co.rsk.trie.Trie.split:(Lco/rsk/trie/TrieKeySlice;)Lco/rsk/trie/Trie;.null-pointer-exception.21] line 939 Null pointer check: SUCCESS

co/rsk/trie/Trie.java function java::co.rsk.trie.Trie.toMessage:()[B
[java::co.rsk.trie.Trie.toMessage:()[B.null-pointer-exception.1] line 507 Null pointer check: SUCCESS
[java::co.rsk.trie.Trie.toMessage:()[B.null-pointer-exception.2] line 508 Null pointer check: SUCCESS
[java::co.rsk.trie.Trie.toMessage:()[B.null-pointer-exception.3] line 511 Null pointer check: SUCCESS

co/rsk/trie/Trie.java function java::co.rsk.trie.Trie.toString:()Ljava/lang/String;
[java::co.rsk.trie.Trie.toString:()Ljava/lang/String;.null-pointer-exception.1] line 1125 Null pointer check: SUCCESS
[java::co.rsk.trie.Trie.toString:()Ljava/lang/String;.null-pointer-exception.2] line 1125 Null pointer check: SUCCESS
[java::co.rsk.trie.Trie.toString:()Ljava/lang/String;.bad-dynamic-cast.1] line 1126 Dynamic cast check: SUCCESS
[java::co.rsk.trie.Trie.toString:()Ljava/lang/String;.null-pointer-exception.3] line 1126 Null pointer check: SUCCESS
[java::co.rsk.trie.Trie.toString:()Ljava/lang/String;.null-pointer-exception.4] line 1126 Null pointer check: SUCCESS
[java::co.rsk.trie.Trie.toString:()Ljava/lang/String;.null-pointer-exception.5] line 1126 Null pointer check: SUCCESS
[java::co.rsk.trie.Trie.toString:()Ljava/lang/String;.null-pointer-exception.6] line 1126 Null pointer check: SUCCESS
[java::co.rsk.trie.Trie.toString:()Ljava/lang/String;.bad-dynamic-cast.2] line 1127 Dynamic cast check: SUCCESS
[java::co.rsk.trie.Trie.toString:()Ljava/lang/String;.null-pointer-exception.7] line 1127 Null pointer check: SUCCESS
[java::co.rsk.trie.Trie.toString:()Ljava/lang/String;.null-pointer-exception.8] line 1127 Null pointer check: SUCCESS
[java::co.rsk.trie.Trie.toString:()Ljava/lang/String;.null-pointer-exception.9] line 1127 Null pointer check: SUCCESS
[java::co.rsk.trie.Trie.toString:()Ljava/lang/String;.null-pointer-exception.10] line 1127 Null pointer check: SUCCESS
[java::co.rsk.trie.Trie.toString:()Ljava/lang/String;.null-pointer-exception.11] line 1128 Null pointer check: SUCCESS
[java::co.rsk.trie.Trie.toString:()Ljava/lang/String;.null-pointer-exception.12] line 1128 Null pointer check: SUCCESS
[java::co.rsk.trie.Trie.toString:()Ljava/lang/String;.null-pointer-exception.13] line 1129 Null pointer check: SUCCESS
[java::co.rsk.trie.Trie.toString:()Ljava/lang/String;.null-pointer-exception.14] line 1129 Null pointer check: SUCCESS
[java::co.rsk.trie.Trie.toString:()Ljava/lang/String;.null-pointer-exception.15] line 1130 Null pointer check: SUCCESS
[java::co.rsk.trie.Trie.toString:()Ljava/lang/String;.null-pointer-exception.16] line 1130 Null pointer check: SUCCESS
[java::co.rsk.trie.Trie.toString:()Ljava/lang/String;.null-pointer-exception.17] line 1130 Null pointer check: SUCCESS
[java::co.rsk.trie.Trie.toString:()Ljava/lang/String;.null-pointer-exception.18] line 1131 Null pointer check: SUCCESS
[java::co.rsk.trie.Trie.toString:()Ljava/lang/String;.null-pointer-exception.19] line 1131 Null pointer check: SUCCESS

co/rsk/trie/TrieKeySlice.java function java::co.rsk.trie.TrieKeySlice.<init>:([BII)V
[java::co.rsk.trie.TrieKeySlice.<init>:([BII)V.null-pointer-exception.1] line 31 Null pointer check: SUCCESS
[java::co.rsk.trie.TrieKeySlice.<init>:([BII)V.null-pointer-exception.2] line 32 Null pointer check: SUCCESS
[java::co.rsk.trie.TrieKeySlice.<init>:([BII)V.null-pointer-exception.3] line 33 Null pointer check: SUCCESS
[java::co.rsk.trie.TrieKeySlice.<init>:([BII)V.null-pointer-exception.4] line 34 Null pointer check: SUCCESS

co/rsk/trie/TrieKeySlice.java function java::co.rsk.trie.TrieKeySlice.commonPath:(Lco/rsk/trie/TrieKeySlice;)Lco/rsk/trie/TrieKeySlice;
[java::co.rsk.trie.TrieKeySlice.commonPath:(Lco/rsk/trie/TrieKeySlice;)Lco/rsk/trie/TrieKeySlice;.null-pointer-exception.1] line 73 Null pointer check: SUCCESS
[java::co.rsk.trie.TrieKeySlice.commonPath:(Lco/rsk/trie/TrieKeySlice;)Lco/rsk/trie/TrieKeySlice;.null-pointer-exception.2] line 73 Null pointer check: SUCCESS
[java::co.rsk.trie.TrieKeySlice.commonPath:(Lco/rsk/trie/TrieKeySlice;)Lco/rsk/trie/TrieKeySlice;.null-pointer-exception.3] line 75 Null pointer check: SUCCESS
[java::co.rsk.trie.TrieKeySlice.commonPath:(Lco/rsk/trie/TrieKeySlice;)Lco/rsk/trie/TrieKeySlice;.null-pointer-exception.4] line 75 Null pointer check: SUCCESS
[java::co.rsk.trie.TrieKeySlice.commonPath:(Lco/rsk/trie/TrieKeySlice;)Lco/rsk/trie/TrieKeySlice;.null-pointer-exception.5] line 76 Null pointer check: SUCCESS
[java::co.rsk.trie.TrieKeySlice.commonPath:(Lco/rsk/trie/TrieKeySlice;)Lco/rsk/trie/TrieKeySlice;.null-pointer-exception.6] line 80 Null pointer check: SUCCESS

co/rsk/trie/TrieKeySlice.java function java::co.rsk.trie.TrieKeySlice.empty:()Lco/rsk/trie/TrieKeySlice;
[java::co.rsk.trie.TrieKeySlice.empty:()Lco/rsk/trie/TrieKeySlice;.array-create-negative-size.1] line 125 Array size should be >= 0: SUCCESS
[java::co.rsk.trie.TrieKeySlice.empty:()Lco/rsk/trie/TrieKeySlice;.null-pointer-exception.1] line 125 Null pointer check: SUCCESS

co/rsk/trie/TrieKeySlice.java function java::co.rsk.trie.TrieKeySlice.encode:()[B
[java::co.rsk.trie.TrieKeySlice.encode:()[B.null-pointer-exception.1] line 47 Null pointer check: SUCCESS
[java::co.rsk.trie.TrieKeySlice.encode:()[B.null-pointer-exception.2] line 47 Null pointer check: SUCCESS
[java::co.rsk.trie.TrieKeySlice.encode:()[B.null-pointer-exception.3] line 47 Null pointer check: SUCCESS

co/rsk/trie/TrieKeySlice.java function java::co.rsk.trie.TrieKeySlice.fromEncoded:([BIII)Lco/rsk/trie/TrieKeySlice;
[java::co.rsk.trie.TrieKeySlice.fromEncoded:([BIII)Lco/rsk/trie/TrieKeySlice;.null-pointer-exception.1] line 121 Null pointer check: SUCCESS
[java::co.rsk.trie.TrieKeySlice.fromEncoded:([BIII)Lco/rsk/trie/TrieKeySlice;.null-pointer-exception.2] line 121 Null pointer check: SUCCESS

co/rsk/trie/TrieKeySlice.java function java::co.rsk.trie.TrieKeySlice.fromKey:([B)Lco/rsk/trie/TrieKeySlice;
[java::co.rsk.trie.TrieKeySlice.fromKey:([B)Lco/rsk/trie/TrieKeySlice;.null-pointer-exception.1] line 113 Null pointer check: SUCCESS
[java::co.rsk.trie.TrieKeySlice.fromKey:([B)Lco/rsk/trie/TrieKeySlice;.null-pointer-exception.2] line 114 Null pointer check: SUCCESS
[java::co.rsk.trie.TrieKeySlice.fromKey:([B)Lco/rsk/trie/TrieKeySlice;.null-pointer-exception.3] line 114 Null pointer check: SUCCESS

co/rsk/trie/TrieKeySlice.java function java::co.rsk.trie.TrieKeySlice.get:(I)B
[java::co.rsk.trie.TrieKeySlice.get:(I)B.array-index-out-of-bounds-high.1] line 42 Array index should be < length: SUCCESS
[java::co.rsk.trie.TrieKeySlice.get:(I)B.array-index-out-of-bounds-low.1] line 42 Array index should be >= 0: SUCCESS
[java::co.rsk.trie.TrieKeySlice.get:(I)B.null-pointer-exception.1] line 42 Null pointer check: SUCCESS
[java::co.rsk.trie.TrieKeySlice.get:(I)B.null-pointer-exception.2] line 42 Null pointer check: SUCCESS
[java::co.rsk.trie.TrieKeySlice.get:(I)B.null-pointer-exception.3] line 42 Null pointer check: SUCCESS

co/rsk/trie/TrieKeySlice.java function java::co.rsk.trie.TrieKeySlice.length:()I
[java::co.rsk.trie.TrieKeySlice.length:()I.null-pointer-exception.1] line 38 Null pointer check: SUCCESS
[java::co.rsk.trie.TrieKeySlice.length:()I.null-pointer-exception.2] line 38 Null pointer check: SUCCESS

co/rsk/trie/TrieKeySlice.java function java::co.rsk.trie.TrieKeySlice.rebuildSharedPath:(BLco/rsk/trie/TrieKeySlice;)Lco/rsk/trie/TrieKeySlice;
[java::co.rsk.trie.TrieKeySlice.rebuildSharedPath:(BLco/rsk/trie/TrieKeySlice;)Lco/rsk/trie/TrieKeySlice;.null-pointer-exception.1] line 87 Null pointer check: SUCCESS
[java::co.rsk.trie.TrieKeySlice.rebuildSharedPath:(BLco/rsk/trie/TrieKeySlice;)Lco/rsk/trie/TrieKeySlice;.null-pointer-exception.2] line 88 Null pointer check: SUCCESS
[java::co.rsk.trie.TrieKeySlice.rebuildSharedPath:(BLco/rsk/trie/TrieKeySlice;)Lco/rsk/trie/TrieKeySlice;.null-pointer-exception.3] line 90 Null pointer check: SUCCESS
[java::co.rsk.trie.TrieKeySlice.rebuildSharedPath:(BLco/rsk/trie/TrieKeySlice;)Lco/rsk/trie/TrieKeySlice;.null-pointer-exception.4] line 90 Null pointer check: SUCCESS
[java::co.rsk.trie.TrieKeySlice.rebuildSharedPath:(BLco/rsk/trie/TrieKeySlice;)Lco/rsk/trie/TrieKeySlice;.null-pointer-exception.5] line 90 Null pointer check: SUCCESS
[java::co.rsk.trie.TrieKeySlice.rebuildSharedPath:(BLco/rsk/trie/TrieKeySlice;)Lco/rsk/trie/TrieKeySlice;.array-index-out-of-bounds-high.1] line 91 Array index should be < length: SUCCESS
[java::co.rsk.trie.TrieKeySlice.rebuildSharedPath:(BLco/rsk/trie/TrieKeySlice;)Lco/rsk/trie/TrieKeySlice;.array-index-out-of-bounds-low.1] line 91 Array index should be >= 0: SUCCESS
[java::co.rsk.trie.TrieKeySlice.rebuildSharedPath:(BLco/rsk/trie/TrieKeySlice;)Lco/rsk/trie/TrieKeySlice;.null-pointer-exception.6] line 91 Null pointer check: SUCCESS
[java::co.rsk.trie.TrieKeySlice.rebuildSharedPath:(BLco/rsk/trie/TrieKeySlice;)Lco/rsk/trie/TrieKeySlice;.null-pointer-exception.7] line 92 Null pointer check: SUCCESS
[java::co.rsk.trie.TrieKeySlice.rebuildSharedPath:(BLco/rsk/trie/TrieKeySlice;)Lco/rsk/trie/TrieKeySlice;.null-pointer-exception.8] line 92 Null pointer check: SUCCESS
[java::co.rsk.trie.TrieKeySlice.rebuildSharedPath:(BLco/rsk/trie/TrieKeySlice;)Lco/rsk/trie/TrieKeySlice;.null-pointer-exception.9] line 96 Null pointer check: SUCCESS
[java::co.rsk.trie.TrieKeySlice.rebuildSharedPath:(BLco/rsk/trie/TrieKeySlice;)Lco/rsk/trie/TrieKeySlice;.null-pointer-exception.10] line 96 Null pointer check: SUCCESS

co/rsk/trie/TrieKeySlice.java function java::co.rsk.trie.TrieKeySlice.slice:(II)Lco/rsk/trie/TrieKeySlice;
[java::co.rsk.trie.TrieKeySlice.slice:(II)Lco/rsk/trie/TrieKeySlice;.null-pointer-exception.1] line 52 Null pointer check: SUCCESS
[java::co.rsk.trie.TrieKeySlice.slice:(II)Lco/rsk/trie/TrieKeySlice;.null-pointer-exception.2] line 52 Null pointer check: SUCCESS
[java::co.rsk.trie.TrieKeySlice.slice:(II)Lco/rsk/trie/TrieKeySlice;.null-pointer-exception.3] line 56 Null pointer check: SUCCESS
[java::co.rsk.trie.TrieKeySlice.slice:(II)Lco/rsk/trie/TrieKeySlice;.null-pointer-exception.4] line 56 Null pointer check: SUCCESS
[java::co.rsk.trie.TrieKeySlice.slice:(II)Lco/rsk/trie/TrieKeySlice;.null-pointer-exception.5] line 59 Null pointer check: SUCCESS
[java::co.rsk.trie.TrieKeySlice.slice:(II)Lco/rsk/trie/TrieKeySlice;.null-pointer-exception.6] line 60 Null pointer check: SUCCESS
[java::co.rsk.trie.TrieKeySlice.slice:(II)Lco/rsk/trie/TrieKeySlice;.null-pointer-exception.7] line 61 Null pointer check: SUCCESS
[java::co.rsk.trie.TrieKeySlice.slice:(II)Lco/rsk/trie/TrieKeySlice;.null-pointer-exception.8] line 61 Null pointer check: SUCCESS
[java::co.rsk.trie.TrieKeySlice.slice:(II)Lco/rsk/trie/TrieKeySlice;.null-pointer-exception.9] line 64 Null pointer check: SUCCESS
[java::co.rsk.trie.TrieKeySlice.slice:(II)Lco/rsk/trie/TrieKeySlice;.null-pointer-exception.10] line 65 Null pointer check: SUCCESS
[java::co.rsk.trie.TrieKeySlice.slice:(II)Lco/rsk/trie/TrieKeySlice;.null-pointer-exception.11] line 66 Null pointer check: SUCCESS
[java::co.rsk.trie.TrieKeySlice.slice:(II)Lco/rsk/trie/TrieKeySlice;.null-pointer-exception.12] line 66 Null pointer check: SUCCESS
[java::co.rsk.trie.TrieKeySlice.slice:(II)Lco/rsk/trie/TrieKeySlice;.null-pointer-exception.13] line 69 Null pointer check: SUCCESS
[java::co.rsk.trie.TrieKeySlice.slice:(II)Lco/rsk/trie/TrieKeySlice;.null-pointer-exception.14] line 69 Null pointer check: SUCCESS

com/google/common/base/Preconditions.java function java::com.google.common.base.Preconditions.checkArgument:(Z)V
[java::com.google.common.base.Preconditions.checkArgument:(Z)V.null-pointer-exception.1] line 108 Null pointer check: SUCCESS
[java::com.google.common.base.Preconditions.checkArgument:(Z)V.null-pointer-exception.2] line 108 Null pointer check: SUCCESS

com/google/common/primitives/Ints.java function java::com.google.common.primitives.Ints.<clinit>:()V
[java::com.google.common.primitives.Ints.<clinit>:()V.array-create-negative-size.1] line 639 Array size should be >= 0: SUCCESS
[java::com.google.common.primitives.Ints.<clinit>:()V.array-index-out-of-bounds-high.1] line 644 Array index should be < length: SUCCESS
[java::com.google.common.primitives.Ints.<clinit>:()V.array-index-out-of-bounds-low.1] line 644 Array index should be >= 0: SUCCESS
[java::com.google.common.primitives.Ints.<clinit>:()V.null-pointer-exception.1] line 644 Null pointer check: SUCCESS
[java::com.google.common.primitives.Ints.<clinit>:()V.array-index-out-of-bounds-high.2] line 647 Array index should be < length: SUCCESS
[java::com.google.common.primitives.Ints.<clinit>:()V.array-index-out-of-bounds-low.2] line 647 Array index should be >= 0: SUCCESS
[java::com.google.common.primitives.Ints.<clinit>:()V.null-pointer-exception.2] line 647 Null pointer check: SUCCESS
[java::com.google.common.primitives.Ints.<clinit>:()V.array-index-out-of-bounds-high.3] line 648 Array index should be < length: SUCCESS
[java::com.google.common.primitives.Ints.<clinit>:()V.array-index-out-of-bounds-low.3] line 648 Array index should be >= 0: SUCCESS
[java::com.google.common.primitives.Ints.<clinit>:()V.null-pointer-exception.3] line 648 Null pointer check: SUCCESS

java/io/ByteArrayOutputStream.java function java::java.io.ByteArrayOutputStream.<init>:()V
[java::java.io.ByteArrayOutputStream.<init>:()V.null-pointer-exception.1] line 66 Null pointer check: SUCCESS

java/io/ByteArrayOutputStream.java function java::java.io.ByteArrayOutputStream.<init>:(I)V
[java::java.io.ByteArrayOutputStream.<init>:(I)V.null-pointer-exception.1] line 76 Null pointer check: SUCCESS
[java::java.io.ByteArrayOutputStream.<init>:(I)V.null-pointer-exception.2] line 78 Null pointer check: SUCCESS
[java::java.io.ByteArrayOutputStream.<init>:(I)V.null-pointer-exception.3] line 78 Null pointer check: SUCCESS
[java::java.io.ByteArrayOutputStream.<init>:(I)V.null-pointer-exception.4] line 78 Null pointer check: SUCCESS
[java::java.io.ByteArrayOutputStream.<init>:(I)V.null-pointer-exception.5] line 78 Null pointer check: SUCCESS
[java::java.io.ByteArrayOutputStream.<init>:(I)V.null-pointer-exception.6] line 78 Null pointer check: SUCCESS
[java::java.io.ByteArrayOutputStream.<init>:(I)V.null-pointer-exception.7] line 78 Null pointer check: SUCCESS
[java::java.io.ByteArrayOutputStream.<init>:(I)V.array-create-negative-size.1] line 81 Array size should be >= 0: SUCCESS
[java::java.io.ByteArrayOutputStream.<init>:(I)V.null-pointer-exception.8] line 81 Null pointer check: SUCCESS

java/io/ByteArrayOutputStream.java function java::java.io.ByteArrayOutputStream.ensureCapacity:(I)V
[java::java.io.ByteArrayOutputStream.ensureCapacity:(I)V.null-pointer-exception.1] line 97 Null pointer check: SUCCESS
[java::java.io.ByteArrayOutputStream.ensureCapacity:(I)V.null-pointer-exception.2] line 97 Null pointer check: SUCCESS
[java::java.io.ByteArrayOutputStream.ensureCapacity:(I)V.null-pointer-exception.3] line 100 Null pointer check: SUCCESS
[java::java.io.ByteArrayOutputStream.ensureCapacity:(I)V.null-pointer-exception.4] line 100 Null pointer check: SUCCESS

java/io/ByteArrayOutputStream.java function java::java.io.ByteArrayOutputStream.toByteArray:()[B
[java::java.io.ByteArrayOutputStream.toByteArray:()[B.null-pointer-exception.1] line 185 Null pointer check: SUCCESS
[java::java.io.ByteArrayOutputStream.toByteArray:()[B.null-pointer-exception.2] line 185 Null pointer check: SUCCESS

java/io/ByteArrayOutputStream.java function java::java.io.ByteArrayOutputStream.toString:()Ljava/lang/String;
[java::java.io.ByteArrayOutputStream.toString:()Ljava/lang/String;.null-pointer-exception.1] line 215 Null pointer check: SUCCESS
[java::java.io.ByteArrayOutputStream.toString:()Ljava/lang/String;.null-pointer-exception.2] line 215 Null pointer check: SUCCESS
[java::java.io.ByteArrayOutputStream.toString:()Ljava/lang/String;.null-pointer-exception.3] line 215 Null pointer check: SUCCESS

java/io/ByteArrayOutputStream.java function java::java.io.ByteArrayOutputStream.write:(I)V
[java::java.io.ByteArrayOutputStream.write:(I)V.null-pointer-exception.1] line 111 Null pointer check: SUCCESS
[java::java.io.ByteArrayOutputStream.write:(I)V.null-pointer-exception.2] line 111 Null pointer check: SUCCESS
[java::java.io.ByteArrayOutputStream.write:(I)V.array-index-out-of-bounds-high.1] line 112 Array index should be < length: SUCCESS
[java::java.io.ByteArrayOutputStream.write:(I)V.array-index-out-of-bounds-low.1] line 112 Array index should be >= 0: SUCCESS
[java::java.io.ByteArrayOutputStream.write:(I)V.null-pointer-exception.3] line 112 Null pointer check: SUCCESS
[java::java.io.ByteArrayOutputStream.write:(I)V.null-pointer-exception.4] line 112 Null pointer check: SUCCESS
[java::java.io.ByteArrayOutputStream.write:(I)V.null-pointer-exception.5] line 112 Null pointer check: SUCCESS
[java::java.io.ByteArrayOutputStream.write:(I)V.null-pointer-exception.6] line 113 Null pointer check: SUCCESS
[java::java.io.ByteArrayOutputStream.write:(I)V.null-pointer-exception.7] line 113 Null pointer check: SUCCESS

java/io/OutputStream.java function java::java.io.OutputStream.<init>:()V
[java::java.io.OutputStream.<init>:()V.null-pointer-exception.1] line 52 Null pointer check: SUCCESS

java/lang/ArrayIndexOutOfBoundsException.java function java::java.lang.ArrayIndexOutOfBoundsException.<init>:(Ljava/lang/String;)V
[java::java.lang.ArrayIndexOutOfBoundsException.<init>:(Ljava/lang/String;)V.null-pointer-exception.1] line 41 Null pointer check: SUCCESS

java/lang/ArrayIndexOutOfBoundsException.java function java::java.lang.ArrayIndexOutOfBoundsException.toString:()Ljava/lang/String;
[java::java.lang.ArrayIndexOutOfBoundsException.toString:()Ljava/lang/String;.null-pointer-exception.1] line 50 Null pointer check: SUCCESS
[java::java.lang.ArrayIndexOutOfBoundsException.toString:()Ljava/lang/String;.null-pointer-exception.2] line 51 Null pointer check: SUCCESS
[java::java.lang.ArrayIndexOutOfBoundsException.toString:()Ljava/lang/String;.null-pointer-exception.3] line 51 Null pointer check: SUCCESS
[java::java.lang.ArrayIndexOutOfBoundsException.toString:()Ljava/lang/String;.null-pointer-exception.4] line 51 Null pointer check: SUCCESS
[java::java.lang.ArrayIndexOutOfBoundsException.toString:()Ljava/lang/String;.null-pointer-exception.5] line 51 Null pointer check: SUCCESS

java/lang/ArrayStoreException.java function java::java.lang.ArrayStoreException.<init>:(Ljava/lang/String;)V
[java::java.lang.ArrayStoreException.<init>:(Ljava/lang/String;)V.null-pointer-exception.1] line 37 Null pointer check: SUCCESS

java/lang/ArrayStoreException.java function java::java.lang.ArrayStoreException.toString:()Ljava/lang/String;
[java::java.lang.ArrayStoreException.toString:()Ljava/lang/String;.null-pointer-exception.1] line 46 Null pointer check: SUCCESS
[java::java.lang.ArrayStoreException.toString:()Ljava/lang/String;.null-pointer-exception.2] line 47 Null pointer check: SUCCESS
[java::java.lang.ArrayStoreException.toString:()Ljava/lang/String;.null-pointer-exception.3] line 47 Null pointer check: SUCCESS
[java::java.lang.ArrayStoreException.toString:()Ljava/lang/String;.null-pointer-exception.4] line 47 Null pointer check: SUCCESS
[java::java.lang.ArrayStoreException.toString:()Ljava/lang/String;.null-pointer-exception.5] line 47 Null pointer check: SUCCESS

java/lang/AssertionError.java function java::java.lang.AssertionError.<init>:()V
[java::java.lang.AssertionError.<init>:()V.null-pointer-exception.1] line 49 Null pointer check: SUCCESS

java/lang/AssertionError.java function java::java.lang.AssertionError.<init>:(Ljava/lang/Object;)V
[java::java.lang.AssertionError.<init>:(Ljava/lang/Object;)V.null-pointer-exception.1] line 74 Null pointer check: SUCCESS
[java::java.lang.AssertionError.<init>:(Ljava/lang/Object;)V.bad-dynamic-cast.1] line 76 Dynamic cast check: SUCCESS
[java::java.lang.AssertionError.<init>:(Ljava/lang/Object;)V.null-pointer-exception.2] line 76 Null pointer check: SUCCESS

java/lang/AssertionError.java function java::java.lang.AssertionError.<init>:(Ljava/lang/String;)V
[java::java.lang.AssertionError.<init>:(Ljava/lang/String;)V.null-pointer-exception.1] line 58 Null pointer check: SUCCESS

java/lang/AssertionError.java function java::java.lang.AssertionError.toString:()Ljava/lang/String;
[java::java.lang.AssertionError.toString:()Ljava/lang/String;.null-pointer-exception.1] line 174 Null pointer check: SUCCESS
[java::java.lang.AssertionError.toString:()Ljava/lang/String;.null-pointer-exception.2] line 175 Null pointer check: SUCCESS
[java::java.lang.AssertionError.toString:()Ljava/lang/String;.null-pointer-exception.3] line 175 Null pointer check: SUCCESS
[java::java.lang.AssertionError.toString:()Ljava/lang/String;.null-pointer-exception.4] line 175 Null pointer check: SUCCESS
[java::java.lang.AssertionError.toString:()Ljava/lang/String;.null-pointer-exception.5] line 175 Null pointer check: SUCCESS

java/lang/Boolean.java function java::java.lang.Boolean.<clinit>:()V
[java::java.lang.Boolean.<clinit>:()V.null-pointer-exception.1] line 50 Null pointer check: SUCCESS
[java::java.lang.Boolean.<clinit>:()V.null-pointer-exception.2] line 56 Null pointer check: SUCCESS

java/lang/Boolean.java function java::java.lang.Boolean.<init>:(Z)V
[java::java.lang.Boolean.<init>:(Z)V.null-pointer-exception.1] line 91 Null pointer check: SUCCESS
[java::java.lang.Boolean.<init>:(Z)V.null-pointer-exception.2] line 92 Null pointer check: SUCCESS

java/lang/Boolean.java function java::java.lang.Boolean.booleanValue:()Z
[java::java.lang.Boolean.booleanValue:()Z.null-pointer-exception.1] line 136 Null pointer check: SUCCESS

java/lang/Boolean.java function java::java.lang.Boolean.hashCode:()I
[java::java.lang.Boolean.hashCode:()I.null-pointer-exception.1] line 207 Null pointer check: SUCCESS

java/lang/Boolean.java function java::java.lang.Boolean.toString:()Ljava/lang/String;
[java::java.lang.Boolean.toString:()Ljava/lang/String;.null-pointer-exception.1] line 195 Null pointer check: SUCCESS

java/lang/Byte.java function java::java.lang.Byte.byteValue:()B
[java::java.lang.Byte.byteValue:()B.null-pointer-exception.1] line 317 Null pointer check: SUCCESS

java/lang/Byte.java function java::java.lang.Byte.hashCode:()I
[java::java.lang.Byte.hashCode:()I.null-pointer-exception.1] line 387 Null pointer check: SUCCESS

java/lang/Byte.java function java::java.lang.Byte.toString:()Ljava/lang/String;
[java::java.lang.Byte.toString:()Ljava/lang/String;.null-pointer-exception.1] line 376 Null pointer check: SUCCESS

java/lang/Character.java function java::java.lang.Character.<clinit>:()V
[java::java.lang.Character.<clinit>:()V.null-pointer-exception.1] line 125 Null pointer check: SUCCESS

java/lang/Character.java function java::java.lang.Character.charValue:()C
[java::java.lang.Character.charValue:()C.null-pointer-exception.1] line 4589 Null pointer check: SUCCESS

java/lang/Character.java function java::java.lang.Character.hashCode:()I
[java::java.lang.Character.hashCode:()I.null-pointer-exception.1] line 4600 Null pointer check: SUCCESS

java/lang/Character.java function java::java.lang.Character.toString:()Ljava/lang/String;
[java::java.lang.Character.toString:()Ljava/lang/String;.array-create-negative-size.1] line 4643 Array size should be >= 0: SUCCESS
[java::java.lang.Character.toString:()Ljava/lang/String;.array-index-out-of-bounds-high.1] line 4643 Array index should be < length: SUCCESS
[java::java.lang.Character.toString:()Ljava/lang/String;.array-index-out-of-bounds-low.1] line 4643 Array index should be >= 0: SUCCESS
[java::java.lang.Character.toString:()Ljava/lang/String;.null-pointer-exception.1] line 4643 Null pointer check: SUCCESS
[java::java.lang.Character.toString:()Ljava/lang/String;.null-pointer-exception.2] line 4643 Null pointer check: SUCCESS

java/lang/Class.java function java::java.lang.Class.<init>:()V
[java::java.lang.Class.<init>:()V.null-pointer-exception.1] line 44 Null pointer check: SUCCESS
[java::java.lang.Class.<init>:()V.null-pointer-exception.2] line 387 Null pointer check: SUCCESS

java/lang/Class.java function java::java.lang.Class.cproverInitializeClassLiteral:(Ljava/lang/String;ZZZZZZZ)V
[java::java.lang.Class.cproverInitializeClassLiteral:(Ljava/lang/String;ZZZZZZZ)V.null-pointer-exception.1] line 473 Null pointer check: SUCCESS
[java::java.lang.Class.cproverInitializeClassLiteral:(Ljava/lang/String;ZZZZZZZ)V.null-pointer-exception.2] line 474 Null pointer check: SUCCESS
[java::java.lang.Class.cproverInitializeClassLiteral:(Ljava/lang/String;ZZZZZZZ)V.null-pointer-exception.3] line 475 Null pointer check: SUCCESS
[java::java.lang.Class.cproverInitializeClassLiteral:(Ljava/lang/String;ZZZZZZZ)V.null-pointer-exception.4] line 476 Null pointer check: SUCCESS
[java::java.lang.Class.cproverInitializeClassLiteral:(Ljava/lang/String;ZZZZZZZ)V.null-pointer-exception.5] line 477 Null pointer check: SUCCESS
[java::java.lang.Class.cproverInitializeClassLiteral:(Ljava/lang/String;ZZZZZZZ)V.null-pointer-exception.6] line 478 Null pointer check: SUCCESS
[java::java.lang.Class.cproverInitializeClassLiteral:(Ljava/lang/String;ZZZZZZZ)V.null-pointer-exception.7] line 479 Null pointer check: SUCCESS
[java::java.lang.Class.cproverInitializeClassLiteral:(Ljava/lang/String;ZZZZZZZ)V.null-pointer-exception.8] line 480 Null pointer check: SUCCESS

java/lang/Class.java function java::java.lang.Class.cproverNondetInitialize:()V
[java::java.lang.Class.cproverNondetInitialize:()V.null-pointer-exception.1] line 454 Null pointer check: SUCCESS
[java::java.lang.Class.cproverNondetInitialize:()V.null-pointer-exception.2] line 455 Null pointer check: SUCCESS

java/lang/Class.java function java::java.lang.Class.desiredAssertionStatus:()Z
[java::java.lang.Class.desiredAssertionStatus:()Z.null-pointer-exception.1] line 421 Null pointer check: SUCCESS
[java::java.lang.Class.desiredAssertionStatus:()Z.null-pointer-exception.2] line 428 Null pointer check: SUCCESS
[java::java.lang.Class.desiredAssertionStatus:()Z.null-pointer-exception.3] line 429 Null pointer check: SUCCESS
[java::java.lang.Class.desiredAssertionStatus:()Z.null-pointer-exception.4] line 430 Null pointer check: SUCCESS
[java::java.lang.Class.desiredAssertionStatus:()Z.null-pointer-exception.5] line 430 Null pointer check: SUCCESS
[java::java.lang.Class.desiredAssertionStatus:()Z.null-pointer-exception.6] line 432 Null pointer check: SUCCESS

java/lang/Class.java function java::java.lang.Class.forName:(Ljava/lang/String;)Ljava/lang/Class;
[java::java.lang.Class.forName:(Ljava/lang/String;)Ljava/lang/Class;.null-pointer-exception.1] line 114 Null pointer check: SUCCESS
[java::java.lang.Class.forName:(Ljava/lang/String;)Ljava/lang/Class;.null-pointer-exception.2] line 115 Null pointer check: SUCCESS

java/lang/Class.java function java::java.lang.Class.getClassLoader:()Ljava/lang/ClassLoader;
[java::java.lang.Class.getClassLoader:()Ljava/lang/ClassLoader;.null-pointer-exception.1] line 191 Null pointer check: SUCCESS

java/lang/Class.java function java::java.lang.Class.getName:()Ljava/lang/String;
[java::java.lang.Class.getName:()Ljava/lang/String;.null-pointer-exception.1] line 158 Null pointer check: SUCCESS

java/lang/Class.java function java::java.lang.Class.getPrimitiveClass:(Ljava/lang/String;)Ljava/lang/Class;
[java::java.lang.Class.getPrimitiveClass:(Ljava/lang/String;)Ljava/lang/Class;.null-pointer-exception.1] line 323 Null pointer check: SUCCESS
[java::java.lang.Class.getPrimitiveClass:(Ljava/lang/String;)Ljava/lang/Class;.null-pointer-exception.2] line 325 Null pointer check: SUCCESS
[java::java.lang.Class.getPrimitiveClass:(Ljava/lang/String;)Ljava/lang/Class;.null-pointer-exception.3] line 327 Null pointer check: SUCCESS
[java::java.lang.Class.getPrimitiveClass:(Ljava/lang/String;)Ljava/lang/Class;.null-pointer-exception.4] line 329 Null pointer check: SUCCESS
[java::java.lang.Class.getPrimitiveClass:(Ljava/lang/String;)Ljava/lang/Class;.null-pointer-exception.5] line 331 Null pointer check: SUCCESS
[java::java.lang.Class.getPrimitiveClass:(Ljava/lang/String;)Ljava/lang/Class;.null-pointer-exception.6] line 333 Null pointer check: SUCCESS
[java::java.lang.Class.getPrimitiveClass:(Ljava/lang/String;)Ljava/lang/Class;.null-pointer-exception.7] line 335 Null pointer check: SUCCESS
[java::java.lang.Class.getPrimitiveClass:(Ljava/lang/String;)Ljava/lang/Class;.null-pointer-exception.8] line 337 Null pointer check: SUCCESS
[java::java.lang.Class.getPrimitiveClass:(Ljava/lang/String;)Ljava/lang/Class;.null-pointer-exception.9] line 339 Null pointer check: SUCCESS

java/lang/Class.java function java::java.lang.Class.isInterface:()Z
[java::java.lang.Class.isInterface:()Z.null-pointer-exception.1] line 126 Null pointer check: SUCCESS

java/lang/Class.java function java::java.lang.Class.isPrimitive:()Z
[java::java.lang.Class.isPrimitive:()Z.null-pointer-exception.1] line 134 Null pointer check: SUCCESS
[java::java.lang.Class.isPrimitive:()Z.null-pointer-exception.2] line 134 Null pointer check: SUCCESS
[java::java.lang.Class.isPrimitive:()Z.null-pointer-exception.3] line 134 Null pointer check: SUCCESS
[java::java.lang.Class.isPrimitive:()Z.null-pointer-exception.4] line 134 Null pointer check: SUCCESS
[java::java.lang.Class.isPrimitive:()Z.null-pointer-exception.5] line 134 Null pointer check: SUCCESS
[java::java.lang.Class.isPrimitive:()Z.null-pointer-exception.6] line 134 Null pointer check: SUCCESS
[java::java.lang.Class.isPrimitive:()Z.null-pointer-exception.7] line 134 Null pointer check: SUCCESS
[java::java.lang.Class.isPrimitive:()Z.null-pointer-exception.8] line 134 Null pointer check: SUCCESS
[java::java.lang.Class.isPrimitive:()Z.null-pointer-exception.9] line 134 Null pointer check: SUCCESS

java/lang/Class.java function java::java.lang.Class.toString:()Ljava/lang/String;
[java::java.lang.Class.toString:()Ljava/lang/String;.null-pointer-exception.1] line 59 Null pointer check: SUCCESS
[java::java.lang.Class.toString:()Ljava/lang/String;.null-pointer-exception.2] line 59 Null pointer check: SUCCESS
[java::java.lang.Class.toString:()Ljava/lang/String;.null-pointer-exception.3] line 59 Null pointer check: SUCCESS
[java::java.lang.Class.toString:()Ljava/lang/String;.null-pointer-exception.4] line 59 Null pointer check: SUCCESS
[java::java.lang.Class.toString:()Ljava/lang/String;.null-pointer-exception.5] line 60 Null pointer check: SUCCESS
[java::java.lang.Class.toString:()Ljava/lang/String;.null-pointer-exception.6] line 60 Null pointer check: SUCCESS
[java::java.lang.Class.toString:()Ljava/lang/String;.null-pointer-exception.7] line 60 Null pointer check: SUCCESS

java/lang/Double.java function java::java.lang.Double.doubleValue:()D
[java::java.lang.Double.doubleValue:()D.null-pointer-exception.1] line 733 Null pointer check: SUCCESS

java/lang/Double.java function java::java.lang.Double.toString:()Ljava/lang/String;
[java::java.lang.Double.toString:()Ljava/lang/String;.null-pointer-exception.1] line 661 Null pointer check: SUCCESS

java/lang/Enum.java function java::java.lang.Enum.<init>:(Ljava/lang/String;I)V
[java::java.lang.Enum.<init>:(Ljava/lang/String;I)V.null-pointer-exception.1] line 117 Null pointer check: SUCCESS
[java::java.lang.Enum.<init>:(Ljava/lang/String;I)V.null-pointer-exception.2] line 118 Null pointer check: SUCCESS
[java::java.lang.Enum.<init>:(Ljava/lang/String;I)V.null-pointer-exception.3] line 119 Null pointer check: SUCCESS

java/lang/Enum.java function java::java.lang.Enum.hashCode:()I
[java::java.lang.Enum.hashCode:()I.null-pointer-exception.1] line 152 Null pointer check: SUCCESS

java/lang/Enum.java function java::java.lang.Enum.toString:()Ljava/lang/String;
[java::java.lang.Enum.toString:()Ljava/lang/String;.null-pointer-exception.1] line 131 Null pointer check: SUCCESS

java/lang/Error.java function java::java.lang.Error.<init>:()V
[java::java.lang.Error.<init>:()V.null-pointer-exception.1] line 58 Null pointer check: SUCCESS

java/lang/Error.java function java::java.lang.Error.<init>:(Ljava/lang/String;)V
[java::java.lang.Error.<init>:(Ljava/lang/String;)V.null-pointer-exception.1] line 70 Null pointer check: SUCCESS

java/lang/Error.java function java::java.lang.Error.toString:()Ljava/lang/String;
[java::java.lang.Error.toString:()Ljava/lang/String;.null-pointer-exception.1] line 135 Null pointer check: SUCCESS
[java::java.lang.Error.toString:()Ljava/lang/String;.null-pointer-exception.2] line 136 Null pointer check: SUCCESS
[java::java.lang.Error.toString:()Ljava/lang/String;.null-pointer-exception.3] line 136 Null pointer check: SUCCESS
[java::java.lang.Error.toString:()Ljava/lang/String;.null-pointer-exception.4] line 136 Null pointer check: SUCCESS
[java::java.lang.Error.toString:()Ljava/lang/String;.null-pointer-exception.5] line 136 Null pointer check: SUCCESS

java/lang/Exception.java function java::java.lang.Exception.<init>:()V
[java::java.lang.Exception.<init>:()V.null-pointer-exception.1] line 54 Null pointer check: SUCCESS

java/lang/Exception.java function java::java.lang.Exception.<init>:(Ljava/lang/String;)V
[java::java.lang.Exception.<init>:(Ljava/lang/String;)V.null-pointer-exception.1] line 66 Null pointer check: SUCCESS

java/lang/Exception.java function java::java.lang.Exception.<init>:(Ljava/lang/String;Ljava/lang/Throwable;)V
[java::java.lang.Exception.<init>:(Ljava/lang/String;Ljava/lang/Throwable;)V.null-pointer-exception.1] line 84 Null pointer check: SUCCESS

java/lang/Exception.java function java::java.lang.Exception.toString:()Ljava/lang/String;
[java::java.lang.Exception.toString:()Ljava/lang/String;.null-pointer-exception.1] line 131 Null pointer check: SUCCESS
[java::java.lang.Exception.toString:()Ljava/lang/String;.null-pointer-exception.2] line 132 Null pointer check: SUCCESS
[java::java.lang.Exception.toString:()Ljava/lang/String;.null-pointer-exception.3] line 132 Null pointer check: SUCCESS
[java::java.lang.Exception.toString:()Ljava/lang/String;.null-pointer-exception.4] line 132 Null pointer check: SUCCESS
[java::java.lang.Exception.toString:()Ljava/lang/String;.null-pointer-exception.5] line 132 Null pointer check: SUCCESS

java/lang/Float.java function java::java.lang.Float.doubleValue:()D
[java::java.lang.Float.doubleValue:()D.null-pointer-exception.1] line 646 Null pointer check: SUCCESS

java/lang/Float.java function java::java.lang.Float.toString:()Ljava/lang/String;
[java::java.lang.Float.toString:()Ljava/lang/String;.null-pointer-exception.1] line 576 Null pointer check: SUCCESS

java/lang/IllegalArgumentException.java function java::java.lang.IllegalArgumentException.<init>:()V
[java::java.lang.IllegalArgumentException.<init>:()V.null-pointer-exception.1] line 31 Null pointer check: SUCCESS

java/lang/IllegalArgumentException.java function java::java.lang.IllegalArgumentException.<init>:(Ljava/lang/String;)V
[java::java.lang.IllegalArgumentException.<init>:(Ljava/lang/String;)V.null-pointer-exception.1] line 35 Null pointer check: SUCCESS

java/lang/IllegalArgumentException.java function java::java.lang.IllegalArgumentException.<init>:(Ljava/lang/String;Ljava/lang/Throwable;)V
[java::java.lang.IllegalArgumentException.<init>:(Ljava/lang/String;Ljava/lang/Throwable;)V.null-pointer-exception.1] line 39 Null pointer check: SUCCESS

java/lang/IllegalArgumentException.java function java::java.lang.IllegalArgumentException.toString:()Ljava/lang/String;
[java::java.lang.IllegalArgumentException.toString:()Ljava/lang/String;.null-pointer-exception.1] line 54 Null pointer check: SUCCESS
[java::java.lang.IllegalArgumentException.toString:()Ljava/lang/String;.null-pointer-exception.2] line 55 Null pointer check: SUCCESS
[java::java.lang.IllegalArgumentException.toString:()Ljava/lang/String;.null-pointer-exception.3] line 55 Null pointer check: SUCCESS
[java::java.lang.IllegalArgumentException.toString:()Ljava/lang/String;.null-pointer-exception.4] line 55 Null pointer check: SUCCESS
[java::java.lang.IllegalArgumentException.toString:()Ljava/lang/String;.null-pointer-exception.5] line 55 Null pointer check: SUCCESS

java/lang/IllegalStateException.java function java::java.lang.IllegalStateException.<init>:(Ljava/lang/String;)V
[java::java.lang.IllegalStateException.<init>:(Ljava/lang/String;)V.null-pointer-exception.1] line 35 Null pointer check: SUCCESS

java/lang/IllegalStateException.java function java::java.lang.IllegalStateException.<init>:(Ljava/lang/String;Ljava/lang/Throwable;)V
[java::java.lang.IllegalStateException.<init>:(Ljava/lang/String;Ljava/lang/Throwable;)V.null-pointer-exception.1] line 39 Null pointer check: SUCCESS

java/lang/IllegalStateException.java function java::java.lang.IllegalStateException.toString:()Ljava/lang/String;
[java::java.lang.IllegalStateException.toString:()Ljava/lang/String;.null-pointer-exception.1] line 54 Null pointer check: SUCCESS
[java::java.lang.IllegalStateException.toString:()Ljava/lang/String;.null-pointer-exception.2] line 55 Null pointer check: SUCCESS
[java::java.lang.IllegalStateException.toString:()Ljava/lang/String;.null-pointer-exception.3] line 55 Null pointer check: SUCCESS
[java::java.lang.IllegalStateException.toString:()Ljava/lang/String;.null-pointer-exception.4] line 55 Null pointer check: SUCCESS
[java::java.lang.IllegalStateException.toString:()Ljava/lang/String;.null-pointer-exception.5] line 55 Null pointer check: SUCCESS

java/lang/IndexOutOfBoundsException.java function java::java.lang.IndexOutOfBoundsException.<init>:()V
[java::java.lang.IndexOutOfBoundsException.<init>:()V.null-pointer-exception.1] line 33 Null pointer check: SUCCESS

java/lang/IndexOutOfBoundsException.java function java::java.lang.IndexOutOfBoundsException.<init>:(Ljava/lang/String;)V
[java::java.lang.IndexOutOfBoundsException.<init>:(Ljava/lang/String;)V.null-pointer-exception.1] line 37 Null pointer check: SUCCESS

java/lang/IndexOutOfBoundsException.java function java::java.lang.IndexOutOfBoundsException.toString:()Ljava/lang/String;
[java::java.lang.IndexOutOfBoundsException.toString:()Ljava/lang/String;.null-pointer-exception.1] line 46 Null pointer check: SUCCESS
[java::java.lang.IndexOutOfBoundsException.toString:()Ljava/lang/String;.null-pointer-exception.2] line 47 Null pointer check: SUCCESS
[java::java.lang.IndexOutOfBoundsException.toString:()Ljava/lang/String;.null-pointer-exception.3] line 47 Null pointer check: SUCCESS
[java::java.lang.IndexOutOfBoundsException.toString:()Ljava/lang/String;.null-pointer-exception.4] line 47 Null pointer check: SUCCESS
[java::java.lang.IndexOutOfBoundsException.toString:()Ljava/lang/String;.null-pointer-exception.5] line 47 Null pointer check: SUCCESS

java/lang/Integer.java function java::java.lang.Integer.<init>:(I)V
[java::java.lang.Integer.<init>:(I)V.null-pointer-exception.1] line 632 Null pointer check: SUCCESS
[java::java.lang.Integer.<init>:(I)V.null-pointer-exception.2] line 633 Null pointer check: SUCCESS

java/lang/Integer.java function java::java.lang.Integer.hashCode:()I
[java::java.lang.Integer.hashCode:()I.null-pointer-exception.1] line 729 Null pointer check: SUCCESS

java/lang/Integer.java function java::java.lang.Integer.intValue:()I
[java::java.lang.Integer.intValue:()I.null-pointer-exception.1] line 676 Null pointer check: SUCCESS

java/lang/Integer.java function java::java.lang.Integer.toString:()Ljava/lang/String;
[java::java.lang.Integer.toString:()Ljava/lang/String;.null-pointer-exception.1] line 718 Null pointer check: SUCCESS

java/lang/Integer.java function java::java.lang.Integer.valueOf:(I)Ljava/lang/Integer;
[java::java.lang.Integer.valueOf:(I)Ljava/lang/Integer;.null-pointer-exception.1] line 615 Null pointer check: SUCCESS

java/lang/Long.java function java::java.lang.Long.<init>:(J)V
[java::java.lang.Long.<init>:(J)V.null-pointer-exception.1] line 827 Null pointer check: SUCCESS
[java::java.lang.Long.<init>:(J)V.null-pointer-exception.2] line 828 Null pointer check: SUCCESS

java/lang/Long.java function java::java.lang.Long.hashCode:()I
[java::java.lang.Long.hashCode:()I.null-pointer-exception.1] line 929 Null pointer check: SUCCESS

java/lang/Long.java function java::java.lang.Long.longValue:()J
[java::java.lang.Long.longValue:()J.null-pointer-exception.1] line 880 Null pointer check: SUCCESS

java/lang/Long.java function java::java.lang.Long.toString:()Ljava/lang/String;
[java::java.lang.Long.toString:()Ljava/lang/String;.null-pointer-exception.1] line 912 Null pointer check: SUCCESS

java/lang/Long.java function java::java.lang.Long.valueOf:(J)Ljava/lang/Long;
[java::java.lang.Long.valueOf:(J)Ljava/lang/Long;.null-pointer-exception.1] line 713 Null pointer check: SUCCESS

java/lang/NullPointerException.java function java::java.lang.NullPointerException.<init>:()V
[java::java.lang.NullPointerException.<init>:()V.null-pointer-exception.1] line 33 Null pointer check: SUCCESS

java/lang/NullPointerException.java function java::java.lang.NullPointerException.toString:()Ljava/lang/String;
[java::java.lang.NullPointerException.toString:()Ljava/lang/String;.null-pointer-exception.1] line 46 Null pointer check: SUCCESS
[java::java.lang.NullPointerException.toString:()Ljava/lang/String;.null-pointer-exception.2] line 47 Null pointer check: SUCCESS
[java::java.lang.NullPointerException.toString:()Ljava/lang/String;.null-pointer-exception.3] line 47 Null pointer check: SUCCESS
[java::java.lang.NullPointerException.toString:()Ljava/lang/String;.null-pointer-exception.4] line 47 Null pointer check: SUCCESS
[java::java.lang.NullPointerException.toString:()Ljava/lang/String;.null-pointer-exception.5] line 47 Null pointer check: SUCCESS

java/lang/Number.java function java::java.lang.Number.<init>:()V
[java::java.lang.Number.<init>:()V.null-pointer-exception.1] line 55 Null pointer check: SUCCESS

java/lang/Object.java function java::java.lang.Object.<clinit>:()V
[java::java.lang.Object.<clinit>:()V.null-pointer-exception.1] line 50 Null pointer check: SUCCESS

java/lang/Object.java function java::java.lang.Object.<init>:()V
[java::java.lang.Object.<init>:()V.null-pointer-exception.1] line 58 Null pointer check: SUCCESS

java/lang/Object.java function java::java.lang.Object.getClass:()Ljava/lang/Class;
[java::java.lang.Object.getClass:()Ljava/lang/Class;.assertion.1] line 97 assertion at file java/lang/Object.java line 97 function java::java.lang.Object.getClass:()Ljava/lang/Class; bytecode-index 46: SUCCESS
[java::java.lang.Object.getClass:()Ljava/lang/Class;.null-pointer-exception.1] line 97 Null pointer check: SUCCESS

java/lang/Object.java function java::java.lang.Object.toString:()Ljava/lang/String;
[java::java.lang.Object.toString:()Ljava/lang/String;.null-pointer-exception.1] line 114 Null pointer check: SUCCESS
[java::java.lang.Object.toString:()Ljava/lang/String;.null-pointer-exception.2] line 114 Null pointer check: SUCCESS
[java::java.lang.Object.toString:()Ljava/lang/String;.null-pointer-exception.3] line 114 Null pointer check: SUCCESS

java/lang/OutOfMemoryError.java function java::java.lang.OutOfMemoryError.<init>:(Ljava/lang/String;)V
[java::java.lang.OutOfMemoryError.<init>:(Ljava/lang/String;)V.null-pointer-exception.1] line 58 Null pointer check: SUCCESS

java/lang/OutOfMemoryError.java function java::java.lang.OutOfMemoryError.toString:()Ljava/lang/String;
[java::java.lang.OutOfMemoryError.toString:()Ljava/lang/String;.null-pointer-exception.1] line 67 Null pointer check: SUCCESS
[java::java.lang.OutOfMemoryError.toString:()Ljava/lang/String;.null-pointer-exception.2] line 68 Null pointer check: SUCCESS
[java::java.lang.OutOfMemoryError.toString:()Ljava/lang/String;.null-pointer-exception.3] line 68 Null pointer check: SUCCESS
[java::java.lang.OutOfMemoryError.toString:()Ljava/lang/String;.null-pointer-exception.4] line 68 Null pointer check: SUCCESS
[java::java.lang.OutOfMemoryError.toString:()Ljava/lang/String;.null-pointer-exception.5] line 68 Null pointer check: SUCCESS

java/lang/RuntimeException.java function java::java.lang.RuntimeException.<init>:()V
[java::java.lang.RuntimeException.<init>:()V.null-pointer-exception.1] line 32 Null pointer check: SUCCESS

java/lang/RuntimeException.java function java::java.lang.RuntimeException.<init>:(Ljava/lang/String;)V
[java::java.lang.RuntimeException.<init>:(Ljava/lang/String;)V.null-pointer-exception.1] line 36 Null pointer check: SUCCESS

java/lang/RuntimeException.java function java::java.lang.RuntimeException.<init>:(Ljava/lang/String;Ljava/lang/Throwable;)V
[java::java.lang.RuntimeException.<init>:(Ljava/lang/String;Ljava/lang/Throwable;)V.null-pointer-exception.1] line 40 Null pointer check: SUCCESS

java/lang/RuntimeException.java function java::java.lang.RuntimeException.toString:()Ljava/lang/String;
[java::java.lang.RuntimeException.toString:()Ljava/lang/String;.null-pointer-exception.1] line 59 Null pointer check: SUCCESS
[java::java.lang.RuntimeException.toString:()Ljava/lang/String;.null-pointer-exception.2] line 60 Null pointer check: SUCCESS
[java::java.lang.RuntimeException.toString:()Ljava/lang/String;.null-pointer-exception.3] line 60 Null pointer check: SUCCESS
[java::java.lang.RuntimeException.toString:()Ljava/lang/String;.null-pointer-exception.4] line 60 Null pointer check: SUCCESS
[java::java.lang.RuntimeException.toString:()Ljava/lang/String;.null-pointer-exception.5] line 60 Null pointer check: SUCCESS

java/lang/Short.java function java::java.lang.Short.hashCode:()I
[java::java.lang.Short.hashCode:()I.null-pointer-exception.1] line 387 Null pointer check: SUCCESS

java/lang/Short.java function java::java.lang.Short.shortValue:()S
[java::java.lang.Short.shortValue:()S.null-pointer-exception.1] line 326 Null pointer check: SUCCESS

java/lang/Short.java function java::java.lang.Short.toString:()Ljava/lang/String;
[java::java.lang.Short.toString:()Ljava/lang/String;.null-pointer-exception.1] line 376 Null pointer check: SUCCESS

java/lang/String.java function java::java.lang.String.<init>:([BII)V
[java::java.lang.String.<init>:([BII)V.null-pointer-exception.1] line 743 Null pointer check: SUCCESS
[java::java.lang.String.<init>:([BII)V.null-pointer-exception.2] line 749 Null pointer check: SUCCESS
[java::java.lang.String.<init>:([BII)V.null-pointer-exception.3] line 750 Null pointer check: SUCCESS
[java::java.lang.String.<init>:([BII)V.null-pointer-exception.4] line 751 Null pointer check: SUCCESS
[java::java.lang.String.<init>:([BII)V.array-index-out-of-bounds-high.1] line 753 Array index should be < length: SUCCESS
[java::java.lang.String.<init>:([BII)V.array-index-out-of-bounds-high.2] line 753 Array index should be < length: SUCCESS
[java::java.lang.String.<init>:([BII)V.array-index-out-of-bounds-low.1] line 753 Array index should be >= 0: SUCCESS
[java::java.lang.String.<init>:([BII)V.array-index-out-of-bounds-low.2] line 753 Array index should be >= 0: SUCCESS
[java::java.lang.String.<init>:([BII)V.null-pointer-exception.5] line 753 Null pointer check: SUCCESS
[java::java.lang.String.<init>:([BII)V.null-pointer-exception.6] line 753 Null pointer check: SUCCESS

java/lang/String.java function java::java.lang.String.<init>:([C)V
[java::java.lang.String.<init>:([C)V.null-pointer-exception.1] line 205 Null pointer check: SUCCESS

java/lang/String.java function java::java.lang.String.CProverStringOfCharArray:([C)Ljava/lang/String;
[java::java.lang.String.CProverStringOfCharArray:([C)Ljava/lang/String;.null-pointer-exception.1] line 183 Null pointer check: SUCCESS
[java::java.lang.String.CProverStringOfCharArray:([C)Ljava/lang/String;.null-pointer-exception.2] line 183 Null pointer check: SUCCESS
[java::java.lang.String.CProverStringOfCharArray:([C)Ljava/lang/String;.null-pointer-exception.3] line 185 Null pointer check: SUCCESS

java/lang/String.java function java::java.lang.String.charAt:(I)C
[java::java.lang.String.charAt:(I)C.null-pointer-exception.1] line 897 Null pointer check: SUCCESS
[java::java.lang.String.charAt:(I)C.null-pointer-exception.2] line 898 Null pointer check: SUCCESS
[java::java.lang.String.charAt:(I)C.null-pointer-exception.3] line 898 Null pointer check: SUCCESS

java/lang/String.java function java::java.lang.String.checkBounds:([BII)V
[java::java.lang.String.checkBounds:([BII)V.null-pointer-exception.1] line 497 Null pointer check: SUCCESS
[java::java.lang.String.checkBounds:([BII)V.null-pointer-exception.2] line 497 Null pointer check: SUCCESS
[java::java.lang.String.checkBounds:([BII)V.null-pointer-exception.3] line 499 Null pointer check: SUCCESS
[java::java.lang.String.checkBounds:([BII)V.null-pointer-exception.4] line 499 Null pointer check: SUCCESS
[java::java.lang.String.checkBounds:([BII)V.null-pointer-exception.5] line 500 Null pointer check: SUCCESS
[java::java.lang.String.checkBounds:([BII)V.null-pointer-exception.6] line 501 Null pointer check: SUCCESS
[java::java.lang.String.checkBounds:([BII)V.null-pointer-exception.7] line 501 Null pointer check: SUCCESS

java/lang/String.java function java::java.lang.String.cproverFormatArgument:(Ljava/lang/Object;)Ljava/lang/String;
[java::java.lang.String.cproverFormatArgument:(Ljava/lang/Object;)Ljava/lang/String;.bad-dynamic-cast.1] line 3953 Dynamic cast check: SUCCESS
[java::java.lang.String.cproverFormatArgument:(Ljava/lang/Object;)Ljava/lang/String;.bad-dynamic-cast.2] line 3959 Dynamic cast check: SUCCESS
[java::java.lang.String.cproverFormatArgument:(Ljava/lang/Object;)Ljava/lang/String;.null-pointer-exception.1] line 3959 Null pointer check: SUCCESS
[java::java.lang.String.cproverFormatArgument:(Ljava/lang/Object;)Ljava/lang/String;.bad-dynamic-cast.3] line 3961 Dynamic cast check: SUCCESS
[java::java.lang.String.cproverFormatArgument:(Ljava/lang/Object;)Ljava/lang/String;.null-pointer-exception.2] line 3961 Null pointer check: SUCCESS
[java::java.lang.String.cproverFormatArgument:(Ljava/lang/Object;)Ljava/lang/String;.bad-dynamic-cast.4] line 3963 Dynamic cast check: SUCCESS
[java::java.lang.String.cproverFormatArgument:(Ljava/lang/Object;)Ljava/lang/String;.null-pointer-exception.3] line 3963 Null pointer check: SUCCESS
[java::java.lang.String.cproverFormatArgument:(Ljava/lang/Object;)Ljava/lang/String;.bad-dynamic-cast.5] line 3965 Dynamic cast check: SUCCESS
[java::java.lang.String.cproverFormatArgument:(Ljava/lang/Object;)Ljava/lang/String;.null-pointer-exception.4] line 3965 Null pointer check: SUCCESS
[java::java.lang.String.cproverFormatArgument:(Ljava/lang/Object;)Ljava/lang/String;.bad-dynamic-cast.6] line 3967 Dynamic cast check: SUCCESS
[java::java.lang.String.cproverFormatArgument:(Ljava/lang/Object;)Ljava/lang/String;.null-pointer-exception.5] line 3967 Null pointer check: SUCCESS
[java::java.lang.String.cproverFormatArgument:(Ljava/lang/Object;)Ljava/lang/String;.bad-dynamic-cast.7] line 3970 Dynamic cast check: SUCCESS
[java::java.lang.String.cproverFormatArgument:(Ljava/lang/Object;)Ljava/lang/String;.null-pointer-exception.6] line 3970 Null pointer check: SUCCESS
[java::java.lang.String.cproverFormatArgument:(Ljava/lang/Object;)Ljava/lang/String;.bad-dynamic-cast.8] line 3973 Dynamic cast check: SUCCESS
[java::java.lang.String.cproverFormatArgument:(Ljava/lang/Object;)Ljava/lang/String;.null-pointer-exception.7] line 3973 Null pointer check: SUCCESS
[java::java.lang.String.cproverFormatArgument:(Ljava/lang/Object;)Ljava/lang/String;.bad-dynamic-cast.9] line 3976 Dynamic cast check: SUCCESS
[java::java.lang.String.cproverFormatArgument:(Ljava/lang/Object;)Ljava/lang/String;.null-pointer-exception.8] line 3976 Null pointer check: SUCCESS
[java::java.lang.String.cproverFormatArgument:(Ljava/lang/Object;)Ljava/lang/String;.null-pointer-exception.9] line 3982 Null pointer check: SUCCESS
[java::java.lang.String.cproverFormatArgument:(Ljava/lang/Object;)Ljava/lang/String;.null-pointer-exception.10] line 3983 Null pointer check: SUCCESS
[java::java.lang.String.cproverFormatArgument:(Ljava/lang/Object;)Ljava/lang/String;.null-pointer-exception.11] line 3984 Null pointer check: SUCCESS
[java::java.lang.String.cproverFormatArgument:(Ljava/lang/Object;)Ljava/lang/String;.null-pointer-exception.12] line 3985 Null pointer check: SUCCESS
[java::java.lang.String.cproverFormatArgument:(Ljava/lang/Object;)Ljava/lang/String;.null-pointer-exception.13] line 3986 Null pointer check: SUCCESS
[java::java.lang.String.cproverFormatArgument:(Ljava/lang/Object;)Ljava/lang/String;.null-pointer-exception.14] line 3987 Null pointer check: SUCCESS
[java::java.lang.String.cproverFormatArgument:(Ljava/lang/Object;)Ljava/lang/String;.null-pointer-exception.15] line 3997 Null pointer check: SUCCESS
[java::java.lang.String.cproverFormatArgument:(Ljava/lang/Object;)Ljava/lang/String;.null-pointer-exception.16] line 3998 Null pointer check: SUCCESS
[java::java.lang.String.cproverFormatArgument:(Ljava/lang/Object;)Ljava/lang/String;.null-pointer-exception.17] line 3999 Null pointer check: SUCCESS
[java::java.lang.String.cproverFormatArgument:(Ljava/lang/Object;)Ljava/lang/String;.null-pointer-exception.18] line 4000 Null pointer check: SUCCESS

java/lang/String.java function java::java.lang.String.cproverGetBytesEnforceAscii:()[B
[java::java.lang.String.cproverGetBytesEnforceAscii:()[B.null-pointer-exception.1] line 1325 Null pointer check: SUCCESS
[java::java.lang.String.cproverGetBytesEnforceAscii:()[B.array-create-negative-size.1] line 1326 Array size should be >= 0: SUCCESS
[java::java.lang.String.cproverGetBytesEnforceAscii:()[B.array-index-out-of-bounds-high.1] line 1331 Array index should be < length: SUCCESS
[java::java.lang.String.cproverGetBytesEnforceAscii:()[B.array-index-out-of-bounds-low.1] line 1331 Array index should be >= 0: SUCCESS
[java::java.lang.String.cproverGetBytesEnforceAscii:()[B.null-pointer-exception.2] line 1331 Null pointer check: SUCCESS

java/lang/String.java function java::java.lang.String.equals:(Ljava/lang/Object;)Z
[java::java.lang.String.equals:(Ljava/lang/Object;)Z.bad-dynamic-cast.1] line 1573 Dynamic cast check: SUCCESS

java/lang/String.java function java::java.lang.String.format:(Ljava/lang/String;[Ljava/lang/Object;)Ljava/lang/String;
[java::java.lang.String.format:(Ljava/lang/String;[Ljava/lang/Object;)Ljava/lang/String;.null-pointer-exception.1] line 4069 Null pointer check: SUCCESS
[java::java.lang.String.format:(Ljava/lang/String;[Ljava/lang/Object;)Ljava/lang/String;.array-index-out-of-bounds-high.1] line 4070 Array index should be < length: SUCCESS
[java::java.lang.String.format:(Ljava/lang/String;[Ljava/lang/Object;)Ljava/lang/String;.array-index-out-of-bounds-low.1] line 4070 Array index should be >= 0: SUCCESS
[java::java.lang.String.format:(Ljava/lang/String;[Ljava/lang/Object;)Ljava/lang/String;.null-pointer-exception.2] line 4070 Null pointer check: SUCCESS
[java::java.lang.String.format:(Ljava/lang/String;[Ljava/lang/Object;)Ljava/lang/String;.null-pointer-exception.3] line 4070 Null pointer check: SUCCESS
[java::java.lang.String.format:(Ljava/lang/String;[Ljava/lang/Object;)Ljava/lang/String;.array-index-out-of-bounds-high.2] line 4071 Array index should be < length: SUCCESS
[java::java.lang.String.format:(Ljava/lang/String;[Ljava/lang/Object;)Ljava/lang/String;.array-index-out-of-bounds-low.2] line 4071 Array index should be >= 0: SUCCESS
[java::java.lang.String.format:(Ljava/lang/String;[Ljava/lang/Object;)Ljava/lang/String;.null-pointer-exception.4] line 4071 Null pointer check: SUCCESS
[java::java.lang.String.format:(Ljava/lang/String;[Ljava/lang/Object;)Ljava/lang/String;.null-pointer-exception.5] line 4071 Null pointer check: SUCCESS
[java::java.lang.String.format:(Ljava/lang/String;[Ljava/lang/Object;)Ljava/lang/String;.array-index-out-of-bounds-high.3] line 4072 Array index should be < length: SUCCESS
[java::java.lang.String.format:(Ljava/lang/String;[Ljava/lang/Object;)Ljava/lang/String;.array-index-out-of-bounds-low.3] line 4072 Array index should be >= 0: SUCCESS
[java::java.lang.String.format:(Ljava/lang/String;[Ljava/lang/Object;)Ljava/lang/String;.null-pointer-exception.6] line 4072 Null pointer check: SUCCESS
[java::java.lang.String.format:(Ljava/lang/String;[Ljava/lang/Object;)Ljava/lang/String;.null-pointer-exception.7] line 4072 Null pointer check: SUCCESS
[java::java.lang.String.format:(Ljava/lang/String;[Ljava/lang/Object;)Ljava/lang/String;.array-index-out-of-bounds-high.4] line 4073 Array index should be < length: SUCCESS
[java::java.lang.String.format:(Ljava/lang/String;[Ljava/lang/Object;)Ljava/lang/String;.array-index-out-of-bounds-low.4] line 4073 Array index should be >= 0: SUCCESS
[java::java.lang.String.format:(Ljava/lang/String;[Ljava/lang/Object;)Ljava/lang/String;.null-pointer-exception.8] line 4073 Null pointer check: SUCCESS
[java::java.lang.String.format:(Ljava/lang/String;[Ljava/lang/Object;)Ljava/lang/String;.null-pointer-exception.9] line 4073 Null pointer check: SUCCESS
[java::java.lang.String.format:(Ljava/lang/String;[Ljava/lang/Object;)Ljava/lang/String;.array-index-out-of-bounds-high.5] line 4074 Array index should be < length: SUCCESS
[java::java.lang.String.format:(Ljava/lang/String;[Ljava/lang/Object;)Ljava/lang/String;.array-index-out-of-bounds-low.5] line 4074 Array index should be >= 0: SUCCESS
[java::java.lang.String.format:(Ljava/lang/String;[Ljava/lang/Object;)Ljava/lang/String;.null-pointer-exception.10] line 4074 Null pointer check: SUCCESS
[java::java.lang.String.format:(Ljava/lang/String;[Ljava/lang/Object;)Ljava/lang/String;.null-pointer-exception.11] line 4074 Null pointer check: SUCCESS
[java::java.lang.String.format:(Ljava/lang/String;[Ljava/lang/Object;)Ljava/lang/String;.array-index-out-of-bounds-high.6] line 4075 Array index should be < length: SUCCESS
[java::java.lang.String.format:(Ljava/lang/String;[Ljava/lang/Object;)Ljava/lang/String;.array-index-out-of-bounds-low.6] line 4075 Array index should be >= 0: SUCCESS
[java::java.lang.String.format:(Ljava/lang/String;[Ljava/lang/Object;)Ljava/lang/String;.null-pointer-exception.12] line 4075 Null pointer check: SUCCESS
[java::java.lang.String.format:(Ljava/lang/String;[Ljava/lang/Object;)Ljava/lang/String;.null-pointer-exception.13] line 4075 Null pointer check: SUCCESS
[java::java.lang.String.format:(Ljava/lang/String;[Ljava/lang/Object;)Ljava/lang/String;.array-index-out-of-bounds-high.7] line 4076 Array index should be < length: SUCCESS
[java::java.lang.String.format:(Ljava/lang/String;[Ljava/lang/Object;)Ljava/lang/String;.array-index-out-of-bounds-low.7] line 4076 Array index should be >= 0: SUCCESS
[java::java.lang.String.format:(Ljava/lang/String;[Ljava/lang/Object;)Ljava/lang/String;.null-pointer-exception.14] line 4076 Null pointer check: SUCCESS
[java::java.lang.String.format:(Ljava/lang/String;[Ljava/lang/Object;)Ljava/lang/String;.null-pointer-exception.15] line 4076 Null pointer check: SUCCESS
[java::java.lang.String.format:(Ljava/lang/String;[Ljava/lang/Object;)Ljava/lang/String;.array-index-out-of-bounds-high.8] line 4077 Array index should be < length: SUCCESS
[java::java.lang.String.format:(Ljava/lang/String;[Ljava/lang/Object;)Ljava/lang/String;.array-index-out-of-bounds-low.8] line 4077 Array index should be >= 0: SUCCESS
[java::java.lang.String.format:(Ljava/lang/String;[Ljava/lang/Object;)Ljava/lang/String;.null-pointer-exception.16] line 4077 Null pointer check: SUCCESS
[java::java.lang.String.format:(Ljava/lang/String;[Ljava/lang/Object;)Ljava/lang/String;.null-pointer-exception.17] line 4077 Null pointer check: SUCCESS
[java::java.lang.String.format:(Ljava/lang/String;[Ljava/lang/Object;)Ljava/lang/String;.array-index-out-of-bounds-high.9] line 4078 Array index should be < length: SUCCESS
[java::java.lang.String.format:(Ljava/lang/String;[Ljava/lang/Object;)Ljava/lang/String;.array-index-out-of-bounds-low.9] line 4078 Array index should be >= 0: SUCCESS
[java::java.lang.String.format:(Ljava/lang/String;[Ljava/lang/Object;)Ljava/lang/String;.null-pointer-exception.18] line 4078 Null pointer check: SUCCESS
[java::java.lang.String.format:(Ljava/lang/String;[Ljava/lang/Object;)Ljava/lang/String;.null-pointer-exception.19] line 4078 Null pointer check: SUCCESS
[java::java.lang.String.format:(Ljava/lang/String;[Ljava/lang/Object;)Ljava/lang/String;.array-index-out-of-bounds-high.10] line 4079 Array index should be < length: SUCCESS
[java::java.lang.String.format:(Ljava/lang/String;[Ljava/lang/Object;)Ljava/lang/String;.array-index-out-of-bounds-low.10] line 4079 Array index should be >= 0: SUCCESS
[java::java.lang.String.format:(Ljava/lang/String;[Ljava/lang/Object;)Ljava/lang/String;.null-pointer-exception.20] line 4079 Null pointer check: SUCCESS
[java::java.lang.String.format:(Ljava/lang/String;[Ljava/lang/Object;)Ljava/lang/String;.null-pointer-exception.21] line 4079 Null pointer check: SUCCESS

java/lang/String.java function java::java.lang.String.hashCode:()I
[java::java.lang.String.hashCode:()I.null-pointer-exception.1] line 2114 Null pointer check: SUCCESS

java/lang/StringBuilder.java function java::java.lang.StringBuilder.append:(I)Ljava/lang/StringBuilder;
[java::java.lang.StringBuilder.append:(I)Ljava/lang/StringBuilder;.null-pointer-exception.1] line 295 Null pointer check: SUCCESS

java/lang/StringBuilder.java function java::java.lang.StringBuilder.append:(Ljava/lang/Object;)Ljava/lang/StringBuilder;
[java::java.lang.StringBuilder.append:(Ljava/lang/Object;)Ljava/lang/StringBuilder;.null-pointer-exception.1] line 165 Null pointer check: SUCCESS
[java::java.lang.StringBuilder.append:(Ljava/lang/Object;)Ljava/lang/StringBuilder;.null-pointer-exception.2] line 166 Null pointer check: SUCCESS

java/lang/StringIndexOutOfBoundsException.java function java::java.lang.StringIndexOutOfBoundsException.<init>:(I)V
[java::java.lang.StringIndexOutOfBoundsException.<init>:(I)V.null-pointer-exception.1] line 41 Null pointer check: SUCCESS
[java::java.lang.StringIndexOutOfBoundsException.<init>:(I)V.null-pointer-exception.2] line 41 Null pointer check: SUCCESS
[java::java.lang.StringIndexOutOfBoundsException.<init>:(I)V.null-pointer-exception.3] line 41 Null pointer check: SUCCESS
[java::java.lang.StringIndexOutOfBoundsException.<init>:(I)V.null-pointer-exception.4] line 41 Null pointer check: SUCCESS
[java::java.lang.StringIndexOutOfBoundsException.<init>:(I)V.null-pointer-exception.5] line 41 Null pointer check: SUCCESS

java/lang/StringIndexOutOfBoundsException.java function java::java.lang.StringIndexOutOfBoundsException.toString:()Ljava/lang/String;
[java::java.lang.StringIndexOutOfBoundsException.toString:()Ljava/lang/String;.null-pointer-exception.1] line 50 Null pointer check: SUCCESS
[java::java.lang.StringIndexOutOfBoundsException.toString:()Ljava/lang/String;.null-pointer-exception.2] line 51 Null pointer check: SUCCESS
[java::java.lang.StringIndexOutOfBoundsException.toString:()Ljava/lang/String;.null-pointer-exception.3] line 51 Null pointer check: SUCCESS
[java::java.lang.StringIndexOutOfBoundsException.toString:()Ljava/lang/String;.null-pointer-exception.4] line 51 Null pointer check: SUCCESS
[java::java.lang.StringIndexOutOfBoundsException.toString:()Ljava/lang/String;.null-pointer-exception.5] line 51 Null pointer check: SUCCESS

java/lang/System.java function java::java.lang.System.<clinit>:()V
[java::java.lang.System.<clinit>:()V.null-pointer-exception.1] line 23 Null pointer check: SUCCESS

java/lang/System.java function java::java.lang.System.arraycopy:(Ljava/lang/Object;ILjava/lang/Object;II)V
[java::java.lang.System.arraycopy:(Ljava/lang/Object;ILjava/lang/Object;II)V.null-pointer-exception.1] line 28 Null pointer check: SUCCESS
[java::java.lang.System.arraycopy:(Ljava/lang/Object;ILjava/lang/Object;II)V.null-pointer-exception.2] line 28 Null pointer check: SUCCESS
[java::java.lang.System.arraycopy:(Ljava/lang/Object;ILjava/lang/Object;II)V.assertion.1] line 32 assertion at file java/lang/System.java line 32 function java::java.lang.System.arraycopy:(Ljava/lang/Object;ILjava/lang/Object;II)V bytecode-index 20: SUCCESS
[java::java.lang.System.arraycopy:(Ljava/lang/Object;ILjava/lang/Object;II)V.null-pointer-exception.3] line 32 Null pointer check: SUCCESS
[java::java.lang.System.arraycopy:(Ljava/lang/Object;ILjava/lang/Object;II)V.null-pointer-exception.4] line 35 Null pointer check: SUCCESS
[java::java.lang.System.arraycopy:(Ljava/lang/Object;ILjava/lang/Object;II)V.null-pointer-exception.5] line 35 Null pointer check: SUCCESS
[java::java.lang.System.arraycopy:(Ljava/lang/Object;ILjava/lang/Object;II)V.null-pointer-exception.6] line 38 Null pointer check: SUCCESS
[java::java.lang.System.arraycopy:(Ljava/lang/Object;ILjava/lang/Object;II)V.null-pointer-exception.7] line 38 Null pointer check: SUCCESS
[java::java.lang.System.arraycopy:(Ljava/lang/Object;ILjava/lang/Object;II)V.bad-dynamic-cast.1] line 40 Dynamic cast check: SUCCESS
[java::java.lang.System.arraycopy:(Ljava/lang/Object;ILjava/lang/Object;II)V.bad-dynamic-cast.2] line 41 Dynamic cast check: SUCCESS
[java::java.lang.System.arraycopy:(Ljava/lang/Object;ILjava/lang/Object;II)V.null-pointer-exception.8] line 42 Null pointer check: SUCCESS
[java::java.lang.System.arraycopy:(Ljava/lang/Object;ILjava/lang/Object;II)V.null-pointer-exception.9] line 42 Null pointer check: SUCCESS
[java::java.lang.System.arraycopy:(Ljava/lang/Object;ILjava/lang/Object;II)V.null-pointer-exception.10] line 44 Null pointer check: SUCCESS
[java::java.lang.System.arraycopy:(Ljava/lang/Object;ILjava/lang/Object;II)V.null-pointer-exception.11] line 44 Null pointer check: SUCCESS
[java::java.lang.System.arraycopy:(Ljava/lang/Object;ILjava/lang/Object;II)V.array-index-out-of-bounds-high.1] line 48 Array index should be < length: SUCCESS
[java::java.lang.System.arraycopy:(Ljava/lang/Object;ILjava/lang/Object;II)V.array-index-out-of-bounds-high.2] line 48 Array index should be < length: SUCCESS
[java::java.lang.System.arraycopy:(Ljava/lang/Object;ILjava/lang/Object;II)V.array-index-out-of-bounds-low.1] line 48 Array index should be >= 0: SUCCESS
[java::java.lang.System.arraycopy:(Ljava/lang/Object;ILjava/lang/Object;II)V.array-index-out-of-bounds-low.2] line 48 Array index should be >= 0: SUCCESS
[java::java.lang.System.arraycopy:(Ljava/lang/Object;ILjava/lang/Object;II)V.null-pointer-exception.12] line 48 Null pointer check: SUCCESS
[java::java.lang.System.arraycopy:(Ljava/lang/Object;ILjava/lang/Object;II)V.null-pointer-exception.13] line 48 Null pointer check: SUCCESS
[java::java.lang.System.arraycopy:(Ljava/lang/Object;ILjava/lang/Object;II)V.array-index-out-of-bounds-high.3] line 52 Array index should be < length: SUCCESS
[java::java.lang.System.arraycopy:(Ljava/lang/Object;ILjava/lang/Object;II)V.array-index-out-of-bounds-high.4] line 52 Array index should be < length: SUCCESS
[java::java.lang.System.arraycopy:(Ljava/lang/Object;ILjava/lang/Object;II)V.array-index-out-of-bounds-low.3] line 52 Array index should be >= 0: SUCCESS
[java::java.lang.System.arraycopy:(Ljava/lang/Object;ILjava/lang/Object;II)V.array-index-out-of-bounds-low.4] line 52 Array index should be >= 0: SUCCESS
[java::java.lang.System.arraycopy:(Ljava/lang/Object;ILjava/lang/Object;II)V.null-pointer-exception.14] line 52 Null pointer check: SUCCESS
[java::java.lang.System.arraycopy:(Ljava/lang/Object;ILjava/lang/Object;II)V.null-pointer-exception.15] line 52 Null pointer check: SUCCESS

java/lang/System.java function java::java.lang.System.exit:(I)V
[java::java.lang.System.exit:(I)V.assertion.1] line 58 assertion at file java/lang/System.java line 58 function java::java.lang.System.exit:(I)V bytecode-index 6: SUCCESS
[java::java.lang.System.exit:(I)V.null-pointer-exception.1] line 58 Null pointer check: SUCCESS

java/lang/Throwable.java function java::java.lang.Throwable.<init>:()V
[java::java.lang.Throwable.<init>:()V.null-pointer-exception.2] line 201 Null pointer check: SUCCESS
[java::java.lang.Throwable.<init>:()V.null-pointer-exception.1] line 264 Null pointer check: SUCCESS
[java::java.lang.Throwable.<init>:()V.null-pointer-exception.3] line 266 Null pointer check: SUCCESS

java/lang/Throwable.java function java::java.lang.Throwable.<init>:(Ljava/lang/String;)V
[java::java.lang.Throwable.<init>:(Ljava/lang/String;)V.null-pointer-exception.2] line 201 Null pointer check: SUCCESS
[java::java.lang.Throwable.<init>:(Ljava/lang/String;)V.null-pointer-exception.1] line 280 Null pointer check: SUCCESS
[java::java.lang.Throwable.<init>:(Ljava/lang/String;)V.null-pointer-exception.3] line 282 Null pointer check: SUCCESS

java/lang/Throwable.java function java::java.lang.Throwable.<init>:(Ljava/lang/String;Ljava/lang/Throwable;)V
[java::java.lang.Throwable.<init>:(Ljava/lang/String;Ljava/lang/Throwable;)V.null-pointer-exception.2] line 201 Null pointer check: SUCCESS
[java::java.lang.Throwable.<init>:(Ljava/lang/String;Ljava/lang/Throwable;)V.null-pointer-exception.1] line 302 Null pointer check: SUCCESS
[java::java.lang.Throwable.<init>:(Ljava/lang/String;Ljava/lang/Throwable;)V.null-pointer-exception.3] line 304 Null pointer check: SUCCESS
[java::java.lang.Throwable.<init>:(Ljava/lang/String;Ljava/lang/Throwable;)V.null-pointer-exception.4] line 305 Null pointer check: SUCCESS

java/lang/Throwable.java function java::java.lang.Throwable.getLocalizedMessage:()Ljava/lang/String;
[java::java.lang.Throwable.getLocalizedMessage:()Ljava/lang/String;.null-pointer-exception.1] line 410 Null pointer check: SUCCESS

java/lang/Throwable.java function java::java.lang.Throwable.getMessage:()Ljava/lang/String;
[java::java.lang.Throwable.getMessage:()Ljava/lang/String;.null-pointer-exception.1] line 396 Null pointer check: SUCCESS

java/lang/Throwable.java function java::java.lang.Throwable.initCause:(Ljava/lang/Throwable;)Ljava/lang/Throwable;
[java::java.lang.Throwable.initCause:(Ljava/lang/Throwable;)Ljava/lang/Throwable;.null-pointer-exception.1] line 474 Null pointer check: SUCCESS
[java::java.lang.Throwable.initCause:(Ljava/lang/Throwable;)Ljava/lang/Throwable;.null-pointer-exception.2] line 475 Null pointer check: SUCCESS
[java::java.lang.Throwable.initCause:(Ljava/lang/Throwable;)Ljava/lang/Throwable;.null-pointer-exception.3] line 475 Null pointer check: SUCCESS
[java::java.lang.Throwable.initCause:(Ljava/lang/Throwable;)Ljava/lang/Throwable;.null-pointer-exception.4] line 476 Null pointer check: SUCCESS
[java::java.lang.Throwable.initCause:(Ljava/lang/Throwable;)Ljava/lang/Throwable;.null-pointer-exception.5] line 476 Null pointer check: SUCCESS
[java::java.lang.Throwable.initCause:(Ljava/lang/Throwable;)Ljava/lang/Throwable;.null-pointer-exception.6] line 476 Null pointer check: SUCCESS
[java::java.lang.Throwable.initCause:(Ljava/lang/Throwable;)Ljava/lang/Throwable;.null-pointer-exception.7] line 476 Null pointer check: SUCCESS
[java::java.lang.Throwable.initCause:(Ljava/lang/Throwable;)Ljava/lang/Throwable;.null-pointer-exception.8] line 478 Null pointer check: SUCCESS
[java::java.lang.Throwable.initCause:(Ljava/lang/Throwable;)Ljava/lang/Throwable;.null-pointer-exception.9] line 478 Null pointer check: SUCCESS
[java::java.lang.Throwable.initCause:(Ljava/lang/Throwable;)Ljava/lang/Throwable;.null-pointer-exception.10] line 479 Null pointer check: SUCCESS

java/lang/Throwable.java function java::java.lang.Throwable.toString:()Ljava/lang/String;
[java::java.lang.Throwable.toString:()Ljava/lang/String;.null-pointer-exception.1] line 501 Null pointer check: SUCCESS
[java::java.lang.Throwable.toString:()Ljava/lang/String;.null-pointer-exception.2] line 502 Null pointer check: SUCCESS
[java::java.lang.Throwable.toString:()Ljava/lang/String;.null-pointer-exception.3] line 502 Null pointer check: SUCCESS
[java::java.lang.Throwable.toString:()Ljava/lang/String;.null-pointer-exception.4] line 502 Null pointer check: SUCCESS
[java::java.lang.Throwable.toString:()Ljava/lang/String;.null-pointer-exception.5] line 502 Null pointer check: SUCCESS

java/lang/VirtualMachineError.java function java::java.lang.VirtualMachineError.<init>:(Ljava/lang/String;)V
[java::java.lang.VirtualMachineError.<init>:(Ljava/lang/String;)V.null-pointer-exception.1] line 53 Null pointer check: SUCCESS

java/lang/VirtualMachineError.java function java::java.lang.VirtualMachineError.toString:()Ljava/lang/String;
[java::java.lang.VirtualMachineError.toString:()Ljava/lang/String;.null-pointer-exception.1] line 96 Null pointer check: SUCCESS
[java::java.lang.VirtualMachineError.toString:()Ljava/lang/String;.null-pointer-exception.2] line 97 Null pointer check: SUCCESS
[java::java.lang.VirtualMachineError.toString:()Ljava/lang/String;.null-pointer-exception.3] line 97 Null pointer check: SUCCESS
[java::java.lang.VirtualMachineError.toString:()Ljava/lang/String;.null-pointer-exception.4] line 97 Null pointer check: SUCCESS
[java::java.lang.VirtualMachineError.toString:()Ljava/lang/String;.null-pointer-exception.5] line 97 Null pointer check: SUCCESS

java/nio/BufferOverflowException.java function java::java.nio.BufferOverflowException.<init>:()V
[java::java.nio.BufferOverflowException.<init>:()V.null-pointer-exception.1] line 50 Null pointer check: SUCCESS

java/nio/BufferUnderflowException.java function java::java.nio.BufferUnderflowException.<init>:()V
[java::java.nio.BufferUnderflowException.<init>:()V.null-pointer-exception.1] line 50 Null pointer check: SUCCESS

java/nio/ByteBuffer.java function java::java.nio.ByteBuffer.<init>:([B)V
[java::java.nio.ByteBuffer.<init>:([B)V.null-pointer-exception.1] line 27 Null pointer check: SUCCESS
[java::java.nio.ByteBuffer.<init>:([B)V.null-pointer-exception.2] line 28 Null pointer check: SUCCESS
[java::java.nio.ByteBuffer.<init>:([B)V.null-pointer-exception.3] line 29 Null pointer check: SUCCESS
[java::java.nio.ByteBuffer.<init>:([B)V.null-pointer-exception.4] line 30 Null pointer check: SUCCESS
[java::java.nio.ByteBuffer.<init>:([B)V.null-pointer-exception.5] line 30 Null pointer check: SUCCESS

java/nio/ByteBuffer.java function java::java.nio.ByteBuffer.allocate:(I)Ljava/nio/ByteBuffer;
[java::java.nio.ByteBuffer.allocate:(I)Ljava/nio/ByteBuffer;.null-pointer-exception.1] line 35 Null pointer check: SUCCESS
[java::java.nio.ByteBuffer.allocate:(I)Ljava/nio/ByteBuffer;.null-pointer-exception.2] line 35 Null pointer check: SUCCESS
[java::java.nio.ByteBuffer.allocate:(I)Ljava/nio/ByteBuffer;.array-create-negative-size.1] line 37 Array size should be >= 0: SUCCESS
[java::java.nio.ByteBuffer.allocate:(I)Ljava/nio/ByteBuffer;.null-pointer-exception.3] line 37 Null pointer check: SUCCESS

java/nio/ByteBuffer.java function java::java.nio.ByteBuffer.array:()[B
[java::java.nio.ByteBuffer.array:()[B.null-pointer-exception.1] line 120 Null pointer check: SUCCESS

java/nio/ByteBuffer.java function java::java.nio.ByteBuffer.get:()B
[java::java.nio.ByteBuffer.get:()B.null-pointer-exception.1] line 48 Null pointer check: SUCCESS
[java::java.nio.ByteBuffer.get:()B.null-pointer-exception.2] line 48 Null pointer check: SUCCESS
[java::java.nio.ByteBuffer.get:()B.null-pointer-exception.3] line 49 Null pointer check: SUCCESS
[java::java.nio.ByteBuffer.get:()B.null-pointer-exception.4] line 49 Null pointer check: SUCCESS
[java::java.nio.ByteBuffer.get:()B.array-index-out-of-bounds-high.1] line 51 Array index should be < length: SUCCESS
[java::java.nio.ByteBuffer.get:()B.array-index-out-of-bounds-low.1] line 51 Array index should be >= 0: SUCCESS
[java::java.nio.ByteBuffer.get:()B.null-pointer-exception.5] line 51 Null pointer check: SUCCESS
[java::java.nio.ByteBuffer.get:()B.null-pointer-exception.6] line 51 Null pointer check: SUCCESS
[java::java.nio.ByteBuffer.get:()B.null-pointer-exception.7] line 51 Null pointer check: SUCCESS
[java::java.nio.ByteBuffer.get:()B.null-pointer-exception.8] line 51 Null pointer check: SUCCESS
[java::java.nio.ByteBuffer.get:()B.null-pointer-exception.9] line 51 Null pointer check: SUCCESS

java/nio/ByteBuffer.java function java::java.nio.ByteBuffer.get:(I)B
[java::java.nio.ByteBuffer.get:(I)B.null-pointer-exception.1] line 55 Null pointer check: SUCCESS
[java::java.nio.ByteBuffer.get:(I)B.null-pointer-exception.2] line 56 Null pointer check: SUCCESS
[java::java.nio.ByteBuffer.get:(I)B.null-pointer-exception.3] line 56 Null pointer check: SUCCESS
[java::java.nio.ByteBuffer.get:(I)B.array-index-out-of-bounds-high.1] line 58 Array index should be < length: SUCCESS
[java::java.nio.ByteBuffer.get:(I)B.array-index-out-of-bounds-low.1] line 58 Array index should be >= 0: SUCCESS
[java::java.nio.ByteBuffer.get:(I)B.null-pointer-exception.4] line 58 Null pointer check: SUCCESS
[java::java.nio.ByteBuffer.get:(I)B.null-pointer-exception.5] line 58 Null pointer check: SUCCESS

java/nio/ByteBuffer.java function java::java.nio.ByteBuffer.get:([B)Ljava/nio/ByteBuffer;
[java::java.nio.ByteBuffer.get:([B)Ljava/nio/ByteBuffer;.null-pointer-exception.1] line 62 Null pointer check: SUCCESS
[java::java.nio.ByteBuffer.get:([B)Ljava/nio/ByteBuffer;.null-pointer-exception.2] line 66 Null pointer check: SUCCESS
[java::java.nio.ByteBuffer.get:([B)Ljava/nio/ByteBuffer;.null-pointer-exception.3] line 66 Null pointer check: SUCCESS
[java::java.nio.ByteBuffer.get:([B)Ljava/nio/ByteBuffer;.null-pointer-exception.4] line 67 Null pointer check: SUCCESS
[java::java.nio.ByteBuffer.get:([B)Ljava/nio/ByteBuffer;.null-pointer-exception.5] line 67 Null pointer check: SUCCESS
[java::java.nio.ByteBuffer.get:([B)Ljava/nio/ByteBuffer;.array-index-out-of-bounds-high.1] line 70 Array index should be < length: SUCCESS
[java::java.nio.ByteBuffer.get:([B)Ljava/nio/ByteBuffer;.array-index-out-of-bounds-high.2] line 70 Array index should be < length: SUCCESS
[java::java.nio.ByteBuffer.get:([B)Ljava/nio/ByteBuffer;.array-index-out-of-bounds-low.1] line 70 Array index should be >= 0: SUCCESS
[java::java.nio.ByteBuffer.get:([B)Ljava/nio/ByteBuffer;.array-index-out-of-bounds-low.2] line 70 Array index should be >= 0: SUCCESS
[java::java.nio.ByteBuffer.get:([B)Ljava/nio/ByteBuffer;.null-pointer-exception.6] line 70 Null pointer check: SUCCESS
[java::java.nio.ByteBuffer.get:([B)Ljava/nio/ByteBuffer;.null-pointer-exception.7] line 70 Null pointer check: SUCCESS
[java::java.nio.ByteBuffer.get:([B)Ljava/nio/ByteBuffer;.null-pointer-exception.8] line 70 Null pointer check: SUCCESS
[java::java.nio.ByteBuffer.get:([B)Ljava/nio/ByteBuffer;.null-pointer-exception.9] line 70 Null pointer check: SUCCESS
[java::java.nio.ByteBuffer.get:([B)Ljava/nio/ByteBuffer;.null-pointer-exception.10] line 72 Null pointer check: SUCCESS
[java::java.nio.ByteBuffer.get:([B)Ljava/nio/ByteBuffer;.null-pointer-exception.11] line 72 Null pointer check: SUCCESS

java/nio/ByteBuffer.java function java::java.nio.ByteBuffer.hasRemaining:()Z
[java::java.nio.ByteBuffer.hasRemaining:()Z.null-pointer-exception.1] line 116 Null pointer check: SUCCESS
[java::java.nio.ByteBuffer.hasRemaining:()Z.null-pointer-exception.2] line 116 Null pointer check: SUCCESS

java/nio/ByteBuffer.java function java::java.nio.ByteBuffer.position:()I
[java::java.nio.ByteBuffer.position:()I.null-pointer-exception.1] line 107 Null pointer check: SUCCESS

java/nio/ByteBuffer.java function java::java.nio.ByteBuffer.put:(B)Ljava/nio/ByteBuffer;
[java::java.nio.ByteBuffer.put:(B)Ljava/nio/ByteBuffer;.null-pointer-exception.1] line 77 Null pointer check: SUCCESS
[java::java.nio.ByteBuffer.put:(B)Ljava/nio/ByteBuffer;.null-pointer-exception.2] line 77 Null pointer check: SUCCESS
[java::java.nio.ByteBuffer.put:(B)Ljava/nio/ByteBuffer;.null-pointer-exception.3] line 78 Null pointer check: SUCCESS
[java::java.nio.ByteBuffer.put:(B)Ljava/nio/ByteBuffer;.null-pointer-exception.4] line 78 Null pointer check: SUCCESS
[java::java.nio.ByteBuffer.put:(B)Ljava/nio/ByteBuffer;.array-index-out-of-bounds-high.1] line 80 Array index should be < length: SUCCESS
[java::java.nio.ByteBuffer.put:(B)Ljava/nio/ByteBuffer;.array-index-out-of-bounds-low.1] line 80 Array index should be >= 0: SUCCESS
[java::java.nio.ByteBuffer.put:(B)Ljava/nio/ByteBuffer;.null-pointer-exception.5] line 80 Null pointer check: SUCCESS
[java::java.nio.ByteBuffer.put:(B)Ljava/nio/ByteBuffer;.null-pointer-exception.6] line 80 Null pointer check: SUCCESS
[java::java.nio.ByteBuffer.put:(B)Ljava/nio/ByteBuffer;.null-pointer-exception.7] line 80 Null pointer check: SUCCESS
[java::java.nio.ByteBuffer.put:(B)Ljava/nio/ByteBuffer;.null-pointer-exception.8] line 80 Null pointer check: SUCCESS
[java::java.nio.ByteBuffer.put:(B)Ljava/nio/ByteBuffer;.null-pointer-exception.9] line 80 Null pointer check: SUCCESS

java/nio/ByteBuffer.java function java::java.nio.ByteBuffer.put:([B)Ljava/nio/ByteBuffer;
[java::java.nio.ByteBuffer.put:([B)Ljava/nio/ByteBuffer;.null-pointer-exception.1] line 85 Null pointer check: SUCCESS
[java::java.nio.ByteBuffer.put:([B)Ljava/nio/ByteBuffer;.null-pointer-exception.2] line 86 Null pointer check: SUCCESS
[java::java.nio.ByteBuffer.put:([B)Ljava/nio/ByteBuffer;.null-pointer-exception.3] line 86 Null pointer check: SUCCESS
[java::java.nio.ByteBuffer.put:([B)Ljava/nio/ByteBuffer;.null-pointer-exception.4] line 87 Null pointer check: SUCCESS
[java::java.nio.ByteBuffer.put:([B)Ljava/nio/ByteBuffer;.null-pointer-exception.5] line 87 Null pointer check: SUCCESS
[java::java.nio.ByteBuffer.put:([B)Ljava/nio/ByteBuffer;.array-index-out-of-bounds-high.1] line 90 Array index should be < length: SUCCESS
[java::java.nio.ByteBuffer.put:([B)Ljava/nio/ByteBuffer;.array-index-out-of-bounds-high.2] line 90 Array index should be < length: SUCCESS
[java::java.nio.ByteBuffer.put:([B)Ljava/nio/ByteBuffer;.array-index-out-of-bounds-low.1] line 90 Array index should be >= 0: SUCCESS
[java::java.nio.ByteBuffer.put:([B)Ljava/nio/ByteBuffer;.array-index-out-of-bounds-low.2] line 90 Array index should be >= 0: SUCCESS
[java::java.nio.ByteBuffer.put:([B)Ljava/nio/ByteBuffer;.null-pointer-exception.6] line 90 Null pointer check: SUCCESS
[java::java.nio.ByteBuffer.put:([B)Ljava/nio/ByteBuffer;.null-pointer-exception.7] line 90 Null pointer check: SUCCESS
[java::java.nio.ByteBuffer.put:([B)Ljava/nio/ByteBuffer;.null-pointer-exception.8] line 90 Null pointer check: SUCCESS
[java::java.nio.ByteBuffer.put:([B)Ljava/nio/ByteBuffer;.null-pointer-exception.9] line 90 Null pointer check: SUCCESS
[java::java.nio.ByteBuffer.put:([B)Ljava/nio/ByteBuffer;.null-pointer-exception.10] line 92 Null pointer check: SUCCESS
[java::java.nio.ByteBuffer.put:([B)Ljava/nio/ByteBuffer;.null-pointer-exception.11] line 92 Null pointer check: SUCCESS

java/nio/ByteBuffer.java function java::java.nio.ByteBuffer.remaining:()I
[java::java.nio.ByteBuffer.remaining:()I.null-pointer-exception.1] line 111 Null pointer check: SUCCESS
[java::java.nio.ByteBuffer.remaining:()I.null-pointer-exception.2] line 111 Null pointer check: SUCCESS

java/nio/ByteBuffer.java function java::java.nio.ByteBuffer.wrap:([B)Ljava/nio/ByteBuffer;
[java::java.nio.ByteBuffer.wrap:([B)Ljava/nio/ByteBuffer;.null-pointer-exception.1] line 42 Null pointer check: SUCCESS
[java::java.nio.ByteBuffer.wrap:([B)Ljava/nio/ByteBuffer;.null-pointer-exception.2] line 42 Null pointer check: SUCCESS
[java::java.nio.ByteBuffer.wrap:([B)Ljava/nio/ByteBuffer;.null-pointer-exception.3] line 44 Null pointer check: SUCCESS

java/util/Arrays.java function java::java.util.Arrays.<clinit>:()V
[java::java.util.Arrays.<clinit>:()V.null-pointer-exception.1] line 75 Null pointer check: SUCCESS

java/util/Arrays.java function java::java.util.Arrays.copyOf:([BI)[B
[java::java.util.Arrays.copyOf:([BI)[B.array-create-negative-size.1] line 3537 Array size should be >= 0: SUCCESS
[java::java.util.Arrays.copyOf:([BI)[B.null-pointer-exception.1] line 3539 Null pointer check: SUCCESS

java/util/Arrays.java function java::java.util.Arrays.copyOfRange:([BII)[B
[java::java.util.Arrays.copyOfRange:([BII)[B.null-pointer-exception.1] line 3821 Null pointer check: SUCCESS
[java::java.util.Arrays.copyOfRange:([BII)[B.null-pointer-exception.2] line 3821 Null pointer check: SUCCESS
[java::java.util.Arrays.copyOfRange:([BII)[B.null-pointer-exception.3] line 3821 Null pointer check: SUCCESS
[java::java.util.Arrays.copyOfRange:([BII)[B.null-pointer-exception.4] line 3821 Null pointer check: SUCCESS
[java::java.util.Arrays.copyOfRange:([BII)[B.null-pointer-exception.5] line 3821 Null pointer check: SUCCESS
[java::java.util.Arrays.copyOfRange:([BII)[B.null-pointer-exception.6] line 3821 Null pointer check: SUCCESS
[java::java.util.Arrays.copyOfRange:([BII)[B.null-pointer-exception.7] line 3821 Null pointer check: SUCCESS
[java::java.util.Arrays.copyOfRange:([BII)[B.array-create-negative-size.1] line 3822 Array size should be >= 0: SUCCESS
[java::java.util.Arrays.copyOfRange:([BII)[B.null-pointer-exception.8] line 3824 Null pointer check: SUCCESS

java/util/Arrays.java function java::java.util.Arrays.equals:([B[B)Z
[java::java.util.Arrays.equals:([B[B)Z.null-pointer-exception.1] line 2661 Null pointer check: SUCCESS
[java::java.util.Arrays.equals:([B[B)Z.null-pointer-exception.2] line 2662 Null pointer check: SUCCESS

java/util/Arrays.java function java::java.util.Arrays.fill:([BB)V
[java::java.util.Arrays.fill:([BB)V.null-pointer-exception.1] line 3286 Null pointer check: SUCCESS
[java::java.util.Arrays.fill:([BB)V.array-index-out-of-bounds-high.1] line 3287 Array index should be < length: SUCCESS
[java::java.util.Arrays.fill:([BB)V.array-index-out-of-bounds-low.1] line 3287 Array index should be >= 0: SUCCESS
[java::java.util.Arrays.fill:([BB)V.null-pointer-exception.2] line 3287 Null pointer check: SUCCESS

java/util/NoSuchElementException.java function java::java.util.NoSuchElementException.<init>:(Ljava/lang/String;)V
[java::java.util.NoSuchElementException.<init>:(Ljava/lang/String;)V.null-pointer-exception.1] line 83 Null pointer check: SUCCESS

java/util/Objects.java function java::java.util.Objects.hashCode:(Ljava/lang/Object;)I
[java::java.util.Objects.hashCode:(Ljava/lang/Object;)I.null-pointer-exception.1] line 103 Null pointer check: SUCCESS

java/util/Objects.java function java::java.util.Objects.requireNonNull:(Ljava/lang/Object;)Ljava/lang/Object;
[java::java.util.Objects.requireNonNull:(Ljava/lang/Object;)Ljava/lang/Object;.null-pointer-exception.1] line 209 Null pointer check: SUCCESS
[java::java.util.Objects.requireNonNull:(Ljava/lang/Object;)Ljava/lang/Object;.null-pointer-exception.2] line 209 Null pointer check: SUCCESS

java/util/Objects.java function java::java.util.Objects.toString:(Ljava/lang/Object;Ljava/lang/String;)Ljava/lang/String;
[java::java.util.Objects.toString:(Ljava/lang/Object;Ljava/lang/String;)Ljava/lang/String;.null-pointer-exception.1] line 164 Null pointer check: SUCCESS

java/util/Optional.java function java::java.util.Optional.<clinit>:()V
[java::java.util.Optional.<clinit>:()V.null-pointer-exception.1] line 66 Null pointer check: SUCCESS

java/util/Optional.java function java::java.util.Optional.<init>:(Ljava/lang/Object;)V
[java::java.util.Optional.<init>:(Ljava/lang/Object;)V.null-pointer-exception.1] line 99 Null pointer check: SUCCESS
[java::java.util.Optional.<init>:(Ljava/lang/Object;)V.null-pointer-exception.2] line 100 Null pointer check: SUCCESS

java/util/Optional.java function java::java.util.Optional.get:()Ljava/lang/Object;
[java::java.util.Optional.get:()Ljava/lang/Object;.null-pointer-exception.1] line 142 Null pointer check: SUCCESS
[java::java.util.Optional.get:()Ljava/lang/Object;.null-pointer-exception.2] line 143 Null pointer check: SUCCESS
[java::java.util.Optional.get:()Ljava/lang/Object;.null-pointer-exception.3] line 143 Null pointer check: SUCCESS
[java::java.util.Optional.get:()Ljava/lang/Object;.null-pointer-exception.4] line 145 Null pointer check: SUCCESS

java/util/Optional.java function java::java.util.Optional.hashCode:()I
[java::java.util.Optional.hashCode:()I.null-pointer-exception.1] line 439 Null pointer check: SUCCESS

java/util/Optional.java function java::java.util.Optional.isPresent:()Z
[java::java.util.Optional.isPresent:()Z.null-pointer-exception.1] line 154 Null pointer check: SUCCESS

java/util/Optional.java function java::java.util.Optional.map:(Ljava/util/function/Function;)Ljava/util/Optional;
[java::java.util.Optional.map:(Ljava/util/function/Function;)Ljava/util/Optional;.null-pointer-exception.1] line 257 Null pointer check: SUCCESS
[java::java.util.Optional.map:(Ljava/util/function/Function;)Ljava/util/Optional;.1] line 260 cannot find calls for java::java.util.function.Function.apply:(Ljava/lang/Object;)Ljava/lang/Object; dispatching java::lambda_synthetic_class$org_ethereum_vm_trace_ProgramTraceProcessor_getProgramTracesAsJsonNode_(Ljava/util/List;)Lcom/fasterxml/jackson/databind/JsonNode;$15: SUCCESS
[java::java.util.Optional.map:(Ljava/util/function/Function;)Ljava/util/Optional;.null-pointer-exception.2] line 260 Null pointer check: SUCCESS
[java::java.util.Optional.map:(Ljava/util/function/Function;)Ljava/util/Optional;.null-pointer-exception.3] line 260 Null pointer check: SUCCESS

java/util/Optional.java function java::java.util.Optional.of:(Ljava/lang/Object;)Ljava/util/Optional;
[java::java.util.Optional.of:(Ljava/lang/Object;)Ljava/util/Optional;.null-pointer-exception.1] line 113 Null pointer check: SUCCESS

java/util/Optional.java function java::java.util.Optional.ofNullable:(Ljava/lang/Object;)Ljava/util/Optional;
[java::java.util.Optional.ofNullable:(Ljava/lang/Object;)Ljava/util/Optional;.null-pointer-exception.1] line 128 Null pointer check: SUCCESS

java/util/Optional.java function java::java.util.Optional.orElse:(Ljava/lang/Object;)Ljava/lang/Object;
[java::java.util.Optional.orElse:(Ljava/lang/Object;)Ljava/lang/Object;.null-pointer-exception.1] line 350 Null pointer check: SUCCESS

java/util/Optional.java function java::java.util.Optional.orElseThrow:(Ljava/util/function/Supplier;)Ljava/lang/Object;
[java::java.util.Optional.orElseThrow:(Ljava/util/function/Supplier;)Ljava/lang/Object;.null-pointer-exception.1] line 400 Null pointer check: SUCCESS
[java::java.util.Optional.orElseThrow:(Ljava/util/function/Supplier;)Ljava/lang/Object;.null-pointer-exception.2] line 401 Null pointer check: SUCCESS
[java::java.util.Optional.orElseThrow:(Ljava/util/function/Supplier;)Ljava/lang/Object;.1] line 403 cannot find calls for java::java.util.function.Supplier.get:()Ljava/lang/Object; dispatching java::lambda_synthetic_class$co_rsk_peg_BridgeSupport_createMigrationTransaction_(Lco/rsk/bitcoinj/wallet/Wallet;Lco/rsk/bitcoinj/core/Address;)Lco/rsk/peg/ReleaseTransactionBuilder_BuildResult;$21: SUCCESS
[java::java.util.Optional.orElseThrow:(Ljava/util/function/Supplier;)Ljava/lang/Object;.bad-dynamic-cast.1] line 403 Dynamic cast check: SUCCESS
[java::java.util.Optional.orElseThrow:(Ljava/util/function/Supplier;)Ljava/lang/Object;.null-pointer-exception.3] line 403 Null pointer check: SUCCESS
[java::java.util.Optional.orElseThrow:(Ljava/util/function/Supplier;)Ljava/lang/Object;.null-pointer-exception.4] line 403 Null pointer check: SUCCESS

java/util/Optional.java function java::java.util.Optional.toString:()Ljava/lang/String;
[java::java.util.Optional.toString:()Ljava/lang/String;.null-pointer-exception.1] line 456 Null pointer check: SUCCESS
[java::java.util.Optional.toString:()Ljava/lang/String;.null-pointer-exception.2] line 457 Null pointer check: SUCCESS
[java::java.util.Optional.toString:()Ljava/lang/String;.null-pointer-exception.3] line 457 Null pointer check: SUCCESS
[java::java.util.Optional.toString:()Ljava/lang/String;.null-pointer-exception.4] line 457 Null pointer check: SUCCESS
[java::java.util.Optional.toString:()Ljava/lang/String;.null-pointer-exception.5] line 457 Null pointer check: SUCCESS
[java::java.util.Optional.toString:()Ljava/lang/String;.null-pointer-exception.6] line 457 Null pointer check: SUCCESS
[java::java.util.Optional.toString:()Ljava/lang/String;.null-pointer-exception.7] line 457 Null pointer check: SUCCESS

jdk/internal/util/ArraysSupport.java function java::jdk.internal.util.ArraysSupport.hugeLength:(II)I
[java::jdk.internal.util.ArraysSupport.hugeLength:(II)I.null-pointer-exception.1] line 30 Null pointer check: SUCCESS
[java::jdk.internal.util.ArraysSupport.hugeLength:(II)I.null-pointer-exception.2] line 30 Null pointer check: SUCCESS

jdk/internal/util/ArraysSupport.java function java::jdk.internal.util.ArraysSupport.mismatch:([B[BI)I
[java::jdk.internal.util.ArraysSupport.mismatch:([B[BI)I.array-index-out-of-bounds-high.1] line 40 Array index should be < length: SUCCESS
[java::jdk.internal.util.ArraysSupport.mismatch:([B[BI)I.array-index-out-of-bounds-high.2] line 40 Array index should be < length: SUCCESS
[java::jdk.internal.util.ArraysSupport.mismatch:([B[BI)I.array-index-out-of-bounds-low.1] line 40 Array index should be >= 0: SUCCESS
[java::jdk.internal.util.ArraysSupport.mismatch:([B[BI)I.array-index-out-of-bounds-low.2] line 40 Array index should be >= 0: SUCCESS
[java::jdk.internal.util.ArraysSupport.mismatch:([B[BI)I.null-pointer-exception.1] line 40 Null pointer check: SUCCESS
[java::jdk.internal.util.ArraysSupport.mismatch:([B[BI)I.null-pointer-exception.2] line 40 Null pointer check: SUCCESS

org/cprover/CProverString.java function java::org.cprover.CProverString.equals:(Ljava/lang/String;Ljava/lang/String;)Z
[java::org.cprover.CProverString.equals:(Ljava/lang/String;Ljava/lang/String;)Z.null-pointer-exception.1] line 212 Null pointer check: SUCCESS
[java::org.cprover.CProverString.equals:(Ljava/lang/String;Ljava/lang/String;)Z.null-pointer-exception.2] line 212 Null pointer check: SUCCESS
[java::org.cprover.CProverString.equals:(Ljava/lang/String;Ljava/lang/String;)Z.null-pointer-exception.3] line 212 Null pointer check: SUCCESS

org/cprover/CProverString.java function java::org.cprover.CProverString.ofCharArray:([CII)Ljava/lang/String;
[java::org.cprover.CProverString.ofCharArray:([CII)Ljava/lang/String;.null-pointer-exception.1] line 348 Null pointer check: SUCCESS
[java::org.cprover.CProverString.ofCharArray:([CII)Ljava/lang/String;.null-pointer-exception.2] line 350 Null pointer check: SUCCESS
[java::org.cprover.CProverString.ofCharArray:([CII)Ljava/lang/String;.array-index-out-of-bounds-high.1] line 352 Array index should be < length: SUCCESS
[java::org.cprover.CProverString.ofCharArray:([CII)Ljava/lang/String;.array-index-out-of-bounds-low.1] line 352 Array index should be >= 0: SUCCESS
[java::org.cprover.CProverString.ofCharArray:([CII)Ljava/lang/String;.null-pointer-exception.3] line 352 Null pointer check: SUCCESS
[java::org.cprover.CProverString.ofCharArray:([CII)Ljava/lang/String;.null-pointer-exception.4] line 352 Null pointer check: SUCCESS
[java::org.cprover.CProverString.ofCharArray:([CII)Ljava/lang/String;.null-pointer-exception.5] line 354 Null pointer check: SUCCESS

org/ethereum/crypto/Keccak256Helper.java function java::org.ethereum.crypto.Keccak256Helper.<clinit>:()V
[java::org.ethereum.crypto.Keccak256Helper.<clinit>:()V.null-pointer-exception.1] line 47 Null pointer check: SUCCESS
[java::org.ethereum.crypto.Keccak256Helper.<clinit>:()V.array-create-negative-size.1] line 54 Array size should be >= 0: SUCCESS
[java::org.ethereum.crypto.Keccak256Helper.<clinit>:()V.array-create-negative-size.2] line 55 Array size should be >= 0: SUCCESS

org/ethereum/crypto/Keccak256Helper.java function java::org.ethereum.crypto.Keccak256Helper.copy:([B)[B
[java::org.ethereum.crypto.Keccak256Helper.copy:([B)[B.bad-dynamic-cast.1] line 124 Dynamic cast check: SUCCESS
[java::org.ethereum.crypto.Keccak256Helper.copy:([B)[B.null-pointer-exception.1] line 124 Null pointer check: SUCCESS

org/ethereum/crypto/Keccak256Helper.java function java::org.ethereum.crypto.Keccak256Helper.fresh:()[B
[java::org.ethereum.crypto.Keccak256Helper.fresh:()[B.array-create-negative-size.1] line 104 Array size should be >= 0: SUCCESS
[java::org.ethereum.crypto.Keccak256Helper.fresh:()[B.array-index-out-of-bounds-high.1] line 106 Array index should be < length: SUCCESS
[java::org.ethereum.crypto.Keccak256Helper.fresh:()[B.array-index-out-of-bounds-low.1] line 106 Array index should be >= 0: SUCCESS
[java::org.ethereum.crypto.Keccak256Helper.fresh:()[B.null-pointer-exception.1] line 106 Null pointer check: SUCCESS

org/ethereum/crypto/Keccak256Helper.java function java::org.ethereum.crypto.Keccak256Helper.keccak256:([B)[B
[java::org.ethereum.crypto.Keccak256Helper.keccak256:([B)[B.null-pointer-exception.1] line 68 Null pointer check: SUCCESS
[java::org.ethereum.crypto.Keccak256Helper.keccak256:([B)[B.null-pointer-exception.2] line 68 Null pointer check: SUCCESS
[java::org.ethereum.crypto.Keccak256Helper.keccak256:([B)[B.array-index-out-of-bounds-high.1] line 74 Array index should be < length: SUCCESS
[java::org.ethereum.crypto.Keccak256Helper.keccak256:([B)[B.array-index-out-of-bounds-low.1] line 74 Array index should be >= 0: SUCCESS
[java::org.ethereum.crypto.Keccak256Helper.keccak256:([B)[B.null-pointer-exception.3] line 74 Null pointer check: SUCCESS
[java::org.ethereum.crypto.Keccak256Helper.keccak256:([B)[B.array-index-out-of-bounds-high.2] line 75 Array index should be < length: SUCCESS
[java::org.ethereum.crypto.Keccak256Helper.keccak256:([B)[B.array-index-out-of-bounds-low.2] line 75 Array index should be >= 0: SUCCESS
[java::org.ethereum.crypto.Keccak256Helper.keccak256:([B)[B.null-pointer-exception.4] line 75 Null pointer check: SUCCESS
[java::org.ethereum.crypto.Keccak256Helper.keccak256:([B)[B.assertion.1] line 78 assertion at file org/ethereum/crypto/Keccak256Helper.java line 78 function java::org.ethereum.crypto.Keccak256Helper.keccak256:([B)[B bytecode-index 37: SUCCESS
[java::org.ethereum.crypto.Keccak256Helper.keccak256:([B)[B.null-pointer-exception.5] line 78 Null pointer check: SUCCESS
[java::org.ethereum.crypto.Keccak256Helper.keccak256:([B)[B.array-create-negative-size.1] line 81 Array size should be >= 0: SUCCESS
[java::org.ethereum.crypto.Keccak256Helper.keccak256:([B)[B.array-index-out-of-bounds-high.3] line 82 Array index should be < length: SUCCESS
[java::org.ethereum.crypto.Keccak256Helper.keccak256:([B)[B.array-index-out-of-bounds-low.3] line 82 Array index should be >= 0: SUCCESS
[java::org.ethereum.crypto.Keccak256Helper.keccak256:([B)[B.null-pointer-exception.6] line 82 Null pointer check: SUCCESS
[java::org.ethereum.crypto.Keccak256Helper.keccak256:([B)[B.array-index-out-of-bounds-high.4] line 83 Array index should be < length: SUCCESS
[java::org.ethereum.crypto.Keccak256Helper.keccak256:([B)[B.array-index-out-of-bounds-low.4] line 83 Array index should be >= 0: SUCCESS
[java::org.ethereum.crypto.Keccak256Helper.keccak256:([B)[B.null-pointer-exception.7] line 83 Null pointer check: SUCCESS
[java::org.ethereum.crypto.Keccak256Helper.keccak256:([B)[B.array-index-out-of-bounds-high.5] line 84 Array index should be < length: SUCCESS
[java::org.ethereum.crypto.Keccak256Helper.keccak256:([B)[B.array-index-out-of-bounds-low.5] line 84 Array index should be >= 0: SUCCESS
[java::org.ethereum.crypto.Keccak256Helper.keccak256:([B)[B.null-pointer-exception.8] line 84 Null pointer check: SUCCESS
[java::org.ethereum.crypto.Keccak256Helper.keccak256:([B)[B.array-index-out-of-bounds-high.6] line 88 Array index should be < length: SUCCESS
[java::org.ethereum.crypto.Keccak256Helper.keccak256:([B)[B.array-index-out-of-bounds-low.6] line 88 Array index should be >= 0: SUCCESS
[java::org.ethereum.crypto.Keccak256Helper.keccak256:([B)[B.null-pointer-exception.9] line 88 Null pointer check: SUCCESS
[java::org.ethereum.crypto.Keccak256Helper.keccak256:([B)[B.array-index-out-of-bounds-high.7] line 91 Array index should be < length: SUCCESS
[java::org.ethereum.crypto.Keccak256Helper.keccak256:([B)[B.array-index-out-of-bounds-low.7] line 91 Array index should be >= 0: SUCCESS
[java::org.ethereum.crypto.Keccak256Helper.keccak256:([B)[B.null-pointer-exception.10] line 91 Null pointer check: SUCCESS
[java::org.ethereum.crypto.Keccak256Helper.keccak256:([B)[B.array-index-out-of-bounds-high.8] line 92 Array index should be < length: SUCCESS
[java::org.ethereum.crypto.Keccak256Helper.keccak256:([B)[B.array-index-out-of-bounds-low.8] line 92 Array index should be >= 0: SUCCESS
[java::org.ethereum.crypto.Keccak256Helper.keccak256:([B)[B.null-pointer-exception.11] line 92 Null pointer check: SUCCESS

org/ethereum/crypto/Keccak256Helper.java function java::org.ethereum.crypto.Keccak256Helper.sameBytes:([B[B)Z
[java::org.ethereum.crypto.Keccak256Helper.sameBytes:([B[B)Z.null-pointer-exception.1] line 112 Null pointer check: SUCCESS
[java::org.ethereum.crypto.Keccak256Helper.sameBytes:([B[B)Z.null-pointer-exception.2] line 112 Null pointer check: SUCCESS
[java::org.ethereum.crypto.Keccak256Helper.sameBytes:([B[B)Z.null-pointer-exception.3] line 115 Null pointer check: SUCCESS
[java::org.ethereum.crypto.Keccak256Helper.sameBytes:([B[B)Z.array-index-out-of-bounds-high.1] line 116 Array index should be < length: SUCCESS
[java::org.ethereum.crypto.Keccak256Helper.sameBytes:([B[B)Z.array-index-out-of-bounds-high.2] line 116 Array index should be < length: SUCCESS
[java::org.ethereum.crypto.Keccak256Helper.sameBytes:([B[B)Z.array-index-out-of-bounds-low.1] line 116 Array index should be >= 0: SUCCESS
[java::org.ethereum.crypto.Keccak256Helper.sameBytes:([B[B)Z.array-index-out-of-bounds-low.2] line 116 Array index should be >= 0: SUCCESS
[java::org.ethereum.crypto.Keccak256Helper.sameBytes:([B[B)Z.null-pointer-exception.4] line 116 Null pointer check: SUCCESS
[java::org.ethereum.crypto.Keccak256Helper.sameBytes:([B[B)Z.null-pointer-exception.5] line 116 Null pointer check: SUCCESS

org/ethereum/util/ByteUtil.java function java::org.ethereum.util.ByteUtil.<clinit>:()V
[java::org.ethereum.util.ByteUtil.<clinit>:()V.array-create-negative-size.1] line 39 Array size should be >= 0: SUCCESS
[java::org.ethereum.util.ByteUtil.<clinit>:()V.array-create-negative-size.2] line 41 Array size should be >= 0: SUCCESS
[java::org.ethereum.util.ByteUtil.<clinit>:()V.array-index-out-of-bounds-high.1] line 41 Array index should be < length: SUCCESS
[java::org.ethereum.util.ByteUtil.<clinit>:()V.array-index-out-of-bounds-low.1] line 41 Array index should be >= 0: SUCCESS
[java::org.ethereum.util.ByteUtil.<clinit>:()V.null-pointer-exception.1] line 41 Null pointer check: SUCCESS

org/ethereum/util/ByteUtil.java function java::org.ethereum.util.ByteUtil.cloneBytes:([B)[B
[java::org.ethereum.util.ByteUtil.cloneBytes:([B)[B.null-pointer-exception.1] line 60 Null pointer check: SUCCESS

org/ethereum/util/ByteUtil.java function java::org.ethereum.util.ByteUtil.isSingleZero:([B)Z
[java::org.ethereum.util.ByteUtil.isSingleZero:([B)Z.array-index-out-of-bounds-high.1] line 600 Array index should be < length: SUCCESS
[java::org.ethereum.util.ByteUtil.isSingleZero:([B)Z.array-index-out-of-bounds-low.1] line 600 Array index should be >= 0: SUCCESS
[java::org.ethereum.util.ByteUtil.isSingleZero:([B)Z.null-pointer-exception.1] line 600 Null pointer check: SUCCESS
[java::org.ethereum.util.ByteUtil.isSingleZero:([B)Z.null-pointer-exception.2] line 600 Null pointer check: SUCCESS

org/ethereum/util/ByteUtil.java function java::org.ethereum.util.ByteUtil.toHexString:([B)Ljava/lang/String;
[java::org.ethereum.util.ByteUtil.toHexString:([B)Ljava/lang/String;.bad-dynamic-cast.1] line 284 Dynamic cast check: SUCCESS

org/ethereum/util/RLP.java function java::org.ethereum.util.RLP.encodeElement:([B)[B
[java::org.ethereum.util.RLP.encodeElement:([B)[B.null-pointer-exception.1] line 634 Null pointer check: SUCCESS
[java::org.ethereum.util.RLP.encodeElement:([B)[B.array-create-negative-size.1] line 635 Array size should be >= 0: SUCCESS
[java::org.ethereum.util.RLP.encodeElement:([B)[B.array-index-out-of-bounds-high.1] line 635 Array index should be < length: SUCCESS
[java::org.ethereum.util.RLP.encodeElement:([B)[B.array-index-out-of-bounds-low.1] line 635 Array index should be >= 0: SUCCESS
[java::org.ethereum.util.RLP.encodeElement:([B)[B.null-pointer-exception.2] line 635 Null pointer check: SUCCESS
[java::org.ethereum.util.RLP.encodeElement:([B)[B.array-index-out-of-bounds-high.2] line 638 Array index should be < length: SUCCESS
[java::org.ethereum.util.RLP.encodeElement:([B)[B.array-index-out-of-bounds-low.2] line 638 Array index should be >= 0: SUCCESS
[java::org.ethereum.util.RLP.encodeElement:([B)[B.null-pointer-exception.3] line 638 Null pointer check: SUCCESS
[java::org.ethereum.util.RLP.encodeElement:([B)[B.null-pointer-exception.4] line 638 Null pointer check: SUCCESS
[java::org.ethereum.util.RLP.encodeElement:([B)[B.null-pointer-exception.5] line 640 Null pointer check: SUCCESS
[java::org.ethereum.util.RLP.encodeElement:([B)[B.null-pointer-exception.6] line 642 Null pointer check: SUCCESS
[java::org.ethereum.util.RLP.encodeElement:([B)[B.null-pointer-exception.7] line 643 Null pointer check: SUCCESS
[java::org.ethereum.util.RLP.encodeElement:([B)[B.null-pointer-exception.8] line 644 Null pointer check: SUCCESS
[java::org.ethereum.util.RLP.encodeElement:([B)[B.array-index-out-of-bounds-high.3] line 645 Array index should be < length: SUCCESS
[java::org.ethereum.util.RLP.encodeElement:([B)[B.array-index-out-of-bounds-low.3] line 645 Array index should be >= 0: SUCCESS
[java::org.ethereum.util.RLP.encodeElement:([B)[B.null-pointer-exception.9] line 645 Null pointer check: SUCCESS
[java::org.ethereum.util.RLP.encodeElement:([B)[B.null-pointer-exception.10] line 651 Null pointer check: SUCCESS
[java::org.ethereum.util.RLP.encodeElement:([B)[B.array-create-negative-size.2] line 657 Array size should be >= 0: SUCCESS
[java::org.ethereum.util.RLP.encodeElement:([B)[B.array-index-out-of-bounds-high.4] line 659 Array index should be < length: SUCCESS
[java::org.ethereum.util.RLP.encodeElement:([B)[B.array-index-out-of-bounds-low.4] line 659 Array index should be >= 0: SUCCESS
[java::org.ethereum.util.RLP.encodeElement:([B)[B.null-pointer-exception.11] line 659 Null pointer check: SUCCESS
[java::org.ethereum.util.RLP.encodeElement:([B)[B.null-pointer-exception.12] line 659 Null pointer check: SUCCESS
[java::org.ethereum.util.RLP.encodeElement:([B)[B.null-pointer-exception.13] line 662 Null pointer check: SUCCESS
[java::org.ethereum.util.RLP.encodeElement:([B)[B.null-pointer-exception.14] line 663 Null pointer check: SUCCESS
[java::org.ethereum.util.RLP.encodeElement:([B)[B.array-index-out-of-bounds-high.5] line 664 Array index should be < length: SUCCESS
[java::org.ethereum.util.RLP.encodeElement:([B)[B.array-index-out-of-bounds-low.5] line 664 Array index should be >= 0: SUCCESS
[java::org.ethereum.util.RLP.encodeElement:([B)[B.null-pointer-exception.15] line 664 Null pointer check: SUCCESS
[java::org.ethereum.util.RLP.encodeElement:([B)[B.null-pointer-exception.16] line 665 Null pointer check: SUCCESS

org/slf4j/helpers/MarkerIgnoringBase.java function java::org.slf4j.helpers.MarkerIgnoringBase.<init>:()V
[java::org.slf4j.helpers.MarkerIgnoringBase.<init>:()V.null-pointer-exception.1] line 38 Null pointer check: SUCCESS

org/slf4j/helpers/MarkerIgnoringBase.java function java::org.slf4j.helpers.MarkerIgnoringBase.getName:()Ljava/lang/String;
[java::org.slf4j.helpers.MarkerIgnoringBase.getName:()Ljava/lang/String;.null-pointer-exception.1] line 38 Null pointer check: SUCCESS

org/slf4j/helpers/MarkerIgnoringBase.java function java::org.slf4j.helpers.MarkerIgnoringBase.toString:()Ljava/lang/String;
[java::org.slf4j.helpers.MarkerIgnoringBase.toString:()Ljava/lang/String;.null-pointer-exception.1] line 163 Null pointer check: SUCCESS
[java::org.slf4j.helpers.MarkerIgnoringBase.toString:()Ljava/lang/String;.null-pointer-exception.2] line 163 Null pointer check: SUCCESS
[java::org.slf4j.helpers.MarkerIgnoringBase.toString:()Ljava/lang/String;.null-pointer-exception.3] line 163 Null pointer check: SUCCESS
[java::org.slf4j.helpers.MarkerIgnoringBase.toString:()Ljava/lang/String;.null-pointer-exception.4] line 163 Null pointer check: SUCCESS
[java::org.slf4j.helpers.MarkerIgnoringBase.toString:()Ljava/lang/String;.null-pointer-exception.5] line 163 Null pointer check: SUCCESS
[java::org.slf4j.helpers.MarkerIgnoringBase.toString:()Ljava/lang/String;.null-pointer-exception.6] line 163 Null pointer check: SUCCESS
[java::org.slf4j.helpers.MarkerIgnoringBase.toString:()Ljava/lang/String;.null-pointer-exception.7] line 163 Null pointer check: SUCCESS
[java::org.slf4j.helpers.MarkerIgnoringBase.toString:()Ljava/lang/String;.null-pointer-exception.8] line 163 Null pointer check: SUCCESS
[java::org.slf4j.helpers.MarkerIgnoringBase.toString:()Ljava/lang/String;.null-pointer-exception.9] line 163 Null pointer check: SUCCESS

org/slf4j/helpers/NOPLogger.java function java::org.slf4j.helpers.NOPLogger.<clinit>:()V
[java::org.slf4j.helpers.NOPLogger.<clinit>:()V.null-pointer-exception.1] line 42 Null pointer check: SUCCESS

org/slf4j/helpers/NOPLogger.java function java::org.slf4j.helpers.NOPLogger.<init>:()V
[java::org.slf4j.helpers.NOPLogger.<init>:()V.null-pointer-exception.1] line 48 Null pointer check: SUCCESS

org/slf4j/helpers/NamedLoggerBase.java function java::org.slf4j.helpers.NamedLoggerBase.<init>:()V
[java::org.slf4j.helpers.NamedLoggerBase.<init>:()V.null-pointer-exception.1] line 41 Null pointer check: SUCCESS

org/slf4j/helpers/NamedLoggerBase.java function java::org.slf4j.helpers.NamedLoggerBase.getName:()Ljava/lang/String;
[java::org.slf4j.helpers.NamedLoggerBase.getName:()Ljava/lang/String;.null-pointer-exception.1] line 48 Null pointer check: SUCCESS

** 1 of 1989 failed (2 iterations)
VERIFICATION FAILED
